0.027027027027026973,1.0,-1.0,-1.0,-1.0,-1.0,-0.6685934489402697,-0.441233140655106,-0.2832369942196532,-0.17148362235067438,-0.1560693641618497,2.0,2.0
1.0,-1.0,-1.0,-1.0,-1.0,-0.6685934489402697,-0.441233140655106,-0.2832369942196532,-0.17148362235067438,-0.1560693641618497,-0.140655105973025,2.0,2.0
-1.0,-1.0,-1.0,-1.0,-0.6685934489402697,-0.441233140655106,-0.2832369942196532,-0.17148362235067438,-0.1560693641618497,-0.140655105973025,-0.1329479768786127,0.8670520231213873,2.0
-1.0,-1.0,-1.0,-0.6685934489402697,-0.441233140655106,-0.2832369942196532,-0.17148362235067438,-0.1560693641618497,-0.140655105973025,-0.1329479768786127,-0.07129094412331405,0.928709055876686,2.0
-1.0,-1.0,-0.6685934489402697,-0.441233140655106,-0.2832369942196532,-0.17148362235067438,-0.1560693641618497,-0.140655105973025,-0.1329479768786127,-0.07129094412331405,-0.025048169556840083,0.9749518304431599,2.0
-1.0,-0.6685934489402697,-0.441233140655106,-0.2832369942196532,-0.17148362235067438,-0.1560693641618497,-0.140655105973025,-0.1329479768786127,-0.07129094412331405,-0.025048169556840083,0.021194605009633882,1.0211946050096339,2.0
-0.6685934489402697,-0.441233140655106,-0.2832369942196532,-0.17148362235067438,-0.1560693641618497,-0.140655105973025,-0.1329479768786127,-0.07129094412331405,-0.025048169556840083,0.021194605009633882,0.052023121387283267,0.720616570327553,2.0
-0.441233140655106,-0.2832369942196532,-0.17148362235067438,-0.1560693641618497,-0.140655105973025,-0.1329479768786127,-0.07129094412331405,-0.025048169556840083,0.021194605009633882,0.052023121387283267,0.032755298651252485,0.49325626204238926,2.0
-0.2832369942196532,-0.17148362235067438,-0.1560693641618497,-0.140655105973025,-0.1329479768786127,-0.07129094412331405,-0.025048169556840083,0.021194605009633882,0.052023121387283267,0.032755298651252485,0.021194605009633882,0.33526011560693647,2.0
-0.17148362235067438,-0.1560693641618497,-0.140655105973025,-0.1329479768786127,-0.07129094412331405,-0.025048169556840083,0.021194605009633882,0.052023121387283267,0.032755298651252485,0.021194605009633882,-0.0019267822736031,0.22350674373795765,2.0
-0.1560693641618497,-0.140655105973025,-0.1329479768786127,-0.07129094412331405,-0.025048169556840083,0.021194605009633882,0.052023121387283267,0.032755298651252485,0.021194605009633882,-0.0019267822736031,1.0,1.1560693641618496,2.0
-0.140655105973025,-0.1329479768786127,-0.07129094412331405,-0.025048169556840083,0.021194605009633882,0.052023121387283267,0.032755298651252485,0.021194605009633882,-0.0019267822736031,1.0,0.7898193760262726,1.140655105973025,2.0
-0.1329479768786127,-0.07129094412331405,-0.025048169556840083,0.021194605009633882,0.052023121387283267,0.032755298651252485,0.021194605009633882,-0.0019267822736031,1.0,0.7898193760262726,1.0,1.1329479768786128,2.0
-0.07129094412331405,-0.025048169556840083,0.021194605009633882,0.052023121387283267,0.032755298651252485,0.021194605009633882,-0.0019267822736031,1.0,0.7898193760262726,1.0,1.0,1.071290944123314,2.0
-0.025048169556840083,0.021194605009633882,0.052023121387283267,0.032755298651252485,0.021194605009633882,-0.0019267822736031,1.0,0.7898193760262726,1.0,1.0,1.0,1.02504816955684,2.0
0.021194605009633882,0.052023121387283267,0.032755298651252485,0.021194605009633882,-0.0019267822736031,1.0,0.7898193760262726,1.0,1.0,1.0,1.0,1.001926782273603,0.0
0.052023121387283267,0.032755298651252485,0.021194605009633882,-0.0019267822736031,1.0,0.7898193760262726,1.0,1.0,1.0,1.0,0.7752100840336134,1.001926782273603,0.0
0.032755298651252485,0.021194605009633882,-0.0019267822736031,1.0,0.7898193760262726,1.0,1.0,1.0,1.0,0.7752100840336134,0.6092436974789917,1.001926782273603,0.0
0.021194605009633882,-0.0019267822736031,1.0,0.7898193760262726,1.0,1.0,1.0,1.0,0.7752100840336134,0.6092436974789917,0.5630252100840336,1.001926782273603,0.0
-0.0019267822736031,1.0,0.7898193760262726,1.0,1.0,1.0,1.0,0.7752100840336134,0.6092436974789917,0.5630252100840336,0.5,1.001926782273603,0.0
1.0,0.7898193760262726,1.0,1.0,1.0,1.0,0.7752100840336134,0.6092436974789917,0.5630252100840336,0.5,0.48109243697479,0.51890756302521,0.0
0.7898193760262726,1.0,1.0,1.0,1.0,0.7752100840336134,0.6092436974789917,0.5630252100840336,0.5,0.48109243697479,0.45798319327731085,0.5420168067226891,0.0
1.0,1.0,1.0,1.0,0.7752100840336134,0.6092436974789917,0.5630252100840336,0.5,0.48109243697479,0.45798319327731085,-0.2983193277310925,1.2983193277310925,0.0
1.0,1.0,1.0,0.7752100840336134,0.6092436974789917,0.5630252100840336,0.5,0.48109243697479,0.45798319327731085,-0.2983193277310925,-0.19117647058823528,1.2983193277310925,0.0
1.0,1.0,0.7752100840336134,0.6092436974789917,0.5630252100840336,0.5,0.48109243697479,0.45798319327731085,-0.2983193277310925,-0.19117647058823528,-0.4117647058823529,1.4117647058823528,0.0
1.0,0.7752100840336134,0.6092436974789917,0.5630252100840336,0.5,0.48109243697479,0.45798319327731085,-0.2983193277310925,-0.19117647058823528,-0.4117647058823529,-0.6260504201680672,1.6260504201680672,0.0
0.7752100840336134,0.6092436974789917,0.5630252100840336,0.5,0.48109243697479,0.45798319327731085,-0.2983193277310925,-0.19117647058823528,-0.4117647058823529,-0.6260504201680672,-0.8508403361344538,1.6260504201680672,0.0
0.6092436974789917,0.5630252100840336,0.5,0.48109243697479,0.45798319327731085,-0.2983193277310925,-0.19117647058823528,-0.4117647058823529,-0.6260504201680672,-0.8508403361344538,-1.0,1.6092436974789917,0.0
0.5630252100840336,0.5,0.48109243697479,0.45798319327731085,-0.2983193277310925,-0.19117647058823528,-0.4117647058823529,-0.6260504201680672,-0.8508403361344538,-1.0,-0.7927565392354124,1.5630252100840336,0.0
0.5,0.48109243697479,0.45798319327731085,-0.2983193277310925,-0.19117647058823528,-0.4117647058823529,-0.6260504201680672,-0.8508403361344538,-1.0,-0.7927565392354124,-0.6458752515090543,1.5,0.0
0.48109243697479,0.45798319327731085,-0.2983193277310925,-0.19117647058823528,-0.4117647058823529,-0.6260504201680672,-0.8508403361344538,-1.0,-0.7927565392354124,-0.6458752515090543,-0.5955734406438632,1.48109243697479,0.0
0.45798319327731085,-0.2983193277310925,-0.19117647058823528,-0.4117647058823529,-0.6260504201680672,-0.8508403361344538,-1.0,-0.7927565392354124,-0.6458752515090543,-0.5955734406438632,-0.5533199195171026,1.4579831932773109,0.0
-0.2983193277310925,-0.19117647058823528,-0.4117647058823529,-0.6260504201680672,-0.8508403361344538,-1.0,-0.7927565392354124,-0.6458752515090543,-0.5955734406438632,-0.5533199195171026,-0.5352112676056338,0.8088235294117647,2.0
-0.19117647058823528,-0.4117647058823529,-0.6260504201680672,-0.8508403361344538,-1.0,-0.7927565392354124,-0.6458752515090543,-0.5955734406438632,-0.5533199195171026,-0.5352112676056338,-0.5030181086519114,0.8088235294117647,2.0
-0.4117647058823529,-0.6260504201680672,-0.8508403361344538,-1.0,-0.7927565392354124,-0.6458752515090543,-0.5955734406438632,-0.5533199195171026,-0.5352112676056338,-0.5030181086519114,-0.5070422535211268,0.5882352941176471,2.0
-0.6260504201680672,-0.8508403361344538,-1.0,-0.7927565392354124,-0.6458752515090543,-0.5955734406438632,-0.5533199195171026,-0.5352112676056338,-0.5030181086519114,-0.5070422535211268,-0.5855130784708249,0.49698189134808857,2.0
-0.8508403361344538,-1.0,-0.7927565392354124,-0.6458752515090543,-0.5955734406438632,-0.5533199195171026,-0.5352112676056338,-0.5030181086519114,-0.5070422535211268,-0.5855130784708249,-0.5875251509054327,0.49698189134808857,2.0
-1.0,-0.7927565392354124,-0.6458752515090543,-0.5955734406438632,-0.5533199195171026,-0.5352112676056338,-0.5030181086519114,-0.5070422535211268,-0.5855130784708249,-0.5875251509054327,-0.6539235412474849,0.49698189134808857,2.0
-0.7927565392354124,-0.6458752515090543,-0.5955734406438632,-0.5533199195171026,-0.5352112676056338,-0.5030181086519114,-0.5070422535211268,-0.5855130784708249,-0.5875251509054327,-0.6539235412474849,-0.5251509054325956,0.289738430583501,0.0
-0.6458752515090543,-0.5955734406438632,-0.5533199195171026,-0.5352112676056338,-0.5030181086519114,-0.5070422535211268,-0.5855130784708249,-0.5875251509054327,-0.6539235412474849,-0.5251509054325956,-1.0,0.49698189134808857,0.0
-0.5955734406438632,-0.5533199195171026,-0.5352112676056338,-0.5030181086519114,-0.5070422535211268,-0.5855130784708249,-0.5875251509054327,-0.6539235412474849,-0.5251509054325956,-1.0,-1.0,0.49698189134808857,0.0
-0.5533199195171026,-0.5352112676056338,-0.5030181086519114,-0.5070422535211268,-0.5855130784708249,-0.5875251509054327,-0.6539235412474849,-0.5251509054325956,-1.0,-1.0,-0.9515885022692889,0.49698189134808857,0.0
-0.5352112676056338,-0.5030181086519114,-0.5070422535211268,-0.5855130784708249,-0.5875251509054327,-0.6539235412474849,-0.5251509054325956,-1.0,-1.0,-0.9515885022692889,-0.8350983358547655,0.49698189134808857,0.0
-0.5030181086519114,-0.5070422535211268,-0.5855130784708249,-0.5875251509054327,-0.6539235412474849,-0.5251509054325956,-1.0,-1.0,-0.9515885022692889,-0.8350983358547655,-0.6399394856278366,0.49698189134808857,0.0
-0.5070422535211268,-0.5855130784708249,-0.5875251509054327,-0.6539235412474849,-0.5251509054325956,-1.0,-1.0,-0.9515885022692889,-0.8350983358547655,-0.6399394856278366,-0.4114977307110439,0.5885022692889561,0.0
-0.5855130784708249,-0.5875251509054327,-0.6539235412474849,-0.5251509054325956,-1.0,-1.0,-0.9515885022692889,-0.8350983358547655,-0.6399394856278366,-0.4114977307110439,-0.5446293494704992,0.5885022692889561,2.0
-0.5875251509054327,-0.6539235412474849,-0.5251509054325956,-1.0,-1.0,-0.9515885022692889,-0.8350983358547655,-0.6399394856278366,-0.4114977307110439,-0.5446293494704992,-0.649016641452345,0.5885022692889561,2.0
-0.6539235412474849,-0.5251509054325956,-1.0,-1.0,-0.9515885022692889,-0.8350983358547655,-0.6399394856278366,-0.4114977307110439,-0.5446293494704992,-0.649016641452345,-0.6913767019667171,0.5885022692889561,2.0
-0.5251509054325956,-1.0,-1.0,-0.9515885022692889,-0.8350983358547655,-0.6399394856278366,-0.4114977307110439,-0.5446293494704992,-0.649016641452345,-0.6913767019667171,-0.7579425113464447,0.5885022692889561,2.0
-1.0,-1.0,-0.9515885022692889,-0.8350983358547655,-0.6399394856278366,-0.4114977307110439,-0.5446293494704992,-0.649016641452345,-0.6913767019667171,-0.7579425113464447,-0.7866868381240545,0.5885022692889561,0.0
-1.0,-0.9515885022692889,-0.8350983358547655,-0.6399394856278366,-0.4114977307110439,-0.5446293494704992,-0.649016641452345,-0.6913767019667171,-0.7579425113464447,-0.7866868381240545,-0.9561270801815431,0.5885022692889561,0.0
-0.9515885022692889,-0.8350983358547655,-0.6399394856278366,-0.4114977307110439,-0.5446293494704992,-0.649016641452345,-0.6913767019667171,-0.7579425113464447,-0.7866868381240545,-0.9561270801815431,-0.5885022692889561,0.5446293494704992,0.0
-0.8350983358547655,-0.6399394856278366,-0.4114977307110439,-0.5446293494704992,-0.649016641452345,-0.6913767019667171,-0.7579425113464447,-0.7866868381240545,-0.9561270801815431,-0.5885022692889561,-0.2859304084720121,0.670196671709531,0.0
-0.6399394856278366,-0.4114977307110439,-0.5446293494704992,-0.649016641452345,-0.6913767019667171,-0.7579425113464447,-0.7866868381240545,-0.9561270801815431,-0.5885022692889561,-0.2859304084720121,-0.416036308623298,0.670196671709531,0.0
-0.4114977307110439,-0.5446293494704992,-0.649016641452345,-0.6913767019667171,-0.7579425113464447,-0.7866868381240545,-0.9561270801815431,-0.5885022692889561,-0.2859304084720121,-0.416036308623298,-0.6202723146747353,0.670196671709531,0.0
-0.5446293494704992,-0.649016641452345,-0.6913767019667171,-0.7579425113464447,-0.7866868381240545,-0.9561270801815431,-0.5885022692889561,-0.2859304084720121,-0.416036308623298,-0.6202723146747353,-0.8653555219364599,0.670196671709531,2.0
-0.649016641452345,-0.6913767019667171,-0.7579425113464447,-0.7866868381240545,-0.9561270801815431,-0.5885022692889561,-0.2859304084720121,-0.416036308623298,-0.6202723146747353,-0.8653555219364599,-1.0,0.7140695915279879,2.0
-0.6913767019667171,-0.7579425113464447,-0.7866868381240545,-0.9561270801815431,-0.5885022692889561,-0.2859304084720121,-0.416036308623298,-0.6202723146747353,-0.8653555219364599,-1.0,-0.9411352487736511,0.7140695915279879,0.0
-0.7579425113464447,-0.7866868381240545,-0.9561270801815431,-0.5885022692889561,-0.2859304084720121,-0.416036308623298,-0.6202723146747353,-0.8653555219364599,-1.0,-0.9411352487736511,-0.8920812894183602,0.7140695915279879,0.0
-0.7866868381240545,-0.9561270801815431,-0.5885022692889561,-0.2859304084720121,-0.416036308623298,-0.6202723146747353,-0.8653555219364599,-1.0,-0.9411352487736511,-0.8920812894183602,-0.8416257883672039,0.7140695915279879,0.0
-0.9561270801815431,-0.5885022692889561,-0.2859304084720121,-0.416036308623298,-0.6202723146747353,-0.8653555219364599,-1.0,-0.9411352487736511,-0.8920812894183602,-0.8416257883672039,-0.8220042046250876,0.7140695915279879,0.0
-0.5885022692889561,-0.2859304084720121,-0.416036308623298,-0.6202723146747353,-0.8653555219364599,-1.0,-0.9411352487736511,-0.8920812894183602,-0.8416257883672039,-0.8220042046250876,-0.810791871058164,0.7140695915279879,1.0
-0.2859304084720121,-0.416036308623298,-0.6202723146747353,-0.8653555219364599,-1.0,-0.9411352487736511,-0.8920812894183602,-0.8416257883672039,-0.8220042046250876,-0.810791871058164,-0.798177995795375,0.7140695915279879,1.0
-0.416036308623298,-0.6202723146747353,-0.8653555219364599,-1.0,-0.9411352487736511,-0.8920812894183602,-0.8416257883672039,-0.8220042046250876,-0.810791871058164,-0.798177995795375,-0.7771548703573932,0.583963691376702,1.0
-0.6202723146747353,-0.8653555219364599,-1.0,-0.9411352487736511,-0.8920812894183602,-0.8416257883672039,-0.8220042046250876,-0.810791871058164,-0.798177995795375,-0.7771548703573932,-0.7519271198318149,0.3797276853252647,1.0
-0.8653555219364599,-1.0,-0.9411352487736511,-0.8920812894183602,-0.8416257883672039,-0.8220042046250876,-0.810791871058164,-0.798177995795375,-0.7771548703573932,-0.7519271198318149,-0.7266993693062369,0.2733006306937631,1.0
-1.0,-0.9411352487736511,-0.8920812894183602,-0.8416257883672039,-0.8220042046250876,-0.810791871058164,-0.798177995795375,-0.7771548703573932,-0.7519271198318149,-0.7266993693062369,-0.7070777855641206,0.2929222144358794,1.0
-0.9411352487736511,-0.8920812894183602,-0.8416257883672039,-0.8220042046250876,-0.810791871058164,-0.798177995795375,-0.7771548703573932,-0.7519271198318149,-0.7266993693062369,-0.7070777855641206,-0.7098808689558515,0.23405746320953047,1.0
-0.8920812894183602,-0.8416257883672039,-0.8220042046250876,-0.810791871058164,-0.798177995795375,-0.7771548703573932,-0.7519271198318149,-0.7266993693062369,-0.7070777855641206,-0.7098808689558515,-0.7126839523475823,0.18500350385423958,1.0
-0.8416257883672039,-0.8220042046250876,-0.810791871058164,-0.798177995795375,-0.7771548703573932,-0.7519271198318149,-0.7266993693062369,-0.7070777855641206,-0.7098808689558515,-0.7126839523475823,-0.7266993693062369,0.13454800280308332,1.0
-0.8220042046250876,-0.810791871058164,-0.798177995795375,-0.7771548703573932,-0.7519271198318149,-0.7266993693062369,-0.7070777855641206,-0.7098808689558515,-0.7126839523475823,-0.7266993693062369,-0.7337070777855641,0.11492641906096701,1.0
-0.810791871058164,-0.798177995795375,-0.7771548703573932,-0.7519271198318149,-0.7266993693062369,-0.7070777855641206,-0.7098808689558515,-0.7126839523475823,-0.7266993693062369,-0.7337070777855641,-0.7855641205325858,0.10371408549404337,1.0
-0.798177995795375,-0.7771548703573932,-0.7519271198318149,-0.7266993693062369,-0.7070777855641206,-0.7098808689558515,-0.7126839523475823,-0.7266993693062369,-0.7337070777855641,-0.7855641205325858,-0.21934127540294324,0.5788367203924317,1.0
-0.7771548703573932,-0.7519271198318149,-0.7266993693062369,-0.7070777855641206,-0.7098808689558515,-0.7126839523475823,-0.7266993693062369,-0.7337070777855641,-0.7855641205325858,-0.21934127540294324,-0.007708479327259932,0.7778556412053259,1.0
-0.7519271198318149,-0.7266993693062369,-0.7070777855641206,-0.7098808689558515,-0.7126839523475823,-0.7266993693062369,-0.7337070777855641,-0.7855641205325858,-0.21934127540294324,-0.007708479327259932,-0.31324456902592857,0.7778556412053259,1.0
-0.7266993693062369,-0.7070777855641206,-0.7098808689558515,-0.7126839523475823,-0.7266993693062369,-0.7337070777855641,-0.7855641205325858,-0.21934127540294324,-0.007708479327259932,-0.31324456902592857,-0.5921513665031535,0.7778556412053259,1.0
-0.7070777855641206,-0.7098808689558515,-0.7126839523475823,-0.7266993693062369,-0.7337070777855641,-0.7855641205325858,-0.21934127540294324,-0.007708479327259932,-0.31324456902592857,-0.5921513665031535,-0.48563419761737914,0.7778556412053259,2.0
-0.7098808689558515,-0.7126839523475823,-0.7266993693062369,-0.7337070777855641,-0.7855641205325858,-0.21934127540294324,-0.007708479327259932,-0.31324456902592857,-0.5921513665031535,-0.48563419761737914,-0.3524877365101612,0.7778556412053259,2.0
-0.7126839523475823,-0.7266993693062369,-0.7337070777855641,-0.7855641205325858,-0.21934127540294324,-0.007708479327259932,-0.31324456902592857,-0.5921513665031535,-0.48563419761737914,-0.3524877365101612,-0.08759635599159077,0.7778556412053259,0.0
-0.7266993693062369,-0.7337070777855641,-0.7855641205325858,-0.21934127540294324,-0.007708479327259932,-0.31324456902592857,-0.5921513665031535,-0.48563419761737914,-0.3524877365101612,-0.08759635599159077,-0.15767344078486334,0.7778556412053259,0.0
-0.7337070777855641,-0.7855641205325858,-0.21934127540294324,-0.007708479327259932,-0.31324456902592857,-0.5921513665031535,-0.48563419761737914,-0.3524877365101612,-0.08759635599159077,-0.15767344078486334,-0.17168885774351783,0.7778556412053259,2.0
-0.7855641205325858,-0.21934127540294324,-0.007708479327259932,-0.31324456902592857,-0.5921513665031535,-0.48563419761737914,-0.3524877365101612,-0.08759635599159077,-0.15767344078486334,-0.17168885774351783,-0.17028731604765246,0.7778556412053259,2.0
-0.21934127540294324,-0.007708479327259932,-0.31324456902592857,-0.5921513665031535,-0.48563419761737914,-0.3524877365101612,-0.08759635599159077,-0.15767344078486334,-0.17168885774351783,-0.17028731604765246,-0.16187806587245968,0.5844428871758935,2.0
-0.007708479327259932,-0.31324456902592857,-0.5921513665031535,-0.48563419761737914,-0.3524877365101612,-0.08759635599159077,-0.15767344078486334,-0.17168885774351783,-0.17028731604765246,-0.16187806587245968,-0.11422564821303438,0.5844428871758935,0.0
-0.31324456902592857,-0.5921513665031535,-0.48563419761737914,-0.3524877365101612,-0.08759635599159077,-0.15767344078486334,-0.17168885774351783,-0.17028731604765246,-0.16187806587245968,-0.11422564821303438,-0.6846531184302733,0.5970567624386826,0.0
-0.5921513665031535,-0.48563419761737914,-0.3524877365101612,-0.08759635599159077,-0.15767344078486334,-0.17168885774351783,-0.17028731604765246,-0.16187806587245968,-0.11422564821303438,-0.6846531184302733,-0.8794674141555712,0.7918710581639804,0.0
-0.48563419761737914,-0.3524877365101612,-0.08759635599159077,-0.15767344078486334,-0.17168885774351783,-0.17028731604765246,-0.16187806587245968,-0.11422564821303438,-0.6846531184302733,-0.8794674141555712,-0.5641205325858445,0.7918710581639804,0.0
-0.3524877365101612,-0.08759635599159077,-0.15767344078486334,-0.17168885774351783,-0.17028731604765246,-0.16187806587245968,-0.11422564821303438,-0.6846531184302733,-0.8794674141555712,-0.5641205325858445,-0.25998598458304134,0.7918710581639804,0.0
-0.08759635599159077,-0.15767344078486334,-0.17168885774351783,-0.17028731604765246,-0.16187806587245968,-0.11422564821303438,-0.6846531184302733,-0.8794674141555712,-0.5641205325858445,-0.25998598458304134,-0.358093903293623,0.7918710581639804,0.0
-0.15767344078486334,-0.17168885774351783,-0.17028731604765246,-0.16187806587245968,-0.11422564821303438,-0.6846531184302733,-0.8794674141555712,-0.5641205325858445,-0.25998598458304134,-0.358093903293623,-0.48563419761737914,0.7652417659425368,0.0
-0.17168885774351783,-0.17028731604765246,-0.16187806587245968,-0.11422564821303438,-0.6846531184302733,-0.8794674141555712,-0.5641205325858445,-0.25998598458304134,-0.358093903293623,-0.48563419761737914,-0.7351086194814296,0.7652417659425368,2.0
-0.17028731604765246,-0.16187806587245968,-0.11422564821303438,-0.6846531184302733,-0.8794674141555712,-0.5641205325858445,-0.25998598458304134,-0.358093903293623,-0.48563419761737914,-0.7351086194814296,-0.6594253679046952,0.7652417659425368,2.0
-0.16187806587245968,-0.11422564821303438,-0.6846531184302733,-0.8794674141555712,-0.5641205325858445,-0.25998598458304134,-0.358093903293623,-0.48563419761737914,-0.7351086194814296,-0.6594253679046952,-0.6257883672039244,0.7652417659425368,0.0
-0.11422564821303438,-0.6846531184302733,-0.8794674141555712,-0.5641205325858445,-0.25998598458304134,-0.358093903293623,-0.48563419761737914,-0.7351086194814296,-0.6594253679046952,-0.6257883672039244,-0.593552908199019,0.7652417659425368,0.0
-0.6846531184302733,-0.8794674141555712,-0.5641205325858445,-0.25998598458304134,-0.358093903293623,-0.48563419761737914,-0.7351086194814296,-0.6594253679046952,-0.6257883672039244,-0.593552908199019,-0.5655220742817099,0.6194814295725298,0.0
-0.8794674141555712,-0.5641205325858445,-0.25998598458304134,-0.358093903293623,-0.48563419761737914,-0.7351086194814296,-0.6594253679046952,-0.6257883672039244,-0.593552908199019,-0.5655220742817099,-0.5402943237561317,0.6194814295725298,2.0
-0.5641205325858445,-0.25998598458304134,-0.358093903293623,-0.48563419761737914,-0.7351086194814296,-0.6594253679046952,-0.6257883672039244,-0.593552908199019,-0.5655220742817099,-0.5402943237561317,-0.5178696566222845,0.47512263489838824,1.0
-0.25998598458304134,-0.358093903293623,-0.48563419761737914,-0.7351086194814296,-0.6594253679046952,-0.6257883672039244,-0.593552908199019,-0.5655220742817099,-0.5402943237561317,-0.5178696566222845,-0.5052557813594954,0.47512263489838824,1.0
-0.358093903293623,-0.48563419761737914,-0.7351086194814296,-0.6594253679046952,-0.6257883672039244,-0.593552908199019,-0.5655220742817099,-0.5402943237561317,-0.5178696566222845,-0.5052557813594954,-0.49964961457603363,0.3770147161878066,1.0
-0.48563419761737914,-0.7351086194814296,-0.6594253679046952,-0.6257883672039244,-0.593552908199019,-0.5655220742817099,-0.5402943237561317,-0.5178696566222845,-0.5052557813594954,-0.49964961457603363,-0.5178696566222845,0.24947442186405044,1.0
-0.7351086194814296,-0.6594253679046952,-0.6257883672039244,-0.593552908199019,-0.5655220742817099,-0.5402943237561317,-0.5178696566222845,-0.5052557813594954,-0.49964961457603363,-0.5178696566222845,-0.5192711983181499,0.23545900490539595,1.0
-0.6594253679046952,-0.6257883672039244,-0.593552908199019,-0.5655220742817099,-0.5402943237561317,-0.5178696566222845,-0.5052557813594954,-0.49964961457603363,-0.5178696566222845,-0.5192711983181499,-0.5262789067974772,0.15977575332866156,1.0
-0.6257883672039244,-0.593552908199019,-0.5655220742817099,-0.5402943237561317,-0.5178696566222845,-0.5052557813594954,-0.49964961457603363,-0.5178696566222845,-0.5192711983181499,-0.5262789067974772,-0.5571128241065172,0.12613875262789076,1.0
-0.593552908199019,-0.5655220742817099,-0.5402943237561317,-0.5178696566222845,-0.5052557813594954,-0.49964961457603363,-0.5178696566222845,-0.5192711983181499,-0.5262789067974772,-0.5571128241065172,-0.03714085494043451,0.5564120532585844,1.0
-0.5655220742817099,-0.5402943237561317,-0.5178696566222845,-0.5052557813594954,-0.49964961457603363,-0.5178696566222845,-0.5192711983181499,-0.5262789067974772,-0.5571128241065172,-0.03714085494043451,0.2151366503153469,0.7806587245970568,1.0
-0.5402943237561317,-0.5178696566222845,-0.5052557813594954,-0.49964961457603363,-0.5178696566222845,-0.5192711983181499,-0.5262789067974772,-0.5571128241065172,-0.03714085494043451,0.2151366503153469,0.3244569025928521,0.8815697266993693,1.0
-0.5178696566222845,-0.5052557813594954,-0.49964961457603363,-0.5178696566222845,-0.5192711983181499,-0.5262789067974772,-0.5571128241065172,-0.03714085494043451,0.2151366503153469,0.3244569025928521,0.4253679046951646,0.9824807288016818,1.0
-0.5052557813594954,-0.49964961457603363,-0.5178696566222845,-0.5192711983181499,-0.5262789067974772,-0.5571128241065172,-0.03714085494043451,0.2151366503153469,0.3244569025928521,0.4253679046951646,0.5459004905395937,1.1030133146461107,2.0
-0.49964961457603363,-0.5178696566222845,-0.5192711983181499,-0.5262789067974772,-0.5571128241065172,-0.03714085494043451,0.2151366503153469,0.3244569025928521,0.4253679046951646,0.5459004905395937,0.7070777855641206,1.2641906096706377,2.0
-0.5178696566222845,-0.5192711983181499,-0.5262789067974772,-0.5571128241065172,-0.03714085494043451,0.2151366503153469,0.3244569025928521,0.4253679046951646,0.5459004905395937,0.7070777855641206,0.8892782060266293,1.4463910301331464,2.0
-0.5192711983181499,-0.5262789067974772,-0.5571128241065172,-0.03714085494043451,0.2151366503153469,0.3244569025928521,0.4253679046951646,0.5459004905395937,0.7070777855641206,0.8892782060266293,1.0,1.5571128241065173,2.0
-0.5262789067974772,-0.5571128241065172,-0.03714085494043451,0.2151366503153469,0.3244569025928521,0.4253679046951646,0.5459004905395937,0.7070777855641206,0.8892782060266293,1.0,0.9401041666666667,1.5571128241065173,2.0
-0.5571128241065172,-0.03714085494043451,0.2151366503153469,0.3244569025928521,0.4253679046951646,0.5459004905395937,0.7070777855641206,0.8892782060266293,1.0,0.9401041666666667,0.8997395833333333,1.5571128241065173,2.0
-0.03714085494043451,0.2151366503153469,0.3244569025928521,0.4253679046951646,0.5459004905395937,0.7070777855641206,0.8892782060266293,1.0,0.9401041666666667,0.8997395833333333,0.8723958333333333,1.0371408549404344,2.0
0.2151366503153469,0.3244569025928521,0.4253679046951646,0.5459004905395937,0.7070777855641206,0.8892782060266293,1.0,0.9401041666666667,0.8997395833333333,0.8723958333333333,0.8619791666666667,0.7848633496846531,2.0
0.3244569025928521,0.4253679046951646,0.5459004905395937,0.7070777855641206,0.8892782060266293,1.0,0.9401041666666667,0.8997395833333333,0.8723958333333333,0.8619791666666667,0.36979166666666674,0.6755430974071479,2.0
0.4253679046951646,0.5459004905395937,0.7070777855641206,0.8892782060266293,1.0,0.9401041666666667,0.8997395833333333,0.8723958333333333,0.8619791666666667,0.36979166666666674,0.11328125,0.88671875,0.0
0.5459004905395937,0.7070777855641206,0.8892782060266293,1.0,0.9401041666666667,0.8997395833333333,0.8723958333333333,0.8619791666666667,0.36979166666666674,0.11328125,-0.00651041666666663,1.0065104166666665,0.0
0.7070777855641206,0.8892782060266293,1.0,0.9401041666666667,0.8997395833333333,0.8723958333333333,0.8619791666666667,0.36979166666666674,0.11328125,-0.00651041666666663,-0.12630208333333337,1.1263020833333335,0.0
0.8892782060266293,1.0,0.9401041666666667,0.8997395833333333,0.8723958333333333,0.8619791666666667,0.36979166666666674,0.11328125,-0.00651041666666663,-0.12630208333333337,-0.26041666666666663,1.2604166666666665,0.0
1.0,0.9401041666666667,0.8997395833333333,0.8723958333333333,0.8619791666666667,0.36979166666666674,0.11328125,-0.00651041666666663,-0.12630208333333337,-0.26041666666666663,-0.42838541666666663,1.4283854166666665,0.0
0.9401041666666667,0.8997395833333333,0.8723958333333333,0.8619791666666667,0.36979166666666674,0.11328125,-0.00651041666666663,-0.12630208333333337,-0.26041666666666663,-0.42838541666666663,-0.62890625,1.5690104166666667,0.0
0.8997395833333333,0.8723958333333333,0.8619791666666667,0.36979166666666674,0.11328125,-0.00651041666666663,-0.12630208333333337,-0.26041666666666663,-0.42838541666666663,-0.62890625,-0.88671875,1.7864583333333333,0.0
0.8723958333333333,0.8619791666666667,0.36979166666666674,0.11328125,-0.00651041666666663,-0.12630208333333337,-0.26041666666666663,-0.42838541666666663,-0.62890625,-0.88671875,-0.83984375,1.7591145833333333,0.0
0.8619791666666667,0.36979166666666674,0.11328125,-0.00651041666666663,-0.12630208333333337,-0.26041666666666663,-0.42838541666666663,-0.62890625,-0.88671875,-0.83984375,-0.8059895833333334,1.7486979166666667,0.0
0.36979166666666674,0.11328125,-0.00651041666666663,-0.12630208333333337,-0.26041666666666663,-0.42838541666666663,-0.62890625,-0.88671875,-0.83984375,-0.8059895833333334,-0.77734375,1.2565104166666667,0.0
0.11328125,-0.00651041666666663,-0.12630208333333337,-0.26041666666666663,-0.42838541666666663,-0.62890625,-0.88671875,-0.83984375,-0.8059895833333334,-0.77734375,-0.75390625,1.0,0.0
-0.00651041666666663,-0.12630208333333337,-0.26041666666666663,-0.42838541666666663,-0.62890625,-0.88671875,-0.83984375,-0.8059895833333334,-0.77734375,-0.75390625,-0.7526041666666666,0.8802083333333334,1.0
-0.12630208333333337,-0.26041666666666663,-0.42838541666666663,-0.62890625,-0.88671875,-0.83984375,-0.8059895833333334,-0.77734375,-0.75390625,-0.7526041666666666,-0.7447916666666667,0.7604166666666666,1.0
-0.26041666666666663,-0.42838541666666663,-0.62890625,-0.88671875,-0.83984375,-0.8059895833333334,-0.77734375,-0.75390625,-0.7526041666666666,-0.7447916666666667,-0.7486979166666667,0.6263020833333334,1.0
-0.42838541666666663,-0.62890625,-0.88671875,-0.83984375,-0.8059895833333334,-0.77734375,-0.75390625,-0.7526041666666666,-0.7447916666666667,-0.7486979166666667,-0.7369791666666667,0.45833333333333337,1.0
-0.62890625,-0.88671875,-0.83984375,-0.8059895833333334,-0.77734375,-0.75390625,-0.7526041666666666,-0.7447916666666667,-0.7486979166666667,-0.7369791666666667,-0.73046875,0.2578125,1.0
-0.88671875,-0.83984375,-0.8059895833333334,-0.77734375,-0.75390625,-0.7526041666666666,-0.7447916666666667,-0.7486979166666667,-0.7369791666666667,-0.73046875,-0.7200520833333333,0.16666666666666674,1.0
-0.83984375,-0.8059895833333334,-0.77734375,-0.75390625,-0.7526041666666666,-0.7447916666666667,-0.7486979166666667,-0.7369791666666667,-0.73046875,-0.7200520833333333,-0.7096354166666667,0.13020833333333326,1.0
-0.8059895833333334,-0.77734375,-0.75390625,-0.7526041666666666,-0.7447916666666667,-0.7486979166666667,-0.7369791666666667,-0.73046875,-0.7200520833333333,-0.7096354166666667,-0.72265625,0.09635416666666663,1.0
-0.77734375,-0.75390625,-0.7526041666666666,-0.7447916666666667,-0.7486979166666667,-0.7369791666666667,-0.73046875,-0.7200520833333333,-0.7096354166666667,-0.72265625,-0.6315104166666667,0.14583333333333326,1.0
-0.75390625,-0.7526041666666666,-0.7447916666666667,-0.7486979166666667,-0.7369791666666667,-0.73046875,-0.7200520833333333,-0.7096354166666667,-0.72265625,-0.6315104166666667,-0.6744791666666667,0.12239583333333326,1.0
-0.7526041666666666,-0.7447916666666667,-0.7486979166666667,-0.7369791666666667,-0.73046875,-0.7200520833333333,-0.7096354166666667,-0.72265625,-0.6315104166666667,-0.6744791666666667,-0.9895833333333334,0.35807291666666663,1.0
-0.7447916666666667,-0.7486979166666667,-0.7369791666666667,-0.73046875,-0.7200520833333333,-0.7096354166666667,-0.72265625,-0.6315104166666667,-0.6744791666666667,-0.9895833333333334,-1.0,0.36848958333333326,1.0
-0.7486979166666667,-0.7369791666666667,-0.73046875,-0.7200520833333333,-0.7096354166666667,-0.72265625,-0.6315104166666667,-0.6744791666666667,-0.9895833333333334,-1.0,-1.0,0.36848958333333326,1.0
-0.7369791666666667,-0.73046875,-0.7200520833333333,-0.7096354166666667,-0.72265625,-0.6315104166666667,-0.6744791666666667,-0.9895833333333334,-1.0,-1.0,-1.0,0.36848958333333326,0.0
-0.73046875,-0.7200520833333333,-0.7096354166666667,-0.72265625,-0.6315104166666667,-0.6744791666666667,-0.9895833333333334,-1.0,-1.0,-1.0,-0.921586300135196,0.36848958333333326,0.0
-0.7200520833333333,-0.7096354166666667,-0.72265625,-0.6315104166666667,-0.6744791666666667,-0.9895833333333334,-1.0,-1.0,-1.0,-0.921586300135196,-0.789995493465525,0.36848958333333326,0.0
-0.7096354166666667,-0.72265625,-0.6315104166666667,-0.6744791666666667,-0.9895833333333334,-1.0,-1.0,-1.0,-0.921586300135196,-0.789995493465525,-0.6268589454709328,0.3731410545290672,0.0
-0.72265625,-0.6315104166666667,-0.6744791666666667,-0.9895833333333334,-1.0,-1.0,-1.0,-0.921586300135196,-0.789995493465525,-0.6268589454709328,-0.6809373591707977,0.3731410545290672,0.0
-0.6315104166666667,-0.6744791666666667,-0.9895833333333334,-1.0,-1.0,-1.0,-0.921586300135196,-0.789995493465525,-0.6268589454709328,-0.6809373591707977,-0.7061739522307346,0.3731410545290672,2.0
-0.6744791666666667,-0.9895833333333334,-1.0,-1.0,-1.0,-0.921586300135196,-0.789995493465525,-0.6268589454709328,-0.6809373591707977,-0.7061739522307346,-0.729607931500676,0.3731410545290672,2.0
-0.9895833333333334,-1.0,-1.0,-1.0,-0.921586300135196,-0.789995493465525,-0.6268589454709328,-0.6809373591707977,-0.7061739522307346,-0.729607931500676,-0.8134294727354664,0.3731410545290672,2.0
-1.0,-1.0,-1.0,-0.921586300135196,-0.789995493465525,-0.6268589454709328,-0.6809373591707977,-0.7061739522307346,-0.729607931500676,-0.8134294727354664,-0.8179360072104551,0.3731410545290672,0.0
-1.0,-1.0,-0.921586300135196,-0.789995493465525,-0.6268589454709328,-0.6809373591707977,-0.7061739522307346,-0.729607931500676,-0.8134294727354664,-0.8179360072104551,-0.6277602523659306,0.3731410545290672,0.0
-1.0,-0.921586300135196,-0.789995493465525,-0.6268589454709328,-0.6809373591707977,-0.7061739522307346,-0.729607931500676,-0.8134294727354664,-0.8179360072104551,-0.6277602523659306,-0.43037404236142407,0.5696259576385759,0.0
-0.921586300135196,-0.789995493465525,-0.6268589454709328,-0.6809373591707977,-0.7061739522307346,-0.729607931500676,-0.8134294727354664,-0.8179360072104551,-0.6277602523659306,-0.43037404236142407,-0.25011266336187477,0.6714736367733213,0.0
-0.789995493465525,-0.6268589454709328,-0.6809373591707977,-0.7061739522307346,-0.729607931500676,-0.8134294727354664,-0.8179360072104551,-0.6277602523659306,-0.43037404236142407,-0.25011266336187477,-0.06985128436232535,0.7480847228481298,0.0
-0.6268589454709328,-0.6809373591707977,-0.7061739522307346,-0.729607931500676,-0.8134294727354664,-0.8179360072104551,-0.6277602523659306,-0.43037404236142407,-0.25011266336187477,-0.06985128436232535,-0.1662911221270843,0.7480847228481298,2.0
-0.6809373591707977,-0.7061739522307346,-0.729607931500676,-0.8134294727354664,-0.8179360072104551,-0.6277602523659306,-0.43037404236142407,-0.25011266336187477,-0.06985128436232535,-0.1662911221270843,-0.31590806669671023,0.7480847228481298,2.0
-0.7061739522307346,-0.729607931500676,-0.8134294727354664,-0.8179360072104551,-0.6277602523659306,-0.43037404236142407,-0.25011266336187477,-0.06985128436232535,-0.1662911221270843,-0.31590806669671023,-0.49616944569625954,0.7480847228481298,2.0
-0.729607931500676,-0.8134294727354664,-0.8179360072104551,-0.6277602523659306,-0.43037404236142407,-0.25011266336187477,-0.06985128436232535,-0.1662911221270843,-0.31590806669671023,-0.49616944569625954,-0.46191978368634523,0.7480847228481298,2.0
-0.8134294727354664,-0.8179360072104551,-0.6277602523659306,-0.43037404236142407,-0.25011266336187477,-0.06985128436232535,-0.1662911221270843,-0.31590806669671023,-0.49616944569625954,-0.46191978368634523,-0.45200540784137,0.7480847228481298,0.0
-0.8179360072104551,-0.6277602523659306,-0.43037404236142407,-0.25011266336187477,-0.06985128436232535,-0.1662911221270843,-0.31590806669671023,-0.49616944569625954,-0.46191978368634523,-0.45200540784137,-0.43668319062640826,0.7480847228481298,0.0
-0.6277602523659306,-0.43037404236142407,-0.25011266336187477,-0.06985128436232535,-0.1662911221270843,-0.31590806669671023,-0.49616944569625954,-0.46191978368634523,-0.45200540784137,-0.43668319062640826,-0.4330779630464173,0.5579089680036052,0.0
-0.43037404236142407,-0.25011266336187477,-0.06985128436232535,-0.1662911221270843,-0.31590806669671023,-0.49616944569625954,-0.46191978368634523,-0.45200540784137,-0.43668319062640826,-0.4330779630464173,-0.441189725101397,0.4263181613339342,1.0
-0.25011266336187477,-0.06985128436232535,-0.1662911221270843,-0.31590806669671023,-0.49616944569625954,-0.46191978368634523,-0.45200540784137,-0.43668319062640826,-0.4330779630464173,-0.441189725101397,-0.46552501126633616,0.4263181613339342,1.0
-0.06985128436232535,-0.1662911221270843,-0.31590806669671023,-0.49616944569625954,-0.46191978368634523,-0.45200540784137,-0.43668319062640826,-0.4330779630464173,-0.441189725101397,-0.46552501126633616,-0.4069400630914827,0.4263181613339342,1.0
-0.1662911221270843,-0.31590806669671023,-0.49616944569625954,-0.46191978368634523,-0.45200540784137,-0.43668319062640826,-0.4330779630464173,-0.441189725101397,-0.46552501126633616,-0.4069400630914827,-0.22127084272194686,0.32987832356917524,1.0
-0.31590806669671023,-0.49616944569625954,-0.46191978368634523,-0.45200540784137,-0.43668319062640826,-0.4330779630464173,-0.441189725101397,-0.46552501126633616,-0.4069400630914827,-0.22127084272194686,-0.4583145561063542,0.2748986029743127,1.0
-0.49616944569625954,-0.46191978368634523,-0.45200540784137,-0.43668319062640826,-0.4330779630464173,-0.441189725101397,-0.46552501126633616,-0.4069400630914827,-0.22127084272194686,-0.4583145561063542,-0.501577287066246,0.2803064443442992,1.0
-0.46191978368634523,-0.45200540784137,-0.43668319062640826,-0.4330779630464173,-0.441189725101397,-0.46552501126633616,-0.4069400630914827,-0.22127084272194686,-0.4583145561063542,-0.501577287066246,-0.7611536728255971,0.5398828301036502,2.0
-0.45200540784137,-0.43668319062640826,-0.4330779630464173,-0.441189725101397,-0.46552501126633616,-0.4069400630914827,-0.22127084272194686,-0.4583145561063542,-0.501577287066246,-0.7611536728255971,-0.9558359621451105,0.7345651194231636,2.0
-0.43668319062640826,-0.4330779630464173,-0.441189725101397,-0.46552501126633616,-0.4069400630914827,-0.22127084272194686,-0.4583145561063542,-0.501577287066246,-0.7611536728255971,-0.9558359621451105,-1.0,0.7787291572780531,0.0
-0.4330779630464173,-0.441189725101397,-0.46552501126633616,-0.4069400630914827,-0.22127084272194686,-0.4583145561063542,-0.501577287066246,-0.7611536728255971,-0.9558359621451105,-1.0,-0.8779863481228669,0.7787291572780531,0.0
-0.441189725101397,-0.46552501126633616,-0.4069400630914827,-0.22127084272194686,-0.4583145561063542,-0.501577287066246,-0.7611536728255971,-0.9558359621451105,-1.0,-0.8779863481228669,-0.7278156996587031,0.7787291572780531,0.0
-0.46552501126633616,-0.4069400630914827,-0.22127084272194686,-0.4583145561063542,-0.501577287066246,-0.7611536728255971,-0.9558359621451105,-1.0,-0.8779863481228669,-0.7278156996587031,-0.5588737201365188,0.7787291572780531,0.0
-0.4069400630914827,-0.22127084272194686,-0.4583145561063542,-0.501577287066246,-0.7611536728255971,-0.9558359621451105,-1.0,-0.8779863481228669,-0.7278156996587031,-0.5588737201365188,-0.371160409556314,0.7787291572780531,0.0
-0.22127084272194686,-0.4583145561063542,-0.501577287066246,-0.7611536728255971,-0.9558359621451105,-1.0,-0.8779863481228669,-0.7278156996587031,-0.5588737201365188,-0.371160409556314,-0.16979522184300344,0.8302047781569966,2.0
-0.4583145561063542,-0.501577287066246,-0.7611536728255971,-0.9558359621451105,-1.0,-0.8779863481228669,-0.7278156996587031,-0.5588737201365188,-0.371160409556314,-0.16979522184300344,-0.24744027303754268,0.8302047781569966,2.0
-0.501577287066246,-0.7611536728255971,-0.9558359621451105,-1.0,-0.8779863481228669,-0.7278156996587031,-0.5588737201365188,-0.371160409556314,-0.16979522184300344,-0.24744027303754268,-0.226962457337884,0.8302047781569966,2.0
-0.7611536728255971,-0.9558359621451105,-1.0,-0.8779863481228669,-0.7278156996587031,-0.5588737201365188,-0.371160409556314,-0.16979522184300344,-0.24744027303754268,-0.226962457337884,-0.028156996587030747,0.9718430034129693,2.0
-0.9558359621451105,-1.0,-0.8779863481228669,-0.7278156996587031,-0.5588737201365188,-0.371160409556314,-0.16979522184300344,-0.24744027303754268,-0.226962457337884,-0.028156996587030747,-0.010238907849829393,0.9897610921501706,2.0
-1.0,-0.8779863481228669,-0.7278156996587031,-0.5588737201365188,-0.371160409556314,-0.16979522184300344,-0.24744027303754268,-0.226962457337884,-0.028156996587030747,-0.010238907849829393,0.20307167235494883,1.2030716723549488,2.0
-0.8779863481228669,-0.7278156996587031,-0.5588737201365188,-0.371160409556314,-0.16979522184300344,-0.24744027303754268,-0.226962457337884,-0.028156996587030747,-0.010238907849829393,0.20307167235494883,0.3575085324232081,1.235494880546075,2.0
-0.7278156996587031,-0.5588737201365188,-0.371160409556314,-0.16979522184300344,-0.24744027303754268,-0.226962457337884,-0.028156996587030747,-0.010238907849829393,0.20307167235494883,0.3575085324232081,0.47525597269624575,1.2030716723549488,2.0
-0.5588737201365188,-0.371160409556314,-0.16979522184300344,-0.24744027303754268,-0.226962457337884,-0.028156996587030747,-0.010238907849829393,0.20307167235494883,0.3575085324232081,0.47525597269624575,0.32764505119453924,1.0341296928327646,2.0
-0.371160409556314,-0.16979522184300344,-0.24744027303754268,-0.226962457337884,-0.028156996587030747,-0.010238907849829393,0.20307167235494883,0.3575085324232081,0.47525597269624575,0.32764505119453924,0.15102389078498302,0.8464163822525598,2.0
-0.16979522184300344,-0.24744027303754268,-0.226962457337884,-0.028156996587030747,-0.010238907849829393,0.20307167235494883,0.3575085324232081,0.47525597269624575,0.32764505119453924,0.15102389078498302,-0.03156996587030714,0.7226962457337884,2.0
-0.24744027303754268,-0.226962457337884,-0.028156996587030747,-0.010238907849829393,0.20307167235494883,0.3575085324232081,0.47525597269624575,0.32764505119453924,0.15102389078498302,-0.03156996587030714,-0.22866894197952214,0.7226962457337884,2.0
-0.226962457337884,-0.028156996587030747,-0.010238907849829393,0.20307167235494883,0.3575085324232081,0.47525597269624575,0.32764505119453924,0.15102389078498302,-0.03156996587030714,-0.22866894197952214,-0.21757679180887368,0.7039249146757679,0.0
-0.028156996587030747,-0.010238907849829393,0.20307167235494883,0.3575085324232081,0.47525597269624575,0.32764505119453924,0.15102389078498302,-0.03156996587030714,-0.22866894197952214,-0.21757679180887368,-0.009385665529010212,0.7039249146757679,0.0
-0.010238907849829393,0.20307167235494883,0.3575085324232081,0.47525597269624575,0.32764505119453924,0.15102389078498302,-0.03156996587030714,-0.22866894197952214,-0.21757679180887368,-0.009385665529010212,-0.029863481228668887,0.7039249146757679,0.0
0.20307167235494883,0.3575085324232081,0.47525597269624575,0.32764505119453924,0.15102389078498302,-0.03156996587030714,-0.22866894197952214,-0.21757679180887368,-0.009385665529010212,-0.029863481228668887,-0.021331058020477855,0.7039249146757679,0.0
0.3575085324232081,0.47525597269624575,0.32764505119453924,0.15102389078498302,-0.03156996587030714,-0.22866894197952214,-0.21757679180887368,-0.009385665529010212,-0.029863481228668887,-0.021331058020477855,-0.011092150170648463,0.7039249146757679,2.0
0.47525597269624575,0.32764505119453924,0.15102389078498302,-0.03156996587030714,-0.22866894197952214,-0.21757679180887368,-0.009385665529010212,-0.029863481228668887,-0.021331058020477855,-0.011092150170648463,0.09641638225255966,0.7039249146757679,2.0
0.32764505119453924,0.15102389078498302,-0.03156996587030714,-0.22866894197952214,-0.21757679180887368,-0.009385665529010212,-0.029863481228668887,-0.021331058020477855,-0.011092150170648463,0.09641638225255966,-0.06655290102389078,0.5563139931740614,2.0
0.15102389078498302,-0.03156996587030714,-0.22866894197952214,-0.21757679180887368,-0.009385665529010212,-0.029863481228668887,-0.021331058020477855,-0.011092150170648463,0.09641638225255966,-0.06655290102389078,-0.23122866894197958,0.3822525597269626,2.0
-0.03156996587030714,-0.22866894197952214,-0.21757679180887368,-0.009385665529010212,-0.029863481228668887,-0.021331058020477855,-0.011092150170648463,0.09641638225255966,-0.06655290102389078,-0.23122866894197958,-0.38651877133105805,0.4829351535836177,2.0
-0.22866894197952214,-0.21757679180887368,-0.009385665529010212,-0.029863481228668887,-0.021331058020477855,-0.011092150170648463,0.09641638225255966,-0.06655290102389078,-0.23122866894197958,-0.38651877133105805,-0.514505119453925,0.6109215017064846,2.0
-0.21757679180887368,-0.009385665529010212,-0.029863481228668887,-0.021331058020477855,-0.011092150170648463,0.09641638225255966,-0.06655290102389078,-0.23122866894197958,-0.38651877133105805,-0.514505119453925,-0.408703071672355,0.6109215017064846,0.0
-0.009385665529010212,-0.029863481228668887,-0.021331058020477855,-0.011092150170648463,0.09641638225255966,-0.06655290102389078,-0.23122866894197958,-0.38651877133105805,-0.514505119453925,-0.408703071672355,-0.25,0.6109215017064846,0.0
-0.029863481228668887,-0.021331058020477855,-0.011092150170648463,0.09641638225255966,-0.06655290102389078,-0.23122866894197958,-0.38651877133105805,-0.514505119453925,-0.408703071672355,-0.25,-0.3003412969283277,0.6109215017064846,0.0
-0.021331058020477855,-0.011092150170648463,0.09641638225255966,-0.06655290102389078,-0.23122866894197958,-0.38651877133105805,-0.514505119453925,-0.408703071672355,-0.25,-0.3003412969283277,-0.3319112627986348,0.6109215017064846,0.0
-0.011092150170648463,0.09641638225255966,-0.06655290102389078,-0.23122866894197958,-0.38651877133105805,-0.514505119453925,-0.408703071672355,-0.25,-0.3003412969283277,-0.3319112627986348,-0.35068259385665534,0.6109215017064846,2.0
0.09641638225255966,-0.06655290102389078,-0.23122866894197958,-0.38651877133105805,-0.514505119453925,-0.408703071672355,-0.25,-0.3003412969283277,-0.3319112627986348,-0.35068259385665534,-0.18515358361774747,0.6109215017064846,2.0
-0.06655290102389078,-0.23122866894197958,-0.38651877133105805,-0.514505119453925,-0.408703071672355,-0.25,-0.3003412969283277,-0.3319112627986348,-0.35068259385665534,-0.18515358361774747,-0.018771331058020424,0.49573378839590454,0.0
-0.23122866894197958,-0.38651877133105805,-0.514505119453925,-0.408703071672355,-0.25,-0.3003412969283277,-0.3319112627986348,-0.35068259385665534,-0.18515358361774747,-0.018771331058020424,0.04948805460750849,0.5639931740614335,0.0
-0.38651877133105805,-0.514505119453925,-0.408703071672355,-0.25,-0.3003412969283277,-0.3319112627986348,-0.35068259385665534,-0.18515358361774747,-0.018771331058020424,0.04948805460750849,0.401023890784983,0.915529010238908,0.0
-0.514505119453925,-0.408703071672355,-0.25,-0.3003412969283277,-0.3319112627986348,-0.35068259385665534,-0.18515358361774747,-0.018771331058020424,0.04948805460750849,0.401023890784983,0.7534129692832765,1.2679180887372015,2.0
-0.408703071672355,-0.25,-0.3003412969283277,-0.3319112627986348,-0.35068259385665534,-0.18515358361774747,-0.018771331058020424,0.04948805460750849,0.401023890784983,0.7534129692832765,1.0,1.408703071672355,2.0
-0.25,-0.3003412969283277,-0.3319112627986348,-0.35068259385665534,-0.18515358361774747,-0.018771331058020424,0.04948805460750849,0.401023890784983,0.7534129692832765,1.0,1.0,1.3506825938566553,2.0
-0.3003412969283277,-0.3319112627986348,-0.35068259385665534,-0.18515358361774747,-0.018771331058020424,0.04948805460750849,0.401023890784983,0.7534129692832765,1.0,1.0,1.0,1.3506825938566553,2.0
-0.3319112627986348,-0.35068259385665534,-0.18515358361774747,-0.018771331058020424,0.04948805460750849,0.401023890784983,0.7534129692832765,1.0,1.0,1.0,1.0,1.3506825938566553,2.0
-0.35068259385665534,-0.18515358361774747,-0.018771331058020424,0.04948805460750849,0.401023890784983,0.7534129692832765,1.0,1.0,1.0,1.0,1.0,1.3506825938566553,2.0
-0.18515358361774747,-0.018771331058020424,0.04948805460750849,0.401023890784983,0.7534129692832765,1.0,1.0,1.0,1.0,1.0,1.0,1.1851535836177476,3.0
-0.018771331058020424,0.04948805460750849,0.401023890784983,0.7534129692832765,1.0,1.0,1.0,1.0,1.0,1.0,0.9960039960039959,1.0187713310580204,3.0
0.04948805460750849,0.401023890784983,0.7534129692832765,1.0,1.0,1.0,1.0,1.0,1.0,0.9960039960039959,0.8661338661338662,0.9505119453924915,3.0
0.401023890784983,0.7534129692832765,1.0,1.0,1.0,1.0,1.0,1.0,0.9960039960039959,0.8661338661338662,0.7335997335997335,0.598976109215017,3.0
0.7534129692832765,1.0,1.0,1.0,1.0,1.0,1.0,0.9960039960039959,0.8661338661338662,0.7335997335997335,0.7182817182817183,0.2817182817182817,3.0
1.0,1.0,1.0,1.0,1.0,1.0,0.9960039960039959,0.8661338661338662,0.7335997335997335,0.7182817182817183,0.4418914418914419,0.5581085581085581,3.0
1.0,1.0,1.0,1.0,1.0,0.9960039960039959,0.8661338661338662,0.7335997335997335,0.7182817182817183,0.4418914418914419,0.18881118881118875,0.8111888111888113,0.0
1.0,1.0,1.0,1.0,0.9960039960039959,0.8661338661338662,0.7335997335997335,0.7182817182817183,0.4418914418914419,0.18881118881118875,0.14352314352314344,0.8564768564768566,0.0
1.0,1.0,1.0,0.9960039960039959,0.8661338661338662,0.7335997335997335,0.7182817182817183,0.4418914418914419,0.18881118881118875,0.14352314352314344,0.12953712953712948,0.8704628704628705,0.0
1.0,1.0,0.9960039960039959,0.8661338661338662,0.7335997335997335,0.7182817182817183,0.4418914418914419,0.18881118881118875,0.14352314352314344,0.12953712953712948,0.11688311688311681,0.8831168831168832,0.0
1.0,0.9960039960039959,0.8661338661338662,0.7335997335997335,0.7182817182817183,0.4418914418914419,0.18881118881118875,0.14352314352314344,0.12953712953712948,0.11688311688311681,0.11155511155511166,0.8884448884448883,0.0
0.9960039960039959,0.8661338661338662,0.7335997335997335,0.7182817182817183,0.4418914418914419,0.18881118881118875,0.14352314352314344,0.12953712953712948,0.11688311688311681,0.11155511155511166,0.10822510822510822,0.8877788877788877,1.0
0.8661338661338662,0.7335997335997335,0.7182817182817183,0.4418914418914419,0.18881118881118875,0.14352314352314344,0.12953712953712948,0.11688311688311681,0.11155511155511166,0.10822510822510822,0.11288711288711295,0.757908757908758,1.0
0.7335997335997335,0.7182817182817183,0.4418914418914419,0.18881118881118875,0.14352314352314344,0.12953712953712948,0.11688311688311681,0.11155511155511166,0.10822510822510822,0.11288711288711295,0.13220113220113228,0.6253746253746253,1.0
0.7182817182817183,0.4418914418914419,0.18881118881118875,0.14352314352314344,0.12953712953712948,0.11688311688311681,0.11155511155511166,0.10822510822510822,0.11288711288711295,0.13220113220113228,0.27339327339327335,0.61005661005661,1.0
0.4418914418914419,0.18881118881118875,0.14352314352314344,0.12953712953712948,0.11688311688311681,0.11155511155511166,0.10822510822510822,0.11288711288711295,0.13220113220113228,0.27339327339327335,0.43056943056943053,0.3336663336663337,1.0
0.18881118881118875,0.14352314352314344,0.12953712953712948,0.11688311688311681,0.11155511155511166,0.10822510822510822,0.11288711288711295,0.13220113220113228,0.27339327339327335,0.43056943056943053,0.46586746586746597,0.35764235764235774,1.0
0.14352314352314344,0.12953712953712948,0.11688311688311681,0.11155511155511166,0.10822510822510822,0.11288711288711295,0.13220113220113228,0.27339327339327335,0.43056943056943053,0.46586746586746597,0.7555777555777556,0.6473526473526474,1.0
0.12953712953712948,0.11688311688311681,0.11155511155511166,0.10822510822510822,0.11288711288711295,0.13220113220113228,0.27339327339327335,0.43056943056943053,0.46586746586746597,0.7555777555777556,1.0,0.8917748917748918,2.0
0.11688311688311681,0.11155511155511166,0.10822510822510822,0.11288711288711295,0.13220113220113228,0.27339327339327335,0.43056943056943053,0.46586746586746597,0.7555777555777556,1.0,1.0,0.8917748917748918,2.0
0.11155511155511166,0.10822510822510822,0.11288711288711295,0.13220113220113228,0.27339327339327335,0.43056943056943053,0.46586746586746597,0.7555777555777556,1.0,1.0,1.0,0.8917748917748918,2.0
0.10822510822510822,0.11288711288711295,0.13220113220113228,0.27339327339327335,0.43056943056943053,0.46586746586746597,0.7555777555777556,1.0,1.0,1.0,1.0,0.8917748917748918,2.0
0.11288711288711295,0.13220113220113228,0.27339327339327335,0.43056943056943053,0.46586746586746597,0.7555777555777556,1.0,1.0,1.0,1.0,0.8626959247648902,0.887112887112887,2.0
0.13220113220113228,0.27339327339327335,0.43056943056943053,0.46586746586746597,0.7555777555777556,1.0,1.0,1.0,1.0,0.8626959247648902,0.8815047021943574,0.8677988677988677,3.0
0.27339327339327335,0.43056943056943053,0.46586746586746597,0.7555777555777556,1.0,1.0,1.0,1.0,0.8626959247648902,0.8815047021943574,0.7373040752351097,0.7266067266067266,3.0
0.43056943056943053,0.46586746586746597,0.7555777555777556,1.0,1.0,1.0,1.0,0.8626959247648902,0.8815047021943574,0.7373040752351097,0.7479623824451411,0.5694305694305695,3.0
0.46586746586746597,0.7555777555777556,1.0,1.0,1.0,1.0,0.8626959247648902,0.8815047021943574,0.7373040752351097,0.7479623824451411,0.755485893416928,0.534132534132534,0.0
0.7555777555777556,1.0,1.0,1.0,1.0,0.8626959247648902,0.8815047021943574,0.7373040752351097,0.7479623824451411,0.755485893416928,0.7310344827586206,0.2689655172413794,0.0
1.0,1.0,1.0,1.0,0.8626959247648902,0.8815047021943574,0.7373040752351097,0.7479623824451411,0.755485893416928,0.7310344827586206,0.7141065830721003,0.2858934169278997,0.0
1.0,1.0,1.0,0.8626959247648902,0.8815047021943574,0.7373040752351097,0.7479623824451411,0.755485893416928,0.7310344827586206,0.7141065830721003,0.5667711598746081,0.43322884012539187,0.0
1.0,1.0,0.8626959247648902,0.8815047021943574,0.7373040752351097,0.7479623824451411,0.755485893416928,0.7310344827586206,0.7141065830721003,0.5667711598746081,0.542319749216301,0.457680250783699,0.0
1.0,0.8626959247648902,0.8815047021943574,0.7373040752351097,0.7479623824451411,0.755485893416928,0.7310344827586206,0.7141065830721003,0.5667711598746081,0.542319749216301,0.2739811912225705,0.7260188087774295,0.0
0.8626959247648902,0.8815047021943574,0.7373040752351097,0.7479623824451411,0.755485893416928,0.7310344827586206,0.7141065830721003,0.5667711598746081,0.542319749216301,0.2739811912225705,-0.0307210031347962,0.9122257053291536,0.0
0.8815047021943574,0.7373040752351097,0.7479623824451411,0.755485893416928,0.7310344827586206,0.7141065830721003,0.5667711598746081,0.542319749216301,0.2739811912225705,-0.0307210031347962,-0.31974921630094044,1.201253918495298,0.0
0.7373040752351097,0.7479623824451411,0.755485893416928,0.7310344827586206,0.7141065830721003,0.5667711598746081,0.542319749216301,0.2739811912225705,-0.0307210031347962,-0.31974921630094044,-0.431974921630094,1.187460815047022,0.0
0.7479623824451411,0.755485893416928,0.7310344827586206,0.7141065830721003,0.5667711598746081,0.542319749216301,0.2739811912225705,-0.0307210031347962,-0.31974921630094044,-0.431974921630094,-0.6802507836990596,1.4357366771159876,0.0
0.755485893416928,0.7310344827586206,0.7141065830721003,0.5667711598746081,0.542319749216301,0.2739811912225705,-0.0307210031347962,-0.31974921630094044,-0.431974921630094,-0.6802507836990596,-0.5931034482758621,1.4357366771159876,0.0
0.7310344827586206,0.7141065830721003,0.5667711598746081,0.542319749216301,0.2739811912225705,-0.0307210031347962,-0.31974921630094044,-0.431974921630094,-0.6802507836990596,-0.5931034482758621,-0.6351097178683385,1.4112852664576803,0.0
0.7141065830721003,0.5667711598746081,0.542319749216301,0.2739811912225705,-0.0307210031347962,-0.31974921630094044,-0.431974921630094,-0.6802507836990596,-0.5931034482758621,-0.6351097178683385,-0.6670846394984327,1.39435736677116,0.0
0.5667711598746081,0.542319749216301,0.2739811912225705,-0.0307210031347962,-0.31974921630094044,-0.431974921630094,-0.6802507836990596,-0.5931034482758621,-0.6351097178683385,-0.6670846394984327,-0.6739811912225706,1.2470219435736678,0.0
0.542319749216301,0.2739811912225705,-0.0307210031347962,-0.31974921630094044,-0.431974921630094,-0.6802507836990596,-0.5931034482758621,-0.6351097178683385,-0.6670846394984327,-0.6739811912225706,-0.6846394984326019,1.2269592476489029,1.0
0.2739811912225705,-0.0307210031347962,-0.31974921630094044,-0.431974921630094,-0.6802507836990596,-0.5931034482758621,-0.6351097178683385,-0.6670846394984327,-0.6739811912225706,-0.6846394984326019,-0.5623824451410658,0.9586206896551723,1.0
-0.0307210031347962,-0.31974921630094044,-0.431974921630094,-0.6802507836990596,-0.5931034482758621,-0.6351097178683385,-0.6670846394984327,-0.6739811912225706,-0.6846394984326019,-0.5623824451410658,-0.561755485893417,0.6539184952978057,1.0
-0.31974921630094044,-0.431974921630094,-0.6802507836990596,-0.5931034482758621,-0.6351097178683385,-0.6670846394984327,-0.6739811912225706,-0.6846394984326019,-0.5623824451410658,-0.561755485893417,-0.31974921630094044,0.3648902821316614,1.0
-0.431974921630094,-0.6802507836990596,-0.5931034482758621,-0.6351097178683385,-0.6670846394984327,-0.6739811912225706,-0.6846394984326019,-0.5623824451410658,-0.561755485893417,-0.31974921630094044,-0.031347962382445194,0.6532915360501567,1.0
-0.6802507836990596,-0.5931034482758621,-0.6351097178683385,-0.6670846394984327,-0.6739811912225706,-0.6846394984326019,-0.5623824451410658,-0.561755485893417,-0.31974921630094044,-0.031347962382445194,0.24388714733542316,0.928526645768025,2.0
-0.5931034482758621,-0.6351097178683385,-0.6670846394984327,-0.6739811912225706,-0.6846394984326019,-0.5623824451410658,-0.561755485893417,-0.31974921630094044,-0.031347962382445194,0.24388714733542316,0.4940438871473354,1.1786833855799372,2.0
-0.6351097178683385,-0.6670846394984327,-0.6739811912225706,-0.6846394984326019,-0.5623824451410658,-0.561755485893417,-0.31974921630094044,-0.031347962382445194,0.24388714733542316,0.4940438871473354,0.722257053291536,1.4068965517241379,2.0
-0.6670846394984327,-0.6739811912225706,-0.6846394984326019,-0.5623824451410658,-0.561755485893417,-0.31974921630094044,-0.031347962382445194,0.24388714733542316,0.4940438871473354,0.722257053291536,0.7742946708463949,1.4589341692789968,2.0
-0.6739811912225706,-0.6846394984326019,-0.5623824451410658,-0.561755485893417,-0.31974921630094044,-0.031347962382445194,0.24388714733542316,0.4940438871473354,0.722257053291536,0.7742946708463949,0.7968652037617554,1.4815047021943573,2.0
-0.6846394984326019,-0.5623824451410658,-0.561755485893417,-0.31974921630094044,-0.031347962382445194,0.24388714733542316,0.4940438871473354,0.722257053291536,0.7742946708463949,0.7968652037617554,0.8137931034482759,1.4984326018808778,2.0
-0.5623824451410658,-0.561755485893417,-0.31974921630094044,-0.031347962382445194,0.24388714733542316,0.4940438871473354,0.722257053291536,0.7742946708463949,0.7968652037617554,0.8137931034482759,0.8332288401253918,1.3956112852664577,2.0
-0.561755485893417,-0.31974921630094044,-0.031347962382445194,0.24388714733542316,0.4940438871473354,0.722257053291536,0.7742946708463949,0.7968652037617554,0.8137931034482759,0.8332288401253918,0.8507836990595612,1.412539184952978,2.0
-0.31974921630094044,-0.031347962382445194,0.24388714733542316,0.4940438871473354,0.722257053291536,0.7742946708463949,0.7968652037617554,0.8137931034482759,0.8332288401253918,0.8507836990595612,0.8608150470219436,1.1805642633228839,3.0
-0.031347962382445194,0.24388714733542316,0.4940438871473354,0.722257053291536,0.7742946708463949,0.7968652037617554,0.8137931034482759,0.8332288401253918,0.8507836990595612,0.8608150470219436,0.8645768025078371,0.8959247648902823,3.0
0.24388714733542316,0.4940438871473354,0.722257053291536,0.7742946708463949,0.7968652037617554,0.8137931034482759,0.8332288401253918,0.8507836990595612,0.8608150470219436,0.8645768025078371,0.858307210031348,0.6206896551724139,3.0
0.4940438871473354,0.722257053291536,0.7742946708463949,0.7968652037617554,0.8137931034482759,0.8332288401253918,0.8507836990595612,0.8608150470219436,0.8645768025078371,0.858307210031348,0.8633228840125391,0.3705329153605017,3.0
0.722257053291536,0.7742946708463949,0.7968652037617554,0.8137931034482759,0.8332288401253918,0.8507836990595612,0.8608150470219436,0.8645768025078371,0.858307210031348,0.8633228840125391,0.8689655172413793,0.14670846394984327,3.0
0.7742946708463949,0.7968652037617554,0.8137931034482759,0.8332288401253918,0.8507836990595612,0.8608150470219436,0.8645768025078371,0.858307210031348,0.8633228840125391,0.8689655172413793,0.8470219435736677,0.09467084639498435,3.0
0.7968652037617554,0.8137931034482759,0.8332288401253918,0.8507836990595612,0.8608150470219436,0.8645768025078371,0.858307210031348,0.8633228840125391,0.8689655172413793,0.8470219435736677,0.6119122257053291,0.25705329153605017,3.0
0.8137931034482759,0.8332288401253918,0.8507836990595612,0.8608150470219436,0.8645768025078371,0.858307210031348,0.8633228840125391,0.8689655172413793,0.8470219435736677,0.6119122257053291,0.35987460815047023,0.509090909090909,3.0
0.8332288401253918,0.8507836990595612,0.8608150470219436,0.8645768025078371,0.858307210031348,0.8633228840125391,0.8689655172413793,0.8470219435736677,0.6119122257053291,0.35987460815047023,0.13291536050156738,0.7360501567398119,3.0
0.8507836990595612,0.8608150470219436,0.8645768025078371,0.858307210031348,0.8633228840125391,0.8689655172413793,0.8470219435736677,0.6119122257053291,0.35987460815047023,0.13291536050156738,-0.08652037617554864,0.9554858934169279,3.0
0.8608150470219436,0.8645768025078371,0.858307210031348,0.8633228840125391,0.8689655172413793,0.8470219435736677,0.6119122257053291,0.35987460815047023,0.13291536050156738,-0.08652037617554864,-0.13918495297805644,1.0081504702194357,0.0
0.8645768025078371,0.858307210031348,0.8633228840125391,0.8689655172413793,0.8470219435736677,0.6119122257053291,0.35987460815047023,0.13291536050156738,-0.08652037617554864,-0.13918495297805644,-0.17868338557993735,1.0476489028213165,0.0
0.858307210031348,0.8633228840125391,0.8689655172413793,0.8470219435736677,0.6119122257053291,0.35987460815047023,0.13291536050156738,-0.08652037617554864,-0.13918495297805644,-0.17868338557993735,-0.19184952978056424,1.0608150470219435,0.0
0.8633228840125391,0.8689655172413793,0.8470219435736677,0.6119122257053291,0.35987460815047023,0.13291536050156738,-0.08652037617554864,-0.13918495297805644,-0.17868338557993735,-0.19184952978056424,-0.20313479623824449,1.0721003134796239,0.0
0.8689655172413793,0.8470219435736677,0.6119122257053291,0.35987460815047023,0.13291536050156738,-0.08652037617554864,-0.13918495297805644,-0.17868338557993735,-0.19184952978056424,-0.20313479623824449,-0.19623824451410654,1.0721003134796239,0.0
0.8470219435736677,0.6119122257053291,0.35987460815047023,0.13291536050156738,-0.08652037617554864,-0.13918495297805644,-0.17868338557993735,-0.19184952978056424,-0.20313479623824449,-0.19623824451410654,-0.20940438871473355,1.0564263322884013,1.0
0.6119122257053291,0.35987460815047023,0.13291536050156738,-0.08652037617554864,-0.13918495297805644,-0.17868338557993735,-0.19184952978056424,-0.20313479623824449,-0.19623824451410654,-0.20940438871473355,-0.2250783699059561,0.8369905956112852,1.0
0.35987460815047023,0.13291536050156738,-0.08652037617554864,-0.13918495297805644,-0.17868338557993735,-0.19184952978056424,-0.20313479623824449,-0.19623824451410654,-0.20940438871473355,-0.2250783699059561,-0.21442006269592473,0.5849529780564263,1.0
0.13291536050156738,-0.08652037617554864,-0.13918495297805644,-0.17868338557993735,-0.19184952978056424,-0.20313479623824449,-0.19623824451410654,-0.20940438871473355,-0.2250783699059561,-0.21442006269592473,0.010658307210031248,0.35799373040752347,1.0
-0.08652037617554864,-0.13918495297805644,-0.17868338557993735,-0.19184952978056424,-0.20313479623824449,-0.19623824451410654,-0.20940438871473355,-0.2250783699059561,-0.21442006269592473,0.010658307210031248,0.25830721003134793,0.483385579937304,1.0
-0.13918495297805644,-0.17868338557993735,-0.19184952978056424,-0.20313479623824449,-0.19623824451410654,-0.20940438871473355,-0.2250783699059561,-0.21442006269592473,0.010658307210031248,0.25830721003134793,0.4752351097178684,0.7003134796238245,1.0
-0.17868338557993735,-0.19184952978056424,-0.20313479623824449,-0.19623824451410654,-0.20940438871473355,-0.2250783699059561,-0.21442006269592473,0.010658307210031248,0.25830721003134793,0.4752351097178684,0.6852664576802507,0.9103448275862068,1.0
-0.19184952978056424,-0.20313479623824449,-0.19623824451410654,-0.20940438871473355,-0.2250783699059561,-0.21442006269592473,0.010658307210031248,0.25830721003134793,0.4752351097178684,0.6852664576802507,0.7166144200626958,0.9416927899686519,2.0
-0.20313479623824449,-0.19623824451410654,-0.20940438871473355,-0.2250783699059561,-0.21442006269592473,0.010658307210031248,0.25830721003134793,0.4752351097178684,0.6852664576802507,0.7166144200626958,0.7391849529780565,0.9642633228840126,2.0
-0.19623824451410654,-0.20940438871473355,-0.2250783699059561,-0.21442006269592473,0.010658307210031248,0.25830721003134793,0.4752351097178684,0.6852664576802507,0.7166144200626958,0.7391849529780565,0.7360501567398119,0.9642633228840126,2.0
-0.20940438871473355,-0.2250783699059561,-0.21442006269592473,0.010658307210031248,0.25830721003134793,0.4752351097178684,0.6852664576802507,0.7166144200626958,0.7391849529780565,0.7360501567398119,0.7366771159874608,0.9642633228840126,2.0
-0.2250783699059561,-0.21442006269592473,0.010658307210031248,0.25830721003134793,0.4752351097178684,0.6852664576802507,0.7166144200626958,0.7391849529780565,0.7360501567398119,0.7366771159874608,0.7366771159874608,0.9642633228840126,2.0
-0.21442006269592473,0.010658307210031248,0.25830721003134793,0.4752351097178684,0.6852664576802507,0.7166144200626958,0.7391849529780565,0.7360501567398119,0.7366771159874608,0.7366771159874608,0.7341692789968652,0.9536050156739813,3.0
0.010658307210031248,0.25830721003134793,0.4752351097178684,0.6852664576802507,0.7166144200626958,0.7391849529780565,0.7360501567398119,0.7366771159874608,0.7366771159874608,0.7341692789968652,0.7316614420062697,0.7285266457680253,3.0
0.25830721003134793,0.4752351097178684,0.6852664576802507,0.7166144200626958,0.7391849529780565,0.7360501567398119,0.7366771159874608,0.7366771159874608,0.7341692789968652,0.7316614420062697,0.7197492163009405,0.4808777429467086,3.0
0.4752351097178684,0.6852664576802507,0.7166144200626958,0.7391849529780565,0.7360501567398119,0.7366771159874608,0.7366771159874608,0.7341692789968652,0.7316614420062697,0.7197492163009405,0.7523510971786833,0.2771159874608149,3.0
0.6852664576802507,0.7166144200626958,0.7391849529780565,0.7360501567398119,0.7366771159874608,0.7366771159874608,0.7341692789968652,0.7316614420062697,0.7197492163009405,0.7523510971786833,0.7623824451410659,0.07711598746081516,3.0
0.7166144200626958,0.7391849529780565,0.7360501567398119,0.7366771159874608,0.7366771159874608,0.7341692789968652,0.7316614420062697,0.7197492163009405,0.7523510971786833,0.7623824451410659,0.7235109717868338,0.04576802507837008,3.0
0.7391849529780565,0.7360501567398119,0.7366771159874608,0.7366771159874608,0.7341692789968652,0.7316614420062697,0.7197492163009405,0.7523510971786833,0.7623824451410659,0.7235109717868338,0.484012539184953,0.2783699059561129,3.0
0.7360501567398119,0.7366771159874608,0.7366771159874608,0.7341692789968652,0.7316614420062697,0.7197492163009405,0.7523510971786833,0.7623824451410659,0.7235109717868338,0.484012539184953,0.2589341692789968,0.5034482758620691,3.0
0.7366771159874608,0.7366771159874608,0.7341692789968652,0.7316614420062697,0.7197492163009405,0.7523510971786833,0.7623824451410659,0.7235109717868338,0.484012539184953,0.2589341692789968,0.04764890282131651,0.7147335423197494,3.0
0.7366771159874608,0.7341692789968652,0.7316614420062697,0.7197492163009405,0.7523510971786833,0.7623824451410659,0.7235109717868338,0.484012539184953,0.2589341692789968,0.04764890282131651,0.013166144200627006,0.7492163009404389,0.0
0.7341692789968652,0.7316614420062697,0.7197492163009405,0.7523510971786833,0.7623824451410659,0.7235109717868338,0.484012539184953,0.2589341692789968,0.04764890282131651,0.013166144200627006,-0.014420062695924774,0.7768025078369907,0.0
0.7316614420062697,0.7197492163009405,0.7523510971786833,0.7623824451410659,0.7235109717868338,0.484012539184953,0.2589341692789968,0.04764890282131651,0.013166144200627006,-0.014420062695924774,-0.03197492163009408,0.79435736677116,0.0
0.7197492163009405,0.7523510971786833,0.7623824451410659,0.7235109717868338,0.484012539184953,0.2589341692789968,0.04764890282131651,0.013166144200627006,-0.014420062695924774,-0.03197492163009408,-0.043887147335423204,0.8062695924764891,0.0
0.7523510971786833,0.7623824451410659,0.7235109717868338,0.484012539184953,0.2589341692789968,0.04764890282131651,0.013166144200627006,-0.014420062695924774,-0.03197492163009408,-0.043887147335423204,-0.05203761755485892,0.8144200626959248,0.0
0.7623824451410659,0.7235109717868338,0.484012539184953,0.2589341692789968,0.04764890282131651,0.013166144200627006,-0.014420062695924774,-0.03197492163009408,-0.043887147335423204,-0.05203761755485892,-0.03448275862068961,0.8144200626959248,1.0
0.7235109717868338,0.484012539184953,0.2589341692789968,0.04764890282131651,0.013166144200627006,-0.014420062695924774,-0.03197492163009408,-0.043887147335423204,-0.05203761755485892,-0.03448275862068961,-0.06457680250783704,0.7880877742946708,1.0
0.484012539184953,0.2589341692789968,0.04764890282131651,0.013166144200627006,-0.014420062695924774,-0.03197492163009408,-0.043887147335423204,-0.05203761755485892,-0.03448275862068961,-0.06457680250783704,-0.07774294670846393,0.561755485893417,1.0
0.2589341692789968,0.04764890282131651,0.013166144200627006,-0.014420062695924774,-0.03197492163009408,-0.043887147335423204,-0.05203761755485892,-0.03448275862068961,-0.06457680250783704,-0.07774294670846393,-0.03699059561128526,0.33667711598746075,1.0
0.04764890282131651,0.013166144200627006,-0.014420062695924774,-0.03197492163009408,-0.043887147335423204,-0.05203761755485892,-0.03448275862068961,-0.06457680250783704,-0.07774294670846393,-0.03699059561128526,0.20626959247648902,0.28401253918495295,1.0
0.013166144200627006,-0.014420062695924774,-0.03197492163009408,-0.043887147335423204,-0.05203761755485892,-0.03448275862068961,-0.06457680250783704,-0.07774294670846393,-0.03699059561128526,0.20626959247648902,0.4363636363636363,0.5141065830721002,1.0
-0.014420062695924774,-0.03197492163009408,-0.043887147335423204,-0.05203761755485892,-0.03448275862068961,-0.06457680250783704,-0.07774294670846393,-0.03699059561128526,0.20626959247648902,0.4363636363636363,0.652037617554859,0.7297805642633229,1.0
-0.03197492163009408,-0.043887147335423204,-0.05203761755485892,-0.03448275862068961,-0.06457680250783704,-0.07774294670846393,-0.03699059561128526,0.20626959247648902,0.4363636363636363,0.652037617554859,0.7009404388714733,0.7786833855799372,1.0
-0.043887147335423204,-0.05203761755485892,-0.03448275862068961,-0.06457680250783704,-0.07774294670846393,-0.03699059561128526,0.20626959247648902,0.4363636363636363,0.652037617554859,0.7009404388714733,0.7385579937304074,0.8163009404388714,2.0
-0.05203761755485892,-0.03448275862068961,-0.06457680250783704,-0.07774294670846393,-0.03699059561128526,0.20626959247648902,0.4363636363636363,0.652037617554859,0.7009404388714733,0.7385579937304074,0.7630094043887148,0.8407523510971787,2.0
-0.03448275862068961,-0.06457680250783704,-0.07774294670846393,-0.03699059561128526,0.20626959247648902,0.4363636363636363,0.652037617554859,0.7009404388714733,0.7385579937304074,0.7630094043887148,0.7824451410658306,0.8601880877742946,2.0
-0.06457680250783704,-0.07774294670846393,-0.03699059561128526,0.20626959247648902,0.4363636363636363,0.652037617554859,0.7009404388714733,0.7385579937304074,0.7630094043887148,0.7824451410658306,0.7968652037617554,0.8746081504702193,2.0
-0.07774294670846393,-0.03699059561128526,0.20626959247648902,0.4363636363636363,0.652037617554859,0.7009404388714733,0.7385579937304074,0.7630094043887148,0.7824451410658306,0.7968652037617554,0.7943573667711599,0.8746081504702193,3.0
-0.03699059561128526,0.20626959247648902,0.4363636363636363,0.652037617554859,0.7009404388714733,0.7385579937304074,0.7630094043887148,0.7824451410658306,0.7968652037617554,0.7943573667711599,0.7931034482758621,0.8338557993730407,3.0
0.20626959247648902,0.4363636363636363,0.652037617554859,0.7009404388714733,0.7385579937304074,0.7630094043887148,0.7824451410658306,0.7968652037617554,0.7943573667711599,0.7931034482758621,0.7787988185100099,0.5905956112852664,3.0
0.4363636363636363,0.652037617554859,0.7009404388714733,0.7385579937304074,0.7630094043887148,0.7824451410658306,0.7968652037617554,0.7943573667711599,0.7931034482758621,0.7787988185100099,0.7596656217345872,0.3605015673981191,3.0
0.652037617554859,0.7009404388714733,0.7385579937304074,0.7630094043887148,0.7824451410658306,0.7968652037617554,0.7943573667711599,0.7931034482758621,0.7787988185100099,0.7596656217345872,0.6040193524376629,0.1928458513240925,3.0
0.7009404388714733,0.7385579937304074,0.7630094043887148,0.7824451410658306,0.7968652037617554,0.7943573667711599,0.7931034482758621,0.7787988185100099,0.7596656217345872,0.6040193524376629,0.4566430963900261,0.3402221073717293,3.0
0.7385579937304074,0.7630094043887148,0.7824451410658306,0.7968652037617554,0.7943573667711599,0.7931034482758621,0.7787988185100099,0.7596656217345872,0.6040193524376629,0.4566430963900261,0.43059173799776707,0.36627346576398834,3.0
0.7630094043887148,0.7824451410658306,0.7968652037617554,0.7943573667711599,0.7931034482758621,0.7787988185100099,0.7596656217345872,0.6040193524376629,0.4566430963900261,0.43059173799776707,0.15072571641235588,0.6461394873493995,3.0
0.7824451410658306,0.7968652037617554,0.7943573667711599,0.7931034482758621,0.7787988185100099,0.7596656217345872,0.6040193524376629,0.4566430963900261,0.43059173799776707,0.15072571641235588,-0.11350949013770006,0.9103746938994555,3.0
0.7968652037617554,0.7943573667711599,0.7931034482758621,0.7787988185100099,0.7596656217345872,0.6040193524376629,0.4566430963900261,0.43059173799776707,0.15072571641235588,-0.11350949013770006,-0.3762560476367697,1.1731212513985252,0.0
0.7943573667711599,0.7931034482758621,0.7787988185100099,0.7596656217345872,0.6040193524376629,0.4566430963900261,0.43059173799776707,0.15072571641235588,-0.11350949013770006,-0.3762560476367697,-0.4067733531819874,1.2011307199531474,0.0
0.7931034482758621,0.7787988185100099,0.7596656217345872,0.6040193524376629,0.4566430963900261,0.43059173799776707,0.15072571641235588,-0.11350949013770006,-0.3762560476367697,-0.4067733531819874,-0.43654633420171196,1.229649782477574,0.0
0.7787988185100099,0.7596656217345872,0.6040193524376629,0.4566430963900261,0.43059173799776707,0.15072571641235588,-0.11350949013770006,-0.3762560476367697,-0.4067733531819874,-0.43654633420171196,-0.4462225530331224,1.2250213715431322,0.0
0.7596656217345872,0.6040193524376629,0.4566430963900261,0.43059173799776707,0.15072571641235588,-0.11350949013770006,-0.3762560476367697,-0.4067733531819874,-0.43654633420171196,-0.4462225530331224,-0.4454782285076293,1.2058881747677095,0.0
0.6040193524376629,0.4566430963900261,0.43059173799776707,0.15072571641235588,-0.11350949013770006,-0.3762560476367697,-0.4067733531819874,-0.43654633420171196,-0.4462225530331224,-0.4454782285076293,-0.43654633420171196,1.0502419054707852,0.0
0.4566430963900261,0.43059173799776707,0.15072571641235588,-0.11350949013770006,-0.3762560476367697,-0.4067733531819874,-0.43654633420171196,-0.4462225530331224,-0.4454782285076293,-0.43654633420171196,-0.4209155191663565,0.9028656494231485,1.0
0.43059173799776707,0.15072571641235588,-0.11350949013770006,-0.3762560476367697,-0.4067733531819874,-0.43654633420171196,-0.4462225530331224,-0.4454782285076293,-0.43654633420171196,-0.4209155191663565,-0.275027912169706,0.8768142910308895,1.0
0.15072571641235588,-0.11350949013770006,-0.3762560476367697,-0.4067733531819874,-0.43654633420171196,-0.4462225530331224,-0.4454782285076293,-0.43654633420171196,-0.4209155191663565,-0.275027912169706,-0.10308894678079639,0.5969482694454783,1.0
-0.11350949013770006,-0.3762560476367697,-0.4067733531819874,-0.43654633420171196,-0.4462225530331224,-0.4454782285076293,-0.43654633420171196,-0.4209155191663565,-0.275027912169706,-0.10308894678079639,-0.059918124302195785,0.38630442873092663,1.0
-0.3762560476367697,-0.4067733531819874,-0.43654633420171196,-0.4462225530331224,-0.4454782285076293,-0.43654633420171196,-0.4209155191663565,-0.275027912169706,-0.10308894678079639,-0.059918124302195785,0.2303684406401192,0.6765909936732416,1.0
-0.4067733531819874,-0.43654633420171196,-0.4462225530331224,-0.4454782285076293,-0.43654633420171196,-0.4209155191663565,-0.275027912169706,-0.10308894678079639,-0.059918124302195785,0.2303684406401192,0.5102344622255304,0.9564570152586528,2.0
-0.43654633420171196,-0.4462225530331224,-0.4454782285076293,-0.43654633420171196,-0.4209155191663565,-0.275027912169706,-0.10308894678079639,-0.059918124302195785,0.2303684406401192,0.5102344622255304,0.7871231857089691,1.2333457387420914,2.0
-0.4462225530331224,-0.4454782285076293,-0.43654633420171196,-0.4209155191663565,-0.275027912169706,-0.10308894678079639,-0.059918124302195785,0.2303684406401192,0.5102344622255304,0.7871231857089691,0.8347599553405285,1.280982508373651,2.0
-0.4454782285076293,-0.43654633420171196,-0.4209155191663565,-0.275027912169706,-0.10308894678079639,-0.059918124302195785,0.2303684406401192,0.5102344622255304,0.7871231857089691,0.8347599553405285,0.8823967249720879,1.3278749534797172,2.0
-0.43654633420171196,-0.4209155191663565,-0.275027912169706,-0.10308894678079639,-0.059918124302195785,0.2303684406401192,0.5102344622255304,0.7871231857089691,0.8347599553405285,0.8823967249720879,0.9225902493487161,1.359136583550428,2.0
-0.4209155191663565,-0.275027912169706,-0.10308894678079639,-0.059918124302195785,0.2303684406401192,0.5102344622255304,0.7871231857089691,0.8347599553405285,0.8823967249720879,0.9225902493487161,0.9501302567919614,1.371045775958318,2.0
-0.275027912169706,-0.10308894678079639,-0.059918124302195785,0.2303684406401192,0.5102344622255304,0.7871231857089691,0.8347599553405285,0.8823967249720879,0.9225902493487161,0.9501302567919614,0.9724599925567547,1.2474879047264609,2.0
-0.10308894678079639,-0.059918124302195785,0.2303684406401192,0.5102344622255304,0.7871231857089691,0.8347599553405285,0.8823967249720879,0.9225902493487161,0.9501302567919614,0.9724599925567547,0.9903237811685894,1.093412727949386,2.0
-0.059918124302195785,0.2303684406401192,0.5102344622255304,0.7871231857089691,0.8347599553405285,0.8823967249720879,0.9225902493487161,0.9501302567919614,0.9724599925567547,0.9903237811685894,1.0,1.0599181243021958,2.0
0.2303684406401192,0.5102344622255304,0.7871231857089691,0.8347599553405285,0.8823967249720879,0.9225902493487161,0.9501302567919614,0.9724599925567547,0.9903237811685894,1.0,0.9948090470893585,0.7696315593598808,2.0
0.5102344622255304,0.7871231857089691,0.8347599553405285,0.8823967249720879,0.9225902493487161,0.9501302567919614,0.9724599925567547,0.9903237811685894,1.0,0.9948090470893585,0.9770114942528736,0.48976553777446963,2.0
0.7871231857089691,0.8347599553405285,0.8823967249720879,0.9225902493487161,0.9501302567919614,0.9724599925567547,0.9903237811685894,1.0,0.9948090470893585,0.9770114942528736,0.8450129773822765,0.2128768142910309,2.0
0.8347599553405285,0.8823967249720879,0.9225902493487161,0.9501302567919614,0.9724599925567547,0.9903237811685894,1.0,0.9948090470893585,0.9770114942528736,0.8450129773822765,0.842788283277716,0.1652400446594715,2.0
0.8823967249720879,0.9225902493487161,0.9501302567919614,0.9724599925567547,0.9903237811685894,1.0,0.9948090470893585,0.9770114942528736,0.8450129773822765,0.842788283277716,0.5558027437893955,0.44419725621060446,2.0
0.9225902493487161,0.9501302567919614,0.9724599925567547,0.9903237811685894,1.0,0.9948090470893585,0.9770114942528736,0.8450129773822765,0.842788283277716,0.5558027437893955,0.26955876900259557,0.7304412309974044,0.0
0.9501302567919614,0.9724599925567547,0.9903237811685894,1.0,0.9948090470893585,0.9770114942528736,0.8450129773822765,0.842788283277716,0.5558027437893955,0.26955876900259557,-0.006303299962921782,1.0063032999629218,0.0
0.9724599925567547,0.9903237811685894,1.0,0.9948090470893585,0.9770114942528736,0.8450129773822765,0.842788283277716,0.5558027437893955,0.26955876900259557,-0.006303299962921782,-0.08416759362254356,1.0841675936225434,0.0
0.9903237811685894,1.0,0.9948090470893585,0.9770114942528736,0.8450129773822765,0.842788283277716,0.5558027437893955,0.26955876900259557,-0.006303299962921782,-0.08416759362254356,-0.1353355580274379,1.135335558027438,0.0
1.0,0.9948090470893585,0.9770114942528736,0.8450129773822765,0.842788283277716,0.5558027437893955,0.26955876900259557,-0.006303299962921782,-0.08416759362254356,-0.1353355580274379,-0.1560993696700037,1.1560993696700037,0.0
0.9948090470893585,0.9770114942528736,0.8450129773822765,0.842788283277716,0.5558027437893955,0.26955876900259557,-0.006303299962921782,-0.08416759362254356,-0.1353355580274379,-0.1560993696700037,-0.16796440489432707,1.1627734519836856,0.0
0.9770114942528736,0.8450129773822765,0.842788283277716,0.5558027437893955,0.26955876900259557,-0.006303299962921782,-0.08416759362254356,-0.1353355580274379,-0.1560993696700037,-0.16796440489432707,-0.16722284019280687,1.1449758991472008,0.0
0.8450129773822765,0.842788283277716,0.5558027437893955,0.26955876900259557,-0.006303299962921782,-0.08416759362254356,-0.1353355580274379,-0.1560993696700037,-0.16796440489432707,-0.16722284019280687,-0.1575824990730441,1.0129773822766035,1.0
0.842788283277716,0.5558027437893955,0.26955876900259557,-0.006303299962921782,-0.08416759362254356,-0.1353355580274379,-0.1560993696700037,-0.16796440489432707,-0.16722284019280687,-0.1575824990730441,-0.12717834631071556,1.010752688172043,1.0
0.5558027437893955,0.26955876900259557,-0.006303299962921782,-0.08416759362254356,-0.1353355580274379,-0.1560993696700037,-0.16796440489432707,-0.16722284019280687,-0.1575824990730441,-0.12717834631071556,0.01520207638116422,0.7237671486837226,1.0
0.26955876900259557,-0.006303299962921782,-0.08416759362254356,-0.1353355580274379,-0.1560993696700037,-0.16796440489432707,-0.16722284019280687,-0.1575824990730441,-0.12717834631071556,0.01520207638116422,0.02706711160548747,0.43752317389692263,1.0
-0.006303299962921782,-0.08416759362254356,-0.1353355580274379,-0.1560993696700037,-0.16796440489432707,-0.16722284019280687,-0.1575824990730441,-0.12717834631071556,0.01520207638116422,0.02706711160548747,0.14275120504264005,0.3107156099369671,1.0
-0.08416759362254356,-0.1353355580274379,-0.1560993696700037,-0.16796440489432707,-0.16722284019280687,-0.1575824990730441,-0.12717834631071556,0.01520207638116422,0.02706711160548747,0.14275120504264005,0.4423433444568039,0.610307749351131,2.0
-0.1353355580274379,-0.1560993696700037,-0.16796440489432707,-0.16722284019280687,-0.1575824990730441,-0.12717834631071556,0.01520207638116422,0.02706711160548747,0.14275120504264005,0.4423433444568039,0.546162402669633,0.7141268075639601,2.0
-0.1560993696700037,-0.16796440489432707,-0.16722284019280687,-0.1575824990730441,-0.12717834631071556,0.01520207638116422,0.02706711160548747,0.14275120504264005,0.4423433444568039,0.546162402669633,0.6292176492398962,0.7971820541342233,2.0
-0.16796440489432707,-0.16722284019280687,-0.1575824990730441,-0.12717834631071556,0.01520207638116422,0.02706711160548747,0.14275120504264005,0.4423433444568039,0.546162402669633,0.6292176492398962,0.5024100852799407,0.7971820541342233,2.0
-0.16722284019280687,-0.1575824990730441,-0.12717834631071556,0.01520207638116422,0.02706711160548747,0.14275120504264005,0.4423433444568039,0.546162402669633,0.6292176492398962,0.5024100852799407,0.5291064145346682,0.7964404894327031,2.0
-0.1575824990730441,-0.12717834631071556,0.01520207638116422,0.02706711160548747,0.14275120504264005,0.4423433444568039,0.546162402669633,0.6292176492398962,0.5024100852799407,0.5291064145346682,0.546162402669633,0.7868001483129403,2.0
-0.12717834631071556,0.01520207638116422,0.02706711160548747,0.14275120504264005,0.4423433444568039,0.546162402669633,0.6292176492398962,0.5024100852799407,0.5291064145346682,0.546162402669633,0.37041156840934364,0.7563959955506118,2.0
0.01520207638116422,0.02706711160548747,0.14275120504264005,0.4423433444568039,0.546162402669633,0.6292176492398962,0.5024100852799407,0.5291064145346682,0.546162402669633,0.37041156840934364,0.3770856507230256,0.614015572858732,0.0
0.02706711160548747,0.14275120504264005,0.4423433444568039,0.546162402669633,0.6292176492398962,0.5024100852799407,0.5291064145346682,0.546162402669633,0.37041156840934364,0.3770856507230256,0.1954022988505748,0.6021505376344087,0.0
0.14275120504264005,0.4423433444568039,0.546162402669633,0.6292176492398962,0.5024100852799407,0.5291064145346682,0.546162402669633,0.37041156840934364,0.3770856507230256,0.1954022988505748,0.17908787541713012,0.48646644419725615,0.0
0.4423433444568039,0.546162402669633,0.6292176492398962,0.5024100852799407,0.5291064145346682,0.546162402669633,0.37041156840934364,0.3770856507230256,0.1954022988505748,0.17908787541713012,0.001853911753800563,0.6273637374860956,0.0
0.546162402669633,0.6292176492398962,0.5024100852799407,0.5291064145346682,0.546162402669633,0.37041156840934364,0.3770856507230256,0.1954022988505748,0.17908787541713012,0.001853911753800563,0.00333704115684097,0.6273637374860956,0.0
0.6292176492398962,0.5024100852799407,0.5291064145346682,0.546162402669633,0.37041156840934364,0.3770856507230256,0.1954022988505748,0.17908787541713012,0.001853911753800563,0.00333704115684097,-0.06562847608453837,0.6948461253244346,0.0
0.5024100852799407,0.5291064145346682,0.546162402669633,0.37041156840934364,0.3770856507230256,0.1954022988505748,0.17908787541713012,0.001853911753800563,0.00333704115684097,-0.06562847608453837,-0.17982944011865032,0.7259918427882833,0.0
0.5291064145346682,0.546162402669633,0.37041156840934364,0.3770856507230256,0.1954022988505748,0.17908787541713012,0.001853911753800563,0.00333704115684097,-0.06562847608453837,-0.17982944011865032,-0.47497219132369295,1.021134593993326,0.0
0.546162402669633,0.37041156840934364,0.3770856507230256,0.1954022988505748,0.17908787541713012,0.001853911753800563,0.00333704115684097,-0.06562847608453837,-0.17982944011865032,-0.47497219132369295,-0.5773081201334817,1.1234705228031148,0.0
0.37041156840934364,0.3770856507230256,0.1954022988505748,0.17908787541713012,0.001853911753800563,0.00333704115684097,-0.06562847608453837,-0.17982944011865032,-0.47497219132369295,-0.5773081201334817,-0.6529477196885428,1.0300333704115685,0.0
0.3770856507230256,0.1954022988505748,0.17908787541713012,0.001853911753800563,0.00333704115684097,-0.06562847608453837,-0.17982944011865032,-0.47497219132369295,-0.5773081201334817,-0.6529477196885428,-0.7085650723025584,1.085650723025584,0.0
0.1954022988505748,0.17908787541713012,0.001853911753800563,0.00333704115684097,-0.06562847608453837,-0.17982944011865032,-0.47497219132369295,-0.5773081201334817,-0.6529477196885428,-0.7085650723025584,-0.5609936967000371,0.9039673711531332,0.0
0.17908787541713012,0.001853911753800563,0.00333704115684097,-0.06562847608453837,-0.17982944011865032,-0.47497219132369295,-0.5773081201334817,-0.6529477196885428,-0.7085650723025584,-0.5609936967000371,-0.5884315906562847,0.8876529477196885,0.0
0.001853911753800563,0.00333704115684097,-0.06562847608453837,-0.17982944011865032,-0.47497219132369295,-0.5773081201334817,-0.6529477196885428,-0.7085650723025584,-0.5609936967000371,-0.5884315906562847,-0.4245457916203189,0.7119021134593994,0.0
0.00333704115684097,-0.06562847608453837,-0.17982944011865032,-0.47497219132369295,-0.5773081201334817,-0.6529477196885428,-0.7085650723025584,-0.5609936967000371,-0.5884315906562847,-0.4245457916203189,-0.40897293288839454,0.7119021134593994,0.0
-0.06562847608453837,-0.17982944011865032,-0.47497219132369295,-0.5773081201334817,-0.6529477196885428,-0.7085650723025584,-0.5609936967000371,-0.5884315906562847,-0.4245457916203189,-0.40897293288839454,-0.2354467927326659,0.64293659621802,2.0
-0.17982944011865032,-0.47497219132369295,-0.5773081201334817,-0.6529477196885428,-0.7085650723025584,-0.5609936967000371,-0.5884315906562847,-0.4245457916203189,-0.40897293288839454,-0.2354467927326659,-0.05672969966629593,0.6518353726362625,2.0
-0.47497219132369295,-0.5773081201334817,-0.6529477196885428,-0.7085650723025584,-0.5609936967000371,-0.5884315906562847,-0.4245457916203189,-0.40897293288839454,-0.2354467927326659,-0.05672969966629593,0.006303299962921782,0.7148683722654802,2.0
-0.5773081201334817,-0.6529477196885428,-0.7085650723025584,-0.5609936967000371,-0.5884315906562847,-0.4245457916203189,-0.40897293288839454,-0.2354467927326659,-0.05672969966629593,0.006303299962921782,0.30367074527252513,1.0122358175750836,2.0
-0.6529477196885428,-0.7085650723025584,-0.5609936967000371,-0.5884315906562847,-0.4245457916203189,-0.40897293288839454,-0.2354467927326659,-0.05672969966629593,0.006303299962921782,0.30367074527252513,0.5921394141638858,1.300704486466444,2.0
-0.7085650723025584,-0.5609936967000371,-0.5884315906562847,-0.4245457916203189,-0.40897293288839454,-0.2354467927326659,-0.05672969966629593,0.006303299962921782,0.30367074527252513,0.5921394141638858,0.8746755654430849,1.5832406377456434,2.0
-0.5609936967000371,-0.5884315906562847,-0.4245457916203189,-0.40897293288839454,-0.2354467927326659,-0.05672969966629593,0.006303299962921782,0.30367074527252513,0.5921394141638858,0.8746755654430849,0.9503151649981461,1.5387467556544308,2.0
-0.5884315906562847,-0.4245457916203189,-0.40897293288839454,-0.2354467927326659,-0.05672969966629593,0.006303299962921782,0.30367074527252513,0.5921394141638858,0.8746755654430849,0.9503151649981461,1.0,1.5884315906562847,2.0
-0.4245457916203189,-0.40897293288839454,-0.2354467927326659,-0.05672969966629593,0.006303299962921782,0.30367074527252513,0.5921394141638858,0.8746755654430849,0.9503151649981461,1.0,0.853658536585366,1.4245457916203188,2.0
-0.40897293288839454,-0.2354467927326659,-0.05672969966629593,0.006303299962921782,0.30367074527252513,0.5921394141638858,0.8746755654430849,0.9503151649981461,1.0,0.853658536585366,0.6954915003695492,1.4089729328883944,2.0
-0.2354467927326659,-0.05672969966629593,0.006303299962921782,0.30367074527252513,0.5921394141638858,0.8746755654430849,0.9503151649981461,1.0,0.853658536585366,0.6954915003695492,0.5321507760532151,1.2354467927326658,2.0
-0.05672969966629593,0.006303299962921782,0.30367074527252513,0.5921394141638858,0.8746755654430849,0.9503151649981461,1.0,0.853658536585366,0.6954915003695492,0.5321507760532151,0.35033259423503327,1.0567296996662958,2.0
0.006303299962921782,0.30367074527252513,0.5921394141638858,0.8746755654430849,0.9503151649981461,1.0,0.853658536585366,0.6954915003695492,0.5321507760532151,0.35033259423503327,0.3592017738359201,0.9936967000370782,0.0
0.30367074527252513,0.5921394141638858,0.8746755654430849,0.9503151649981461,1.0,0.853658536585366,0.6954915003695492,0.5321507760532151,0.35033259423503327,0.3592017738359201,0.36289726533628963,0.6963292547274749,0.0
0.5921394141638858,0.8746755654430849,0.9503151649981461,1.0,0.853658536585366,0.6954915003695492,0.5321507760532151,0.35033259423503327,0.3592017738359201,0.36289726533628963,0.1855136733185514,0.8144863266814486,0.0
0.8746755654430849,0.9503151649981461,1.0,0.853658536585366,0.6954915003695492,0.5321507760532151,0.35033259423503327,0.3592017738359201,0.36289726533628963,0.1855136733185514,0.1692535107169253,0.8307464892830747,0.0
0.9503151649981461,1.0,0.853658536585366,0.6954915003695492,0.5321507760532151,0.35033259423503327,0.3592017738359201,0.36289726533628963,0.1855136733185514,0.1692535107169253,-0.04659498207885304,1.0465949820788532,0.0
1.0,0.853658536585366,0.6954915003695492,0.5321507760532151,0.35033259423503327,0.3592017738359201,0.36289726533628963,0.1855136733185514,0.1692535107169253,-0.04659498207885304,-0.22470119521912346,1.2247011952191236,0.0
0.853658536585366,0.6954915003695492,0.5321507760532151,0.35033259423503327,0.3592017738359201,0.36289726533628963,0.1855136733185514,0.1692535107169253,-0.04659498207885304,-0.22470119521912346,-0.38002594033722437,1.2336844769225903,0.0
0.6954915003695492,0.5321507760532151,0.35033259423503327,0.3592017738359201,0.36289726533628963,0.1855136733185514,0.1692535107169253,-0.04659498207885304,-0.22470119521912346,-0.38002594033722437,-0.7336792044963252,1.4291707048658744,0.0
0.5321507760532151,0.35033259423503327,0.3592017738359201,0.36289726533628963,0.1855136733185514,0.1692535107169253,-0.04659498207885304,-0.22470119521912346,-0.38002594033722437,-0.7336792044963252,-0.8746217034154777,1.4067724794686929,0.0
0.35033259423503327,0.3592017738359201,0.36289726533628963,0.1855136733185514,0.1692535107169253,-0.04659498207885304,-0.22470119521912346,-0.38002594033722437,-0.7336792044963252,-0.8746217034154777,-0.7578901859057501,1.2375189687517674,0.0
0.3592017738359201,0.36289726533628963,0.1855136733185514,0.1692535107169253,-0.04659498207885304,-0.22470119521912346,-0.38002594033722437,-0.7336792044963252,-0.8746217034154777,-0.7578901859057501,-0.6169476869865975,1.2375189687517674,0.0
0.36289726533628963,0.1855136733185514,0.1692535107169253,-0.04659498207885304,-0.22470119521912346,-0.38002594033722437,-0.7336792044963252,-0.8746217034154777,-0.7578901859057501,-0.6169476869865975,-0.4500648508430609,1.2375189687517674,0.0
0.1855136733185514,0.1692535107169253,-0.04659498207885304,-0.22470119521912346,-0.38002594033722437,-0.7336792044963252,-0.8746217034154777,-0.7578901859057501,-0.6169476869865975,-0.4500648508430609,-0.48032857760484216,1.0601353767340291,0.0
0.1692535107169253,-0.04659498207885304,-0.22470119521912346,-0.38002594033722437,-0.7336792044963252,-0.8746217034154777,-0.7578901859057501,-0.6169476869865975,-0.4500648508430609,-0.48032857760484216,-0.507998270644185,1.043875214132403,2.0
-0.04659498207885304,-0.22470119521912346,-0.38002594033722437,-0.7336792044963252,-0.8746217034154777,-0.7578901859057501,-0.6169476869865975,-0.4500648508430609,-0.48032857760484216,-0.507998270644185,-0.30912235192390836,0.8280267213366247,2.0
-0.22470119521912346,-0.38002594033722437,-0.7336792044963252,-0.8746217034154777,-0.7578901859057501,-0.6169476869865975,-0.4500648508430609,-0.48032857760484216,-0.507998270644185,-0.30912235192390836,-0.3013402507565932,0.6499205081963543,2.0
-0.38002594033722437,-0.7336792044963252,-0.8746217034154777,-0.7578901859057501,-0.6169476869865975,-0.4500648508430609,-0.48032857760484216,-0.507998270644185,-0.30912235192390836,-0.3013402507565932,-0.14223951578037186,0.7323821876351059,2.0
-0.7336792044963252,-0.8746217034154777,-0.7578901859057501,-0.6169476869865975,-0.4500648508430609,-0.48032857760484216,-0.507998270644185,-0.30912235192390836,-0.3013402507565932,-0.14223951578037186,0.056636402939904906,0.9312581063553826,2.0
-0.8746217034154777,-0.7578901859057501,-0.6169476869865975,-0.4500648508430609,-0.48032857760484216,-0.507998270644185,-0.30912235192390836,-0.3013402507565932,-0.14223951578037186,0.056636402939904906,0.10938175529615224,0.98400345871163,2.0
-0.7578901859057501,-0.6169476869865975,-0.4500648508430609,-0.48032857760484216,-0.507998270644185,-0.30912235192390836,-0.3013402507565932,-0.14223951578037186,0.056636402939904906,0.10938175529615224,0.46649373108517067,1.2243839169909208,2.0
-0.6169476869865975,-0.4500648508430609,-0.48032857760484216,-0.507998270644185,-0.30912235192390836,-0.3013402507565932,-0.14223951578037186,0.056636402939904906,0.10938175529615224,0.46649373108517067,0.8184176394293126,1.43536532641591,2.0
-0.4500648508430609,-0.48032857760484216,-0.507998270644185,-0.30912235192390836,-0.3013402507565932,-0.14223951578037186,0.056636402939904906,0.10938175529615224,0.46649373108517067,0.8184176394293126,0.6990920881971465,1.3264159100734976,2.0
-0.48032857760484216,-0.507998270644185,-0.30912235192390836,-0.3013402507565932,-0.14223951578037186,0.056636402939904906,0.10938175529615224,0.46649373108517067,0.8184176394293126,0.6990920881971465,0.7734543882403804,1.3264159100734976,2.0
-0.507998270644185,-0.30912235192390836,-0.3013402507565932,-0.14223951578037186,0.056636402939904906,0.10938175529615224,0.46649373108517067,0.8184176394293126,0.6990920881971465,0.7734543882403804,0.8218763510592304,1.3298746217034154,2.0
-0.30912235192390836,-0.3013402507565932,-0.14223951578037186,0.056636402939904906,0.10938175529615224,0.46649373108517067,0.8184176394293126,0.6990920881971465,0.7734543882403804,0.8218763510592304,0.6411586683960224,1.1309987029831388,2.0
-0.3013402507565932,-0.14223951578037186,0.056636402939904906,0.10938175529615224,0.46649373108517067,0.8184176394293126,0.6990920881971465,0.7734543882403804,0.8218763510592304,0.6411586683960224,0.4500648508430609,1.1232166018158236,0.0
-0.14223951578037186,0.056636402939904906,0.10938175529615224,0.46649373108517067,0.8184176394293126,0.6990920881971465,0.7734543882403804,0.8218763510592304,0.6411586683960224,0.4500648508430609,0.2503242542153048,0.9641158668396023,2.0
0.056636402939904906,0.10938175529615224,0.46649373108517067,0.8184176394293126,0.6990920881971465,0.7734543882403804,0.8218763510592304,0.6411586683960224,0.4500648508430609,0.2503242542153048,0.256376999567661,0.7652399481193255,2.0
0.10938175529615224,0.46649373108517067,0.8184176394293126,0.6990920881971465,0.7734543882403804,0.8218763510592304,0.6411586683960224,0.4500648508430609,0.2503242542153048,0.256376999567661,0.256376999567661,0.7124945957630782,0.0
0.46649373108517067,0.8184176394293126,0.6990920881971465,0.7734543882403804,0.8218763510592304,0.6411586683960224,0.4500648508430609,0.2503242542153048,0.256376999567661,0.256376999567661,0.08171206225680927,0.7401642888024211,0.0
0.8184176394293126,0.6990920881971465,0.7734543882403804,0.8218763510592304,0.6411586683960224,0.4500648508430609,0.2503242542153048,0.256376999567661,0.256376999567661,0.08171206225680927,0.07133592736705574,0.7505404236921747,0.0
0.6990920881971465,0.7734543882403804,0.8218763510592304,0.6411586683960224,0.4500648508430609,0.2503242542153048,0.256376999567661,0.256376999567661,0.08171206225680927,0.07133592736705574,-0.013402507565931643,0.835278858625162,0.0
0.7734543882403804,0.8218763510592304,0.6411586683960224,0.4500648508430609,0.2503242542153048,0.256376999567661,0.256376999567661,0.08171206225680927,0.07133592736705574,-0.013402507565931643,-0.07565931690445304,0.8975356679636834,0.0
0.8218763510592304,0.6411586683960224,0.4500648508430609,0.2503242542153048,0.256376999567661,0.256376999567661,0.08171206225680927,0.07133592736705574,-0.013402507565931643,-0.07565931690445304,0.10159965412883709,0.8975356679636834,0.0
0.6411586683960224,0.4500648508430609,0.2503242542153048,0.256376999567661,0.256376999567661,0.08171206225680927,0.07133592736705574,-0.013402507565931643,-0.07565931690445304,0.10159965412883709,0.06009511456982275,0.7168179853004755,1.0
0.4500648508430609,0.2503242542153048,0.256376999567661,0.256376999567661,0.08171206225680927,0.07133592736705574,-0.013402507565931643,-0.07565931690445304,0.10159965412883709,0.06009511456982275,0.033290099437959464,0.525724167747514,1.0
0.2503242542153048,0.256376999567661,0.256376999567661,0.08171206225680927,0.07133592736705574,-0.013402507565931643,-0.07565931690445304,0.10159965412883709,0.06009511456982275,0.033290099437959464,0.24427150886294857,0.33203631647211407,1.0
0.256376999567661,0.256376999567661,0.08171206225680927,0.07133592736705574,-0.013402507565931643,-0.07565931690445304,0.10159965412883709,0.06009511456982275,0.033290099437959464,0.24427150886294857,0.24773022049286642,0.33203631647211407,1.0
0.256376999567661,0.08171206225680927,0.07133592736705574,-0.013402507565931643,-0.07565931690445304,0.10159965412883709,0.06009511456982275,0.033290099437959464,0.24427150886294857,0.24773022049286642,0.2546476437527021,0.33203631647211407,1.0
0.08171206225680927,0.07133592736705574,-0.013402507565931643,-0.07565931690445304,0.10159965412883709,0.06009511456982275,0.033290099437959464,0.24427150886294857,0.24773022049286642,0.2546476437527021,0.07479463899697358,0.33030696065715515,1.0
0.07133592736705574,-0.013402507565931643,-0.07565931690445304,0.10159965412883709,0.06009511456982275,0.033290099437959464,0.24427150886294857,0.24773022049286642,0.2546476437527021,0.07479463899697358,-0.10678772157371375,0.36143536532641585,1.0
-0.013402507565931643,-0.07565931690445304,0.10159965412883709,0.06009511456982275,0.033290099437959464,0.24427150886294857,0.24773022049286642,0.2546476437527021,0.07479463899697358,-0.10678772157371375,-0.11716385646346739,0.3718115002161695,1.0
-0.07565931690445304,0.10159965412883709,0.06009511456982275,0.033290099437959464,0.24427150886294857,0.24773022049286642,0.2546476437527021,0.07479463899697358,-0.10678772157371375,-0.11716385646346739,-0.2987462170341548,0.5533938607868569,1.0
0.10159965412883709,0.06009511456982275,0.033290099437959464,0.24427150886294857,0.24773022049286642,0.2546476437527021,0.07479463899697358,-0.10678772157371375,-0.11716385646346739,-0.2987462170341548,-0.401642888024211,0.6562905317769131,0.0
0.06009511456982275,0.033290099437959464,0.24427150886294857,0.24773022049286642,0.2546476437527021,0.07479463899697358,-0.10678772157371375,-0.11716385646346739,-0.2987462170341548,-0.401642888024211,-0.5270211846087333,0.7816688283614354,0.0
0.033290099437959464,0.24427150886294857,0.24773022049286642,0.2546476437527021,0.07479463899697358,-0.10678772157371375,-0.11716385646346739,-0.2987462170341548,-0.401642888024211,-0.5270211846087333,-0.6766104626026805,0.9312581063553826,0.0
0.24427150886294857,0.24773022049286642,0.2546476437527021,0.07479463899697358,-0.10678772157371375,-0.11716385646346739,-0.2987462170341548,-0.401642888024211,-0.5270211846087333,-0.6766104626026805,-0.8158236057068742,1.0704712494595763,0.0
0.24773022049286642,0.2546476437527021,0.07479463899697358,-0.10678772157371375,-0.11716385646346739,-0.2987462170341548,-0.401642888024211,-0.5270211846087333,-0.6766104626026805,-0.8158236057068742,-0.9731949848681366,1.2278426286208388,0.0
0.2546476437527021,0.07479463899697358,-0.10678772157371375,-0.11716385646346739,-0.2987462170341548,-0.401642888024211,-0.5270211846087333,-0.6766104626026805,-0.8158236057068742,-0.9731949848681366,-1.0,1.254647643752702,0.0
0.07479463899697358,-0.10678772157371375,-0.11716385646346739,-0.2987462170341548,-0.401642888024211,-0.5270211846087333,-0.6766104626026805,-0.8158236057068742,-0.9731949848681366,-1.0,-0.9694164989939638,1.0747946389969736,0.0
-0.10678772157371375,-0.11716385646346739,-0.2987462170341548,-0.401642888024211,-0.5270211846087333,-0.6766104626026805,-0.8158236057068742,-0.9731949848681366,-1.0,-0.9694164989939638,-0.9492957746478873,0.8932122784262863,0.0
-0.11716385646346739,-0.2987462170341548,-0.401642888024211,-0.5270211846087333,-0.6766104626026805,-0.8158236057068742,-0.9731949848681366,-1.0,-0.9694164989939638,-0.9492957746478873,-0.9573440643863179,0.8828361435365326,0.0
-0.2987462170341548,-0.401642888024211,-0.5270211846087333,-0.6766104626026805,-0.8158236057068742,-0.9731949848681366,-1.0,-0.9694164989939638,-0.9492957746478873,-0.9573440643863179,-0.9766599597585514,0.7012537829658452,1.0
-0.401642888024211,-0.5270211846087333,-0.6766104626026805,-0.8158236057068742,-0.9731949848681366,-1.0,-0.9694164989939638,-0.9492957746478873,-0.9573440643863179,-0.9766599597585514,-0.9565392354124749,0.598357111975789,1.0
-0.5270211846087333,-0.6766104626026805,-0.8158236057068742,-0.9731949848681366,-1.0,-0.9694164989939638,-0.9492957746478873,-0.9573440643863179,-0.9766599597585514,-0.9565392354124749,-0.958148893360161,0.47297881539126674,1.0
-0.6766104626026805,-0.8158236057068742,-0.9731949848681366,-1.0,-0.9694164989939638,-0.9492957746478873,-0.9573440643863179,-0.9766599597585514,-0.9565392354124749,-0.958148893360161,-0.8132796780684104,0.32338953739731946,1.0
-0.8158236057068742,-0.9731949848681366,-1.0,-0.9694164989939638,-0.9492957746478873,-0.9573440643863179,-0.9766599597585514,-0.9565392354124749,-0.958148893360161,-0.8132796780684104,-0.7327967806841047,0.2672032193158953,1.0
-0.9731949848681366,-1.0,-0.9694164989939638,-0.9492957746478873,-0.9573440643863179,-0.9766599597585514,-0.9565392354124749,-0.958148893360161,-0.8132796780684104,-0.7327967806841047,-0.8688128772635815,0.2672032193158953,1.0
-1.0,-0.9694164989939638,-0.9492957746478873,-0.9573440643863179,-0.9766599597585514,-0.9565392354124749,-0.958148893360161,-0.8132796780684104,-0.7327967806841047,-0.8688128772635815,-0.7746478873239436,0.2672032193158953,1.0
-0.9694164989939638,-0.9492957746478873,-0.9573440643863179,-0.9766599597585514,-0.9565392354124749,-0.958148893360161,-0.8132796780684104,-0.7327967806841047,-0.8688128772635815,-0.7746478873239436,-0.6579476861167002,0.3187122736418512,1.0
-0.9492957746478873,-0.9573440643863179,-0.9766599597585514,-0.9565392354124749,-0.958148893360161,-0.8132796780684104,-0.7327967806841047,-0.8688128772635815,-0.7746478873239436,-0.6579476861167002,-0.5396378269617707,0.4370221327967807,2.0
-0.9573440643863179,-0.9766599597585514,-0.9565392354124749,-0.958148893360161,-0.8132796780684104,-0.7327967806841047,-0.8688128772635815,-0.7746478873239436,-0.6579476861167002,-0.5396378269617707,-0.3762575452716298,0.6004024144869216,2.0
-0.9766599597585514,-0.9565392354124749,-0.958148893360161,-0.8132796780684104,-0.7327967806841047,-0.8688128772635815,-0.7746478873239436,-0.6579476861167002,-0.5396378269617707,-0.3762575452716298,-0.2120724346076459,0.7645875251509054,2.0
-0.9565392354124749,-0.958148893360161,-0.8132796780684104,-0.7327967806841047,-0.8688128772635815,-0.7746478873239436,-0.6579476861167002,-0.5396378269617707,-0.3762575452716298,-0.2120724346076459,-0.2289738430583501,0.746076458752515,2.0
-0.958148893360161,-0.8132796780684104,-0.7327967806841047,-0.8688128772635815,-0.7746478873239436,-0.6579476861167002,-0.5396378269617707,-0.3762575452716298,-0.2120724346076459,-0.2289738430583501,-0.22816901408450707,0.746076458752515,2.0
-0.8132796780684104,-0.7327967806841047,-0.8688128772635815,-0.7746478873239436,-0.6579476861167002,-0.5396378269617707,-0.3762575452716298,-0.2120724346076459,-0.2289738430583501,-0.22816901408450707,-0.2716297786720322,0.6567404426559356,2.0
-0.7327967806841047,-0.8688128772635815,-0.7746478873239436,-0.6579476861167002,-0.5396378269617707,-0.3762575452716298,-0.2120724346076459,-0.2289738430583501,-0.22816901408450707,-0.2716297786720322,-0.28933601609657944,0.6567404426559356,2.0
-0.8688128772635815,-0.7746478873239436,-0.6579476861167002,-0.5396378269617707,-0.3762575452716298,-0.2120724346076459,-0.2289738430583501,-0.22816901408450707,-0.2716297786720322,-0.28933601609657944,-0.4599597585513079,0.6567404426559356,2.0
-0.7746478873239436,-0.6579476861167002,-0.5396378269617707,-0.3762575452716298,-0.2120724346076459,-0.2289738430583501,-0.22816901408450707,-0.2716297786720322,-0.28933601609657944,-0.4599597585513079,-0.5541247484909457,0.5625754527162977,0.0
-0.6579476861167002,-0.5396378269617707,-0.3762575452716298,-0.2120724346076459,-0.2289738430583501,-0.22816901408450707,-0.2716297786720322,-0.28933601609657944,-0.4599597585513079,-0.5541247484909457,-0.43420523138833,0.44587525150905427,0.0
-0.5396378269617707,-0.3762575452716298,-0.2120724346076459,-0.2289738430583501,-0.22816901408450707,-0.2716297786720322,-0.28933601609657944,-0.4599597585513079,-0.5541247484909457,-0.43420523138833,-0.5404426559356137,0.3420523138832998,0.0
-0.3762575452716298,-0.2120724346076459,-0.2289738430583501,-0.22816901408450707,-0.2716297786720322,-0.28933601609657944,-0.4599597585513079,-0.5541247484909457,-0.43420523138833,-0.5404426559356137,-0.669215291750503,0.4571428571428571,0.0
-0.2120724346076459,-0.2289738430583501,-0.22816901408450707,-0.2716297786720322,-0.28933601609657944,-0.4599597585513079,-0.5541247484909457,-0.43420523138833,-0.5404426559356137,-0.669215291750503,-0.8116700201207243,0.5995975855130784,0.0
-0.2289738430583501,-0.22816901408450707,-0.2716297786720322,-0.28933601609657944,-0.4599597585513079,-0.5541247484909457,-0.43420523138833,-0.5404426559356137,-0.669215291750503,-0.8116700201207243,-0.9927565392354125,0.7645875251509054,0.0
-0.22816901408450707,-0.2716297786720322,-0.28933601609657944,-0.4599597585513079,-0.5541247484909457,-0.43420523138833,-0.5404426559356137,-0.669215291750503,-0.8116700201207243,-0.9927565392354125,-1.0,0.7718309859154929,0.0
-0.2716297786720322,-0.28933601609657944,-0.4599597585513079,-0.5541247484909457,-0.43420523138833,-0.5404426559356137,-0.669215291750503,-0.8116700201207243,-0.9927565392354125,-1.0,-0.987402741756206,0.7283702213279678,0.0
-0.28933601609657944,-0.4599597585513079,-0.5541247484909457,-0.43420523138833,-0.5404426559356137,-0.669215291750503,-0.8116700201207243,-0.9927565392354125,-1.0,-0.987402741756206,-0.974805483512412,0.7106639839034206,0.0
-0.4599597585513079,-0.5541247484909457,-0.43420523138833,-0.5404426559356137,-0.669215291750503,-0.8116700201207243,-0.9927565392354125,-1.0,-0.987402741756206,-0.974805483512412,-0.9585031493145609,0.56579476861167,0.0
-0.5541247484909457,-0.43420523138833,-0.5404426559356137,-0.669215291750503,-0.8116700201207243,-0.9927565392354125,-1.0,-0.987402741756206,-0.974805483512412,-0.9585031493145609,-0.9488699518340126,0.56579476861167,1.0
-0.43420523138833,-0.5404426559356137,-0.669215291750503,-0.8116700201207243,-0.9927565392354125,-1.0,-0.987402741756206,-0.974805483512412,-0.9585031493145609,-0.9488699518340126,-0.9481289366432012,0.56579476861167,1.0
-0.5404426559356137,-0.669215291750503,-0.8116700201207243,-0.9927565392354125,-1.0,-0.987402741756206,-0.974805483512412,-0.9585031493145609,-0.9488699518340126,-0.9481289366432012,-0.7725083364208967,0.4595573440643863,1.0
-0.669215291750503,-0.8116700201207243,-0.9927565392354125,-1.0,-0.987402741756206,-0.974805483512412,-0.9585031493145609,-0.9488699518340126,-0.9481289366432012,-0.7725083364208967,-0.6005928121526491,0.39940718784735085,1.0
-0.8116700201207243,-0.9927565392354125,-1.0,-0.987402741756206,-0.974805483512412,-0.9585031493145609,-0.9488699518340126,-0.9481289366432012,-0.7725083364208967,-0.6005928121526491,-0.5961467210077807,0.40385327899221934,1.0
-0.9927565392354125,-1.0,-0.987402741756206,-0.974805483512412,-0.9585031493145609,-0.9488699518340126,-0.9481289366432012,-0.7725083364208967,-0.6005928121526491,-0.5961467210077807,-0.43238236383845874,0.5676176361615413,1.0
-1.0,-0.987402741756206,-0.974805483512412,-0.9585031493145609,-0.9488699518340126,-0.9481289366432012,-0.7725083364208967,-0.6005928121526491,-0.5961467210077807,-0.43238236383845874,-0.3219711004075584,0.6780288995924416,1.0
-0.987402741756206,-0.974805483512412,-0.9585031493145609,-0.9488699518340126,-0.9481289366432012,-0.7725083364208967,-0.6005928121526491,-0.5961467210077807,-0.43238236383845874,-0.3219711004075584,-0.22045201926639502,0.766950722489811,2.0
-0.974805483512412,-0.9585031493145609,-0.9488699518340126,-0.9481289366432012,-0.7725083364208967,-0.6005928121526491,-0.5961467210077807,-0.43238236383845874,-0.3219711004075584,-0.22045201926639502,-0.11374583178955167,0.8610596517228604,2.0
-0.9585031493145609,-0.9488699518340126,-0.9481289366432012,-0.7725083364208967,-0.6005928121526491,-0.5961467210077807,-0.43238236383845874,-0.3219711004075584,-0.22045201926639502,-0.11374583178955167,0.004075583549462802,0.9625787328640237,2.0
-0.9488699518340126,-0.9481289366432012,-0.7725083364208967,-0.6005928121526491,-0.5961467210077807,-0.43238236383845874,-0.3219711004075584,-0.22045201926639502,-0.11374583178955167,0.004075583549462802,0.1330122267506484,1.081882178584661,2.0
-0.9481289366432012,-0.7725083364208967,-0.6005928121526491,-0.5961467210077807,-0.43238236383845874,-0.3219711004075584,-0.22045201926639502,-0.11374583178955167,0.004075583549462802,0.1330122267506484,0.26343090033345673,1.211559836976658,2.0
-0.7725083364208967,-0.6005928121526491,-0.5961467210077807,-0.43238236383845874,-0.3219711004075584,-0.22045201926639502,-0.11374583178955167,0.004075583549462802,0.1330122267506484,0.26343090033345673,0.42719525750277887,1.1997035939236755,2.0
-0.6005928121526491,-0.5961467210077807,-0.43238236383845874,-0.3219711004075584,-0.22045201926639502,-0.11374583178955167,0.004075583549462802,0.1330122267506484,0.26343090033345673,0.42719525750277887,0.6013338273434605,1.2019266394961097,2.0
-0.5961467210077807,-0.43238236383845874,-0.3219711004075584,-0.22045201926639502,-0.11374583178955167,0.004075583549462802,0.1330122267506484,0.26343090033345673,0.42719525750277887,0.6013338273434605,0.41533901444979615,1.1974805483512412,2.0
-0.43238236383845874,-0.3219711004075584,-0.22045201926639502,-0.11374583178955167,0.004075583549462802,0.1330122267506484,0.26343090033345673,0.42719525750277887,0.6013338273434605,0.41533901444979615,0.23823638384586876,1.0337161911819193,2.0
-0.3219711004075584,-0.22045201926639502,-0.11374583178955167,0.004075583549462802,0.1330122267506484,0.26343090033345673,0.42719525750277887,0.6013338273434605,0.41533901444979615,0.23823638384586876,0.21896998888477204,0.9233049277510189,2.0
-0.22045201926639502,-0.11374583178955167,0.004075583549462802,0.1330122267506484,0.26343090033345673,0.42719525750277887,0.6013338273434605,0.41533901444979615,0.23823638384586876,0.21896998888477204,0.044090403853279,0.8217858466098555,2.0
-0.11374583178955167,0.004075583549462802,0.1330122267506484,0.26343090033345673,0.42719525750277887,0.6013338273434605,0.41533901444979615,0.23823638384586876,0.21896998888477204,0.044090403853279,-0.07743608743979247,0.7150796591330122,0.0
0.004075583549462802,0.1330122267506484,0.26343090033345673,0.42719525750277887,0.6013338273434605,0.41533901444979615,0.23823638384586876,0.21896998888477204,0.044090403853279,-0.07743608743979247,-0.18191922934420157,0.7832530566876621,0.0
0.1330122267506484,0.26343090033345673,0.42719525750277887,0.6013338273434605,0.41533901444979615,0.23823638384586876,0.21896998888477204,0.044090403853279,-0.07743608743979247,-0.18191922934420157,-0.2938125231567247,0.8951463505001852,0.0
0.26343090033345673,0.42719525750277887,0.6013338273434605,0.41533901444979615,0.23823638384586876,0.21896998888477204,0.044090403853279,-0.07743608743979247,-0.18191922934420157,-0.2938125231567247,-0.4094108929233049,1.0107447202667654,0.0
0.42719525750277887,0.6013338273434605,0.41533901444979615,0.23823638384586876,0.21896998888477204,0.044090403853279,-0.07743608743979247,-0.18191922934420157,-0.2938125231567247,-0.4094108929233049,-0.5405705816969248,1.1419044090403854,0.0
0.6013338273434605,0.41533901444979615,0.23823638384586876,0.21896998888477204,0.044090403853279,-0.07743608743979247,-0.18191922934420157,-0.2938125231567247,-0.4094108929233049,-0.5405705816969248,-0.6791404223786588,1.2804742497221193,0.0
0.41533901444979615,0.23823638384586876,0.21896998888477204,0.044090403853279,-0.07743608743979247,-0.18191922934420157,-0.2938125231567247,-0.4094108929233049,-0.5405705816969248,-0.6791404223786588,-0.845127825120415,1.2604668395702112,0.0
0.23823638384586876,0.21896998888477204,0.044090403853279,-0.07743608743979247,-0.18191922934420157,-0.2938125231567247,-0.4094108929233049,-0.5405705816969248,-0.6791404223786588,-0.845127825120415,-1.0,1.2382363838458688,0.0
0.21896998888477204,0.044090403853279,-0.07743608743979247,-0.18191922934420157,-0.2938125231567247,-0.4094108929233049,-0.5405705816969248,-0.6791404223786588,-0.845127825120415,-1.0,-0.9889584100110416,1.218969988884772,0.0
0.044090403853279,-0.07743608743979247,-0.18191922934420157,-0.2938125231567247,-0.4094108929233049,-0.5405705816969248,-0.6791404223786588,-0.845127825120415,-1.0,-0.9889584100110416,-0.9815973500184026,1.044090403853279,0.0
-0.07743608743979247,-0.18191922934420157,-0.2938125231567247,-0.4094108929233049,-0.5405705816969248,-0.6791404223786588,-0.845127825120415,-1.0,-0.9889584100110416,-0.9815973500184026,-0.9654030180345969,0.9225639125602075,0.0
-0.18191922934420157,-0.2938125231567247,-0.4094108929233049,-0.5405705816969248,-0.6791404223786588,-0.845127825120415,-1.0,-0.9889584100110416,-0.9815973500184026,-0.9654030180345969,-0.9543614280456386,0.8180807706557984,0.0
-0.2938125231567247,-0.4094108929233049,-0.5405705816969248,-0.6791404223786588,-0.845127825120415,-1.0,-0.9889584100110416,-0.9815973500184026,-0.9654030180345969,-0.9543614280456386,-0.9536253220463746,0.7061874768432753,1.0
-0.4094108929233049,-0.5405705816969248,-0.6791404223786588,-0.845127825120415,-1.0,-0.9889584100110416,-0.9815973500184026,-0.9654030180345969,-0.9543614280456386,-0.9536253220463746,-0.9609863820390137,0.5905891070766951,1.0
-0.5405705816969248,-0.6791404223786588,-0.845127825120415,-1.0,-0.9889584100110416,-0.9815973500184026,-0.9654030180345969,-0.9543614280456386,-0.9536253220463746,-0.9609863820390137,-0.9285977180714022,0.45942941830307515,1.0
-0.6791404223786588,-0.845127825120415,-1.0,-0.9889584100110416,-0.9815973500184026,-0.9654030180345969,-0.9543614280456386,-0.9536253220463746,-0.9609863820390137,-0.9285977180714022,-0.9381670960618329,0.3208595776213412,1.0
-0.845127825120415,-1.0,-0.9889584100110416,-0.9815973500184026,-0.9654030180345969,-0.9543614280456386,-0.9536253220463746,-0.9609863820390137,-0.9285977180714022,-0.9381670960618329,-0.8167096061832904,0.18329039381670964,1.0
-1.0,-0.9889584100110416,-0.9815973500184026,-0.9654030180345969,-0.9543614280456386,-0.9536253220463746,-0.9609863820390137,-0.9285977180714022,-0.9381670960618329,-0.8167096061832904,-0.9462642620537357,0.18329039381670964,1.0
-0.9889584100110416,-0.9815973500184026,-0.9654030180345969,-0.9543614280456386,-0.9536253220463746,-0.9609863820390137,-0.9285977180714022,-0.9381670960618329,-0.8167096061832904,-0.9462642620537357,-1.0,0.18329039381670964,1.0
-0.9815973500184026,-0.9654030180345969,-0.9543614280456386,-0.9536253220463746,-0.9609863820390137,-0.9285977180714022,-0.9381670960618329,-0.8167096061832904,-0.9462642620537357,-1.0,-0.9150909739564752,0.18329039381670964,1.0
-0.9654030180345969,-0.9543614280456386,-0.9536253220463746,-0.9609863820390137,-0.9285977180714022,-0.9381670960618329,-0.8167096061832904,-0.9462642620537357,-1.0,-0.9150909739564752,-0.8066357474134855,0.19336425258651446,1.0
-0.9543614280456386,-0.9536253220463746,-0.9609863820390137,-0.9285977180714022,-0.9381670960618329,-0.8167096061832904,-0.9462642620537357,-1.0,-0.9150909739564752,-0.8066357474134855,-0.6696396717802355,0.33036032821976447,1.0
-0.9536253220463746,-0.9609863820390137,-0.9285977180714022,-0.9381670960618329,-0.8167096061832904,-0.9462642620537357,-1.0,-0.9150909739564752,-0.8066357474134855,-0.6696396717802355,-0.5283624687834463,0.4716375312165537,1.0
-0.9609863820390137,-0.9285977180714022,-0.9381670960618329,-0.8167096061832904,-0.9462642620537357,-1.0,-0.9150909739564752,-0.8066357474134855,-0.6696396717802355,-0.5283624687834463,-0.5397788084195505,0.4716375312165537,2.0
-0.9285977180714022,-0.9381670960618329,-0.8167096061832904,-0.9462642620537357,-1.0,-0.9150909739564752,-0.8066357474134855,-0.6696396717802355,-0.5283624687834463,-0.5397788084195505,-0.5383517659650374,0.4716375312165537,2.0
-0.9381670960618329,-0.8167096061832904,-0.9462642620537357,-1.0,-0.9150909739564752,-0.8066357474134855,-0.6696396717802355,-0.5283624687834463,-0.5397788084195505,-0.5383517659650374,-0.5340706386014984,0.4716375312165537,2.0
-0.8167096061832904,-0.9462642620537357,-1.0,-0.9150909739564752,-0.8066357474134855,-0.6696396717802355,-0.5283624687834463,-0.5397788084195505,-0.5383517659650374,-0.5340706386014984,-0.5661790938280413,0.4716375312165537,2.0
-0.9462642620537357,-1.0,-0.9150909739564752,-0.8066357474134855,-0.6696396717802355,-0.5283624687834463,-0.5397788084195505,-0.5383517659650374,-0.5340706386014984,-0.5661790938280413,-0.5611844452372459,0.4716375312165537,0.0
-1.0,-0.9150909739564752,-0.8066357474134855,-0.6696396717802355,-0.5283624687834463,-0.5397788084195505,-0.5383517659650374,-0.5340706386014984,-0.5661790938280413,-0.5611844452372459,-0.6846236175526221,0.4716375312165537,0.0
-0.9150909739564752,-0.8066357474134855,-0.6696396717802355,-0.5283624687834463,-0.5397788084195505,-0.5383517659650374,-0.5340706386014984,-0.5661790938280413,-0.5611844452372459,-0.6846236175526221,-0.5633250089190154,0.3867285051730289,0.0
-0.8066357474134855,-0.6696396717802355,-0.5283624687834463,-0.5397788084195505,-0.5383517659650374,-0.5340706386014984,-0.5661790938280413,-0.5611844452372459,-0.6846236175526221,-0.5633250089190154,-0.4420264002854085,0.364609347128077,0.0
-0.6696396717802355,-0.5283624687834463,-0.5397788084195505,-0.5383517659650374,-0.5340706386014984,-0.5661790938280413,-0.5611844452372459,-0.6846236175526221,-0.5633250089190154,-0.4420264002854085,-0.5212272565108812,0.24259721726721362,0.0
-0.5283624687834463,-0.5397788084195505,-0.5383517659650374,-0.5340706386014984,-0.5661790938280413,-0.5611844452372459,-0.6846236175526221,-0.5633250089190154,-0.4420264002854085,-0.5212272565108812,-0.6246878344630753,0.24259721726721362,0.0
-0.5397788084195505,-0.5383517659650374,-0.5340706386014984,-0.5661790938280413,-0.5611844452372459,-0.6846236175526221,-0.5633250089190154,-0.4420264002854085,-0.5212272565108812,-0.6246878344630753,-0.7559757402782733,0.3139493399928648,2.0
-0.5383517659650374,-0.5340706386014984,-0.5661790938280413,-0.5611844452372459,-0.6846236175526221,-0.5633250089190154,-0.4420264002854085,-0.5212272565108812,-0.6246878344630753,-0.7559757402782733,-0.897966464502319,0.45594006421691047,2.0
-0.5340706386014984,-0.5661790938280413,-0.5611844452372459,-0.6846236175526221,-0.5633250089190154,-0.4420264002854085,-0.5212272565108812,-0.6246878344630753,-0.7559757402782733,-0.897966464502319,-0.8872636460934713,0.45594006421691047,0.0
-0.5661790938280413,-0.5611844452372459,-0.6846236175526221,-0.5633250089190154,-0.4420264002854085,-0.5212272565108812,-0.6246878344630753,-0.7559757402782733,-0.897966464502319,-0.8872636460934713,-0.8794149125936497,0.45594006421691047,0.0
-0.5611844452372459,-0.6846236175526221,-0.5633250089190154,-0.4420264002854085,-0.5212272565108812,-0.6246878344630753,-0.7559757402782733,-0.897966464502319,-0.8872636460934713,-0.8794149125936497,-0.870139136639315,0.45594006421691047,0.0
-0.6846236175526221,-0.5633250089190154,-0.4420264002854085,-0.5212272565108812,-0.6246878344630753,-0.7559757402782733,-0.897966464502319,-0.8872636460934713,-0.8794149125936497,-0.870139136639315,-0.8665715305030325,0.45594006421691047,0.0
-0.5633250089190154,-0.4420264002854085,-0.5212272565108812,-0.6246878344630753,-0.7559757402782733,-0.897966464502319,-0.8872636460934713,-0.8794149125936497,-0.870139136639315,-0.8665715305030325,-0.8665715305030325,0.45594006421691047,1.0
-0.4420264002854085,-0.5212272565108812,-0.6246878344630753,-0.7559757402782733,-0.897966464502319,-0.8872636460934713,-0.8794149125936497,-0.870139136639315,-0.8665715305030325,-0.8665715305030325,-0.8530146271851587,0.45594006421691047,1.0
-0.5212272565108812,-0.6246878344630753,-0.7559757402782733,-0.897966464502319,-0.8872636460934713,-0.8794149125936497,-0.870139136639315,-0.8665715305030325,-0.8665715305030325,-0.8530146271851587,-0.8259008205494114,0.3767392079914378,1.0
-0.6246878344630753,-0.7559757402782733,-0.897966464502319,-0.8872636460934713,-0.8794149125936497,-0.870139136639315,-0.8665715305030325,-0.8665715305030325,-0.8530146271851587,-0.8259008205494114,-0.8344630752764894,0.2732786300392437,1.0
-0.7559757402782733,-0.897966464502319,-0.8872636460934713,-0.8794149125936497,-0.870139136639315,-0.8665715305030325,-0.8665715305030325,-0.8530146271851587,-0.8259008205494114,-0.8344630752764894,-0.7452729218694256,0.15269354263289336,1.0
-0.897966464502319,-0.8872636460934713,-0.8794149125936497,-0.870139136639315,-0.8665715305030325,-0.8665715305030325,-0.8530146271851587,-0.8259008205494114,-0.8344630752764894,-0.7452729218694256,-0.8929718159115234,0.15269354263289336,1.0
-0.8872636460934713,-0.8794149125936497,-0.870139136639315,-0.8665715305030325,-0.8665715305030325,-0.8530146271851587,-0.8259008205494114,-0.8344630752764894,-0.7452729218694256,-0.8929718159115234,-1.0,0.2547270781305744,1.0
-0.8794149125936497,-0.870139136639315,-0.8665715305030325,-0.8665715305030325,-0.8530146271851587,-0.8259008205494114,-0.8344630752764894,-0.7452729218694256,-0.8929718159115234,-1.0,-1.0,0.2547270781305744,1.0
-0.870139136639315,-0.8665715305030325,-0.8665715305030325,-0.8530146271851587,-0.8259008205494114,-0.8344630752764894,-0.7452729218694256,-0.8929718159115234,-1.0,-1.0,-0.9019673224408136,0.2547270781305744,1.0
-0.8665715305030325,-0.8665715305030325,-0.8530146271851587,-0.8259008205494114,-0.8344630752764894,-0.7452729218694256,-0.8929718159115234,-1.0,-1.0,-0.9019673224408136,-0.778592864288096,0.2547270781305744,0.0
-0.8665715305030325,-0.8530146271851587,-0.8259008205494114,-0.8344630752764894,-0.7452729218694256,-0.8929718159115234,-1.0,-1.0,-0.9019673224408136,-0.778592864288096,-0.6108532666904677,0.3891467333095323,0.0
-0.8530146271851587,-0.8259008205494114,-0.8344630752764894,-0.7452729218694256,-0.8929718159115234,-1.0,-1.0,-0.9019673224408136,-0.778592864288096,-0.6108532666904677,-0.44289294665234513,0.5571070533476549,2.0
-0.8259008205494114,-0.8344630752764894,-0.7452729218694256,-0.8929718159115234,-1.0,-1.0,-0.9019673224408136,-0.778592864288096,-0.6108532666904677,-0.44289294665234513,-0.45578231292517,0.5571070533476549,2.0
-0.8344630752764894,-0.7452729218694256,-0.8929718159115234,-1.0,-1.0,-0.9019673224408136,-0.778592864288096,-0.6108532666904677,-0.44289294665234513,-0.45578231292517,-0.4615109201575367,0.5571070533476549,2.0
-0.7452729218694256,-0.8929718159115234,-1.0,-1.0,-0.9019673224408136,-0.778592864288096,-0.6108532666904677,-0.44289294665234513,-0.45578231292517,-0.4615109201575367,-0.4865735767991407,0.5571070533476549,2.0
-0.8929718159115234,-1.0,-1.0,-0.9019673224408136,-0.778592864288096,-0.6108532666904677,-0.44289294665234513,-0.45578231292517,-0.4615109201575367,-0.4865735767991407,-0.48299319727891155,0.5571070533476549,2.0
-1.0,-1.0,-0.9019673224408136,-0.778592864288096,-0.6108532666904677,-0.44289294665234513,-0.45578231292517,-0.4615109201575367,-0.4865735767991407,-0.48299319727891155,-0.5725026852846402,0.5571070533476549,0.0
-1.0,-0.9019673224408136,-0.778592864288096,-0.6108532666904677,-0.44289294665234513,-0.45578231292517,-0.4615109201575367,-0.4865735767991407,-0.48299319727891155,-0.5725026852846402,-0.42427497314715357,0.5757250268528464,0.0
-0.9019673224408136,-0.778592864288096,-0.6108532666904677,-0.44289294665234513,-0.45578231292517,-0.4615109201575367,-0.4865735767991407,-0.48299319727891155,-0.5725026852846402,-0.42427497314715357,-0.29824561403508776,0.6037217084057258,0.0
-0.778592864288096,-0.6108532666904677,-0.44289294665234513,-0.45578231292517,-0.4615109201575367,-0.4865735767991407,-0.48299319727891155,-0.5725026852846402,-0.42427497314715357,-0.29824561403508776,-0.18367346938775508,0.594919394900341,0.0
-0.6108532666904677,-0.44289294665234513,-0.45578231292517,-0.4615109201575367,-0.4865735767991407,-0.48299319727891155,-0.5725026852846402,-0.42427497314715357,-0.29824561403508776,-0.18367346938775508,-0.2796276405298962,0.4271797973027126,0.0
-0.44289294665234513,-0.45578231292517,-0.4615109201575367,-0.4865735767991407,-0.48299319727891155,-0.5725026852846402,-0.42427497314715357,-0.29824561403508776,-0.18367346938775508,-0.2796276405298962,-0.4063730755460079,0.3888292158968851,2.0
-0.45578231292517,-0.4615109201575367,-0.4865735767991407,-0.48299319727891155,-0.5725026852846402,-0.42427497314715357,-0.29824561403508776,-0.18367346938775508,-0.2796276405298962,-0.4063730755460079,-0.5546007876834944,0.3888292158968851,2.0
-0.4615109201575367,-0.4865735767991407,-0.48299319727891155,-0.5725026852846402,-0.42427497314715357,-0.29824561403508776,-0.18367346938775508,-0.2796276405298962,-0.4063730755460079,-0.5546007876834944,-0.7121374865735768,0.5284640171858217,2.0
-0.4865735767991407,-0.48299319727891155,-0.5725026852846402,-0.42427497314715357,-0.29824561403508776,-0.18367346938775508,-0.2796276405298962,-0.4063730755460079,-0.5546007876834944,-0.7121374865735768,-0.6920873612602936,0.5284640171858217,0.0
-0.48299319727891155,-0.5725026852846402,-0.42427497314715357,-0.29824561403508776,-0.18367346938775508,-0.2796276405298962,-0.4063730755460079,-0.5546007876834944,-0.7121374865735768,-0.6920873612602936,-0.6913712853562477,0.5284640171858217,0.0
-0.5725026852846402,-0.42427497314715357,-0.29824561403508776,-0.18367346938775508,-0.2796276405298962,-0.4063730755460079,-0.5546007876834944,-0.7121374865735768,-0.6920873612602936,-0.6913712853562477,-0.6870748299319728,0.5284640171858217,0.0
-0.42427497314715357,-0.29824561403508776,-0.18367346938775508,-0.2796276405298962,-0.4063730755460079,-0.5546007876834944,-0.7121374865735768,-0.6920873612602936,-0.6913712853562477,-0.6870748299319728,-0.6870748299319728,0.5284640171858217,0.0
-0.29824561403508776,-0.18367346938775508,-0.2796276405298962,-0.4063730755460079,-0.5546007876834944,-0.7121374865735768,-0.6920873612602936,-0.6913712853562477,-0.6870748299319728,-0.6870748299319728,-0.7006802721088435,0.5284640171858217,1.0
-0.18367346938775508,-0.2796276405298962,-0.4063730755460079,-0.5546007876834944,-0.7121374865735768,-0.6920873612602936,-0.6913712853562477,-0.6870748299319728,-0.6870748299319728,-0.7006802721088435,-0.6727533118510562,0.5284640171858217,1.0
-0.2796276405298962,-0.4063730755460079,-0.5546007876834944,-0.7121374865735768,-0.6920873612602936,-0.6913712853562477,-0.6870748299319728,-0.6870748299319728,-0.7006802721088435,-0.6727533118510562,-0.6276405298961689,0.4325098460436806,1.0
-0.4063730755460079,-0.5546007876834944,-0.7121374865735768,-0.6920873612602936,-0.6913712853562477,-0.6870748299319728,-0.6870748299319728,-0.7006802721088435,-0.6727533118510562,-0.6276405298961689,-0.6376655925528105,0.3057644110275689,1.0
-0.5546007876834944,-0.7121374865735768,-0.6920873612602936,-0.6913712853562477,-0.6870748299319728,-0.6870748299319728,-0.7006802721088435,-0.6727533118510562,-0.6276405298961689,-0.6376655925528105,-0.4815610454708199,0.23057644110275688,1.0
-0.7121374865735768,-0.6920873612602936,-0.6913712853562477,-0.6870748299319728,-0.6870748299319728,-0.7006802721088435,-0.6727533118510562,-0.6276405298961689,-0.6376655925528105,-0.4815610454708199,-0.3254564983888292,0.3866809881847476,1.0
-0.6920873612602936,-0.6913712853562477,-0.6870748299319728,-0.6870748299319728,-0.7006802721088435,-0.6727533118510562,-0.6276405298961689,-0.6376655925528105,-0.4815610454708199,-0.3254564983888292,-0.17508055853920512,0.5255997135696384,1.0
-0.6913712853562477,-0.6870748299319728,-0.6870748299319728,-0.7006802721088435,-0.6727533118510562,-0.6276405298961689,-0.6376655925528105,-0.4815610454708199,-0.3254564983888292,-0.17508055853920512,-0.18152524167561757,0.5255997135696384,2.0
-0.6870748299319728,-0.6870748299319728,-0.7006802721088435,-0.6727533118510562,-0.6276405298961689,-0.6376655925528105,-0.4815610454708199,-0.3254564983888292,-0.17508055853920512,-0.18152524167561757,-0.18510562119584673,0.5255997135696384,2.0
-0.6870748299319728,-0.7006802721088435,-0.6727533118510562,-0.6276405298961689,-0.6376655925528105,-0.4815610454708199,-0.3254564983888292,-0.17508055853920512,-0.18152524167561757,-0.18510562119584673,-0.17866093805943428,0.5255997135696384,2.0
-0.7006802721088435,-0.6727533118510562,-0.6276405298961689,-0.6376655925528105,-0.4815610454708199,-0.3254564983888292,-0.17508055853920512,-0.18152524167561757,-0.18510562119584673,-0.17866093805943428,-0.10139318885448911,0.5992870832543544,2.0
-0.6727533118510562,-0.6276405298961689,-0.6376655925528105,-0.4815610454708199,-0.3254564983888292,-0.17508055853920512,-0.18152524167561757,-0.18510562119584673,-0.17866093805943428,-0.10139318885448911,-0.0377895164567249,0.6349637953943313,2.0
-0.6276405298961689,-0.6376655925528105,-0.4815610454708199,-0.3254564983888292,-0.17508055853920512,-0.18152524167561757,-0.18510562119584673,-0.17866093805943428,-0.10139318885448911,-0.0377895164567249,-0.004469727752945962,0.6331958647998646,2.0
-0.6376655925528105,-0.4815610454708199,-0.3254564983888292,-0.17508055853920512,-0.18152524167561757,-0.18510562119584673,-0.17866093805943428,-0.10139318885448911,-0.0377895164567249,-0.004469727752945962,-0.019910605444941054,0.6331958647998646,2.0
-0.4815610454708199,-0.3254564983888292,-0.17508055853920512,-0.18152524167561757,-0.18510562119584673,-0.17866093805943428,-0.10139318885448911,-0.0377895164567249,-0.004469727752945962,-0.019910605444941054,-0.04429093864282807,0.47709131771787394,2.0
-0.3254564983888292,-0.17508055853920512,-0.18152524167561757,-0.18510562119584673,-0.17866093805943428,-0.10139318885448911,-0.0377895164567249,-0.004469727752945962,-0.019910605444941054,-0.04429093864282807,-0.001219016659894323,0.32423748172893485,2.0
-0.17508055853920512,-0.18152524167561757,-0.18510562119584673,-0.17866093805943428,-0.10139318885448911,-0.0377895164567249,-0.004469727752945962,-0.019910605444941054,-0.04429093864282807,-0.001219016659894323,-0.16050386021942298,0.1838866045359524,2.0
-0.18152524167561757,-0.18510562119584673,-0.17866093805943428,-0.10139318885448911,-0.0377895164567249,-0.004469727752945962,-0.019910605444941054,-0.04429093864282807,-0.001219016659894323,-0.16050386021942298,-0.31816334823242587,0.31694433157253155,2.0
-0.18510562119584673,-0.17866093805943428,-0.10139318885448911,-0.0377895164567249,-0.004469727752945962,-0.019910605444941054,-0.04429093864282807,-0.001219016659894323,-0.16050386021942298,-0.31816334823242587,-0.4693214140593255,0.46810239739943116,2.0
-0.17866093805943428,-0.10139318885448911,-0.0377895164567249,-0.004469727752945962,-0.019910605444941054,-0.04429093864282807,-0.001219016659894323,-0.16050386021942298,-0.31816334823242587,-0.4693214140593255,-0.44494108086143846,0.46810239739943116,2.0
-0.10139318885448911,-0.0377895164567249,-0.004469727752945962,-0.019910605444941054,-0.04429093864282807,-0.001219016659894323,-0.16050386021942298,-0.31816334823242587,-0.4693214140593255,-0.44494108086143846,-0.423811458756603,0.46810239739943116,0.0
-0.0377895164567249,-0.004469727752945962,-0.019910605444941054,-0.04429093864282807,-0.001219016659894323,-0.16050386021942298,-0.31816334823242587,-0.4693214140593255,-0.44494108086143846,-0.423811458756603,-0.4034945144250305,0.46810239739943116,0.0
-0.004469727752945962,-0.019910605444941054,-0.04429093864282807,-0.001219016659894323,-0.16050386021942298,-0.31816334823242587,-0.4693214140593255,-0.44494108086143846,-0.423811458756603,-0.4034945144250305,-0.38399024786672087,0.46810239739943116,0.0
-0.019910605444941054,-0.04429093864282807,-0.001219016659894323,-0.16050386021942298,-0.31816334823242587,-0.4693214140593255,-0.44494108086143846,-0.423811458756603,-0.4034945144250305,-0.38399024786672087,-0.37423811458756606,0.46810239739943116,1.0
-0.04429093864282807,-0.001219016659894323,-0.16050386021942298,-0.31816334823242587,-0.4693214140593255,-0.44494108086143846,-0.423811458756603,-0.4034945144250305,-0.38399024786672087,-0.37423811458756606,-0.3677366924014628,0.46810239739943116,1.0
-0.001219016659894323,-0.16050386021942298,-0.31816334823242587,-0.4693214140593255,-0.44494108086143846,-0.423811458756603,-0.4034945144250305,-0.38399024786672087,-0.37423811458756606,-0.3677366924014628,-0.35879723689557086,0.46810239739943116,1.0
-0.16050386021942298,-0.31816334823242587,-0.4693214140593255,-0.44494108086143846,-0.423811458756603,-0.4034945144250305,-0.38399024786672087,-0.37423811458756606,-0.3677366924014628,-0.35879723689557086,-0.3734254368143032,0.3088175538399025,1.0
-0.31816334823242587,-0.4693214140593255,-0.44494108086143846,-0.423811458756603,-0.4034945144250305,-0.38399024786672087,-0.37423811458756606,-0.3677366924014628,-0.35879723689557086,-0.3734254368143032,-0.3612352702153596,0.1511580658268996,1.0
-0.4693214140593255,-0.44494108086143846,-0.423811458756603,-0.4034945144250305,-0.38399024786672087,-0.37423811458756606,-0.3677366924014628,-0.35879723689557086,-0.3734254368143032,-0.3612352702153596,-0.3165379926859,0.1527834213734255,1.0
-0.44494108086143846,-0.423811458756603,-0.4034945144250305,-0.38399024786672087,-0.37423811458756606,-0.3677366924014628,-0.35879723689557086,-0.3734254368143032,-0.3612352702153596,-0.3165379926859,-0.3100365704997968,0.13490451036164164,1.0
-0.423811458756603,-0.4034945144250305,-0.38399024786672087,-0.37423811458756606,-0.3677366924014628,-0.35879723689557086,-0.3734254368143032,-0.3612352702153596,-0.3165379926859,-0.3100365704997968,-0.34173100365705,0.11377488825680615,1.0
-0.4034945144250305,-0.38399024786672087,-0.37423811458756606,-0.3677366924014628,-0.35879723689557086,-0.3734254368143032,-0.3612352702153596,-0.3165379926859,-0.3100365704997968,-0.34173100365705,-0.17594473791141807,0.2275497765136124,1.0
-0.38399024786672087,-0.37423811458756606,-0.3677366924014628,-0.35879723689557086,-0.3734254368143032,-0.3612352702153596,-0.3165379926859,-0.3100365704997968,-0.34173100365705,-0.17594473791141807,-0.016659894351889526,0.36733035351483134,1.0
-0.37423811458756606,-0.3677366924014628,-0.35879723689557086,-0.3734254368143032,-0.3612352702153596,-0.3165379926859,-0.3100365704997968,-0.34173100365705,-0.17594473791141807,-0.016659894351889526,-0.0629825274278748,0.35757822023567654,1.0
-0.3677366924014628,-0.35879723689557086,-0.3734254368143032,-0.3612352702153596,-0.3165379926859,-0.3100365704997968,-0.34173100365705,-0.17594473791141807,-0.016659894351889526,-0.0629825274278748,-0.1084924827305973,0.35676554246241365,1.0
-0.35879723689557086,-0.3734254368143032,-0.3612352702153596,-0.3165379926859,-0.3100365704997968,-0.34173100365705,-0.17594473791141807,-0.016659894351889526,-0.0629825274278748,-0.1084924827305973,-0.12555871596911827,0.35676554246241365,2.0
-0.3734254368143032,-0.3612352702153596,-0.3165379926859,-0.3100365704997968,-0.34173100365705,-0.17594473791141807,-0.016659894351889526,-0.0629825274278748,-0.1084924827305973,-0.12555871596911827,-0.14018691588785048,0.35676554246241365,2.0
-0.3612352702153596,-0.3165379926859,-0.3100365704997968,-0.34173100365705,-0.17594473791141807,-0.016659894351889526,-0.0629825274278748,-0.1084924827305973,-0.12555871596911827,-0.14018691588785048,-0.144250304754165,0.3445753758634701,0.0
-0.3165379926859,-0.3100365704997968,-0.34173100365705,-0.17594473791141807,-0.016659894351889526,-0.0629825274278748,-0.1084924827305973,-0.12555871596911827,-0.14018691588785048,-0.144250304754165,-0.1296221048354328,0.3250711093051605,0.0
-0.3100365704997968,-0.34173100365705,-0.17594473791141807,-0.016659894351889526,-0.0629825274278748,-0.1084924827305973,-0.12555871596911827,-0.14018691588785048,-0.144250304754165,-0.1296221048354328,-0.14587566030069077,0.3250711093051605,0.0
-0.34173100365705,-0.17594473791141807,-0.016659894351889526,-0.0629825274278748,-0.1084924827305973,-0.12555871596911827,-0.14018691588785048,-0.144250304754165,-0.1296221048354328,-0.14587566030069077,-0.19219829337667615,0.3250711093051605,0.0
-0.17594473791141807,-0.016659894351889526,-0.0629825274278748,-0.1084924827305973,-0.12555871596911827,-0.14018691588785048,-0.144250304754165,-0.1296221048354328,-0.14587566030069077,-0.19219829337667615,-0.19788703778951644,0.18122714343762691,0.0
-0.016659894351889526,-0.0629825274278748,-0.1084924827305973,-0.12555871596911827,-0.14018691588785048,-0.144250304754165,-0.1296221048354328,-0.14587566030069077,-0.19219829337667615,-0.19788703778951644,-0.16537992685900038,0.18122714343762691,0.0
-0.0629825274278748,-0.1084924827305973,-0.12555871596911827,-0.14018691588785048,-0.144250304754165,-0.1296221048354328,-0.14587566030069077,-0.19219829337667615,-0.19788703778951644,-0.16537992685900038,-0.32466477041852904,0.26168224299065423,0.0
-0.1084924827305973,-0.12555871596911827,-0.14018691588785048,-0.144250304754165,-0.1296221048354328,-0.14587566030069077,-0.19219829337667615,-0.19788703778951644,-0.16537992685900038,-0.32466477041852904,-0.4668833807395367,0.3583908980089394,0.0
-0.12555871596911827,-0.14018691588785048,-0.144250304754165,-0.1296221048354328,-0.14587566030069077,-0.19219829337667615,-0.19788703778951644,-0.16537992685900038,-0.32466477041852904,-0.4668833807395367,-0.41487200325071105,0.34132466477041845,0.0
-0.14018691588785048,-0.144250304754165,-0.1296221048354328,-0.14587566030069077,-0.19219829337667615,-0.19788703778951644,-0.16537992685900038,-0.32466477041852904,-0.4668833807395367,-0.41487200325071105,-0.3685493701747258,0.33726127590410393,0.0
-0.144250304754165,-0.1296221048354328,-0.14587566030069077,-0.19219829337667615,-0.19788703778951644,-0.16537992685900038,-0.32466477041852904,-0.4668833807395367,-0.41487200325071105,-0.3685493701747258,-0.34823242584315317,0.33726127590410393,0.0
-0.1296221048354328,-0.14587566030069077,-0.19219829337667615,-0.19788703778951644,-0.16537992685900038,-0.32466477041852904,-0.4668833807395367,-0.41487200325071105,-0.3685493701747258,-0.34823242584315317,-0.3303535148313693,0.33726127590410393,0.0
-0.14587566030069077,-0.19219829337667615,-0.19788703778951644,-0.16537992685900038,-0.32466477041852904,-0.4668833807395367,-0.41487200325071105,-0.3685493701747258,-0.34823242584315317,-0.3303535148313693,-0.32466477041852904,0.32100772043884596,1.0
-0.19219829337667615,-0.19788703778951644,-0.16537992685900038,-0.32466477041852904,-0.4668833807395367,-0.41487200325071105,-0.3685493701747258,-0.34823242584315317,-0.3303535148313693,-0.32466477041852904,-0.3100365704997968,0.30150345388053634,1.0
-0.19788703778951644,-0.16537992685900038,-0.32466477041852904,-0.4668833807395367,-0.41487200325071105,-0.3685493701747258,-0.34823242584315317,-0.3303535148313693,-0.32466477041852904,-0.3100365704997968,-0.300284437220642,0.30150345388053634,1.0
-0.16537992685900038,-0.32466477041852904,-0.4668833807395367,-0.41487200325071105,-0.3685493701747258,-0.34823242584315317,-0.3303535148313693,-0.32466477041852904,-0.3100365704997968,-0.300284437220642,-0.2905323039414872,0.30150345388053634,1.0
-0.32466477041852904,-0.4668833807395367,-0.41487200325071105,-0.3685493701747258,-0.34823242584315317,-0.3303535148313693,-0.32466477041852904,-0.3100365704997968,-0.300284437220642,-0.2905323039414872,-0.28240552620885817,0.18447785453067855,1.0
-0.4668833807395367,-0.41487200325071105,-0.3685493701747258,-0.34823242584315317,-0.3303535148313693,-0.32466477041852904,-0.3100365704997968,-0.300284437220642,-0.2905323039414872,-0.28240552620885817,-0.2815928484355953,0.18529053230394144,1.0
-0.41487200325071105,-0.3685493701747258,-0.34823242584315317,-0.3303535148313693,-0.32466477041852904,-0.3100365704997968,-0.300284437220642,-0.2905323039414872,-0.28240552620885817,-0.2815928484355953,-0.2954083705810646,0.13327915481511576,1.0
-0.3685493701747258,-0.34823242584315317,-0.3303535148313693,-0.32466477041852904,-0.3100365704997968,-0.300284437220642,-0.2905323039414872,-0.28240552620885817,-0.2815928484355953,-0.2954083705810646,-0.3019097927671678,0.08695652173913049,1.0
-0.34823242584315317,-0.3303535148313693,-0.32466477041852904,-0.3100365704997968,-0.300284437220642,-0.2905323039414872,-0.28240552620885817,-0.2815928484355953,-0.2954083705810646,-0.3019097927671678,-0.2815928484355953,0.06663957740755788,1.0
-0.3303535148313693,-0.32466477041852904,-0.3100365704997968,-0.300284437220642,-0.2905323039414872,-0.28240552620885817,-0.2815928484355953,-0.2954083705810646,-0.3019097927671678,-0.2815928484355953,-0.2962210483543275,0.04876066639577403,1.0
-0.32466477041852904,-0.3100365704997968,-0.300284437220642,-0.2905323039414872,-0.28240552620885817,-0.2815928484355953,-0.2954083705810646,-0.3019097927671678,-0.2815928484355953,-0.2962210483543275,-0.15887850467289721,0.16578626574563182,1.0
-0.3100365704997968,-0.300284437220642,-0.2905323039414872,-0.28240552620885817,-0.2815928484355953,-0.2954083705810646,-0.3019097927671678,-0.2815928484355953,-0.2962210483543275,-0.15887850467289721,-0.03616416091019914,0.2738724095895977,1.0
-0.300284437220642,-0.2905323039414872,-0.28240552620885817,-0.2815928484355953,-0.2954083705810646,-0.3019097927671678,-0.2815928484355953,-0.2962210483543275,-0.15887850467289721,-0.03616416091019914,0.0930516050386021,0.3949613978057699,1.0
-0.2905323039414872,-0.28240552620885817,-0.2815928484355953,-0.2954083705810646,-0.3019097927671678,-0.2815928484355953,-0.2962210483543275,-0.15887850467289721,-0.03616416091019914,0.0930516050386021,0.21414059325477441,0.5160503860219422,1.0
-0.28240552620885817,-0.2815928484355953,-0.2954083705810646,-0.3019097927671678,-0.2815928484355953,-0.2962210483543275,-0.15887850467289721,-0.03616416091019914,0.0930516050386021,0.21414059325477441,0.3571718813490452,0.659081674116213,2.0
-0.2815928484355953,-0.2954083705810646,-0.3019097927671678,-0.2815928484355953,-0.2962210483543275,-0.15887850467289721,-0.03616416091019914,0.0930516050386021,0.21414059325477441,0.3571718813490452,0.5083299471759448,0.8102397399431126,2.0
-0.2954083705810646,-0.3019097927671678,-0.2815928484355953,-0.2962210483543275,-0.15887850467289721,-0.03616416091019914,0.0930516050386021,0.21414059325477441,0.3571718813490452,0.5083299471759448,0.4790735473384804,0.8102397399431126,2.0
-0.3019097927671678,-0.2815928484355953,-0.2962210483543275,-0.15887850467289721,-0.03616416091019914,0.0930516050386021,0.21414059325477441,0.3571718813490452,0.5083299471759448,0.4790735473384804,0.4587566030069077,0.8102397399431126,2.0
-0.2815928484355953,-0.2962210483543275,-0.15887850467289721,-0.03616416091019914,0.0930516050386021,0.21414059325477441,0.3571718813490452,0.5083299471759448,0.4790735473384804,0.4587566030069077,0.4668833807395367,0.8045509955302723,2.0
-0.2962210483543275,-0.15887850467289721,-0.03616416091019914,0.0930516050386021,0.21414059325477441,0.3571718813490452,0.5083299471759448,0.4790735473384804,0.4587566030069077,0.4668833807395367,0.4587566030069077,0.8045509955302723,2.0
-0.15887850467289721,-0.03616416091019914,0.0930516050386021,0.21414059325477441,0.3571718813490452,0.5083299471759448,0.4790735473384804,0.4587566030069077,0.4668833807395367,0.4587566030069077,0.4238114587566031,0.667208451848842,2.0
-0.03616416091019914,0.0930516050386021,0.21414059325477441,0.3571718813490452,0.5083299471759448,0.4790735473384804,0.4587566030069077,0.4668833807395367,0.4587566030069077,0.4238114587566031,0.432750914262495,0.544494108086144,0.0
0.0930516050386021,0.21414059325477441,0.3571718813490452,0.5083299471759448,0.4790735473384804,0.4587566030069077,0.4668833807395367,0.4587566030069077,0.4238114587566031,0.432750914262495,0.28484355952864693,0.4152783421373427,0.0
0.21414059325477441,0.3571718813490452,0.5083299471759448,0.4790735473384804,0.4587566030069077,0.4668833807395367,0.4587566030069077,0.4238114587566031,0.432750914262495,0.28484355952864693,0.15806582689963422,0.3502641202763106,0.0
0.3571718813490452,0.5083299471759448,0.4790735473384804,0.4587566030069077,0.4668833807395367,0.4587566030069077,0.4238114587566031,0.432750914262495,0.28484355952864693,0.15806582689963422,0.0329134498171475,0.4754164973587973,0.0
0.5083299471759448,0.4790735473384804,0.4587566030069077,0.4668833807395367,0.4587566030069077,0.4238114587566031,0.432750914262495,0.28484355952864693,0.15806582689963422,0.0329134498171475,-0.09630231613165385,0.6046322633075987,0.0
0.4790735473384804,0.4587566030069077,0.4668833807395367,0.4587566030069077,0.4238114587566031,0.432750914262495,0.28484355952864693,0.15806582689963422,0.0329134498171475,-0.09630231613165385,-0.24258431531897606,0.7216578626574565,0.0
0.4587566030069077,0.4668833807395367,0.4587566030069077,0.4238114587566031,0.432750914262495,0.28484355952864693,0.15806582689963422,0.0329134498171475,-0.09630231613165385,-0.24258431531897606,-0.4010564811052417,0.8679398618447784,0.0
0.4668833807395367,0.4587566030069077,0.4238114587566031,0.432750914262495,0.28484355952864693,0.15806582689963422,0.0329134498171475,-0.09630231613165385,-0.24258431531897606,-0.4010564811052417,-0.37017472572125154,0.8679398618447784,0.0
0.4587566030069077,0.4238114587566031,0.432750914262495,0.28484355952864693,0.15806582689963422,0.0329134498171475,-0.09630231613165385,-0.24258431531897606,-0.4010564811052417,-0.37017472572125154,-0.27782805429864255,0.8598130841121494,0.0
0.4238114587566031,0.432750914262495,0.28484355952864693,0.15806582689963422,0.0329134498171475,-0.09630231613165385,-0.24258431531897606,-0.4010564811052417,-0.37017472572125154,-0.27782805429864255,-0.18721461187214616,0.8338073953677367,0.0
0.432750914262495,0.28484355952864693,0.15806582689963422,0.0329134498171475,-0.09630231613165385,-0.24258431531897606,-0.4010564811052417,-0.37017472572125154,-0.27782805429864255,-0.18721461187214616,-0.1691516709511568,0.8338073953677367,0.0
0.28484355952864693,0.15806582689963422,0.0329134498171475,-0.09630231613165385,-0.24258431531897606,-0.4010564811052417,-0.37017472572125154,-0.27782805429864255,-0.18721461187214616,-0.1691516709511568,-0.11961206896551724,0.6859000406338887,1.0
0.15806582689963422,0.0329134498171475,-0.09630231613165385,-0.24258431531897606,-0.4010564811052417,-0.37017472572125154,-0.27782805429864255,-0.18721461187214616,-0.1691516709511568,-0.11961206896551724,-0.10344827586206895,0.559122308004876,1.0
0.0329134498171475,-0.09630231613165385,-0.24258431531897606,-0.4010564811052417,-0.37017472572125154,-0.27782805429864255,-0.18721461187214616,-0.1691516709511568,-0.11961206896551724,-0.10344827586206895,-0.09375,0.4339699309223892,1.0
-0.09630231613165385,-0.24258431531897606,-0.4010564811052417,-0.37017472572125154,-0.27782805429864255,-0.18721461187214616,-0.1691516709511568,-0.11961206896551724,-0.10344827586206895,-0.09375,-0.10991379310344829,0.3073064811052417,1.0
-0.24258431531897606,-0.4010564811052417,-0.37017472572125154,-0.27782805429864255,-0.18721461187214616,-0.1691516709511568,-0.11961206896551724,-0.10344827586206895,-0.09375,-0.10991379310344829,-0.10883620689655171,0.3073064811052417,1.0
-0.4010564811052417,-0.37017472572125154,-0.27782805429864255,-0.18721461187214616,-0.1691516709511568,-0.11961206896551724,-0.10344827586206895,-0.09375,-0.10991379310344829,-0.10883620689655171,-0.09159482758620685,0.3094616535190349,1.0
-0.37017472572125154,-0.27782805429864255,-0.18721461187214616,-0.1691516709511568,-0.11961206896551724,-0.10344827586206895,-0.09375,-0.10991379310344829,-0.10883620689655171,-0.09159482758620685,-0.1293103448275862,0.2785798981350447,1.0
-0.27782805429864255,-0.18721461187214616,-0.1691516709511568,-0.11961206896551724,-0.10344827586206895,-0.09375,-0.10991379310344829,-0.10883620689655171,-0.09159482758620685,-0.1293103448275862,0.07112068965517238,0.3489487439538149,1.0
-0.18721461187214616,-0.1691516709511568,-0.11961206896551724,-0.10344827586206895,-0.09375,-0.10991379310344829,-0.10883620689655171,-0.09159482758620685,-0.1293103448275862,0.07112068965517238,0.23706896551724133,0.4242835773893875,1.0
-0.1691516709511568,-0.11961206896551724,-0.10344827586206895,-0.09375,-0.10991379310344829,-0.10883620689655171,-0.09159482758620685,-0.1293103448275862,0.07112068965517238,0.23706896551724133,0.4364224137931034,0.6055740847442602,1.0
-0.11961206896551724,-0.10344827586206895,-0.09375,-0.10991379310344829,-0.10883620689655171,-0.09159482758620685,-0.1293103448275862,0.07112068965517238,0.23706896551724133,0.4364224137931034,0.3782327586206897,0.5657327586206896,1.0
-0.10344827586206895,-0.09375,-0.10991379310344829,-0.10883620689655171,-0.09159482758620685,-0.1293103448275862,0.07112068965517238,0.23706896551724133,0.4364224137931034,0.3782327586206897,0.3243534482758621,0.5657327586206896,2.0
-0.09375,-0.10991379310344829,-0.10883620689655171,-0.09159482758620685,-0.1293103448275862,0.07112068965517238,0.23706896551724133,0.4364224137931034,0.3782327586206897,0.3243534482758621,0.2963362068965518,0.5657327586206896,2.0
-0.10991379310344829,-0.10883620689655171,-0.09159482758620685,-0.1293103448275862,0.07112068965517238,0.23706896551724133,0.4364224137931034,0.3782327586206897,0.3243534482758621,0.2963362068965518,0.25969827586206895,0.5657327586206896,2.0
-0.10883620689655171,-0.09159482758620685,-0.1293103448275862,0.07112068965517238,0.23706896551724133,0.4364224137931034,0.3782327586206897,0.3243534482758621,0.2963362068965518,0.25969827586206895,0.24892241379310343,0.5657327586206896,0.0
-0.09159482758620685,-0.1293103448275862,0.07112068965517238,0.23706896551724133,0.4364224137931034,0.3782327586206897,0.3243534482758621,0.2963362068965518,0.25969827586206895,0.24892241379310343,0.27155172413793105,0.5657327586206896,0.0
-0.1293103448275862,0.07112068965517238,0.23706896551724133,0.4364224137931034,0.3782327586206897,0.3243534482758621,0.2963362068965518,0.25969827586206895,0.24892241379310343,0.27155172413793105,0.27155172413793105,0.5657327586206896,0.0
0.07112068965517238,0.23706896551724133,0.4364224137931034,0.3782327586206897,0.3243534482758621,0.2963362068965518,0.25969827586206895,0.24892241379310343,0.27155172413793105,0.27155172413793105,0.2575431034482758,0.36530172413793105,0.0
0.23706896551724133,0.4364224137931034,0.3782327586206897,0.3243534482758621,0.2963362068965518,0.25969827586206895,0.24892241379310343,0.27155172413793105,0.27155172413793105,0.2575431034482758,0.2931034482758621,0.1993534482758621,0.0
0.4364224137931034,0.3782327586206897,0.3243534482758621,0.2963362068965518,0.25969827586206895,0.24892241379310343,0.27155172413793105,0.27155172413793105,0.2575431034482758,0.2931034482758621,0.1012931034482758,0.3351293103448276,0.0
0.3782327586206897,0.3243534482758621,0.2963362068965518,0.25969827586206895,0.24892241379310343,0.27155172413793105,0.27155172413793105,0.2575431034482758,0.2931034482758621,0.1012931034482758,-0.06681034482758619,0.4450431034482759,0.0
0.3243534482758621,0.2963362068965518,0.25969827586206895,0.24892241379310343,0.27155172413793105,0.27155172413793105,0.2575431034482758,0.2931034482758621,0.1012931034482758,-0.06681034482758619,-0.25969827586206895,0.584051724137931,0.0
0.2963362068965518,0.25969827586206895,0.24892241379310343,0.27155172413793105,0.27155172413793105,0.2575431034482758,0.2931034482758621,0.1012931034482758,-0.06681034482758619,-0.25969827586206895,-0.1842672413793104,0.5560344827586208,0.0
0.25969827586206895,0.24892241379310343,0.27155172413793105,0.27155172413793105,0.2575431034482758,0.2931034482758621,0.1012931034482758,-0.06681034482758619,-0.25969827586206895,-0.1842672413793104,-0.1131465517241379,0.552801724137931,0.0
0.24892241379310343,0.27155172413793105,0.27155172413793105,0.2575431034482758,0.2931034482758621,0.1012931034482758,-0.06681034482758619,-0.25969827586206895,-0.1842672413793104,-0.1131465517241379,-0.06788793103448276,0.552801724137931,0.0
0.27155172413793105,0.27155172413793105,0.2575431034482758,0.2931034482758621,0.1012931034482758,-0.06681034482758619,-0.25969827586206895,-0.1842672413793104,-0.1131465517241379,-0.06788793103448276,-0.032327586206896575,0.552801724137931,0.0
0.27155172413793105,0.2575431034482758,0.2931034482758621,0.1012931034482758,-0.06681034482758619,-0.25969827586206895,-0.1842672413793104,-0.1131465517241379,-0.06788793103448276,-0.032327586206896575,-0.005387931034482762,0.552801724137931,1.0
0.2575431034482758,0.2931034482758621,0.1012931034482758,-0.06681034482758619,-0.25969827586206895,-0.1842672413793104,-0.1131465517241379,-0.06788793103448276,-0.032327586206896575,-0.005387931034482762,0.003232758620689724,0.552801724137931,1.0
0.2931034482758621,0.1012931034482758,-0.06681034482758619,-0.25969827586206895,-0.1842672413793104,-0.1131465517241379,-0.06788793103448276,-0.032327586206896575,-0.005387931034482762,0.003232758620689724,0.003232758620689724,0.552801724137931,1.0
0.1012931034482758,-0.06681034482758619,-0.25969827586206895,-0.1842672413793104,-0.1131465517241379,-0.06788793103448276,-0.032327586206896575,-0.005387931034482762,0.003232758620689724,0.003232758620689724,0.0118534482758621,0.36099137931034475,1.0
-0.06681034482758619,-0.25969827586206895,-0.1842672413793104,-0.1131465517241379,-0.06788793103448276,-0.032327586206896575,-0.005387931034482762,0.003232758620689724,0.003232758620689724,0.0118534482758621,-0.005387931034482762,0.27155172413793105,1.0
-0.25969827586206895,-0.1842672413793104,-0.1131465517241379,-0.06788793103448276,-0.032327586206896575,-0.005387931034482762,0.003232758620689724,0.003232758620689724,0.0118534482758621,-0.005387931034482762,0.0118534482758621,0.27155172413793105,1.0
-0.1842672413793104,-0.1131465517241379,-0.06788793103448276,-0.032327586206896575,-0.005387931034482762,0.003232758620689724,0.003232758620689724,0.0118534482758621,-0.005387931034482762,0.0118534482758621,0.012931034482758674,0.19719827586206906,1.0
-0.1131465517241379,-0.06788793103448276,-0.032327586206896575,-0.005387931034482762,0.003232758620689724,0.003232758620689724,0.0118534482758621,-0.005387931034482762,0.0118534482758621,0.012931034482758674,-0.028017241379310387,0.12607758620689657,1.0
-0.06788793103448276,-0.032327586206896575,-0.005387931034482762,0.003232758620689724,0.003232758620689724,0.0118534482758621,-0.005387931034482762,0.0118534482758621,0.012931034482758674,-0.028017241379310387,0.14116379310344818,0.20905172413793094,1.0
-0.032327586206896575,-0.005387931034482762,0.003232758620689724,0.003232758620689724,0.0118534482758621,-0.005387931034482762,0.0118534482758621,0.012931034482758674,-0.028017241379310387,0.14116379310344818,0.2683189655172413,0.3006465517241379,1.0
-0.005387931034482762,0.003232758620689724,0.003232758620689724,0.0118534482758621,-0.005387931034482762,0.0118534482758621,0.012931034482758674,-0.028017241379310387,0.14116379310344818,0.2683189655172413,0.38900862068965525,0.41702586206896564,1.0
0.003232758620689724,0.003232758620689724,0.0118534482758621,-0.005387931034482762,0.0118534482758621,0.012931034482758674,-0.028017241379310387,0.14116379310344818,0.2683189655172413,0.38900862068965525,0.5538793103448276,0.581896551724138,1.0
0.003232758620689724,0.0118534482758621,-0.005387931034482762,0.0118534482758621,0.012931034482758674,-0.028017241379310387,0.14116379310344818,0.2683189655172413,0.38900862068965525,0.5538793103448276,0.7176724137931034,0.7456896551724138,1.0
0.0118534482758621,-0.005387931034482762,0.0118534482758621,0.012931034482758674,-0.028017241379310387,0.14116379310344818,0.2683189655172413,0.38900862068965525,0.5538793103448276,0.7176724137931034,0.9202586206896552,0.9482758620689656,2.0
-0.005387931034482762,0.0118534482758621,0.012931034482758674,-0.028017241379310387,0.14116379310344818,0.2683189655172413,0.38900862068965525,0.5538793103448276,0.7176724137931034,0.9202586206896552,0.8588362068965518,0.9482758620689656,2.0
0.0118534482758621,0.012931034482758674,-0.028017241379310387,0.14116379310344818,0.2683189655172413,0.38900862068965525,0.5538793103448276,0.7176724137931034,0.9202586206896552,0.8588362068965518,0.8135775862068966,0.9482758620689656,2.0
0.012931034482758674,-0.028017241379310387,0.14116379310344818,0.2683189655172413,0.38900862068965525,0.5538793103448276,0.7176724137931034,0.9202586206896552,0.8588362068965518,0.8135775862068966,0.8038793103448276,0.9482758620689656,2.0
-0.028017241379310387,0.14116379310344818,0.2683189655172413,0.38900862068965525,0.5538793103448276,0.7176724137931034,0.9202586206896552,0.8588362068965518,0.8135775862068966,0.8038793103448276,0.7586206896551724,0.9482758620689656,2.0
0.14116379310344818,0.2683189655172413,0.38900862068965525,0.5538793103448276,0.7176724137931034,0.9202586206896552,0.8588362068965518,0.8135775862068966,0.8038793103448276,0.7586206896551724,0.7575431034482758,0.7790948275862071,0.0
0.2683189655172413,0.38900862068965525,0.5538793103448276,0.7176724137931034,0.9202586206896552,0.8588362068965518,0.8135775862068966,0.8038793103448276,0.7586206896551724,0.7575431034482758,0.7877155172413792,0.6519396551724139,0.0
0.38900862068965525,0.5538793103448276,0.7176724137931034,0.9202586206896552,0.8588362068965518,0.8135775862068966,0.8038793103448276,0.7586206896551724,0.7575431034482758,0.7877155172413792,0.6088362068965518,0.53125,0.0
0.5538793103448276,0.7176724137931034,0.9202586206896552,0.8588362068965518,0.8135775862068966,0.8038793103448276,0.7586206896551724,0.7575431034482758,0.7877155172413792,0.6088362068965518,0.4655172413793103,0.454741379310345,0.0
0.7176724137931034,0.9202586206896552,0.8588362068965518,0.8135775862068966,0.8038793103448276,0.7586206896551724,0.7575431034482758,0.7877155172413792,0.6088362068965518,0.4655172413793103,0.27677004095962543,0.6434885797300298,0.0
0.9202586206896552,0.8588362068965518,0.8135775862068966,0.8038793103448276,0.7586206896551724,0.7575431034482758,0.7877155172413792,0.6088362068965518,0.4655172413793103,0.27677004095962543,-0.02099737532808399,0.9412559960177392,0.0
0.8588362068965518,0.8135775862068966,0.8038793103448276,0.7586206896551724,0.7575431034482758,0.7877155172413792,0.6088362068965518,0.4655172413793103,0.27677004095962543,-0.02099737532808399,-0.3012379642365888,1.1600741711331406,0.0
0.8135775862068966,0.8038793103448276,0.7586206896551724,0.7575431034482758,0.7877155172413792,0.6088362068965518,0.4655172413793103,0.27677004095962543,-0.02099737532808399,-0.3012379642365888,-0.5612104539202201,1.3747880401271166,0.0
0.8038793103448276,0.7586206896551724,0.7575431034482758,0.7877155172413792,0.6088362068965518,0.4655172413793103,0.27677004095962543,-0.02099737532808399,-0.3012379642365888,-0.5612104539202201,-0.48830811554332876,1.3650897642650477,0.0
0.7586206896551724,0.7575431034482758,0.7877155172413792,0.6088362068965518,0.4655172413793103,0.27677004095962543,-0.02099737532808399,-0.3012379642365888,-0.5612104539202201,-0.48830811554332876,-0.4250343878954608,1.3489259711615993,0.0
0.7575431034482758,0.7877155172413792,0.6088362068965518,0.4655172413793103,0.27677004095962543,-0.02099737532808399,-0.3012379642365888,-0.5612104539202201,-0.48830811554332876,-0.4250343878954608,-0.3727647867950481,1.3489259711615993,0.0
0.7877155172413792,0.6088362068965518,0.4655172413793103,0.27677004095962543,-0.02099737532808399,-0.3012379642365888,-0.5612104539202201,-0.48830811554332876,-0.4250343878954608,-0.3727647867950481,-0.33562585969738656,1.3489259711615993,0.0
0.6088362068965518,0.4655172413793103,0.27677004095962543,-0.02099737532808399,-0.3012379642365888,-0.5612104539202201,-0.48830811554332876,-0.4250343878954608,-0.3727647867950481,-0.33562585969738656,-0.327372764786795,1.1700466608167719,1.0
0.4655172413793103,0.27677004095962543,-0.02099737532808399,-0.3012379642365888,-0.5612104539202201,-0.48830811554332876,-0.4250343878954608,-0.3727647867950481,-0.33562585969738656,-0.327372764786795,-0.32462173314993126,1.0267276952995303,1.0
0.27677004095962543,-0.02099737532808399,-0.3012379642365888,-0.5612104539202201,-0.48830811554332876,-0.4250343878954608,-0.3727647867950481,-0.33562585969738656,-0.327372764786795,-0.32462173314993126,-0.35350756533700134,0.8379804948798455,1.0
-0.02099737532808399,-0.3012379642365888,-0.5612104539202201,-0.48830811554332876,-0.4250343878954608,-0.3727647867950481,-0.33562585969738656,-0.327372764786795,-0.32462173314993126,-0.35350756533700134,-0.31224209078404397,0.5402130785921361,1.0
-0.3012379642365888,-0.5612104539202201,-0.48830811554332876,-0.4250343878954608,-0.3727647867950481,-0.33562585969738656,-0.327372764786795,-0.32462173314993126,-0.35350756533700134,-0.31224209078404397,-0.2929848693259972,0.26822558459422285,1.0
-0.5612104539202201,-0.48830811554332876,-0.4250343878954608,-0.3727647867950481,-0.33562585969738656,-0.327372764786795,-0.32462173314993126,-0.35350756533700134,-0.31224209078404397,-0.2929848693259972,-0.31361760660247595,0.26822558459422285,1.0
-0.48830811554332876,-0.4250343878954608,-0.3727647867950481,-0.33562585969738656,-0.327372764786795,-0.32462173314993126,-0.35350756533700134,-0.31224209078404397,-0.2929848693259972,-0.31361760660247595,-0.09491059147180192,0.39339752407152684,1.0
-0.4250343878954608,-0.3727647867950481,-0.33562585969738656,-0.327372764786795,-0.32462173314993126,-0.35350756533700134,-0.31224209078404397,-0.2929848693259972,-0.31361760660247595,-0.09491059147180192,0.07015130674002745,0.4951856946354882,1.0
-0.3727647867950481,-0.33562585969738656,-0.327372764786795,-0.32462173314993126,-0.35350756533700134,-0.31224209078404397,-0.2929848693259972,-0.31361760660247595,-0.09491059147180192,0.07015130674002745,0.25173852573018074,0.6245033125252288,1.0
-0.33562585969738656,-0.327372764786795,-0.32462173314993126,-0.35350756533700134,-0.31224209078404397,-0.2929848693259972,-0.31361760660247595,-0.09491059147180192,0.07015130674002745,0.25173852573018074,0.4367176634214187,0.79022522875842,1.0
-0.327372764786795,-0.32462173314993126,-0.35350756533700134,-0.31224209078404397,-0.2929848693259972,-0.31361760660247595,-0.09491059147180192,0.07015130674002745,0.25173852573018074,0.4367176634214187,0.666203059805285,1.0197106251422863,2.0
-0.32462173314993126,-0.35350756533700134,-0.31224209078404397,-0.2929848693259972,-0.31361760660247595,-0.09491059147180192,0.07015130674002745,0.25173852573018074,0.4367176634214187,0.666203059805285,0.9276773296244785,1.2811848949614797,2.0
-0.35350756533700134,-0.31224209078404397,-0.2929848693259972,-0.31361760660247595,-0.09491059147180192,0.07015130674002745,0.25173852573018074,0.4367176634214187,0.666203059805285,0.9276773296244785,0.8553546592489569,1.2811848949614797,2.0
-0.31224209078404397,-0.2929848693259972,-0.31361760660247595,-0.09491059147180192,0.07015130674002745,0.25173852573018074,0.4367176634214187,0.666203059805285,0.9276773296244785,0.8553546592489569,0.8141529664045748,1.2412949362269545,2.0
-0.2929848693259972,-0.31361760660247595,-0.09491059147180192,0.07015130674002745,0.25173852573018074,0.4367176634214187,0.666203059805285,0.9276773296244785,0.8553546592489569,0.8141529664045748,0.788148148148148,1.2412949362269545,2.0
-0.31361760660247595,-0.09491059147180192,0.07015130674002745,0.25173852573018074,0.4367176634214187,0.666203059805285,0.9276773296244785,0.8553546592489569,0.8141529664045748,0.788148148148148,0.7155555555555555,1.2412949362269545,2.0
-0.09491059147180192,0.07015130674002745,0.25173852573018074,0.4367176634214187,0.666203059805285,0.9276773296244785,0.8553546592489569,0.8141529664045748,0.788148148148148,0.7155555555555555,0.6192851205320034,1.0225879210962803,0.0
0.07015130674002745,0.25173852573018074,0.4367176634214187,0.666203059805285,0.9276773296244785,0.8553546592489569,0.8141529664045748,0.788148148148148,0.7155555555555555,0.6192851205320034,0.6142975893599334,0.857526022884451,0.0
0.25173852573018074,0.4367176634214187,0.666203059805285,0.9276773296244785,0.8553546592489569,0.8141529664045748,0.788148148148148,0.7155555555555555,0.6192851205320034,0.6142975893599334,0.35328345802161265,0.6759388038942977,0.0
0.4367176634214187,0.666203059805285,0.9276773296244785,0.8553546592489569,0.8141529664045748,0.788148148148148,0.7155555555555555,0.6192851205320034,0.6142975893599334,0.35328345802161265,0.1388196176226102,0.7888577120018683,0.0
0.666203059805285,0.9276773296244785,0.8553546592489569,0.8141529664045748,0.788148148148148,0.7155555555555555,0.6192851205320034,0.6142975893599334,0.35328345802161265,0.1388196176226102,-0.09393183707398167,1.0216091666984601,0.0
0.9276773296244785,0.8553546592489569,0.8141529664045748,0.788148148148148,0.7155555555555555,0.6192851205320034,0.6142975893599334,0.35328345802161265,0.1388196176226102,-0.09393183707398167,-0.3499584372402328,1.2776357668647114,0.0
0.8553546592489569,0.8141529664045748,0.788148148148148,0.7155555555555555,0.6192851205320034,0.6142975893599334,0.35328345802161265,0.1388196176226102,-0.09393183707398167,-0.3499584372402328,-0.6425602660016625,1.4979149252506194,0.0
0.8141529664045748,0.788148148148148,0.7155555555555555,0.6192851205320034,0.6142975893599334,0.35328345802161265,0.1388196176226102,-0.09393183707398167,-0.3499584372402328,-0.6425602660016625,-0.971737323358271,1.785890289762846,0.0
0.788148148148148,0.7155555555555555,0.6192851205320034,0.6142975893599334,0.35328345802161265,0.1388196176226102,-0.09393183707398167,-0.3499584372402328,-0.6425602660016625,-0.971737323358271,-0.9052369077306733,1.759885471506419,0.0
0.7155555555555555,0.6192851205320034,0.6142975893599334,0.35328345802161265,0.1388196176226102,-0.09393183707398167,-0.3499584372402328,-0.6425602660016625,-0.971737323358271,-0.9052369077306733,-0.8453865336658354,1.6872928789138264,0.0
0.6192851205320034,0.6142975893599334,0.35328345802161265,0.1388196176226102,-0.09393183707398167,-0.3499584372402328,-0.6425602660016625,-0.971737323358271,-0.9052369077306733,-0.8453865336658354,-0.7921862011637573,1.5910224438902745,0.0
0.6142975893599334,0.35328345802161265,0.1388196176226102,-0.09393183707398167,-0.3499584372402328,-0.6425602660016625,-0.971737323358271,-0.9052369077306733,-0.8453865336658354,-0.7921862011637573,-0.7472984206151289,1.5860349127182043,0.0
0.35328345802161265,0.1388196176226102,-0.09393183707398167,-0.3499584372402328,-0.6425602660016625,-0.971737323358271,-0.9052369077306733,-0.8453865336658354,-0.7921862011637573,-0.7472984206151289,-0.7273482959268496,1.3250207813798838,1.0
0.1388196176226102,-0.09393183707398167,-0.3499584372402328,-0.6425602660016625,-0.971737323358271,-0.9052369077306733,-0.8453865336658354,-0.7921862011637573,-0.7472984206151289,-0.7273482959268496,-0.7190357439733999,1.110556940980881,1.0
-0.09393183707398167,-0.3499584372402328,-0.6425602660016625,-0.971737323358271,-0.9052369077306733,-0.8453865336658354,-0.7921862011637573,-0.7472984206151289,-0.7273482959268496,-0.7190357439733999,-0.6475477971737323,0.8778054862842893,1.0
-0.3499584372402328,-0.6425602660016625,-0.971737323358271,-0.9052369077306733,-0.8453865336658354,-0.7921862011637573,-0.7472984206151289,-0.7273482959268496,-0.7190357439733999,-0.6475477971737323,-0.655,0.6217788861180382,1.0
-0.6425602660016625,-0.971737323358271,-0.9052369077306733,-0.8453865336658354,-0.7921862011637573,-0.7472984206151289,-0.7273482959268496,-0.7190357439733999,-0.6475477971737323,-0.655,-0.3416666666666667,0.6300706566916043,1.0
-0.971737323358271,-0.9052369077306733,-0.8453865336658354,-0.7921862011637573,-0.7472984206151289,-0.7273482959268496,-0.7190357439733999,-0.6475477971737323,-0.655,-0.3416666666666667,-0.03500000000000003,0.936737323358271,1.0
-0.9052369077306733,-0.8453865336658354,-0.7921862011637573,-0.7472984206151289,-0.7273482959268496,-0.7190357439733999,-0.6475477971737323,-0.655,-0.3416666666666667,-0.03500000000000003,0.2433333333333334,1.1485702410640068,1.0
-0.8453865336658354,-0.7921862011637573,-0.7472984206151289,-0.7273482959268496,-0.7190357439733999,-0.6475477971737323,-0.655,-0.3416666666666667,-0.03500000000000003,0.2433333333333334,0.16333333333333333,1.0887198669991687,1.0
-0.7921862011637573,-0.7472984206151289,-0.7273482959268496,-0.7190357439733999,-0.6475477971737323,-0.655,-0.3416666666666667,-0.03500000000000003,0.2433333333333334,0.16333333333333333,0.09000000000000008,1.0355195344970907,1.0
-0.7472984206151289,-0.7273482959268496,-0.7190357439733999,-0.6475477971737323,-0.655,-0.3416666666666667,-0.03500000000000003,0.2433333333333334,0.16333333333333333,0.09000000000000008,0.020000000000000018,0.9906317539484623,2.0
-0.7273482959268496,-0.7190357439733999,-0.6475477971737323,-0.655,-0.3416666666666667,-0.03500000000000003,0.2433333333333334,0.16333333333333333,0.09000000000000008,0.020000000000000018,-0.025000000000000022,0.970681629260183,2.0
-0.7190357439733999,-0.6475477971737323,-0.655,-0.3416666666666667,-0.03500000000000003,0.2433333333333334,0.16333333333333333,0.09000000000000008,0.020000000000000018,-0.025000000000000022,-0.07833333333333337,0.9623690773067333,0.0
-0.6475477971737323,-0.655,-0.3416666666666667,-0.03500000000000003,0.2433333333333334,0.16333333333333333,0.09000000000000008,0.020000000000000018,-0.025000000000000022,-0.07833333333333337,-0.06999999999999995,0.8983333333333334,0.0
-0.655,-0.3416666666666667,-0.03500000000000003,0.2433333333333334,0.16333333333333333,0.09000000000000008,0.020000000000000018,-0.025000000000000022,-0.07833333333333337,-0.06999999999999995,-0.05666666666666664,0.8983333333333334,0.0
-0.3416666666666667,-0.03500000000000003,0.2433333333333334,0.16333333333333333,0.09000000000000008,0.020000000000000018,-0.025000000000000022,-0.07833333333333337,-0.06999999999999995,-0.05666666666666664,-0.11499999999999999,0.5850000000000001,0.0
-0.03500000000000003,0.2433333333333334,0.16333333333333333,0.09000000000000008,0.020000000000000018,-0.025000000000000022,-0.07833333333333337,-0.06999999999999995,-0.05666666666666664,-0.11499999999999999,-0.09166666666666667,0.3583333333333334,0.0
0.2433333333333334,0.16333333333333333,0.09000000000000008,0.020000000000000018,-0.025000000000000022,-0.07833333333333337,-0.06999999999999995,-0.05666666666666664,-0.11499999999999999,-0.09166666666666667,-0.395,0.6383333333333334,0.0
0.16333333333333333,0.09000000000000008,0.020000000000000018,-0.025000000000000022,-0.07833333333333337,-0.06999999999999995,-0.05666666666666664,-0.11499999999999999,-0.09166666666666667,-0.395,-0.6816666666666666,0.845,0.0
0.09000000000000008,0.020000000000000018,-0.025000000000000022,-0.07833333333333337,-0.06999999999999995,-0.05666666666666664,-0.11499999999999999,-0.09166666666666667,-0.395,-0.6816666666666666,-0.9566666666666667,1.0466666666666669,0.0
0.020000000000000018,-0.025000000000000022,-0.07833333333333337,-0.06999999999999995,-0.05666666666666664,-0.11499999999999999,-0.09166666666666667,-0.395,-0.6816666666666666,-0.9566666666666667,-0.8566666666666667,0.9766666666666667,0.0
-0.025000000000000022,-0.07833333333333337,-0.06999999999999995,-0.05666666666666664,-0.11499999999999999,-0.09166666666666667,-0.395,-0.6816666666666666,-0.9566666666666667,-0.8566666666666667,-0.76,0.9316666666666666,0.0
-0.07833333333333337,-0.06999999999999995,-0.05666666666666664,-0.11499999999999999,-0.09166666666666667,-0.395,-0.6816666666666666,-0.9566666666666667,-0.8566666666666667,-0.76,-0.6633333333333333,0.9,0.0
-0.06999999999999995,-0.05666666666666664,-0.11499999999999999,-0.09166666666666667,-0.395,-0.6816666666666666,-0.9566666666666667,-0.8566666666666667,-0.76,-0.6633333333333333,-0.5916666666666667,0.9,0.0
-0.05666666666666664,-0.11499999999999999,-0.09166666666666667,-0.395,-0.6816666666666666,-0.9566666666666667,-0.8566666666666667,-0.76,-0.6633333333333333,-0.5916666666666667,-0.5366666666666666,0.9,1.0
-0.11499999999999999,-0.09166666666666667,-0.395,-0.6816666666666666,-0.9566666666666667,-0.8566666666666667,-0.76,-0.6633333333333333,-0.5916666666666667,-0.5366666666666666,-0.5083333333333333,0.865,1.0
-0.09166666666666667,-0.395,-0.6816666666666666,-0.9566666666666667,-0.8566666666666667,-0.76,-0.6633333333333333,-0.5916666666666667,-0.5366666666666666,-0.5083333333333333,-0.4866666666666667,0.865,1.0
-0.395,-0.6816666666666666,-0.9566666666666667,-0.8566666666666667,-0.76,-0.6633333333333333,-0.5916666666666667,-0.5366666666666666,-0.5083333333333333,-0.4866666666666667,-0.4833333333333333,0.5616666666666666,1.0
-0.6816666666666666,-0.9566666666666667,-0.8566666666666667,-0.76,-0.6633333333333333,-0.5916666666666667,-0.5366666666666666,-0.5083333333333333,-0.4866666666666667,-0.4833333333333333,-0.4716666666666667,0.485,1.0
-0.9566666666666667,-0.8566666666666667,-0.76,-0.6633333333333333,-0.5916666666666667,-0.5366666666666666,-0.5083333333333333,-0.4866666666666667,-0.4833333333333333,-0.4716666666666667,-0.4733333333333334,0.485,1.0
-0.8566666666666667,-0.76,-0.6633333333333333,-0.5916666666666667,-0.5366666666666666,-0.5083333333333333,-0.4866666666666667,-0.4833333333333333,-0.4716666666666667,-0.4733333333333334,-0.5126475548060708,0.385,1.0
-0.76,-0.6633333333333333,-0.5916666666666667,-0.5366666666666666,-0.5083333333333333,-0.4866666666666667,-0.4833333333333333,-0.4716666666666667,-0.4733333333333334,-0.5126475548060708,-0.49578414839797635,0.28833333333333333,1.0
-0.6633333333333333,-0.5916666666666667,-0.5366666666666666,-0.5083333333333333,-0.4866666666666667,-0.4833333333333333,-0.4716666666666667,-0.4733333333333334,-0.5126475548060708,-0.49578414839797635,-0.5075885328836425,0.19166666666666665,1.0
-0.5916666666666667,-0.5366666666666666,-0.5083333333333333,-0.4866666666666667,-0.4833333333333333,-0.4716666666666667,-0.4733333333333334,-0.5126475548060708,-0.49578414839797635,-0.5075885328836425,-0.19898819561551429,0.3926784710511524,1.0
-0.5366666666666666,-0.5083333333333333,-0.4866666666666667,-0.4833333333333333,-0.4716666666666667,-0.4733333333333334,-0.5126475548060708,-0.49578414839797635,-0.5075885328836425,-0.19898819561551429,0.062394603709949426,0.599061270376616,1.0
-0.5083333333333333,-0.4866666666666667,-0.4833333333333333,-0.4716666666666667,-0.4733333333333334,-0.5126475548060708,-0.49578414839797635,-0.5075885328836425,-0.19898819561551429,0.062394603709949426,-0.053962900505902245,0.5750421585160203,1.0
-0.4866666666666667,-0.4833333333333333,-0.4716666666666667,-0.4733333333333334,-0.5126475548060708,-0.49578414839797635,-0.5075885328836425,-0.19898819561551429,0.062394603709949426,-0.053962900505902245,0.25801011804384477,0.7706576728499156,1.0
-0.4833333333333333,-0.4716666666666667,-0.4733333333333334,-0.5126475548060708,-0.49578414839797635,-0.5075885328836425,-0.19898819561551429,0.062394603709949426,-0.053962900505902245,0.25801011804384477,0.1804384485666104,0.7706576728499156,2.0
-0.4716666666666667,-0.4733333333333334,-0.5126475548060708,-0.49578414839797635,-0.5075885328836425,-0.19898819561551429,0.062394603709949426,-0.053962900505902245,0.25801011804384477,0.1804384485666104,0.12310286677908944,0.7706576728499156,2.0
-0.4733333333333334,-0.5126475548060708,-0.49578414839797635,-0.5075885328836425,-0.19898819561551429,0.062394603709949426,-0.053962900505902245,0.25801011804384477,0.1804384485666104,0.12310286677908944,0.07082630691399672,0.7706576728499156,2.0
-0.5126475548060708,-0.49578414839797635,-0.5075885328836425,-0.19898819561551429,0.062394603709949426,-0.053962900505902245,0.25801011804384477,0.1804384485666104,0.12310286677908944,0.07082630691399672,0.026981450252951067,0.7706576728499156,2.0
-0.49578414839797635,-0.5075885328836425,-0.19898819561551429,0.062394603709949426,-0.053962900505902245,0.25801011804384477,0.1804384485666104,0.12310286677908944,0.07082630691399672,0.026981450252951067,0.0,0.7655986509274872,2.0
-0.5075885328836425,-0.19898819561551429,0.062394603709949426,-0.053962900505902245,0.25801011804384477,0.1804384485666104,0.12310286677908944,0.07082630691399672,0.026981450252951067,0.0,0.008431703204047292,0.7655986509274872,0.0
-0.19898819561551429,0.062394603709949426,-0.053962900505902245,0.25801011804384477,0.1804384485666104,0.12310286677908944,0.07082630691399672,0.026981450252951067,0.0,0.008431703204047292,-0.016863406408094472,0.45699831365935906,0.0
0.062394603709949426,-0.053962900505902245,0.25801011804384477,0.1804384485666104,0.12310286677908944,0.07082630691399672,0.026981450252951067,0.0,0.008431703204047292,-0.016863406408094472,-0.001686340640809414,0.311973018549747,0.0
-0.053962900505902245,0.25801011804384477,0.1804384485666104,0.12310286677908944,0.07082630691399672,0.026981450252951067,0.0,0.008431703204047292,-0.016863406408094472,-0.001686340640809414,-0.3102866779089376,0.5682967959527824,0.0
0.25801011804384477,0.1804384485666104,0.12310286677908944,0.07082630691399672,0.026981450252951067,0.0,0.008431703204047292,-0.016863406408094472,-0.001686340640809414,-0.3102866779089376,-0.6003372681281619,0.8583473861720067,0.0
0.1804384485666104,0.12310286677908944,0.07082630691399672,0.026981450252951067,0.0,0.008431703204047292,-0.016863406408094472,-0.001686340640809414,-0.3102866779089376,-0.6003372681281619,-0.49578414839797635,0.7807757166947723,0.0
0.12310286677908944,0.07082630691399672,0.026981450252951067,0.0,0.008431703204047292,-0.016863406408094472,-0.001686340640809414,-0.3102866779089376,-0.6003372681281619,-0.49578414839797635,-0.8195615514333896,0.942664418212479,0.0
0.07082630691399672,0.026981450252951067,0.0,0.008431703204047292,-0.016863406408094472,-0.001686340640809414,-0.3102866779089376,-0.6003372681281619,-0.49578414839797635,-0.8195615514333896,-0.7571669477234402,0.8903878583473863,0.0
0.026981450252951067,0.0,0.008431703204047292,-0.016863406408094472,-0.001686340640809414,-0.3102866779089376,-0.6003372681281619,-0.49578414839797635,-0.8195615514333896,-0.7571669477234402,-0.6904347826086956,0.8465430016863407,0.0
0.0,0.008431703204047292,-0.016863406408094472,-0.001686340640809414,-0.3102866779089376,-0.6003372681281619,-0.49578414839797635,-0.8195615514333896,-0.7571669477234402,-0.6904347826086956,-0.6140969162995595,0.8279932546374369,0.0
0.008431703204047292,-0.016863406408094472,-0.001686340640809414,-0.3102866779089376,-0.6003372681281619,-0.49578414839797635,-0.8195615514333896,-0.7571669477234402,-0.6904347826086956,-0.6140969162995595,-0.5665198237885463,0.8279932546374369,0.0
-0.016863406408094472,-0.001686340640809414,-0.3102866779089376,-0.6003372681281619,-0.49578414839797635,-0.8195615514333896,-0.7571669477234402,-0.6904347826086956,-0.6140969162995595,-0.5665198237885463,-0.5291005291005291,0.8178752107925802,1.0
-0.001686340640809414,-0.3102866779089376,-0.6003372681281619,-0.49578414839797635,-0.8195615514333896,-0.7571669477234402,-0.6904347826086956,-0.6140969162995595,-0.5665198237885463,-0.5291005291005291,-0.5149911816578483,0.8178752107925802,1.0
-0.3102866779089376,-0.6003372681281619,-0.49578414839797635,-0.8195615514333896,-0.7571669477234402,-0.6904347826086956,-0.6140969162995595,-0.5665198237885463,-0.5291005291005291,-0.5149911816578483,-0.5291005291005291,0.509274873524452,1.0
-0.6003372681281619,-0.49578414839797635,-0.8195615514333896,-0.7571669477234402,-0.6904347826086956,-0.6140969162995595,-0.5665198237885463,-0.5291005291005291,-0.5149911816578483,-0.5291005291005291,-0.5185185185185186,0.32377740303541325,1.0
-0.49578414839797635,-0.8195615514333896,-0.7571669477234402,-0.6904347826086956,-0.6140969162995595,-0.5665198237885463,-0.5291005291005291,-0.5149911816578483,-0.5291005291005291,-0.5185185185185186,-0.5079365079365079,0.32377740303541325,1.0
-0.8195615514333896,-0.7571669477234402,-0.6904347826086956,-0.6140969162995595,-0.5665198237885463,-0.5291005291005291,-0.5149911816578483,-0.5291005291005291,-0.5185185185185186,-0.5079365079365079,-0.5573192239858906,0.3116250434968817,1.0
-0.7571669477234402,-0.6904347826086956,-0.6140969162995595,-0.5665198237885463,-0.5291005291005291,-0.5149911816578483,-0.5291005291005291,-0.5185185185185186,-0.5079365079365079,-0.5573192239858906,-0.25044091710758376,0.5067260306158564,1.0
-0.6904347826086956,-0.6140969162995595,-0.5665198237885463,-0.5291005291005291,-0.5149911816578483,-0.5291005291005291,-0.5185185185185186,-0.5079365079365079,-0.5573192239858906,-0.25044091710758376,0.005291005291005346,0.695725787899701,1.0
-0.6140969162995595,-0.5665198237885463,-0.5291005291005291,-0.5149911816578483,-0.5291005291005291,-0.5185185185185186,-0.5079365079365079,-0.5573192239858906,-0.25044091710758376,0.005291005291005346,0.26102292768959434,0.8751198439891539,1.0
-0.5665198237885463,-0.5291005291005291,-0.5149911816578483,-0.5291005291005291,-0.5185185185185186,-0.5079365079365079,-0.5573192239858906,-0.25044091710758376,0.005291005291005346,0.26102292768959434,0.5590828924162257,1.125602716204772,1.0
-0.5291005291005291,-0.5149911816578483,-0.5291005291005291,-0.5185185185185186,-0.5079365079365079,-0.5573192239858906,-0.25044091710758376,0.005291005291005346,0.26102292768959434,0.5590828924162257,0.8447971781305115,1.402116402116402,2.0
-0.5149911816578483,-0.5291005291005291,-0.5185185185185186,-0.5079365079365079,-0.5573192239858906,-0.25044091710758376,0.005291005291005346,0.26102292768959434,0.5590828924162257,0.8447971781305115,0.7724867724867726,1.402116402116402,2.0
-0.5291005291005291,-0.5185185185185186,-0.5079365079365079,-0.5573192239858906,-0.25044091710758376,0.005291005291005346,0.26102292768959434,0.5590828924162257,0.8447971781305115,0.7724867724867726,0.7037037037037037,1.402116402116402,2.0
-0.5185185185185186,-0.5079365079365079,-0.5573192239858906,-0.25044091710758376,0.005291005291005346,0.26102292768959434,0.5590828924162257,0.8447971781305115,0.7724867724867726,0.7037037037037037,0.6613756613756614,1.402116402116402,2.0
-0.5079365079365079,-0.5573192239858906,-0.25044091710758376,0.005291005291005346,0.26102292768959434,0.5590828924162257,0.8447971781305115,0.7724867724867726,0.7037037037037037,0.6613756613756614,0.654320987654321,1.402116402116402,2.0
-0.5573192239858906,-0.25044091710758376,0.005291005291005346,0.26102292768959434,0.5590828924162257,0.8447971781305115,0.7724867724867726,0.7037037037037037,0.6613756613756614,0.654320987654321,0.6137566137566137,1.402116402116402,0.0
-0.25044091710758376,0.005291005291005346,0.26102292768959434,0.5590828924162257,0.8447971781305115,0.7724867724867726,0.7037037037037037,0.6613756613756614,0.654320987654321,0.6137566137566137,0.5749559082892417,1.0952380952380953,0.0
0.005291005291005346,0.26102292768959434,0.5590828924162257,0.8447971781305115,0.7724867724867726,0.7037037037037037,0.6613756613756614,0.654320987654321,0.6137566137566137,0.5749559082892417,0.6049382716049383,0.8395061728395061,0.0
0.26102292768959434,0.5590828924162257,0.8447971781305115,0.7724867724867726,0.7037037037037037,0.6613756613756614,0.654320987654321,0.6137566137566137,0.5749559082892417,0.6049382716049383,0.30335097001763667,0.5837742504409171,0.0
0.5590828924162257,0.8447971781305115,0.7724867724867726,0.7037037037037037,0.6613756613756614,0.654320987654321,0.6137566137566137,0.5749559082892417,0.6049382716049383,0.30335097001763667,0.04585537918871263,0.7989417989417988,0.0
0.8447971781305115,0.7724867724867726,0.7037037037037037,0.6613756613756614,0.654320987654321,0.6137566137566137,0.5749559082892417,0.6049382716049383,0.30335097001763667,0.04585537918871263,-0.20458553791887124,1.0493827160493827,0.0
0.7724867724867726,0.7037037037037037,0.6613756613756614,0.654320987654321,0.6137566137566137,0.5749559082892417,0.6049382716049383,0.30335097001763667,0.04585537918871263,-0.20458553791887124,-0.5097001763668431,1.2821869488536155,0.0
0.7037037037037037,0.6613756613756614,0.654320987654321,0.6137566137566137,0.5749559082892417,0.6049382716049383,0.30335097001763667,0.04585537918871263,-0.20458553791887124,-0.5097001763668431,-0.818342151675485,1.5220458553791887,0.0
0.6613756613756614,0.654320987654321,0.6137566137566137,0.5749559082892417,0.6049382716049383,0.30335097001763667,0.04585537918871263,-0.20458553791887124,-0.5097001763668431,-0.818342151675485,-0.7654320987654322,1.4797178130511464,0.0
0.654320987654321,0.6137566137566137,0.5749559082892417,0.6049382716049383,0.30335097001763667,0.04585537918871263,-0.20458553791887124,-0.5097001763668431,-0.818342151675485,-0.7654320987654322,-0.7107583774250441,1.472663139329806,0.0
0.6137566137566137,0.5749559082892417,0.6049382716049383,0.30335097001763667,0.04585537918871263,-0.20458553791887124,-0.5097001763668431,-0.818342151675485,-0.7654320987654322,-0.7107583774250441,-0.6631393298059964,1.4320987654320987,0.0
0.5749559082892417,0.6049382716049383,0.30335097001763667,0.04585537918871263,-0.20458553791887124,-0.5097001763668431,-0.818342151675485,-0.7654320987654322,-0.7107583774250441,-0.6631393298059964,-0.6313932980599648,1.4232804232804233,0.0
0.6049382716049383,0.30335097001763667,0.04585537918871263,-0.20458553791887124,-0.5097001763668431,-0.818342151675485,-0.7654320987654322,-0.7107583774250441,-0.6631393298059964,-0.6313932980599648,-0.6014109347442681,1.4232804232804233,1.0
0.30335097001763667,0.04585537918871263,-0.20458553791887124,-0.5097001763668431,-0.818342151675485,-0.7654320987654322,-0.7107583774250441,-0.6631393298059964,-0.6313932980599648,-0.6014109347442681,-0.6049382716049383,1.1216931216931216,1.0
0.04585537918871263,-0.20458553791887124,-0.5097001763668431,-0.818342151675485,-0.7654320987654322,-0.7107583774250441,-0.6631393298059964,-0.6313932980599648,-0.6014109347442681,-0.6049382716049383,-0.5731922398589065,0.8641975308641976,1.0
-0.20458553791887124,-0.5097001763668431,-0.818342151675485,-0.7654320987654322,-0.7107583774250441,-0.6631393298059964,-0.6313932980599648,-0.6014109347442681,-0.6049382716049383,-0.5731922398589065,-0.5573192239858906,0.6137566137566137,1.0
-0.5097001763668431,-0.818342151675485,-0.7654320987654322,-0.7107583774250441,-0.6631393298059964,-0.6313932980599648,-0.6014109347442681,-0.6049382716049383,-0.5731922398589065,-0.5573192239858906,-0.6190476190476191,0.3086419753086419,1.0
-0.818342151675485,-0.7654320987654322,-0.7107583774250441,-0.6631393298059964,-0.6313932980599648,-0.6014109347442681,-0.6049382716049383,-0.5731922398589065,-0.5573192239858906,-0.6190476190476191,-0.3192239858906526,0.49911816578483237,1.0
-0.7654320987654322,-0.7107583774250441,-0.6631393298059964,-0.6313932980599648,-0.6014109347442681,-0.6049382716049383,-0.5731922398589065,-0.5573192239858906,-0.6190476190476191,-0.3192239858906526,-0.012345679012345734,0.7530864197530864,1.0
-0.7107583774250441,-0.6631393298059964,-0.6313932980599648,-0.6014109347442681,-0.6049382716049383,-0.5731922398589065,-0.5573192239858906,-0.6190476190476191,-0.3192239858906526,-0.012345679012345734,0.25396825396825395,0.9647266313932981,1.0
-0.6631393298059964,-0.6313932980599648,-0.6014109347442681,-0.6049382716049383,-0.5731922398589065,-0.5573192239858906,-0.6190476190476191,-0.3192239858906526,-0.012345679012345734,0.25396825396825395,0.5784832451499118,1.2416225749559082,1.0
-0.6313932980599648,-0.6014109347442681,-0.6049382716049383,-0.5731922398589065,-0.5573192239858906,-0.6190476190476191,-0.3192239858906526,-0.012345679012345734,0.25396825396825395,0.5784832451499118,0.4779541446208113,1.2098765432098766,2.0
-0.6014109347442681,-0.6049382716049383,-0.5731922398589065,-0.5573192239858906,-0.6190476190476191,-0.3192239858906526,-0.012345679012345734,0.25396825396825395,0.5784832451499118,0.4779541446208113,0.39329805996472667,1.1975308641975309,2.0
-0.6049382716049383,-0.5731922398589065,-0.5573192239858906,-0.6190476190476191,-0.3192239858906526,-0.012345679012345734,0.25396825396825395,0.5784832451499118,0.4779541446208113,0.39329805996472667,0.33686067019400356,1.1975308641975309,2.0
-0.5731922398589065,-0.5573192239858906,-0.6190476190476191,-0.3192239858906526,-0.012345679012345734,0.25396825396825395,0.5784832451499118,0.4779541446208113,0.39329805996472667,0.33686067019400356,0.2821869488536155,1.1975308641975309,2.0
-0.5573192239858906,-0.6190476190476191,-0.3192239858906526,-0.012345679012345734,0.25396825396825395,0.5784832451499118,0.4779541446208113,0.39329805996472667,0.33686067019400356,0.2821869488536155,0.308641975308642,1.1975308641975309,0.0
-0.6190476190476191,-0.3192239858906526,-0.012345679012345734,0.25396825396825395,0.5784832451499118,0.4779541446208113,0.39329805996472667,0.33686067019400356,0.2821869488536155,0.308641975308642,0.28395061728395055,1.1975308641975309,0.0
-0.3192239858906526,-0.012345679012345734,0.25396825396825395,0.5784832451499118,0.4779541446208113,0.39329805996472667,0.33686067019400356,0.2821869488536155,0.308641975308642,0.28395061728395055,0.255731922398589,0.8977072310405644,0.0
-0.012345679012345734,0.25396825396825395,0.5784832451499118,0.4779541446208113,0.39329805996472667,0.33686067019400356,0.2821869488536155,0.308641975308642,0.28395061728395055,0.255731922398589,0.31746031746031744,0.5908289241622575,0.0
0.25396825396825395,0.5784832451499118,0.4779541446208113,0.39329805996472667,0.33686067019400356,0.2821869488536155,0.308641975308642,0.28395061728395055,0.255731922398589,0.31746031746031744,0.010582010582010692,0.5679012345679011,0.0
0.5784832451499118,0.4779541446208113,0.39329805996472667,0.33686067019400356,0.2821869488536155,0.308641975308642,0.28395061728395055,0.255731922398589,0.31746031746031744,0.010582010582010692,-0.3015873015873016,0.8800705467372134,0.0
0.4779541446208113,0.39329805996472667,0.33686067019400356,0.2821869488536155,0.308641975308642,0.28395061728395055,0.255731922398589,0.31746031746031744,0.010582010582010692,-0.3015873015873016,-0.5820105820105821,1.0599647266313934,0.0
0.39329805996472667,0.33686067019400356,0.2821869488536155,0.308641975308642,0.28395061728395055,0.255731922398589,0.31746031746031744,0.010582010582010692,-0.3015873015873016,-0.5820105820105821,-0.8977072310405644,1.2910052910052912,0.0
0.33686067019400356,0.2821869488536155,0.308641975308642,0.28395061728395055,0.255731922398589,0.31746031746031744,0.010582010582010692,-0.3015873015873016,-0.5820105820105821,-0.8977072310405644,-0.7901234567901234,1.234567901234568,0.0
0.2821869488536155,0.308641975308642,0.28395061728395055,0.255731922398589,0.31746031746031744,0.010582010582010692,-0.3015873015873016,-0.5820105820105821,-0.8977072310405644,-0.7901234567901234,-0.6948853615520283,1.2151675485008817,0.0
0.308641975308642,0.28395061728395055,0.255731922398589,0.31746031746031744,0.010582010582010692,-0.3015873015873016,-0.5820105820105821,-0.8977072310405644,-0.7901234567901234,-0.6948853615520283,-0.6225749559082893,1.2151675485008817,0.0
0.28395061728395055,0.255731922398589,0.31746031746031744,0.010582010582010692,-0.3015873015873016,-0.5820105820105821,-0.8977072310405644,-0.7901234567901234,-0.6948853615520283,-0.6225749559082893,-0.5696649029982364,1.2151675485008817,0.0
0.255731922398589,0.31746031746031744,0.010582010582010692,-0.3015873015873016,-0.5820105820105821,-0.8977072310405644,-0.7901234567901234,-0.6948853615520283,-0.6225749559082893,-0.5696649029982364,-0.5590828924162258,1.2151675485008817,1.0
0.31746031746031744,0.010582010582010692,-0.3015873015873016,-0.5820105820105821,-0.8977072310405644,-0.7901234567901234,-0.6948853615520283,-0.6225749559082893,-0.5696649029982364,-0.5590828924162258,-0.5396825396825398,1.2151675485008817,1.0
0.010582010582010692,-0.3015873015873016,-0.5820105820105821,-0.8977072310405644,-0.7901234567901234,-0.6948853615520283,-0.6225749559082893,-0.5696649029982364,-0.5590828924162258,-0.5396825396825398,-0.5291005291005291,0.9082892416225751,1.0
-0.3015873015873016,-0.5820105820105821,-0.8977072310405644,-0.7901234567901234,-0.6948853615520283,-0.6225749559082893,-0.5696649029982364,-0.5590828924162258,-0.5396825396825398,-0.5291005291005291,-0.5044091710758378,0.5961199294532628,1.0
-0.5820105820105821,-0.8977072310405644,-0.7901234567901234,-0.6948853615520283,-0.6225749559082893,-0.5696649029982364,-0.5590828924162258,-0.5396825396825398,-0.5291005291005291,-0.5044091710758378,-0.5308641975308642,0.39329805996472655,1.0
-0.8977072310405644,-0.7901234567901234,-0.6948853615520283,-0.6225749559082893,-0.5696649029982364,-0.5590828924162258,-0.5396825396825398,-0.5291005291005291,-0.5044091710758378,-0.5308641975308642,-0.43386243386243384,0.46384479717813054,1.0
-0.7901234567901234,-0.6948853615520283,-0.6225749559082893,-0.5696649029982364,-0.5590828924162258,-0.5396825396825398,-0.5291005291005291,-0.5044091710758378,-0.5308641975308642,-0.43386243386243384,-0.44620811287477957,0.3562610229276896,1.0
-0.6948853615520283,-0.6225749559082893,-0.5696649029982364,-0.5590828924162258,-0.5396825396825398,-0.5291005291005291,-0.5044091710758378,-0.5308641975308642,-0.43386243386243384,-0.44620811287477957,-0.12874779541446213,0.5661375661375662,1.0
-0.6225749559082893,-0.5696649029982364,-0.5590828924162258,-0.5396825396825398,-0.5291005291005291,-0.5044091710758378,-0.5308641975308642,-0.43386243386243384,-0.44620811287477957,-0.12874779541446213,0.12698412698412698,0.7495590828924162,1.0
-0.5696649029982364,-0.5590828924162258,-0.5396825396825398,-0.5291005291005291,-0.5044091710758378,-0.5308641975308642,-0.43386243386243384,-0.44620811287477957,-0.12874779541446213,0.12698412698412698,0.32098765432098775,0.8906525573192241,1.0
-0.5590828924162258,-0.5396825396825398,-0.5291005291005291,-0.5044091710758378,-0.5308641975308642,-0.43386243386243384,-0.44620811287477957,-0.12874779541446213,0.12698412698412698,0.32098765432098775,0.601410934744268,1.1604938271604937,1.0
-0.5396825396825398,-0.5291005291005291,-0.5044091710758378,-0.5308641975308642,-0.43386243386243384,-0.44620811287477957,-0.12874779541446213,0.12698412698412698,0.32098765432098775,0.601410934744268,0.9223985890652557,1.4620811287477955,2.0
-0.5291005291005291,-0.5044091710758378,-0.5308641975308642,-0.43386243386243384,-0.44620811287477957,-0.12874779541446213,0.12698412698412698,0.32098765432098775,0.601410934744268,0.9223985890652557,0.8165784832451499,1.4532627865961198,2.0
-0.5044091710758378,-0.5308641975308642,-0.43386243386243384,-0.44620811287477957,-0.12874779541446213,0.12698412698412698,0.32098765432098775,0.601410934744268,0.9223985890652557,0.8165784832451499,0.746031746031746,1.4532627865961198,2.0
-0.5308641975308642,-0.43386243386243384,-0.44620811287477957,-0.12874779541446213,0.12698412698412698,0.32098765432098775,0.601410934744268,0.9223985890652557,0.8165784832451499,0.746031746031746,0.6649029982363315,1.4532627865961198,2.0
-0.43386243386243384,-0.44620811287477957,-0.12874779541446213,0.12698412698412698,0.32098765432098775,0.601410934744268,0.9223985890652557,0.8165784832451499,0.746031746031746,0.6649029982363315,0.5978835978835979,1.3686067019400352,2.0
-0.44620811287477957,-0.12874779541446213,0.12698412698412698,0.32098765432098775,0.601410934744268,0.9223985890652557,0.8165784832451499,0.746031746031746,0.6649029982363315,0.5978835978835979,0.5767195767195767,1.3686067019400352,0.0
-0.12874779541446213,0.12698412698412698,0.32098765432098775,0.601410934744268,0.9223985890652557,0.8165784832451499,0.746031746031746,0.6649029982363315,0.5978835978835979,0.5767195767195767,0.4444444444444444,1.051146384479718,0.0
0.12698412698412698,0.32098765432098775,0.601410934744268,0.9223985890652557,0.8165784832451499,0.746031746031746,0.6649029982363315,0.5978835978835979,0.5767195767195767,0.4444444444444444,0.4479717813051147,0.7954144620811288,0.0
0.32098765432098775,0.601410934744268,0.9223985890652557,0.8165784832451499,0.746031746031746,0.6649029982363315,0.5978835978835979,0.5767195767195767,0.4444444444444444,0.4479717813051147,0.10052910052910047,0.8218694885361553,0.0
0.601410934744268,0.9223985890652557,0.8165784832451499,0.746031746031746,0.6649029982363315,0.5978835978835979,0.5767195767195767,0.4444444444444444,0.4479717813051147,0.10052910052910047,-0.1728395061728395,1.0952380952380953,0.0
0.9223985890652557,0.8165784832451499,0.746031746031746,0.6649029982363315,0.5978835978835979,0.5767195767195767,0.4444444444444444,0.4479717813051147,0.10052910052910047,-0.1728395061728395,-0.41446208112874783,1.3368606701940036,0.0
0.8165784832451499,0.746031746031746,0.6649029982363315,0.5978835978835979,0.5767195767195767,0.4444444444444444,0.4479717813051147,0.10052910052910047,-0.1728395061728395,-0.41446208112874783,-0.7248677248677249,1.5414462081128748,0.0
0.746031746031746,0.6649029982363315,0.5978835978835979,0.5767195767195767,0.4444444444444444,0.4479717813051147,0.10052910052910047,-0.1728395061728395,-0.41446208112874783,-0.7248677248677249,-1.0,1.746031746031746,0.0
0.6649029982363315,0.5978835978835979,0.5767195767195767,0.4444444444444444,0.4479717813051147,0.10052910052910047,-0.1728395061728395,-0.41446208112874783,-0.7248677248677249,-1.0,-0.933786078098472,1.6649029982363315,0.0
0.5978835978835979,0.5767195767195767,0.4444444444444444,0.4479717813051147,0.10052910052910047,-0.1728395061728395,-0.41446208112874783,-0.7248677248677249,-1.0,-0.933786078098472,-0.8709677419354839,1.597883597883598,0.0
0.5767195767195767,0.4444444444444444,0.4479717813051147,0.10052910052910047,-0.1728395061728395,-0.41446208112874783,-0.7248677248677249,-1.0,-0.933786078098472,-0.8709677419354839,-0.8149405772495756,1.5767195767195767,0.0
0.4444444444444444,0.4479717813051147,0.10052910052910047,-0.1728395061728395,-0.41446208112874783,-0.7248677248677249,-1.0,-0.933786078098472,-0.8709677419354839,-0.8149405772495756,-0.7707979626485568,1.4479717813051147,0.0
0.4479717813051147,0.10052910052910047,-0.1728395061728395,-0.41446208112874783,-0.7248677248677249,-1.0,-0.933786078098472,-0.8709677419354839,-0.8149405772495756,-0.7707979626485568,-0.7419354838709677,1.4479717813051147,1.0
0.10052910052910047,-0.1728395061728395,-0.41446208112874783,-0.7248677248677249,-1.0,-0.933786078098472,-0.8709677419354839,-0.8149405772495756,-0.7707979626485568,-0.7419354838709677,-0.7389770723104057,1.1005291005291005,1.0
-0.1728395061728395,-0.41446208112874783,-0.7248677248677249,-1.0,-0.933786078098472,-0.8709677419354839,-0.8149405772495756,-0.7707979626485568,-0.7419354838709677,-0.7389770723104057,-0.7089947089947091,0.8271604938271605,1.0
-0.41446208112874783,-0.7248677248677249,-1.0,-0.933786078098472,-0.8709677419354839,-0.8149405772495756,-0.7707979626485568,-0.7419354838709677,-0.7389770723104057,-0.7089947089947091,-0.7142857142857143,0.5855379188712522,1.0
-0.7248677248677249,-1.0,-0.933786078098472,-0.8709677419354839,-0.8149405772495756,-0.7707979626485568,-0.7419354838709677,-0.7389770723104057,-0.7089947089947091,-0.7142857142857143,-0.37037037037037035,0.6296296296296297,1.0
-1.0,-0.933786078098472,-0.8709677419354839,-0.8149405772495756,-0.7707979626485568,-0.7419354838709677,-0.7389770723104057,-0.7089947089947091,-0.7142857142857143,-0.37037037037037035,-0.06172839506172845,0.9382716049382716,1.0
-0.933786078098472,-0.8709677419354839,-0.8149405772495756,-0.7707979626485568,-0.7419354838709677,-0.7389770723104057,-0.7089947089947091,-0.7142857142857143,-0.37037037037037035,-0.06172839506172845,0.1992945326278659,1.133080610726338,1.0
-0.8709677419354839,-0.8149405772495756,-0.7707979626485568,-0.7419354838709677,-0.7389770723104057,-0.7089947089947091,-0.7142857142857143,-0.37037037037037035,-0.06172839506172845,0.1992945326278659,0.5044091710758378,1.3753769130113218,1.0
-0.8149405772495756,-0.7707979626485568,-0.7419354838709677,-0.7389770723104057,-0.7089947089947091,-0.7142857142857143,-0.37037037037037035,-0.06172839506172845,0.1992945326278659,0.5044091710758378,0.8412698412698412,1.6562104185194166,1.0
-0.7707979626485568,-0.7419354838709677,-0.7389770723104057,-0.7089947089947091,-0.7142857142857143,-0.37037037037037035,-0.06172839506172845,0.1992945326278659,0.5044091710758378,0.8412698412698412,0.7389770723104057,1.612067803918398,2.0
-0.7419354838709677,-0.7389770723104057,-0.7089947089947091,-0.7142857142857143,-0.37037037037037035,-0.06172839506172845,0.1992945326278659,0.5044091710758378,0.8412698412698412,0.7389770723104057,0.6666666666666667,1.583205325140809,2.0
-0.7389770723104057,-0.7089947089947091,-0.7142857142857143,-0.37037037037037035,-0.06172839506172845,0.1992945326278659,0.5044091710758378,0.8412698412698412,0.7389770723104057,0.6666666666666667,0.601410934744268,1.5802469135802468,2.0
-0.7089947089947091,-0.7142857142857143,-0.37037037037037035,-0.06172839506172845,0.1992945326278659,0.5044091710758378,0.8412698412698412,0.7389770723104057,0.6666666666666667,0.601410934744268,0.5890652557319225,1.5555555555555554,2.0
-0.7142857142857143,-0.37037037037037035,-0.06172839506172845,0.1992945326278659,0.5044091710758378,0.8412698412698412,0.7389770723104057,0.6666666666666667,0.601410934744268,0.5890652557319225,0.5978835978835979,1.5555555555555554,0.0
-0.37037037037037035,-0.06172839506172845,0.1992945326278659,0.5044091710758378,0.8412698412698412,0.7389770723104057,0.6666666666666667,0.601410934744268,0.5890652557319225,0.5978835978835979,0.5714285714285714,1.2116402116402116,0.0
-0.06172839506172845,0.1992945326278659,0.5044091710758378,0.8412698412698412,0.7389770723104057,0.6666666666666667,0.601410934744268,0.5890652557319225,0.5978835978835979,0.5714285714285714,0.5784832451499118,0.9029982363315696,0.0
0.1992945326278659,0.5044091710758378,0.8412698412698412,0.7389770723104057,0.6666666666666667,0.601410934744268,0.5890652557319225,0.5978835978835979,0.5714285714285714,0.5784832451499118,0.23104056437389775,0.6419753086419753,0.0
0.5044091710758378,0.8412698412698412,0.7389770723104057,0.6666666666666667,0.601410934744268,0.5890652557319225,0.5978835978835979,0.5714285714285714,0.5784832451499118,0.23104056437389775,-0.07407407407407407,0.9153439153439152,0.0
0.8412698412698412,0.7389770723104057,0.6666666666666667,0.601410934744268,0.5890652557319225,0.5978835978835979,0.5714285714285714,0.5784832451499118,0.23104056437389775,-0.07407407407407407,-0.345679012345679,1.1869488536155202,0.0
0.7389770723104057,0.6666666666666667,0.601410934744268,0.5890652557319225,0.5978835978835979,0.5714285714285714,0.5784832451499118,0.23104056437389775,-0.07407407407407407,-0.345679012345679,-0.6455026455026456,1.3844797178130512,0.0
0.6666666666666667,0.601410934744268,0.5890652557319225,0.5978835978835979,0.5714285714285714,0.5784832451499118,0.23104056437389775,-0.07407407407407407,-0.345679012345679,-0.6455026455026456,-0.9700176366843034,1.6366843033509701,0.0
0.601410934744268,0.5890652557319225,0.5978835978835979,0.5714285714285714,0.5784832451499118,0.23104056437389775,-0.07407407407407407,-0.345679012345679,-0.6455026455026456,-0.9700176366843034,-0.8641975308641976,1.5714285714285714,0.0
0.5890652557319225,0.5978835978835979,0.5714285714285714,0.5784832451499118,0.23104056437389775,-0.07407407407407407,-0.345679012345679,-0.6455026455026456,-0.9700176366843034,-0.8641975308641976,-0.781305114638448,1.5679012345679013,0.0
0.5978835978835979,0.5714285714285714,0.5784832451499118,0.23104056437389775,-0.07407407407407407,-0.345679012345679,-0.6455026455026456,-0.9700176366843034,-0.8641975308641976,-0.781305114638448,-0.7248677248677249,1.5679012345679013,0.0
0.5714285714285714,0.5784832451499118,0.23104056437389775,-0.07407407407407407,-0.345679012345679,-0.6455026455026456,-0.9700176366843034,-0.8641975308641976,-0.781305114638448,-0.7248677248677249,-0.6984126984126984,1.5485008818342152,0.0
0.5784832451499118,0.23104056437389775,-0.07407407407407407,-0.345679012345679,-0.6455026455026456,-0.9700176366843034,-0.8641975308641976,-0.781305114638448,-0.7248677248677249,-0.6984126984126984,-0.6843033509700176,1.5485008818342152,1.0
0.23104056437389775,-0.07407407407407407,-0.345679012345679,-0.6455026455026456,-0.9700176366843034,-0.8641975308641976,-0.781305114638448,-0.7248677248677249,-0.6984126984126984,-0.6843033509700176,-0.7142857142857143,1.2010582010582012,1.0
-0.07407407407407407,-0.345679012345679,-0.6455026455026456,-0.9700176366843034,-0.8641975308641976,-0.781305114638448,-0.7248677248677249,-0.6984126984126984,-0.6843033509700176,-0.7142857142857143,-0.6931216931216931,0.8959435626102293,1.0
-0.345679012345679,-0.6455026455026456,-0.9700176366843034,-0.8641975308641976,-0.781305114638448,-0.7248677248677249,-0.6984126984126984,-0.6843033509700176,-0.7142857142857143,-0.6931216931216931,-0.654320987654321,0.6243386243386244,1.0
-0.6455026455026456,-0.9700176366843034,-0.8641975308641976,-0.781305114638448,-0.7248677248677249,-0.6984126984126984,-0.6843033509700176,-0.7142857142857143,-0.6931216931216931,-0.654320987654321,-0.6296296296296297,0.34038800705467376,1.0
-0.9700176366843034,-0.8641975308641976,-0.781305114638448,-0.7248677248677249,-0.6984126984126984,-0.6843033509700176,-0.7142857142857143,-0.6931216931216931,-0.654320987654321,-0.6296296296296297,-0.7178130511463845,0.34038800705467376,1.0
-0.8641975308641976,-0.781305114638448,-0.7248677248677249,-0.6984126984126984,-0.6843033509700176,-0.7142857142857143,-0.6931216931216931,-0.654320987654321,-0.6296296296296297,-0.7178130511463845,-0.4021164021164021,0.4620811287477955,1.0
-0.781305114638448,-0.7248677248677249,-0.6984126984126984,-0.6843033509700176,-0.7142857142857143,-0.6931216931216931,-0.654320987654321,-0.6296296296296297,-0.7178130511463845,-0.4021164021164021,-0.10405643738977077,0.6772486772486772,1.0
-0.7248677248677249,-0.6984126984126984,-0.6843033509700176,-0.7142857142857143,-0.6931216931216931,-0.654320987654321,-0.6296296296296297,-0.7178130511463845,-0.4021164021164021,-0.10405643738977077,0.19400352733686077,0.9188712522045857,1.0
-0.6984126984126984,-0.6843033509700176,-0.7142857142857143,-0.6931216931216931,-0.654320987654321,-0.6296296296296297,-0.7178130511463845,-0.4021164021164021,-0.10405643738977077,0.19400352733686077,0.08641975308641969,0.9118165784832453,1.0
-0.6843033509700176,-0.7142857142857143,-0.6931216931216931,-0.654320987654321,-0.6296296296296297,-0.7178130511463845,-0.4021164021164021,-0.10405643738977077,0.19400352733686077,0.08641975308641969,0.04585537918871263,0.9118165784832453,2.0
-0.7142857142857143,-0.6931216931216931,-0.654320987654321,-0.6296296296296297,-0.7178130511463845,-0.4021164021164021,-0.10405643738977077,0.19400352733686077,0.08641975308641969,0.04585537918871263,0.001763668430335041,0.9118165784832453,2.0
-0.6931216931216931,-0.654320987654321,-0.6296296296296297,-0.7178130511463845,-0.4021164021164021,-0.10405643738977077,0.19400352733686077,0.08641975308641969,0.04585537918871263,0.001763668430335041,0.003527336860670305,0.9118165784832453,2.0
-0.654320987654321,-0.6296296296296297,-0.7178130511463845,-0.4021164021164021,-0.10405643738977077,0.19400352733686077,0.08641975308641969,0.04585537918871263,0.001763668430335041,0.003527336860670305,0.015873015873015817,0.9118165784832453,0.0
-0.6296296296296297,-0.7178130511463845,-0.4021164021164021,-0.10405643738977077,0.19400352733686077,0.08641975308641969,0.04585537918871263,0.001763668430335041,0.003527336860670305,0.015873015873015817,-0.001763668430335152,0.9118165784832453,0.0
-0.7178130511463845,-0.4021164021164021,-0.10405643738977077,0.19400352733686077,0.08641975308641969,0.04585537918871263,0.001763668430335041,0.003527336860670305,0.015873015873015817,-0.001763668430335152,-0.042328042328042326,0.9118165784832453,0.0
-0.4021164021164021,-0.10405643738977077,0.19400352733686077,0.08641975308641969,0.04585537918871263,0.001763668430335041,0.003527336860670305,0.015873015873015817,-0.001763668430335152,-0.042328042328042326,-0.07054673721340388,0.5961199294532629,0.0
-0.10405643738977077,0.19400352733686077,0.08641975308641969,0.04585537918871263,0.001763668430335041,0.003527336860670305,0.015873015873015817,-0.001763668430335152,-0.042328042328042326,-0.07054673721340388,0.042328042328042326,0.29805996472663154,0.0
0.19400352733686077,0.08641975308641969,0.04585537918871263,0.001763668430335041,0.003527336860670305,0.015873015873015817,-0.001763668430335152,-0.042328042328042326,-0.07054673721340388,0.042328042328042326,-0.26807760141093473,0.4620811287477955,0.0
0.08641975308641969,0.04585537918871263,0.001763668430335041,0.003527336860670305,0.015873015873015817,-0.001763668430335152,-0.042328042328042326,-0.07054673721340388,0.042328042328042326,-0.26807760141093473,-0.5502645502645502,0.6366843033509699,0.0
0.04585537918871263,0.001763668430335041,0.003527336860670305,0.015873015873015817,-0.001763668430335152,-0.042328042328042326,-0.07054673721340388,0.042328042328042326,-0.26807760141093473,-0.5502645502645502,-0.855379188712522,0.9012345679012347,0.0
0.001763668430335041,0.003527336860670305,0.015873015873015817,-0.001763668430335152,-0.042328042328042326,-0.07054673721340388,0.042328042328042326,-0.26807760141093473,-0.5502645502645502,-0.855379188712522,-0.7530864197530864,0.8977072310405644,0.0
0.003527336860670305,0.015873015873015817,-0.001763668430335152,-0.042328042328042326,-0.07054673721340388,0.042328042328042326,-0.26807760141093473,-0.5502645502645502,-0.855379188712522,-0.7530864197530864,-0.7107583774250441,0.8977072310405644,0.0
0.015873015873015817,-0.001763668430335152,-0.042328042328042326,-0.07054673721340388,0.042328042328042326,-0.26807760141093473,-0.5502645502645502,-0.855379188712522,-0.7530864197530864,-0.7107583774250441,-0.6772486772486772,0.8977072310405644,0.0
-0.001763668430335152,-0.042328042328042326,-0.07054673721340388,0.042328042328042326,-0.26807760141093473,-0.5502645502645502,-0.855379188712522,-0.7530864197530864,-0.7107583774250441,-0.6772486772486772,-0.6649029982363316,0.8977072310405644,0.0
-0.042328042328042326,-0.07054673721340388,0.042328042328042326,-0.26807760141093473,-0.5502645502645502,-0.855379188712522,-0.7530864197530864,-0.7107583774250441,-0.6772486772486772,-0.6649029982363316,-0.63668430335097,0.8977072310405644,1.0
-0.07054673721340388,0.042328042328042326,-0.26807760141093473,-0.5502645502645502,-0.855379188712522,-0.7530864197530864,-0.7107583774250441,-0.6772486772486772,-0.6649029982363316,-0.63668430335097,-0.652557319223986,0.8977072310405644,1.0
0.042328042328042326,-0.26807760141093473,-0.5502645502645502,-0.855379188712522,-0.7530864197530864,-0.7107583774250441,-0.6772486772486772,-0.6649029982363316,-0.63668430335097,-0.652557319223986,-0.6631393298059964,0.8977072310405644,1.0
-0.26807760141093473,-0.5502645502645502,-0.855379188712522,-0.7530864197530864,-0.7107583774250441,-0.6772486772486772,-0.6649029982363316,-0.63668430335097,-0.652557319223986,-0.6631393298059964,-0.6384479717813052,0.5873015873015873,1.0
-0.5502645502645502,-0.855379188712522,-0.7530864197530864,-0.7107583774250441,-0.6772486772486772,-0.6649029982363316,-0.63668430335097,-0.652557319223986,-0.6631393298059964,-0.6384479717813052,-0.7266313932980599,0.3051146384479718,1.0
-0.855379188712522,-0.7530864197530864,-0.7107583774250441,-0.6772486772486772,-0.6649029982363316,-0.63668430335097,-0.652557319223986,-0.6631393298059964,-0.6384479717813052,-0.7266313932980599,-0.455026455026455,0.40035273368606705,1.0
-0.7530864197530864,-0.7107583774250441,-0.6772486772486772,-0.6649029982363316,-0.63668430335097,-0.652557319223986,-0.6631393298059964,-0.6384479717813052,-0.7266313932980599,-0.455026455026455,-0.2222222222222222,0.5308641975308642,1.0
-0.7107583774250441,-0.6772486772486772,-0.6649029982363316,-0.63668430335097,-0.652557319223986,-0.6631393298059964,-0.6384479717813052,-0.7266313932980599,-0.455026455026455,-0.2222222222222222,0.042328042328042326,0.7689594356261023,1.0
-0.6772486772486772,-0.6649029982363316,-0.63668430335097,-0.652557319223986,-0.6631393298059964,-0.6384479717813052,-0.7266313932980599,-0.455026455026455,-0.2222222222222222,0.042328042328042326,0.32804232804232814,1.054673721340388,1.0
-0.6649029982363316,-0.63668430335097,-0.652557319223986,-0.6631393298059964,-0.6384479717813052,-0.7266313932980599,-0.455026455026455,-0.2222222222222222,0.042328042328042326,0.32804232804232814,0.6701940035273368,1.3968253968253967,2.0
-0.63668430335097,-0.652557319223986,-0.6631393298059964,-0.6384479717813052,-0.7266313932980599,-0.455026455026455,-0.2222222222222222,0.042328042328042326,0.32804232804232814,0.6701940035273368,0.5890652557319225,1.3968253968253967,2.0
-0.652557319223986,-0.6631393298059964,-0.6384479717813052,-0.7266313932980599,-0.455026455026455,-0.2222222222222222,0.042328042328042326,0.32804232804232814,0.6701940035273368,0.5890652557319225,0.509700176366843,1.3968253968253967,2.0
-0.6631393298059964,-0.6384479717813052,-0.7266313932980599,-0.455026455026455,-0.2222222222222222,0.042328042328042326,0.32804232804232814,0.6701940035273368,0.5890652557319225,0.509700176366843,0.4514991181657848,1.3968253968253967,2.0
-0.6384479717813052,-0.7266313932980599,-0.455026455026455,-0.2222222222222222,0.042328042328042326,0.32804232804232814,0.6701940035273368,0.5890652557319225,0.509700176366843,0.4514991181657848,0.4215167548500882,1.3968253968253967,2.0
-0.7266313932980599,-0.455026455026455,-0.2222222222222222,0.042328042328042326,0.32804232804232814,0.6701940035273368,0.5890652557319225,0.509700176366843,0.4514991181657848,0.4215167548500882,0.4021164021164021,1.3968253968253967,0.0
-0.455026455026455,-0.2222222222222222,0.042328042328042326,0.32804232804232814,0.6701940035273368,0.5890652557319225,0.509700176366843,0.4514991181657848,0.4215167548500882,0.4021164021164021,0.37389770723104054,1.125220458553792,0.0
-0.2222222222222222,0.042328042328042326,0.32804232804232814,0.6701940035273368,0.5890652557319225,0.509700176366843,0.4514991181657848,0.4215167548500882,0.4021164021164021,0.37389770723104054,0.43033509700176364,0.892416225749559,0.0
0.042328042328042326,0.32804232804232814,0.6701940035273368,0.5890652557319225,0.509700176366843,0.4514991181657848,0.4215167548500882,0.4021164021164021,0.37389770723104054,0.43033509700176364,0.1428571428571428,0.6278659611992945,0.0
0.32804232804232814,0.6701940035273368,0.5890652557319225,0.509700176366843,0.4514991181657848,0.4215167548500882,0.4021164021164021,0.37389770723104054,0.43033509700176364,0.1428571428571428,-0.12874779541446213,0.798941798941799,0.0
0.6701940035273368,0.5890652557319225,0.509700176366843,0.4514991181657848,0.4215167548500882,0.4021164021164021,0.37389770723104054,0.43033509700176364,0.1428571428571428,-0.12874779541446213,-0.41622574955908287,1.0864197530864197,0.0
0.5890652557319225,0.509700176366843,0.4514991181657848,0.4215167548500882,0.4021164021164021,0.37389770723104054,0.43033509700176364,0.1428571428571428,-0.12874779541446213,-0.41622574955908287,-0.7283950617283951,1.3174603174603177,0.0
0.509700176366843,0.4514991181657848,0.4215167548500882,0.4021164021164021,0.37389770723104054,0.43033509700176364,0.1428571428571428,-0.12874779541446213,-0.41622574955908287,-0.7283950617283951,-1.0,1.509700176366843,0.0
0.4514991181657848,0.4215167548500882,0.4021164021164021,0.37389770723104054,0.43033509700176364,0.1428571428571428,-0.12874779541446213,-0.41622574955908287,-0.7283950617283951,-1.0,-0.9208754208754208,1.4514991181657848,0.0
0.4215167548500882,0.4021164021164021,0.37389770723104054,0.43033509700176364,0.1428571428571428,-0.12874779541446213,-0.41622574955908287,-0.7283950617283951,-1.0,-0.9208754208754208,-0.8585858585858586,1.4303350970017636,0.0
0.4021164021164021,0.37389770723104054,0.43033509700176364,0.1428571428571428,-0.12874779541446213,-0.41622574955908287,-0.7283950617283951,-1.0,-0.9208754208754208,-0.8585858585858586,-0.8063973063973064,1.4303350970017636,0.0
0.37389770723104054,0.43033509700176364,0.1428571428571428,-0.12874779541446213,-0.41622574955908287,-0.7283950617283951,-1.0,-0.9208754208754208,-0.8585858585858586,-0.8063973063973064,-0.7643097643097643,1.4303350970017636,0.0
0.43033509700176364,0.1428571428571428,-0.12874779541446213,-0.41622574955908287,-0.7283950617283951,-1.0,-0.9208754208754208,-0.8585858585858586,-0.8063973063973064,-0.7643097643097643,-0.734006734006734,1.4303350970017636,1.0
0.1428571428571428,-0.12874779541446213,-0.41622574955908287,-0.7283950617283951,-1.0,-0.9208754208754208,-0.8585858585858586,-0.8063973063973064,-0.7643097643097643,-0.734006734006734,-0.7491582491582491,1.1428571428571428,1.0
-0.12874779541446213,-0.41622574955908287,-0.7283950617283951,-1.0,-0.9208754208754208,-0.8585858585858586,-0.8063973063973064,-0.7643097643097643,-0.734006734006734,-0.7491582491582491,-0.7845117845117845,0.8712522045855379,1.0
-0.41622574955908287,-0.7283950617283951,-1.0,-0.9208754208754208,-0.8585858585858586,-0.8063973063973064,-0.7643097643097643,-0.734006734006734,-0.7491582491582491,-0.7845117845117845,-0.8047138047138047,0.5837742504409171,1.0
-0.7283950617283951,-1.0,-0.9208754208754208,-0.8585858585858586,-0.8063973063973064,-0.7643097643097643,-0.734006734006734,-0.7491582491582491,-0.7845117845117845,-0.8047138047138047,-0.8636363636363636,0.2716049382716049,1.0
-1.0,-0.9208754208754208,-0.8585858585858586,-0.8063973063973064,-0.7643097643097643,-0.734006734006734,-0.7491582491582491,-0.7845117845117845,-0.8047138047138047,-0.8636363636363636,-0.5555555555555556,0.4444444444444444,1.0
-0.9208754208754208,-0.8585858585858586,-0.8063973063973064,-0.7643097643097643,-0.734006734006734,-0.7491582491582491,-0.7845117845117845,-0.8047138047138047,-0.8636363636363636,-0.5555555555555556,-0.3282828282828283,0.5925925925925926,1.0
-0.8585858585858586,-0.8063973063973064,-0.7643097643097643,-0.734006734006734,-0.7491582491582491,-0.7845117845117845,-0.8047138047138047,-0.8636363636363636,-0.5555555555555556,-0.3282828282828283,-0.12121212121212122,0.7424242424242424,1.0
-0.8063973063973064,-0.7643097643097643,-0.734006734006734,-0.7491582491582491,-0.7845117845117845,-0.8047138047138047,-0.8636363636363636,-0.5555555555555556,-0.3282828282828283,-0.12121212121212122,0.101010101010101,0.9646464646464646,1.0
-0.7643097643097643,-0.734006734006734,-0.7491582491582491,-0.7845117845117845,-0.8047138047138047,-0.8636363636363636,-0.5555555555555556,-0.3282828282828283,-0.12121212121212122,0.101010101010101,0.36868686868686873,1.2323232323232323,2.0
-0.734006734006734,-0.7491582491582491,-0.7845117845117845,-0.8047138047138047,-0.8636363636363636,-0.5555555555555556,-0.3282828282828283,-0.12121212121212122,0.101010101010101,0.36868686868686873,0.6296296296296295,1.493265993265993,2.0
-0.7491582491582491,-0.7845117845117845,-0.8047138047138047,-0.8636363636363636,-0.5555555555555556,-0.3282828282828283,-0.12121212121212122,0.101010101010101,0.36868686868686873,0.6296296296296295,0.5437710437710437,1.493265993265993,2.0
-0.7845117845117845,-0.8047138047138047,-0.8636363636363636,-0.5555555555555556,-0.3282828282828283,-0.12121212121212122,0.101010101010101,0.36868686868686873,0.6296296296296295,0.5437710437710437,0.872053872053872,1.7356902356902357,2.0
-0.8047138047138047,-0.8636363636363636,-0.5555555555555556,-0.3282828282828283,-0.12121212121212122,0.101010101010101,0.36868686868686873,0.6296296296296295,0.5437710437710437,0.872053872053872,0.8164983164983164,1.7356902356902357,2.0
-0.8636363636363636,-0.5555555555555556,-0.3282828282828283,-0.12121212121212122,0.101010101010101,0.36868686868686873,0.6296296296296295,0.5437710437710437,0.872053872053872,0.8164983164983164,0.7878787878787878,1.7356902356902357,2.0
-0.5555555555555556,-0.3282828282828283,-0.12121212121212122,0.101010101010101,0.36868686868686873,0.6296296296296295,0.5437710437710437,0.872053872053872,0.8164983164983164,0.7878787878787878,0.7457912457912459,1.4276094276094276,2.0
-0.3282828282828283,-0.12121212121212122,0.101010101010101,0.36868686868686873,0.6296296296296295,0.5437710437710437,0.872053872053872,0.8164983164983164,0.7878787878787878,0.7457912457912459,0.7508417508417509,1.2003367003367003,2.0
-0.12121212121212122,0.101010101010101,0.36868686868686873,0.6296296296296295,0.5437710437710437,0.872053872053872,0.8164983164983164,0.7878787878787878,0.7457912457912459,0.7508417508417509,0.3787878787878789,0.9932659932659932,0.0
0.101010101010101,0.36868686868686873,0.6296296296296295,0.5437710437710437,0.872053872053872,0.8164983164983164,0.7878787878787878,0.7457912457912459,0.7508417508417509,0.3787878787878789,0.10942760942760943,0.771043771043771,0.0
0.36868686868686873,0.6296296296296295,0.5437710437710437,0.872053872053872,0.8164983164983164,0.7878787878787878,0.7457912457912459,0.7508417508417509,0.3787878787878789,0.10942760942760943,-0.14309764309764306,1.0151515151515151,0.0
0.6296296296296295,0.5437710437710437,0.872053872053872,0.8164983164983164,0.7878787878787878,0.7457912457912459,0.7508417508417509,0.3787878787878789,0.10942760942760943,-0.14309764309764306,-0.4124579124579124,1.2845117845117844,0.0
0.5437710437710437,0.872053872053872,0.8164983164983164,0.7878787878787878,0.7457912457912459,0.7508417508417509,0.3787878787878789,0.10942760942760943,-0.14309764309764306,-0.4124579124579124,-0.7306397306397306,1.6026936026936025,0.0
0.872053872053872,0.8164983164983164,0.7878787878787878,0.7457912457912459,0.7508417508417509,0.3787878787878789,0.10942760942760943,-0.14309764309764306,-0.4124579124579124,-0.7306397306397306,-1.0,1.872053872053872,0.0
0.8164983164983164,0.7878787878787878,0.7457912457912459,0.7508417508417509,0.3787878787878789,0.10942760942760943,-0.14309764309764306,-0.4124579124579124,-0.7306397306397306,-1.0,-1.0,1.8164983164983164,0.0
0.7878787878787878,0.7457912457912459,0.7508417508417509,0.3787878787878789,0.10942760942760943,-0.14309764309764306,-0.4124579124579124,-0.7306397306397306,-1.0,-1.0,-0.9935117599351176,1.7878787878787878,0.0
0.7457912457912459,0.7508417508417509,0.3787878787878789,0.10942760942760943,-0.14309764309764306,-0.4124579124579124,-0.7306397306397306,-1.0,-1.0,-0.9935117599351176,-0.602595296025953,1.7508417508417509,0.0
0.7508417508417509,0.3787878787878789,0.10942760942760943,-0.14309764309764306,-0.4124579124579124,-0.7306397306397306,-1.0,-1.0,-0.9935117599351176,-0.602595296025953,-0.6123276561232766,1.7508417508417509,0.0
0.3787878787878789,0.10942760942760943,-0.14309764309764306,-0.4124579124579124,-0.7306397306397306,-1.0,-1.0,-0.9935117599351176,-0.602595296025953,-0.6123276561232766,-0.2295214922952149,1.378787878787879,0.0
0.10942760942760943,-0.14309764309764306,-0.4124579124579124,-0.7306397306397306,-1.0,-1.0,-0.9935117599351176,-0.602595296025953,-0.6123276561232766,-0.2295214922952149,0.14030819140308193,1.140308191403082,2.0
-0.14309764309764306,-0.4124579124579124,-0.7306397306397306,-1.0,-1.0,-0.9935117599351176,-0.602595296025953,-0.6123276561232766,-0.2295214922952149,0.14030819140308193,0.49716139497161405,1.497161394971614,2.0
-0.4124579124579124,-0.7306397306397306,-1.0,-1.0,-0.9935117599351176,-0.602595296025953,-0.6123276561232766,-0.2295214922952149,0.14030819140308193,0.49716139497161405,0.8361719383617194,1.8361719383617194,2.0
-0.7306397306397306,-1.0,-1.0,-0.9935117599351176,-0.602595296025953,-0.6123276561232766,-0.2295214922952149,0.14030819140308193,0.49716139497161405,0.8361719383617194,1.0,2.0,2.0
-1.0,-1.0,-0.9935117599351176,-0.602595296025953,-0.6123276561232766,-0.2295214922952149,0.14030819140308193,0.49716139497161405,0.8361719383617194,1.0,1.0,2.0,2.0
-1.0,-0.9935117599351176,-0.602595296025953,-0.6123276561232766,-0.2295214922952149,0.14030819140308193,0.49716139497161405,0.8361719383617194,1.0,1.0,1.0,2.0,2.0
-0.9935117599351176,-0.602595296025953,-0.6123276561232766,-0.2295214922952149,0.14030819140308193,0.49716139497161405,0.8361719383617194,1.0,1.0,1.0,1.0,1.9935117599351178,2.0
-0.602595296025953,-0.6123276561232766,-0.2295214922952149,0.14030819140308193,0.49716139497161405,0.8361719383617194,1.0,1.0,1.0,1.0,1.0,1.6123276561232767,2.0
-0.6123276561232766,-0.2295214922952149,0.14030819140308193,0.49716139497161405,0.8361719383617194,1.0,1.0,1.0,1.0,1.0,0.6155339805825242,1.6123276561232767,2.0
-0.2295214922952149,0.14030819140308193,0.49716139497161405,0.8361719383617194,1.0,1.0,1.0,1.0,1.0,0.6155339805825242,0.24077669902912624,1.229521492295215,2.0
0.14030819140308193,0.49716139497161405,0.8361719383617194,1.0,1.0,1.0,1.0,1.0,0.6155339805825242,0.24077669902912624,0.3932038834951457,0.8596918085969181,2.0
0.49716139497161405,0.8361719383617194,1.0,1.0,1.0,1.0,1.0,0.6155339805825242,0.24077669902912624,0.3932038834951457,0.31456310679611654,0.7592233009708738,0.0
0.8361719383617194,1.0,1.0,1.0,1.0,1.0,0.6155339805825242,0.24077669902912624,0.3932038834951457,0.31456310679611654,0.2621359223300972,0.7592233009708738,0.0
1.0,1.0,1.0,1.0,1.0,0.6155339805825242,0.24077669902912624,0.3932038834951457,0.31456310679611654,0.2621359223300972,0.24271844660194164,0.7592233009708738,0.0
1.0,1.0,1.0,1.0,0.6155339805825242,0.24077669902912624,0.3932038834951457,0.31456310679611654,0.2621359223300972,0.24271844660194164,0.23203883495145639,0.7679611650485436,1.0
1.0,1.0,1.0,0.6155339805825242,0.24077669902912624,0.3932038834951457,0.31456310679611654,0.2621359223300972,0.24271844660194164,0.23203883495145639,0.24466019417475726,0.7679611650485436,1.0
1.0,1.0,0.6155339805825242,0.24077669902912624,0.3932038834951457,0.31456310679611654,0.2621359223300972,0.24271844660194164,0.23203883495145639,0.24466019417475726,0.2543689320388349,0.7679611650485436,1.0
1.0,0.6155339805825242,0.24077669902912624,0.3932038834951457,0.31456310679611654,0.2621359223300972,0.24271844660194164,0.23203883495145639,0.24466019417475726,0.2543689320388349,0.24174757281553405,0.7679611650485436,1.0
0.6155339805825242,0.24077669902912624,0.3932038834951457,0.31456310679611654,0.2621359223300972,0.24271844660194164,0.23203883495145639,0.24466019417475726,0.2543689320388349,0.24174757281553405,0.2825242718446601,0.3834951456310678,1.0
0.24077669902912624,0.3932038834951457,0.31456310679611654,0.2621359223300972,0.24271844660194164,0.23203883495145639,0.24466019417475726,0.2543689320388349,0.24174757281553405,0.2825242718446601,0.3699029126213593,0.1611650485436893,1.0
0.3932038834951457,0.31456310679611654,0.2621359223300972,0.24271844660194164,0.23203883495145639,0.24466019417475726,0.2543689320388349,0.24174757281553405,0.2825242718446601,0.3699029126213593,0.7533980582524271,0.5213592233009707,1.0
0.31456310679611654,0.2621359223300972,0.24271844660194164,0.23203883495145639,0.24466019417475726,0.2543689320388349,0.24174757281553405,0.2825242718446601,0.3699029126213593,0.7533980582524271,1.0,0.7679611650485436,1.0
0.2621359223300972,0.24271844660194164,0.23203883495145639,0.24466019417475726,0.2543689320388349,0.24174757281553405,0.2825242718446601,0.3699029126213593,0.7533980582524271,1.0,1.0,0.7679611650485436,1.0
0.24271844660194164,0.23203883495145639,0.24466019417475726,0.2543689320388349,0.24174757281553405,0.2825242718446601,0.3699029126213593,0.7533980582524271,1.0,1.0,1.0,0.7679611650485436,1.0
0.23203883495145639,0.24466019417475726,0.2543689320388349,0.24174757281553405,0.2825242718446601,0.3699029126213593,0.7533980582524271,1.0,1.0,1.0,1.0,0.7679611650485436,2.0
0.24466019417475726,0.2543689320388349,0.24174757281553405,0.2825242718446601,0.3699029126213593,0.7533980582524271,1.0,1.0,1.0,1.0,1.0,0.758252427184466,2.0
0.2543689320388349,0.24174757281553405,0.2825242718446601,0.3699029126213593,0.7533980582524271,1.0,1.0,1.0,1.0,1.0,1.0,0.758252427184466,2.0
0.24174757281553405,0.2825242718446601,0.3699029126213593,0.7533980582524271,1.0,1.0,1.0,1.0,1.0,1.0,1.0,0.758252427184466,2.0
0.2825242718446601,0.3699029126213593,0.7533980582524271,1.0,1.0,1.0,1.0,1.0,1.0,1.0,0.8237179487179487,0.7174757281553399,2.0
0.3699029126213593,0.7533980582524271,1.0,1.0,1.0,1.0,1.0,1.0,1.0,0.8237179487179487,0.8389423076923077,0.6300970873786407,2.0
0.7533980582524271,1.0,1.0,1.0,1.0,1.0,1.0,1.0,0.8237179487179487,0.8389423076923077,0.8533653846153846,0.24660194174757288,0.0
1.0,1.0,1.0,1.0,1.0,1.0,1.0,0.8237179487179487,0.8389423076923077,0.8533653846153846,0.8485576923076923,0.17628205128205132,0.0
1.0,1.0,1.0,1.0,1.0,1.0,0.8237179487179487,0.8389423076923077,0.8533653846153846,0.8485576923076923,0.6634615384615385,0.33653846153846145,0.0
1.0,1.0,1.0,1.0,1.0,0.8237179487179487,0.8389423076923077,0.8533653846153846,0.8485576923076923,0.6634615384615385,0.4767628205128205,0.5232371794871795,0.0
1.0,1.0,1.0,1.0,0.8237179487179487,0.8389423076923077,0.8533653846153846,0.8485576923076923,0.6634615384615385,0.4767628205128205,0.45352564102564097,0.546474358974359,0.0
1.0,1.0,1.0,0.8237179487179487,0.8389423076923077,0.8533653846153846,0.8485576923076923,0.6634615384615385,0.4767628205128205,0.45352564102564097,0.38541666666666674,0.6145833333333333,0.0
1.0,1.0,0.8237179487179487,0.8389423076923077,0.8533653846153846,0.8485576923076923,0.6634615384615385,0.4767628205128205,0.45352564102564097,0.38541666666666674,0.3012820512820513,0.6987179487179487,0.0
1.0,0.8237179487179487,0.8389423076923077,0.8533653846153846,0.8485576923076923,0.6634615384615385,0.4767628205128205,0.45352564102564097,0.38541666666666674,0.3012820512820513,0.2235576923076923,0.7764423076923077,0.0
0.8237179487179487,0.8389423076923077,0.8533653846153846,0.8485576923076923,0.6634615384615385,0.4767628205128205,0.45352564102564097,0.38541666666666674,0.3012820512820513,0.2235576923076923,0.17708333333333326,0.6762820512820513,0.0
0.8389423076923077,0.8533653846153846,0.8485576923076923,0.6634615384615385,0.4767628205128205,0.45352564102564097,0.38541666666666674,0.3012820512820513,0.2235576923076923,0.17708333333333326,0.13942307692307687,0.7139423076923077,0.0
0.8533653846153846,0.8485576923076923,0.6634615384615385,0.4767628205128205,0.45352564102564097,0.38541666666666674,0.3012820512820513,0.2235576923076923,0.17708333333333326,0.13942307692307687,0.3028846153846154,0.7139423076923077,0.0
0.8485576923076923,0.6634615384615385,0.4767628205128205,0.45352564102564097,0.38541666666666674,0.3012820512820513,0.2235576923076923,0.17708333333333326,0.13942307692307687,0.3028846153846154,0.27724358974358965,0.7091346153846154,0.0
0.6634615384615385,0.4767628205128205,0.45352564102564097,0.38541666666666674,0.3012820512820513,0.2235576923076923,0.17708333333333326,0.13942307692307687,0.3028846153846154,0.27724358974358965,0.2548076923076923,0.5240384615384617,1.0
0.4767628205128205,0.45352564102564097,0.38541666666666674,0.3012820512820513,0.2235576923076923,0.17708333333333326,0.13942307692307687,0.3028846153846154,0.27724358974358965,0.2548076923076923,0.25400641025641035,0.3373397435897436,1.0
0.45352564102564097,0.38541666666666674,0.3012820512820513,0.2235576923076923,0.17708333333333326,0.13942307692307687,0.3028846153846154,0.27724358974358965,0.2548076923076923,0.25400641025641035,0.43509615384615374,0.3141025641025641,1.0
0.38541666666666674,0.3012820512820513,0.2235576923076923,0.17708333333333326,0.13942307692307687,0.3028846153846154,0.27724358974358965,0.2548076923076923,0.25400641025641035,0.43509615384615374,0.6193910256410255,0.4799679487179487,1.0
0.3012820512820513,0.2235576923076923,0.17708333333333326,0.13942307692307687,0.3028846153846154,0.27724358974358965,0.2548076923076923,0.25400641025641035,0.43509615384615374,0.6193910256410255,0.6418269230769231,0.5024038461538463,1.0
0.2235576923076923,0.17708333333333326,0.13942307692307687,0.3028846153846154,0.27724358974358965,0.2548076923076923,0.25400641025641035,0.43509615384615374,0.6193910256410255,0.6418269230769231,0.7083333333333333,0.5689102564102564,1.0
0.17708333333333326,0.13942307692307687,0.3028846153846154,0.27724358974358965,0.2548076923076923,0.25400641025641035,0.43509615384615374,0.6193910256410255,0.6418269230769231,0.7083333333333333,0.7892628205128205,0.6498397435897436,1.0
0.13942307692307687,0.3028846153846154,0.27724358974358965,0.2548076923076923,0.25400641025641035,0.43509615384615374,0.6193910256410255,0.6418269230769231,0.7083333333333333,0.7892628205128205,0.8637820512820513,0.7243589743589745,2.0
0.3028846153846154,0.27724358974358965,0.2548076923076923,0.25400641025641035,0.43509615384615374,0.6193910256410255,0.6418269230769231,0.7083333333333333,0.7892628205128205,0.8637820512820513,0.9070512820512822,0.6530448717948718,2.0
0.27724358974358965,0.2548076923076923,0.25400641025641035,0.43509615384615374,0.6193910256410255,0.6418269230769231,0.7083333333333333,0.7892628205128205,0.8637820512820513,0.9070512820512822,0.9415064102564104,0.6875,2.0
0.2548076923076923,0.25400641025641035,0.43509615384615374,0.6193910256410255,0.6418269230769231,0.7083333333333333,0.7892628205128205,0.8637820512820513,0.9070512820512822,0.9415064102564104,0.7748397435897436,0.6875,2.0
0.25400641025641035,0.43509615384615374,0.6193910256410255,0.6418269230769231,0.7083333333333333,0.7892628205128205,0.8637820512820513,0.9070512820512822,0.9415064102564104,0.7748397435897436,0.7996794871794872,0.6875,2.0
0.43509615384615374,0.6193910256410255,0.6418269230769231,0.7083333333333333,0.7892628205128205,0.8637820512820513,0.9070512820512822,0.9415064102564104,0.7748397435897436,0.7996794871794872,0.8245192307692308,0.5064102564102566,2.0
0.6193910256410255,0.6418269230769231,0.7083333333333333,0.7892628205128205,0.8637820512820513,0.9070512820512822,0.9415064102564104,0.7748397435897436,0.7996794871794872,0.8245192307692308,0.8429487179487178,0.3221153846153848,2.0
0.6418269230769231,0.7083333333333333,0.7892628205128205,0.8637820512820513,0.9070512820512822,0.9415064102564104,0.7748397435897436,0.7996794871794872,0.8245192307692308,0.8429487179487178,0.8485576923076923,0.2996794871794872,2.0
0.7083333333333333,0.7892628205128205,0.8637820512820513,0.9070512820512822,0.9415064102564104,0.7748397435897436,0.7996794871794872,0.8245192307692308,0.8429487179487178,0.8485576923076923,0.8565705128205128,0.2331730769230771,2.0
0.7892628205128205,0.8637820512820513,0.9070512820512822,0.9415064102564104,0.7748397435897436,0.7996794871794872,0.8245192307692308,0.8429487179487178,0.8485576923076923,0.8565705128205128,0.8549679487179487,0.16666666666666674,2.0
0.8637820512820513,0.9070512820512822,0.9415064102564104,0.7748397435897436,0.7996794871794872,0.8245192307692308,0.8429487179487178,0.8485576923076923,0.8565705128205128,0.8549679487179487,0.8493589743589745,0.16666666666666674,2.0
0.9070512820512822,0.9415064102564104,0.7748397435897436,0.7996794871794872,0.8245192307692308,0.8429487179487178,0.8485576923076923,0.8565705128205128,0.8549679487179487,0.8493589743589745,0.6570512820512822,0.2844551282051282,2.0
0.9415064102564104,0.7748397435897436,0.7996794871794872,0.8245192307692308,0.8429487179487178,0.8485576923076923,0.8565705128205128,0.8549679487179487,0.8493589743589745,0.6570512820512822,0.47916666666666674,0.4623397435897436,2.0
0.7748397435897436,0.7996794871794872,0.8245192307692308,0.8429487179487178,0.8485576923076923,0.8565705128205128,0.8549679487179487,0.8493589743589745,0.6570512820512822,0.47916666666666674,0.3044871794871795,0.5520833333333333,2.0
0.7996794871794872,0.8245192307692308,0.8429487179487178,0.8485576923076923,0.8565705128205128,0.8549679487179487,0.8493589743589745,0.6570512820512822,0.47916666666666674,0.3044871794871795,0.28125,0.5753205128205128,2.0
0.8245192307692308,0.8429487179487178,0.8485576923076923,0.8565705128205128,0.8549679487179487,0.8493589743589745,0.6570512820512822,0.47916666666666674,0.3044871794871795,0.28125,0.40625,0.5753205128205128,0.0
0.8429487179487178,0.8485576923076923,0.8565705128205128,0.8549679487179487,0.8493589743589745,0.6570512820512822,0.47916666666666674,0.3044871794871795,0.28125,0.40625,0.3076923076923077,0.5753205128205128,0.0
0.8485576923076923,0.8565705128205128,0.8549679487179487,0.8493589743589745,0.6570512820512822,0.47916666666666674,0.3044871794871795,0.28125,0.40625,0.3076923076923077,0.21073717948717952,0.6458333333333333,0.0
0.8565705128205128,0.8549679487179487,0.8493589743589745,0.6570512820512822,0.47916666666666674,0.3044871794871795,0.28125,0.40625,0.3076923076923077,0.21073717948717952,0.13782051282051277,0.71875,0.0
0.8549679487179487,0.8493589743589745,0.6570512820512822,0.47916666666666674,0.3044871794871795,0.28125,0.40625,0.3076923076923077,0.21073717948717952,0.13782051282051277,0.0905448717948718,0.7644230769230769,0.0
0.8493589743589745,0.6570512820512822,0.47916666666666674,0.3044871794871795,0.28125,0.40625,0.3076923076923077,0.21073717948717952,0.13782051282051277,0.0905448717948718,0.05288461538461542,0.796474358974359,0.0
0.6570512820512822,0.47916666666666674,0.3044871794871795,0.28125,0.40625,0.3076923076923077,0.21073717948717952,0.13782051282051277,0.0905448717948718,0.05288461538461542,0.033653846153846256,0.6233974358974359,0.0
0.47916666666666674,0.3044871794871795,0.28125,0.40625,0.3076923076923077,0.21073717948717952,0.13782051282051277,0.0905448717948718,0.05288461538461542,0.033653846153846256,0.019230769230769162,0.4599358974358976,0.0
0.3044871794871795,0.28125,0.40625,0.3076923076923077,0.21073717948717952,0.13782051282051277,0.0905448717948718,0.05288461538461542,0.033653846153846256,0.019230769230769162,0.20192307692307687,0.38701923076923084,0.0
0.28125,0.40625,0.3076923076923077,0.21073717948717952,0.13782051282051277,0.0905448717948718,0.05288461538461542,0.033653846153846256,0.019230769230769162,0.20192307692307687,0.3701923076923077,0.38701923076923084,0.0
0.40625,0.3076923076923077,0.21073717948717952,0.13782051282051277,0.0905448717948718,0.05288461538461542,0.033653846153846256,0.019230769230769162,0.20192307692307687,0.3701923076923077,0.5392628205128205,0.5200320512820513,0.0
0.3076923076923077,0.21073717948717952,0.13782051282051277,0.0905448717948718,0.05288461538461542,0.033653846153846256,0.019230769230769162,0.20192307692307687,0.3701923076923077,0.5392628205128205,0.5681089743589745,0.5488782051282053,0.0
0.21073717948717952,0.13782051282051277,0.0905448717948718,0.05288461538461542,0.033653846153846256,0.019230769230769162,0.20192307692307687,0.3701923076923077,0.5392628205128205,0.5681089743589745,0.6378205128205128,0.6185897435897436,0.0
0.13782051282051277,0.0905448717948718,0.05288461538461542,0.033653846153846256,0.019230769230769162,0.20192307692307687,0.3701923076923077,0.5392628205128205,0.5681089743589745,0.6378205128205128,0.7363782051282051,0.7171474358974359,2.0
0.0905448717948718,0.05288461538461542,0.033653846153846256,0.019230769230769162,0.20192307692307687,0.3701923076923077,0.5392628205128205,0.5681089743589745,0.6378205128205128,0.7363782051282051,0.8293269230769231,0.810096153846154,2.0
0.05288461538461542,0.033653846153846256,0.019230769230769162,0.20192307692307687,0.3701923076923077,0.5392628205128205,0.5681089743589745,0.6378205128205128,0.7363782051282051,0.8293269230769231,0.9006410256410255,0.8814102564102564,2.0
0.033653846153846256,0.019230769230769162,0.20192307692307687,0.3701923076923077,0.5392628205128205,0.5681089743589745,0.6378205128205128,0.7363782051282051,0.8293269230769231,0.9006410256410255,0.9431089743589745,0.9238782051282053,2.0
0.019230769230769162,0.20192307692307687,0.3701923076923077,0.5392628205128205,0.5681089743589745,0.6378205128205128,0.7363782051282051,0.8293269230769231,0.9006410256410255,0.9431089743589745,0.9783653846153846,0.9591346153846154,2.0
0.20192307692307687,0.3701923076923077,0.5392628205128205,0.5681089743589745,0.6378205128205128,0.7363782051282051,0.8293269230769231,0.9006410256410255,0.9431089743589745,0.9783653846153846,1.0,0.7980769230769231,2.0
0.3701923076923077,0.5392628205128205,0.5681089743589745,0.6378205128205128,0.7363782051282051,0.8293269230769231,0.9006410256410255,0.9431089743589745,0.9783653846153846,1.0,1.0,0.6298076923076923,2.0
0.5392628205128205,0.5681089743589745,0.6378205128205128,0.7363782051282051,0.8293269230769231,0.9006410256410255,0.9431089743589745,0.9783653846153846,1.0,1.0,0.818900751285093,0.4607371794871795,2.0
0.5681089743589745,0.6378205128205128,0.7363782051282051,0.8293269230769231,0.9006410256410255,0.9431089743589745,0.9783653846153846,1.0,1.0,0.818900751285093,0.8378805852115461,0.43189102564102555,2.0
0.6378205128205128,0.7363782051282051,0.8293269230769231,0.9006410256410255,0.9431089743589745,0.9783653846153846,1.0,1.0,0.818900751285093,0.8378805852115461,0.8521154606563859,0.3621794871794872,2.0
0.7363782051282051,0.8293269230769231,0.9006410256410255,0.9431089743589745,0.9783653846153846,1.0,1.0,0.818900751285093,0.8378805852115461,0.8521154606563859,0.8552787663107948,0.26362179487179493,2.0
0.8293269230769231,0.9006410256410255,0.9431089743589745,0.9783653846153846,1.0,1.0,0.818900751285093,0.8378805852115461,0.8521154606563859,0.8552787663107948,0.8434163701067616,0.181099248714907,2.0
0.9006410256410255,0.9431089743589745,0.9783653846153846,1.0,1.0,0.818900751285093,0.8378805852115461,0.8521154606563859,0.8552787663107948,0.8434163701067616,0.6551996836694345,0.3448003163305655,0.0
0.9431089743589745,0.9783653846153846,1.0,1.0,0.818900751285093,0.8378805852115461,0.8521154606563859,0.8552787663107948,0.8434163701067616,0.6551996836694345,0.6567813364966391,0.3448003163305655,0.0
0.9783653846153846,1.0,1.0,0.818900751285093,0.8378805852115461,0.8521154606563859,0.8552787663107948,0.8434163701067616,0.6551996836694345,0.6567813364966391,0.6378015025701858,0.36219849742981425,0.0
1.0,1.0,0.818900751285093,0.8378805852115461,0.8521154606563859,0.8552787663107948,0.8434163701067616,0.6551996836694345,0.6567813364966391,0.6378015025701858,0.5761170423092132,0.42388295769078677,0.0
1.0,0.818900751285093,0.8378805852115461,0.8521154606563859,0.8552787663107948,0.8434163701067616,0.6551996836694345,0.6567813364966391,0.6378015025701858,0.5761170423092132,0.27085804665875846,0.7291419533412415,0.0
0.818900751285093,0.8378805852115461,0.8521154606563859,0.8552787663107948,0.8434163701067616,0.6551996836694345,0.6567813364966391,0.6378015025701858,0.5761170423092132,0.27085804665875846,-0.040727560300514054,0.8960063266113089,0.0
0.8378805852115461,0.8521154606563859,0.8552787663107948,0.8434163701067616,0.6551996836694345,0.6567813364966391,0.6378015025701858,0.5761170423092132,0.27085804665875846,-0.040727560300514054,-0.1245551601423488,0.9798339264531436,0.0
0.8521154606563859,0.8552787663107948,0.8434163701067616,0.6551996836694345,0.6567813364966391,0.6378015025701858,0.5761170423092132,0.27085804665875846,-0.040727560300514054,-0.1245551601423488,-0.001977066034005492,0.9798339264531436,0.0
0.8552787663107948,0.8434163701067616,0.6551996836694345,0.6567813364966391,0.6378015025701858,0.5761170423092132,0.27085804665875846,-0.040727560300514054,-0.1245551601423488,-0.001977066034005492,-0.06524317912218269,0.9798339264531436,0.0
0.8434163701067616,0.6551996836694345,0.6567813364966391,0.6378015025701858,0.5761170423092132,0.27085804665875846,-0.040727560300514054,-0.1245551601423488,-0.001977066034005492,-0.06524317912218269,-0.08975879794385133,0.9679715302491104,0.0
0.6551996836694345,0.6567813364966391,0.6378015025701858,0.5761170423092132,0.27085804665875846,-0.040727560300514054,-0.1245551601423488,-0.001977066034005492,-0.06524317912218269,-0.08975879794385133,-0.12218268090154216,0.7813364966389879,0.0
0.6567813364966391,0.6378015025701858,0.5761170423092132,0.27085804665875846,-0.040727560300514054,-0.1245551601423488,-0.001977066034005492,-0.06524317912218269,-0.08975879794385133,-0.12218268090154216,-0.12376433372874651,0.7813364966389879,1.0
0.6378015025701858,0.5761170423092132,0.27085804665875846,-0.040727560300514054,-0.1245551601423488,-0.001977066034005492,-0.06524317912218269,-0.08975879794385133,-0.12218268090154216,-0.12376433372874651,0.043890865954922864,0.7623566627125345,1.0
0.5761170423092132,0.27085804665875846,-0.040727560300514054,-0.1245551601423488,-0.001977066034005492,-0.06524317912218269,-0.08975879794385133,-0.12218268090154216,-0.12376433372874651,0.043890865954922864,0.029655990510083052,0.700672202451562,1.0
0.27085804665875846,-0.040727560300514054,-0.1245551601423488,-0.001977066034005492,-0.06524317912218269,-0.08975879794385133,-0.12218268090154216,-0.12376433372874651,0.043890865954922864,0.029655990510083052,0.03361012257809404,0.39541320680110725,1.0
-0.040727560300514054,-0.1245551601423488,-0.001977066034005492,-0.06524317912218269,-0.08975879794385133,-0.12218268090154216,-0.12376433372874651,0.043890865954922864,0.029655990510083052,0.03361012257809404,0.08105970739422697,0.20561486753657576,1.0
-0.1245551601423488,-0.001977066034005492,-0.06524317912218269,-0.08975879794385133,-0.12218268090154216,-0.12376433372874651,0.043890865954922864,0.029655990510083052,0.03361012257809404,0.08105970739422697,0.38631870304468174,0.5108738631870305,1.0
-0.001977066034005492,-0.06524317912218269,-0.08975879794385133,-0.12218268090154216,-0.12376433372874651,0.043890865954922864,0.029655990510083052,0.03361012257809404,0.08105970739422697,0.38631870304468174,0.6915776986951365,0.815342032423883,1.0
-0.06524317912218269,-0.08975879794385133,-0.12218268090154216,-0.12376433372874651,0.043890865954922864,0.029655990510083052,0.03361012257809404,0.08105970739422697,0.38631870304468174,0.6915776986951365,0.7706603400553578,0.8944246737841043,1.0
-0.08975879794385133,-0.12218268090154216,-0.12376433372874651,0.043890865954922864,0.029655990510083052,0.03361012257809404,0.08105970739422697,0.38631870304468174,0.6915776986951365,0.7706603400553578,0.8370897587979438,0.9608540925266903,1.0
-0.12218268090154216,-0.12376433372874651,0.043890865954922864,0.029655990510083052,0.03361012257809404,0.08105970739422697,0.38631870304468174,0.6915776986951365,0.7706603400553578,0.8370897587979438,0.8908659549228943,1.0146302886516407,2.0
-0.12376433372874651,0.043890865954922864,0.029655990510083052,0.03361012257809404,0.08105970739422697,0.38631870304468174,0.6915776986951365,0.7706603400553578,0.8370897587979438,0.8908659549228943,0.9082641360221431,1.0320284697508897,2.0
0.043890865954922864,0.029655990510083052,0.03361012257809404,0.08105970739422697,0.38631870304468174,0.6915776986951365,0.7706603400553578,0.8370897587979438,0.8908659549228943,0.9082641360221431,0.9280347963621984,0.8983788058521154,2.0
0.029655990510083052,0.03361012257809404,0.08105970739422697,0.38631870304468174,0.6915776986951365,0.7706603400553578,0.8370897587979438,0.8908659549228943,0.9082641360221431,0.9280347963621984,0.9430604982206405,0.9134045077105575,2.0
0.03361012257809404,0.08105970739422697,0.38631870304468174,0.6915776986951365,0.7706603400553578,0.8370897587979438,0.8908659549228943,0.9082641360221431,0.9280347963621984,0.9430604982206405,0.9620403321470936,0.9284302095689996,2.0
0.08105970739422697,0.38631870304468174,0.6915776986951365,0.7706603400553578,0.8370897587979438,0.8908659549228943,0.9082641360221431,0.9280347963621984,0.9430604982206405,0.9620403321470936,0.8094108343218664,0.8809806247528666,2.0
0.38631870304468174,0.6915776986951365,0.7706603400553578,0.8370897587979438,0.8908659549228943,0.9082641360221431,0.9280347963621984,0.9430604982206405,0.9620403321470936,0.8094108343218664,0.7097667062079873,0.5757216291024119,2.0
0.6915776986951365,0.7706603400553578,0.8370897587979438,0.8908659549228943,0.9082641360221431,0.9280347963621984,0.9430604982206405,0.9620403321470936,0.8094108343218664,0.7097667062079873,0.5595096876235666,0.40253064452352705,2.0
0.7706603400553578,0.8370897587979438,0.8908659549228943,0.9082641360221431,0.9280347963621984,0.9430604982206405,0.9620403321470936,0.8094108343218664,0.7097667062079873,0.5595096876235666,0.5405298536971135,0.42151047844998013,2.0
0.8370897587979438,0.8908659549228943,0.9082641360221431,0.9280347963621984,0.9430604982206405,0.9620403321470936,0.8094108343218664,0.7097667062079873,0.5595096876235666,0.5405298536971135,0.4551206010280744,0.5069197311190192,2.0
0.8908659549228943,0.9082641360221431,0.9280347963621984,0.9430604982206405,0.9620403321470936,0.8094108343218664,0.7097667062079873,0.5595096876235666,0.5405298536971135,0.4551206010280744,0.13009094503756424,0.8319493871095294,0.0
0.9082641360221431,0.9280347963621984,0.9430604982206405,0.9620403321470936,0.8094108343218664,0.7097667062079873,0.5595096876235666,0.5405298536971135,0.4551206010280744,0.13009094503756424,0.058125741399762676,0.9039145907473309,0.0
0.9280347963621984,0.9430604982206405,0.9620403321470936,0.8094108343218664,0.7097667062079873,0.5595096876235666,0.5405298536971135,0.4551206010280744,0.13009094503756424,0.058125741399762676,-0.01383946223803878,0.9758797943851324,2.0
0.9430604982206405,0.9620403321470936,0.8094108343218664,0.7097667062079873,0.5595096876235666,0.5405298536971135,0.4551206010280744,0.13009094503756424,0.058125741399762676,-0.01383946223803878,-0.054962435745353866,1.0170027678924476,0.0
0.9620403321470936,0.8094108343218664,0.7097667062079873,0.5595096876235666,0.5405298536971135,0.4551206010280744,0.13009094503756424,0.058125741399762676,-0.01383946223803878,-0.054962435745353866,-0.07710557532621587,1.0391459074733094,0.0
0.8094108343218664,0.7097667062079873,0.5595096876235666,0.5405298536971135,0.4551206010280744,0.13009094503756424,0.058125741399762676,-0.01383946223803878,-0.054962435745353866,-0.07710557532621587,-0.0984578884934757,0.9078687228153421,0.0
0.7097667062079873,0.5595096876235666,0.5405298536971135,0.4551206010280744,0.13009094503756424,0.058125741399762676,-0.01383946223803878,-0.054962435745353866,-0.07710557532621587,-0.0984578884934757,-0.11585606959272443,0.8256227758007118,0.0
0.5595096876235666,0.5405298536971135,0.4551206010280744,0.13009094503756424,0.058125741399762676,-0.01383946223803878,-0.054962435745353866,-0.07710557532621587,-0.0984578884934757,-0.11585606959272443,0.03361012257809404,0.675365757216291,0.0
0.5405298536971135,0.4551206010280744,0.13009094503756424,0.058125741399762676,-0.01383946223803878,-0.054962435745353866,-0.07710557532621587,-0.0984578884934757,-0.11585606959272443,0.03361012257809404,0.13799920917358643,0.6563859232898379,0.0
0.4551206010280744,0.13009094503756424,0.058125741399762676,-0.01383946223803878,-0.054962435745353866,-0.07710557532621587,-0.0984578884934757,-0.11585606959272443,0.03361012257809404,0.13799920917358643,0.2993277975484381,0.5709766706207988,0.0
0.13009094503756424,0.058125741399762676,-0.01383946223803878,-0.054962435745353866,-0.07710557532621587,-0.0984578884934757,-0.11585606959272443,0.03361012257809404,0.13799920917358643,0.2993277975484381,0.32226176354290237,0.4381178331356268,0.0
0.058125741399762676,-0.01383946223803878,-0.054962435745353866,-0.07710557532621587,-0.0984578884934757,-0.11585606959272443,0.03361012257809404,0.13799920917358643,0.2993277975484381,0.32226176354290237,0.41478845393436137,0.5306445235270858,2.0
-0.01383946223803878,-0.054962435745353866,-0.07710557532621587,-0.0984578884934757,-0.11585606959272443,0.03361012257809404,0.13799920917358643,0.2993277975484381,0.32226176354290237,0.41478845393436137,0.7374456306840649,0.8533017002767893,2.0
-0.054962435745353866,-0.07710557532621587,-0.0984578884934757,-0.11585606959272443,0.03361012257809404,0.13799920917358643,0.2993277975484381,0.32226176354290237,0.41478845393436137,0.7374456306840649,0.8149466192170818,0.9308026888098062,2.0
-0.07710557532621587,-0.0984578884934757,-0.11585606959272443,0.03361012257809404,0.13799920917358643,0.2993277975484381,0.32226176354290237,0.41478845393436137,0.7374456306840649,0.8149466192170818,0.8861209964412811,1.0019770660340055,2.0
-0.0984578884934757,-0.11585606959272443,0.03361012257809404,0.13799920917358643,0.2993277975484381,0.32226176354290237,0.41478845393436137,0.7374456306840649,0.8149466192170818,0.8861209964412811,0.9288256227758007,1.0446816923685251,2.0
-0.11585606959272443,0.03361012257809404,0.13799920917358643,0.2993277975484381,0.32226176354290237,0.41478845393436137,0.7374456306840649,0.8149466192170818,0.8861209964412811,0.9288256227758007,0.7635429023329379,1.0446816923685251,2.0
0.03361012257809404,0.13799920917358643,0.2993277975484381,0.32226176354290237,0.41478845393436137,0.7374456306840649,0.8149466192170818,0.8861209964412811,0.9288256227758007,0.7635429023329379,0.7888493475682088,0.8952155001977067,2.0
0.13799920917358643,0.2993277975484381,0.32226176354290237,0.41478845393436137,0.7374456306840649,0.8149466192170818,0.8861209964412811,0.9288256227758007,0.7635429023329379,0.7888493475682088,0.8102016607354685,0.7908264136022143,2.0
0.2993277975484381,0.32226176354290237,0.41478845393436137,0.7374456306840649,0.8149466192170818,0.8861209964412811,0.9288256227758007,0.7635429023329379,0.7888493475682088,0.8102016607354685,0.8283906682483195,0.6294978252273626,2.0
0.32226176354290237,0.41478845393436137,0.7374456306840649,0.8149466192170818,0.8861209964412811,0.9288256227758007,0.7635429023329379,0.7888493475682088,0.8102016607354685,0.8283906682483195,0.8307631474891262,0.6065638592328984,2.0
0.41478845393436137,0.7374456306840649,0.8149466192170818,0.8861209964412811,0.9288256227758007,0.7635429023329379,0.7888493475682088,0.8102016607354685,0.8283906682483195,0.8307631474891262,0.8339264531435351,0.5140371688414394,2.0
0.7374456306840649,0.8149466192170818,0.8861209964412811,0.9288256227758007,0.7635429023329379,0.7888493475682088,0.8102016607354685,0.8283906682483195,0.8307631474891262,0.8339264531435351,0.6559905100830368,0.27283511269276395,0.0
0.8149466192170818,0.8861209964412811,0.9288256227758007,0.7635429023329379,0.7888493475682088,0.8102016607354685,0.8283906682483195,0.8307631474891262,0.8339264531435351,0.6559905100830368,0.6330565440885725,0.29576907868722824,0.0
0.8861209964412811,0.9288256227758007,0.7635429023329379,0.7888493475682088,0.8102016607354685,0.8283906682483195,0.8307631474891262,0.8339264531435351,0.6559905100830368,0.6330565440885725,0.5666271253459865,0.36219849742981425,0.0
0.9288256227758007,0.7635429023329379,0.7888493475682088,0.8102016607354685,0.8283906682483195,0.8307631474891262,0.8339264531435351,0.6559905100830368,0.6330565440885725,0.5666271253459865,0.2550415183867141,0.6737841043890866,0.0
0.7635429023329379,0.7888493475682088,0.8102016607354685,0.8283906682483195,0.8307631474891262,0.8339264531435351,0.6559905100830368,0.6330565440885725,0.5666271253459865,0.2550415183867141,-0.048712871287128756,0.8826393244306638,0.0
0.7888493475682088,0.8102016607354685,0.8283906682483195,0.8307631474891262,0.8339264531435351,0.6559905100830368,0.6330565440885725,0.5666271253459865,0.2550415183867141,-0.048712871287128756,-0.24803493449781655,1.0819613876413516,0.0
0.8102016607354685,0.8283906682483195,0.8307631474891262,0.8339264531435351,0.6559905100830368,0.6330565440885725,0.5666271253459865,0.2550415183867141,-0.048712871287128756,-0.24803493449781655,-0.10305676855895196,1.0819613876413516,0.0
0.8283906682483195,0.8307631474891262,0.8339264531435351,0.6559905100830368,0.6330565440885725,0.5666271253459865,0.2550415183867141,-0.048712871287128756,-0.24803493449781655,-0.10305676855895196,-0.29308666017526774,1.1270131133188028,0.0
0.8307631474891262,0.8339264531435351,0.6559905100830368,0.6330565440885725,0.5666271253459865,0.2550415183867141,-0.048712871287128756,-0.24803493449781655,-0.10305676855895196,-0.29308666017526774,-0.5136911281489595,1.3476175812924946,0.0
0.8339264531435351,0.6559905100830368,0.6330565440885725,0.5666271253459865,0.2550415183867141,-0.048712871287128756,-0.24803493449781655,-0.10305676855895196,-0.29308666017526774,-0.5136911281489595,-0.7571606475716065,1.5910871007151415,0.0
0.6559905100830368,0.6330565440885725,0.5666271253459865,0.2550415183867141,-0.048712871287128756,-0.24803493449781655,-0.10305676855895196,-0.29308666017526774,-0.5136911281489595,-0.7571606475716065,-0.9888033589923023,1.6447938690753392,0.0
0.6330565440885725,0.5666271253459865,0.2550415183867141,-0.048712871287128756,-0.24803493449781655,-0.10305676855895196,-0.29308666017526774,-0.5136911281489595,-0.7571606475716065,-0.9888033589923023,-0.9972008397480756,1.630257383836648,0.0
0.5666271253459865,0.2550415183867141,-0.048712871287128756,-0.24803493449781655,-0.10305676855895196,-0.29308666017526774,-0.5136911281489595,-0.7571606475716065,-0.9888033589923023,-0.9972008397480756,-0.6976906927921623,1.563827965094062,0.0
0.2550415183867141,-0.048712871287128756,-0.24803493449781655,-0.10305676855895196,-0.29308666017526774,-0.5136911281489595,-0.7571606475716065,-0.9888033589923023,-0.9972008397480756,-0.6976906927921623,-0.675297410776767,1.2522423581347897,0.0
-0.048712871287128756,-0.24803493449781655,-0.10305676855895196,-0.29308666017526774,-0.5136911281489595,-0.7571606475716065,-0.9888033589923023,-0.9972008397480756,-0.6976906927921623,-0.675297410776767,-0.5605318404478656,0.9484879684609469,0.0
-0.24803493449781655,-0.10305676855895196,-0.29308666017526774,-0.5136911281489595,-0.7571606475716065,-0.9888033589923023,-0.9972008397480756,-0.6976906927921623,-0.675297410776767,-0.5605318404478656,-0.028691392582225306,0.9685094471658503,2.0
-0.10305676855895196,-0.29308666017526774,-0.5136911281489595,-0.7571606475716065,-0.9888033589923023,-0.9972008397480756,-0.6976906927921623,-0.675297410776767,-0.5605318404478656,-0.028691392582225306,0.5003498950314906,1.4975507347795662,2.0
-0.29308666017526774,-0.5136911281489595,-0.7571606475716065,-0.9888033589923023,-0.9972008397480756,-0.6976906927921623,-0.675297410776767,-0.5605318404478656,-0.028691392582225306,0.5003498950314906,0.6599020293911826,1.6571028691392582,2.0
-0.5136911281489595,-0.7571606475716065,-0.9888033589923023,-0.9972008397480756,-0.6976906927921623,-0.675297410776767,-0.5605318404478656,-0.028691392582225306,0.5003498950314906,0.6599020293911826,0.7704688593421973,1.767669699090273,2.0
-0.7571606475716065,-0.9888033589923023,-0.9972008397480756,-0.6976906927921623,-0.675297410776767,-0.5605318404478656,-0.028691392582225306,0.5003498950314906,0.6599020293911826,0.7704688593421973,0.8600419874037788,1.8572428271518544,2.0
-0.9888033589923023,-0.9972008397480756,-0.6976906927921623,-0.675297410776767,-0.5605318404478656,-0.028691392582225306,0.5003498950314906,0.6599020293911826,0.7704688593421973,0.8600419874037788,0.9244226731980405,1.921623512946116,2.0
-0.9972008397480756,-0.6976906927921623,-0.675297410776767,-0.5605318404478656,-0.028691392582225306,0.5003498950314906,0.6599020293911826,0.7704688593421973,0.8600419874037788,0.9244226731980405,0.9650104968509448,1.9622113365990204,2.0
-0.6976906927921623,-0.675297410776767,-0.5605318404478656,-0.028691392582225306,0.5003498950314906,0.6599020293911826,0.7704688593421973,0.8600419874037788,0.9244226731980405,0.9650104968509448,0.9888033589923022,1.6864940517844644,2.0
-0.675297410776767,-0.5605318404478656,-0.028691392582225306,0.5003498950314906,0.6599020293911826,0.7704688593421973,0.8600419874037788,0.9244226731980405,0.9650104968509448,0.9888033589923022,0.9832050384884534,1.6641007697690693,2.0
-0.5605318404478656,-0.028691392582225306,0.5003498950314906,0.6599020293911826,0.7704688593421973,0.8600419874037788,0.9244226731980405,0.9650104968509448,0.9888033589923022,0.9832050384884534,0.980405878236529,1.5493351994401678,2.0
-0.028691392582225306,0.5003498950314906,0.6599020293911826,0.7704688593421973,0.8600419874037788,0.9244226731980405,0.9650104968509448,0.9888033589923022,0.9832050384884534,0.980405878236529,0.6780965710286915,1.0174947515745276,2.0
0.5003498950314906,0.6599020293911826,0.7704688593421973,0.8600419874037788,0.9244226731980405,0.9650104968509448,0.9888033589923022,0.9832050384884534,0.980405878236529,0.6780965710286915,0.3757872638208537,0.6130160951714485,2.0
0.6599020293911826,0.7704688593421973,0.8600419874037788,0.9244226731980405,0.9650104968509448,0.9888033589923022,0.9832050384884534,0.980405878236529,0.6780965710286915,0.3757872638208537,0.35479356193142064,0.6340097970608816,2.0
0.7704688593421973,0.8600419874037788,0.9244226731980405,0.9650104968509448,0.9888033589923022,0.9832050384884534,0.980405878236529,0.6780965710286915,0.3757872638208537,0.35479356193142064,-0.1812456263121064,1.1700489853044087,0.0
0.8600419874037788,0.9244226731980405,0.9650104968509448,0.9888033589923022,0.9832050384884534,0.980405878236529,0.6780965710286915,0.3757872638208537,0.35479356193142064,-0.1812456263121064,-0.7802659202239328,1.769069279216235,0.0
0.9244226731980405,0.9650104968509448,0.9888033589923022,0.9832050384884534,0.980405878236529,0.6780965710286915,0.3757872638208537,0.35479356193142064,-0.1812456263121064,-0.7802659202239328,-1.0,1.9888033589923022,0.0
0.9650104968509448,0.9888033589923022,0.9832050384884534,0.980405878236529,0.6780965710286915,0.3757872638208537,0.35479356193142064,-0.1812456263121064,-0.7802659202239328,-1.0,-1.0,1.9888033589923022,0.0
0.9888033589923022,0.9832050384884534,0.980405878236529,0.6780965710286915,0.3757872638208537,0.35479356193142064,-0.1812456263121064,-0.7802659202239328,-1.0,-1.0,-1.0,1.9888033589923022,0.0
0.9832050384884534,0.980405878236529,0.6780965710286915,0.3757872638208537,0.35479356193142064,-0.1812456263121064,-0.7802659202239328,-1.0,-1.0,-1.0,-1.0,1.9832050384884534,0.0
0.980405878236529,0.6780965710286915,0.3757872638208537,0.35479356193142064,-0.1812456263121064,-0.7802659202239328,-1.0,-1.0,-1.0,-1.0,-1.0,1.980405878236529,0.0
0.6780965710286915,0.3757872638208537,0.35479356193142064,-0.1812456263121064,-0.7802659202239328,-1.0,-1.0,-1.0,-1.0,-1.0,-1.0,1.6780965710286915,1.0
0.3757872638208537,0.35479356193142064,-0.1812456263121064,-0.7802659202239328,-1.0,-1.0,-1.0,-1.0,-1.0,-1.0,-1.0,1.3757872638208537,1.0
0.35479356193142064,-0.1812456263121064,-0.7802659202239328,-1.0,-1.0,-1.0,-1.0,-1.0,-1.0,-1.0,-0.8128342245989305,1.3547935619314206,1.0
-0.1812456263121064,-0.7802659202239328,-1.0,-1.0,-1.0,-1.0,-1.0,-1.0,-1.0,-0.8128342245989305,-0.6292335115864527,0.8187543736878936,1.0
-0.7802659202239328,-1.0,-1.0,-1.0,-1.0,-1.0,-1.0,-1.0,-0.8128342245989305,-0.6292335115864527,-0.6016042780748663,0.39839572192513373,1.0
-1.0,-1.0,-1.0,-1.0,-1.0,-1.0,-1.0,-0.8128342245989305,-0.6292335115864527,-0.6016042780748663,-0.25757575757575757,0.7424242424242424,1.0
-1.0,-1.0,-1.0,-1.0,-1.0,-1.0,-0.8128342245989305,-0.6292335115864527,-0.6016042780748663,-0.25757575757575757,0.11675579322638141,1.1167557932263814,1.0
-1.0,-1.0,-1.0,-1.0,-1.0,-0.8128342245989305,-0.6292335115864527,-0.6016042780748663,-0.25757575757575757,0.11675579322638141,0.47147950089126556,1.4714795008912656,2.0
-1.0,-1.0,-1.0,-1.0,-0.8128342245989305,-0.6292335115864527,-0.6016042780748663,-0.25757575757575757,0.11675579322638141,0.47147950089126556,0.8110516934046346,1.8110516934046346,2.0
-1.0,-1.0,-1.0,-0.8128342245989305,-0.6292335115864527,-0.6016042780748663,-0.25757575757575757,0.11675579322638141,0.47147950089126556,0.8110516934046346,0.8645276292335116,1.8645276292335116,2.0
-1.0,-1.0,-0.8128342245989305,-0.6292335115864527,-0.6016042780748663,-0.25757575757575757,0.11675579322638141,0.47147950089126556,0.8110516934046346,0.8645276292335116,0.9073083778966131,1.9073083778966131,2.0
-1.0,-0.8128342245989305,-0.6292335115864527,-0.6016042780748663,-0.25757575757575757,0.11675579322638141,0.47147950089126556,0.8110516934046346,0.8645276292335116,0.9073083778966131,0.9367201426024956,1.9367201426024956,2.0
-0.8128342245989305,-0.6292335115864527,-0.6016042780748663,-0.25757575757575757,0.11675579322638141,0.47147950089126556,0.8110516934046346,0.8645276292335116,0.9073083778966131,0.9367201426024956,0.9563279857397504,1.7691622103386808,2.0
-0.6292335115864527,-0.6016042780748663,-0.25757575757575757,0.11675579322638141,0.47147950089126556,0.8110516934046346,0.8645276292335116,0.9073083778966131,0.9367201426024956,0.9563279857397504,0.9670231729055259,1.5962566844919786,2.0
-0.6016042780748663,-0.25757575757575757,0.11675579322638141,0.47147950089126556,0.8110516934046346,0.8645276292335116,0.9073083778966131,0.9367201426024956,0.9563279857397504,0.9670231729055259,0.9875222816399287,1.589126559714795,2.0
-0.25757575757575757,0.11675579322638141,0.47147950089126556,0.8110516934046346,0.8645276292335116,0.9073083778966131,0.9367201426024956,0.9563279857397504,0.9670231729055259,0.9875222816399287,0.7834224598930482,1.2450980392156863,2.0
0.11675579322638141,0.47147950089126556,0.8110516934046346,0.8645276292335116,0.9073083778966131,0.9367201426024956,0.9563279857397504,0.9670231729055259,0.9875222816399287,0.7834224598930482,0.7718360071301247,0.8707664884135473,2.0
0.47147950089126556,0.8110516934046346,0.8645276292335116,0.9073083778966131,0.9367201426024956,0.9563279857397504,0.9670231729055259,0.9875222816399287,0.7834224598930482,0.7718360071301247,0.7174688057040999,0.5160427807486632,2.0
0.8110516934046346,0.8645276292335116,0.9073083778966131,0.9367201426024956,0.9563279857397504,0.9670231729055259,0.9875222816399287,0.7834224598930482,0.7718360071301247,0.7174688057040999,0.6167557932263814,0.3707664884135473,2.0
0.8645276292335116,0.9073083778966131,0.9367201426024956,0.9563279857397504,0.9670231729055259,0.9875222816399287,0.7834224598930482,0.7718360071301247,0.7174688057040999,0.6167557932263814,0.27896613190730846,0.7085561497326203,0.0
0.9073083778966131,0.9367201426024956,0.9563279857397504,0.9670231729055259,0.9875222816399287,0.7834224598930482,0.7718360071301247,0.7174688057040999,0.6167557932263814,0.27896613190730846,0.18092691622103385,0.8065953654188949,0.0
0.9367201426024956,0.9563279857397504,0.9670231729055259,0.9875222816399287,0.7834224598930482,0.7718360071301247,0.7174688057040999,0.6167557932263814,0.27896613190730846,0.18092691622103385,0.10962566844919786,0.8778966131907309,0.0
0.9563279857397504,0.9670231729055259,0.9875222816399287,0.7834224598930482,0.7718360071301247,0.7174688057040999,0.6167557932263814,0.27896613190730846,0.18092691622103385,0.10962566844919786,0.05258467023172897,0.9349376114081998,0.0
0.9670231729055259,0.9875222816399287,0.7834224598930482,0.7718360071301247,0.7174688057040999,0.6167557932263814,0.27896613190730846,0.18092691622103385,0.10962566844919786,0.05258467023172897,0.01158645276292325,0.9759358288770055,0.0
