1.0,1.0,1.0,1.0,1.0,0.806860902255639,0.7011278195488722,0.6278195488721805,0.35244360902255645,0.019736842105263053,-0.3515037593984962,1.3515037593984962,0.0
1.0,1.0,1.0,1.0,0.806860902255639,0.7011278195488722,0.6278195488721805,0.35244360902255645,0.019736842105263053,-0.3515037593984962,-0.8862781954887218,1.8862781954887218,0.0
1.0,1.0,1.0,0.806860902255639,0.7011278195488722,0.6278195488721805,0.35244360902255645,0.019736842105263053,-0.3515037593984962,-0.8862781954887218,-1.0,2.0,0.0
1.0,1.0,0.806860902255639,0.7011278195488722,0.6278195488721805,0.35244360902255645,0.019736842105263053,-0.3515037593984962,-0.8862781954887218,-1.0,-1.0,2.0,0.0
1.0,0.806860902255639,0.7011278195488722,0.6278195488721805,0.35244360902255645,0.019736842105263053,-0.3515037593984962,-0.8862781954887218,-1.0,-1.0,-1.0,2.0,0.0
0.806860902255639,0.7011278195488722,0.6278195488721805,0.35244360902255645,0.019736842105263053,-0.3515037593984962,-0.8862781954887218,-1.0,-1.0,-1.0,-1.0,1.806860902255639,0.0
0.7011278195488722,0.6278195488721805,0.35244360902255645,0.019736842105263053,-0.3515037593984962,-0.8862781954887218,-1.0,-1.0,-1.0,-1.0,-1.0,1.7011278195488722,0.0
0.6278195488721805,0.35244360902255645,0.019736842105263053,-0.3515037593984962,-0.8862781954887218,-1.0,-1.0,-1.0,-1.0,-1.0,-1.0,1.6278195488721805,1.0
0.35244360902255645,0.019736842105263053,-0.3515037593984962,-0.8862781954887218,-1.0,-1.0,-1.0,-1.0,-1.0,-1.0,-1.0,1.3524436090225564,1.0
0.019736842105263053,-0.3515037593984962,-0.8862781954887218,-1.0,-1.0,-1.0,-1.0,-1.0,-1.0,-1.0,-1.0,1.019736842105263,1.0
-0.3515037593984962,-0.8862781954887218,-1.0,-1.0,-1.0,-1.0,-1.0,-1.0,-1.0,-1.0,-1.0,0.6484962406015038,1.0
-0.8862781954887218,-1.0,-1.0,-1.0,-1.0,-1.0,-1.0,-1.0,-1.0,-1.0,-1.0,0.11372180451127822,1.0
-1.0,-1.0,-1.0,-1.0,-1.0,-1.0,-1.0,-1.0,-1.0,-1.0,-1.0,0.0,1.0
-1.0,-1.0,-1.0,-1.0,-1.0,-1.0,-1.0,-1.0,-1.0,-1.0,-0.978280708158423,0.02171929184157695,1.0
-1.0,-1.0,-1.0,-1.0,-1.0,-1.0,-1.0,-1.0,-1.0,-0.978280708158423,-0.9510859645920788,0.048914035407921164,1.0
-1.0,-1.0,-1.0,-1.0,-1.0,-1.0,-1.0,-1.0,-0.978280708158423,-0.9510859645920788,-0.918963314473444,0.08103668552655596,1.0
-1.0,-1.0,-1.0,-1.0,-1.0,-1.0,-1.0,-0.978280708158423,-0.9510859645920788,-0.918963314473444,-0.886658149297317,0.11334185070268299,1.0
-1.0,-1.0,-1.0,-1.0,-1.0,-1.0,-0.978280708158423,-0.9510859645920788,-0.918963314473444,-0.886658149297317,-0.8461398065340391,0.15386019346596091,1.0
-1.0,-1.0,-1.0,-1.0,-1.0,-0.978280708158423,-0.9510859645920788,-0.918963314473444,-0.886658149297317,-0.8461398065340391,-0.8857455740098559,0.15386019346596091,1.0
-1.0,-1.0,-1.0,-1.0,-0.978280708158423,-0.9510859645920788,-0.918963314473444,-0.886658149297317,-0.8461398065340391,-0.8857455740098559,-0.9074648658514327,0.15386019346596091,1.0
-1.0,-1.0,-1.0,-0.978280708158423,-0.9510859645920788,-0.918963314473444,-0.886658149297317,-0.8461398065340391,-0.8857455740098559,-0.9074648658514327,-0.8609235261909107,0.15386019346596091,1.0
-1.0,-1.0,-0.978280708158423,-0.9510859645920788,-0.918963314473444,-0.886658149297317,-0.8461398065340391,-0.8857455740098559,-0.9074648658514327,-0.8609235261909107,-0.8432195656141632,0.15678043438583678,1.0
-1.0,-0.978280708158423,-0.9510859645920788,-0.918963314473444,-0.886658149297317,-0.8461398065340391,-0.8857455740098559,-0.9074648658514327,-0.8609235261909107,-0.8432195656141632,-0.7609052746851616,0.23909472531483844,1.0
-0.978280708158423,-0.9510859645920788,-0.918963314473444,-0.886658149297317,-0.8461398065340391,-0.8857455740098559,-0.9074648658514327,-0.8609235261909107,-0.8432195656141632,-0.7609052746851616,-0.6608870231794123,0.31739368497901077,1.0
-0.9510859645920788,-0.918963314473444,-0.886658149297317,-0.8461398065340391,-0.8857455740098559,-0.9074648658514327,-0.8609235261909107,-0.8432195656141632,-0.7609052746851616,-0.6608870231794123,-0.5949990874247125,0.3560868771673663,1.0
-0.918963314473444,-0.886658149297317,-0.8461398065340391,-0.8857455740098559,-0.9074648658514327,-0.8609235261909107,-0.8432195656141632,-0.7609052746851616,-0.6608870231794123,-0.5949990874247125,-0.469976273042526,0.44898704143091805,1.0
-0.886658149297317,-0.8461398065340391,-0.8857455740098559,-0.9074648658514327,-0.8609235261909107,-0.8432195656141632,-0.7609052746851616,-0.6608870231794123,-0.5949990874247125,-0.469976273042526,-0.33363752509582045,0.5738273407556123,2.0
-0.8461398065340391,-0.8857455740098559,-0.9074648658514327,-0.8609235261909107,-0.8432195656141632,-0.7609052746851616,-0.6608870231794123,-0.5949990874247125,-0.469976273042526,-0.33363752509582045,-0.1883555393319949,0.7191093265194378,2.0
-0.8857455740098559,-0.9074648658514327,-0.8609235261909107,-0.8432195656141632,-0.7609052746851616,-0.6608870231794123,-0.5949990874247125,-0.469976273042526,-0.33363752509582045,-0.1883555393319949,-0.08176674575652487,0.8256981200949078,2.0
-0.9074648658514327,-0.8609235261909107,-0.8432195656141632,-0.7609052746851616,-0.6608870231794123,-0.5949990874247125,-0.469976273042526,-0.33363752509582045,-0.1883555393319949,-0.08176674575652487,0.024822047818945148,0.9322869136703779,2.0
-0.8609235261909107,-0.8432195656141632,-0.7609052746851616,-0.6608870231794123,-0.5949990874247125,-0.469976273042526,-0.33363752509582045,-0.1883555393319949,-0.08176674575652487,0.024822047818945148,0.1721116992151852,1.033035225406096,2.0
-0.8432195656141632,-0.7609052746851616,-0.6608870231794123,-0.5949990874247125,-0.469976273042526,-0.33363752509582045,-0.1883555393319949,-0.08176674575652487,0.024822047818945148,0.1721116992151852,0.3064427815294761,1.1496623471436394,2.0
-0.7609052746851616,-0.6608870231794123,-0.5949990874247125,-0.469976273042526,-0.33363752509582045,-0.1883555393319949,-0.08176674575652487,0.024822047818945148,0.1721116992151852,0.3064427815294761,0.3741558678590984,1.1350611425442598,2.0
-0.6608870231794123,-0.5949990874247125,-0.469976273042526,-0.33363752509582045,-0.1883555393319949,-0.08176674575652487,0.024822047818945148,0.1721116992151852,0.3064427815294761,0.3741558678590984,0.46669100200766556,1.127578025187078,2.0
-0.5949990874247125,-0.469976273042526,-0.33363752509582045,-0.1883555393319949,-0.08176674575652487,0.024822047818945148,0.1721116992151852,0.3064427815294761,0.3741558678590984,0.46669100200766556,0.48804526373425805,1.0830443511589705,2.0
-0.469976273042526,-0.33363752509582045,-0.1883555393319949,-0.08176674575652487,0.024822047818945148,0.1721116992151852,0.3064427815294761,0.3741558678590984,0.46669100200766556,0.48804526373425805,0.5302062420149662,1.0001825150574923,2.0
-0.33363752509582045,-0.1883555393319949,-0.08176674575652487,0.024822047818945148,0.1721116992151852,0.3064427815294761,0.3741558678590984,0.46669100200766556,0.48804526373425805,0.5302062420149662,0.5957291476546815,0.929366672750502,2.0
-0.1883555393319949,-0.08176674575652487,0.024822047818945148,0.1721116992151852,0.3064427815294761,0.3741558678590984,0.46669100200766556,0.48804526373425805,0.5302062420149662,0.5957291476546815,0.5951816024822048,0.7840846869866764,2.0
-0.08176674575652487,0.024822047818945148,0.1721116992151852,0.3064427815294761,0.3741558678590984,0.46669100200766556,0.48804526373425805,0.5302062420149662,0.5957291476546815,0.5951816024822048,0.5261909107501368,0.6774958934112064,2.0
0.024822047818945148,0.1721116992151852,0.3064427815294761,0.3741558678590984,0.46669100200766556,0.48804526373425805,0.5302062420149662,0.5957291476546815,0.5951816024822048,0.5261909107501368,0.43566344223398423,0.5709070998357364,2.0
0.1721116992151852,0.3064427815294761,0.3741558678590984,0.46669100200766556,0.48804526373425805,0.5302062420149662,0.5957291476546815,0.5951816024822048,0.5261909107501368,0.43566344223398423,0.4163168461398066,0.42361744843949634,2.0
0.3064427815294761,0.3741558678590984,0.46669100200766556,0.48804526373425805,0.5302062420149662,0.5957291476546815,0.5951816024822048,0.5261909107501368,0.43566344223398423,0.4163168461398066,0.3321774046358825,0.2892863661252054,2.0
0.3741558678590984,0.46669100200766556,0.48804526373425805,0.5302062420149662,0.5957291476546815,0.5951816024822048,0.5261909107501368,0.43566344223398423,0.4163168461398066,0.3321774046358825,0.22923891221025738,0.36649023544442416,0.0
0.46669100200766556,0.48804526373425805,0.5302062420149662,0.5957291476546815,0.5951816024822048,0.5261909107501368,0.43566344223398423,0.4163168461398066,0.3321774046358825,0.22923891221025738,0.1587881000182516,0.43694104763642994,0.0
0.48804526373425805,0.5302062420149662,0.5957291476546815,0.5951816024822048,0.5261909107501368,0.43566344223398423,0.4163168461398066,0.3321774046358825,0.22923891221025738,0.1587881000182516,0.07647380908924983,0.5192553385654317,0.0
0.5302062420149662,0.5957291476546815,0.5951816024822048,0.5261909107501368,0.43566344223398423,0.4163168461398066,0.3321774046358825,0.22923891221025738,0.1587881000182516,0.07647380908924983,-0.057857273225041084,0.6535864208797226,0.0
0.5957291476546815,0.5951816024822048,0.5261909107501368,0.43566344223398423,0.4163168461398066,0.3321774046358825,0.22923891221025738,0.1587881000182516,0.07647380908924983,-0.057857273225041084,-0.19036320496440962,0.7860923526190912,0.0
0.5951816024822048,0.5261909107501368,0.43566344223398423,0.4163168461398066,0.3321774046358825,0.22923891221025738,0.1587881000182516,0.07647380908924983,-0.057857273225041084,-0.19036320496440962,-0.36831538601934655,0.9634969885015513,0.0
0.5261909107501368,0.43566344223398423,0.4163168461398066,0.3321774046358825,0.22923891221025738,0.1587881000182516,0.07647380908924983,-0.057857273225041084,-0.19036320496440962,-0.36831538601934655,-0.4964409563789013,1.022631867129038,0.0
0.43566344223398423,0.4163168461398066,0.3321774046358825,0.22923891221025738,0.1587881000182516,0.07647380908924983,-0.057857273225041084,-0.19036320496440962,-0.36831538601934655,-0.4964409563789013,-0.6221938309910567,1.057857273225041,0.0
0.4163168461398066,0.3321774046358825,0.22923891221025738,0.1587881000182516,0.07647380908924983,-0.057857273225041084,-0.19036320496440962,-0.36831538601934655,-0.4964409563789013,-0.6221938309910567,-0.6924621281255703,1.1087789742653769,0.0
0.3321774046358825,0.22923891221025738,0.1587881000182516,0.07647380908924983,-0.057857273225041084,-0.19036320496440962,-0.36831538601934655,-0.4964409563789013,-0.6221938309910567,-0.6924621281255703,-0.7495893411206425,1.081766745756525,0.0
0.22923891221025738,0.1587881000182516,0.07647380908924983,-0.057857273225041084,-0.19036320496440962,-0.36831538601934655,-0.4964409563789013,-0.6221938309910567,-0.6924621281255703,-0.7495893411206425,-0.8371965687169192,1.0664354809271765,0.0
0.1587881000182516,0.07647380908924983,-0.057857273225041084,-0.19036320496440962,-0.36831538601934655,-0.4964409563789013,-0.6221938309910567,-0.6924621281255703,-0.7495893411206425,-0.8371965687169192,-0.8689541887205694,1.027742288738821,0.0
0.07647380908924983,-0.057857273225041084,-0.19036320496440962,-0.36831538601934655,-0.4964409563789013,-0.6221938309910567,-0.6924621281255703,-0.7495893411206425,-0.8371965687169192,-0.8689541887205694,-0.8879357546997627,0.9644095637890125,0.0
-0.057857273225041084,-0.19036320496440962,-0.36831538601934655,-0.4964409563789013,-0.6221938309910567,-0.6924621281255703,-0.7495893411206425,-0.8371965687169192,-0.8689541887205694,-0.8879357546997627,-0.9443329074648659,0.8864756342398248,0.0
-0.19036320496440962,-0.36831538601934655,-0.4964409563789013,-0.6221938309910567,-0.6924621281255703,-0.7495893411206425,-0.8371965687169192,-0.8689541887205694,-0.8879357546997627,-0.9443329074648659,-0.9890490965504655,0.7986858915860559,0.0
-0.36831538601934655,-0.4964409563789013,-0.6221938309910567,-0.6924621281255703,-0.7495893411206425,-0.8371965687169192,-0.8689541887205694,-0.8879357546997627,-0.9443329074648659,-0.9890490965504655,-0.9775506479284541,0.6207337105311189,0.0
-0.4964409563789013,-0.6221938309910567,-0.6924621281255703,-0.7495893411206425,-0.8371965687169192,-0.8689541887205694,-0.8879357546997627,-0.9443329074648659,-0.9890490965504655,-0.9775506479284541,-0.9605767475816754,0.4926081401715642,0.0
-0.6221938309910567,-0.6924621281255703,-0.7495893411206425,-0.8371965687169192,-0.8689541887205694,-0.8879357546997627,-0.9443329074648659,-0.9890490965504655,-0.9775506479284541,-0.9605767475816754,-0.9361197298777149,0.3668552655594087,0.0
-0.6924621281255703,-0.7495893411206425,-0.8371965687169192,-0.8689541887205694,-0.8879357546997627,-0.9443329074648659,-0.9890490965504655,-0.9775506479284541,-0.9605767475816754,-0.9361197298777149,-0.9510859645920788,0.2965869684248952,1.0
-0.7495893411206425,-0.8371965687169192,-0.8689541887205694,-0.8879357546997627,-0.9443329074648659,-0.9890490965504655,-0.9775506479284541,-0.9605767475816754,-0.9361197298777149,-0.9510859645920788,-0.9605767475816754,0.239459755429823,1.0
-0.8371965687169192,-0.8689541887205694,-0.8879357546997627,-0.9443329074648659,-0.9890490965504655,-0.9775506479284541,-0.9605767475816754,-0.9361197298777149,-0.9510859645920788,-0.9605767475816754,-0.9591166271217375,0.1518525278335463,1.0
-0.8689541887205694,-0.8879357546997627,-0.9443329074648659,-0.9890490965504655,-0.9775506479284541,-0.9605767475816754,-0.9361197298777149,-0.9510859645920788,-0.9605767475816754,-0.9591166271217375,-0.9890490965504655,0.12009490782989607,1.0
-0.8879357546997627,-0.9443329074648659,-0.9890490965504655,-0.9775506479284541,-0.9605767475816754,-0.9361197298777149,-0.9510859645920788,-0.9605767475816754,-0.9591166271217375,-0.9890490965504655,-1.0,0.11206424530023729,1.0
-0.9443329074648659,-0.9890490965504655,-0.9775506479284541,-0.9605767475816754,-0.9361197298777149,-0.9510859645920788,-0.9605767475816754,-0.9591166271217375,-0.9890490965504655,-1.0,-0.9512416992631675,0.06388027012228514,1.0
-0.9890490965504655,-0.9775506479284541,-0.9605767475816754,-0.9361197298777149,-0.9510859645920788,-0.9605767475816754,-0.9591166271217375,-0.9890490965504655,-1.0,-0.9512416992631675,-0.9330483034658419,0.06695169653415811,1.0
-0.9775506479284541,-0.9605767475816754,-0.9361197298777149,-0.9510859645920788,-0.9605767475816754,-0.9591166271217375,-0.9890490965504655,-1.0,-0.9512416992631675,-0.9330483034658419,-0.9006640589466024,0.0993359410533976,1.0
-0.9605767475816754,-0.9361197298777149,-0.9510859645920788,-0.9605767475816754,-0.9591166271217375,-0.9890490965504655,-1.0,-0.9512416992631675,-0.9330483034658419,-0.9006640589466024,-0.8044209951787501,0.1955790048212499,1.0
-0.9361197298777149,-0.9510859645920788,-0.9605767475816754,-0.9591166271217375,-0.9890490965504655,-1.0,-0.9512416992631675,-0.9330483034658419,-0.9006640589466024,-0.8044209951787501,-0.6958064222687165,0.3041935777312835,1.0
-0.9510859645920788,-0.9605767475816754,-0.9591166271217375,-0.9890490965504655,-1.0,-0.9512416992631675,-0.9330483034658419,-0.9006640589466024,-0.8044209951787501,-0.6958064222687165,-0.6213954334576548,0.3786045665423452,1.0
-0.9605767475816754,-0.9591166271217375,-0.9890490965504655,-1.0,-0.9512416992631675,-0.9330483034658419,-0.9006640589466024,-0.8044209951787501,-0.6958064222687165,-0.6213954334576548,-0.5371600109160375,0.4628399890839625,2.0
-0.9591166271217375,-0.9890490965504655,-1.0,-0.9512416992631675,-0.9330483034658419,-0.9006640589466024,-0.8044209951787501,-0.6958064222687165,-0.6213954334576548,-0.5371600109160375,-0.39616119348676426,0.6038388065132357,2.0
-0.9890490965504655,-1.0,-0.9512416992631675,-0.9330483034658419,-0.9006640589466024,-0.8044209951787501,-0.6958064222687165,-0.6213954334576548,-0.5371600109160375,-0.39616119348676426,-0.2484308196124807,0.7515691803875193,2.0
-1.0,-0.9512416992631675,-0.9330483034658419,-0.9006640589466024,-0.8044209951787501,-0.6958064222687165,-0.6213954334576548,-0.5371600109160375,-0.39616119348676426,-0.2484308196124807,-0.10579459656144818,0.8942054034385518,2.0
-0.9512416992631675,-0.9330483034658419,-0.9006640589466024,-0.8044209951787501,-0.6958064222687165,-0.6213954334576548,-0.5371600109160375,-0.39616119348676426,-0.2484308196124807,-0.10579459656144818,0.06922587100882382,1.0204675702719914,2.0
-0.9330483034658419,-0.9006640589466024,-0.8044209951787501,-0.6958064222687165,-0.6213954334576548,-0.5371600109160375,-0.39616119348676426,-0.2484308196124807,-0.10579459656144818,0.06922587100882382,0.23514964068043298,1.1681979441462749,2.0
-0.9006640589466024,-0.8044209951787501,-0.6958064222687165,-0.6213954334576548,-0.5371600109160375,-0.39616119348676426,-0.2484308196124807,-0.10579459656144818,0.06922587100882382,0.23514964068043298,0.29755298826525967,1.198217047211862,2.0
-0.8044209951787501,-0.6958064222687165,-0.6213954334576548,-0.5371600109160375,-0.39616119348676426,-0.2484308196124807,-0.10579459656144818,0.06922587100882382,0.23514964068043298,0.29755298826525967,0.3917947784954061,1.1962157736741563,2.0
-0.6958064222687165,-0.6213954334576548,-0.5371600109160375,-0.39616119348676426,-0.2484308196124807,-0.10579459656144818,0.06922587100882382,0.23514964068043298,0.29755298826525967,0.3917947784954061,0.5160556717911398,1.2118620940598563,2.0
-0.6213954334576548,-0.5371600109160375,-0.39616119348676426,-0.2484308196124807,-0.10579459656144818,0.06922587100882382,0.23514964068043298,0.29755298826525967,0.3917947784954061,0.5160556717911398,0.5686345856454107,1.1900300191030655,2.0
-0.5371600109160375,-0.39616119348676426,-0.2484308196124807,-0.10579459656144818,0.06922587100882382,0.23514964068043298,0.29755298826525967,0.3917947784954061,0.5160556717911398,0.5686345856454107,0.597925952879105,1.1350859637951425,2.0
-0.39616119348676426,-0.2484308196124807,-0.10579459656144818,0.06922587100882382,0.23514964068043298,0.29755298826525967,0.3917947784954061,0.5160556717911398,0.5686345856454107,0.597925952879105,0.6021104339124899,0.9982716273992541,2.0
-0.2484308196124807,-0.10579459656144818,0.06922587100882382,0.23514964068043298,0.29755298826525967,0.3917947784954061,0.5160556717911398,0.5686345856454107,0.597925952879105,0.6021104339124899,0.6297643955244245,0.8781952151369052,2.0
-0.10579459656144818,0.06922587100882382,0.23514964068043298,0.29755298826525967,0.3917947784954061,0.5160556717911398,0.5686345856454107,0.597925952879105,0.6021104339124899,0.6297643955244245,0.5848267079050304,0.7355589920858727,2.0
0.06922587100882382,0.23514964068043298,0.29755298826525967,0.3917947784954061,0.5160556717911398,0.5686345856454107,0.597925952879105,0.6021104339124899,0.6297643955244245,0.5848267079050304,0.47275538979350507,0.5605385245156007,2.0
0.23514964068043298,0.29755298826525967,0.3917947784954061,0.5160556717911398,0.5686345856454107,0.597925952879105,0.6021104339124899,0.6297643955244245,0.5848267079050304,0.47275538979350507,0.34667515691803885,0.39461475484399156,2.0
0.29755298826525967,0.3917947784954061,0.5160556717911398,0.5686345856454107,0.597925952879105,0.6021104339124899,0.6297643955244245,0.5848267079050304,0.47275538979350507,0.34667515691803885,0.253706904393705,0.3760574911307195,2.0
0.3917947784954061,0.5160556717911398,0.5686345856454107,0.597925952879105,0.6021104339124899,0.6297643955244245,0.5848267079050304,0.47275538979350507,0.34667515691803885,0.253706904393705,0.1465478031474574,0.4832165923769671,0.0
0.5160556717911398,0.5686345856454107,0.597925952879105,0.6021104339124899,0.6297643955244245,0.5848267079050304,0.47275538979350507,0.34667515691803885,0.253706904393705,0.1465478031474574,0.02374238151550978,0.6060220140089148,0.0
0.5686345856454107,0.597925952879105,0.6021104339124899,0.6297643955244245,0.5848267079050304,0.47275538979350507,0.34667515691803885,0.253706904393705,0.1465478031474574,0.02374238151550978,-0.10634039843536791,0.7361047939597924,0.0
0.597925952879105,0.6021104339124899,0.6297643955244245,0.5848267079050304,0.47275538979350507,0.34667515691803885,0.253706904393705,0.1465478031474574,0.02374238151550978,-0.10634039843536791,-0.28445374329118533,0.9142181388156099,0.0
0.6021104339124899,0.6297643955244245,0.5848267079050304,0.47275538979350507,0.34667515691803885,0.253706904393705,0.1465478031474574,0.02374238151550978,-0.10634039843536791,-0.28445374329118533,-0.41617392886382243,1.045938324388247,0.0
0.6297643955244245,0.5848267079050304,0.47275538979350507,0.34667515691803885,0.253706904393705,0.1465478031474574,0.02374238151550978,-0.10634039843536791,-0.28445374329118533,-0.41617392886382243,-0.5411625579914491,1.1709269535158735,0.0
0.5848267079050304,0.47275538979350507,0.34667515691803885,0.253706904393705,0.1465478031474574,0.02374238151550978,-0.10634039843536791,-0.28445374329118533,-0.41617392886382243,-0.5411625579914491,-0.6092058582734468,1.1940325661784772,0.0
0.47275538979350507,0.34667515691803885,0.253706904393705,0.1465478031474574,0.02374238151550978,-0.10634039843536791,-0.28445374329118533,-0.41617392886382243,-0.5411625579914491,-0.6092058582734468,-0.7138178841080688,1.186573273901574,0.0
0.34667515691803885,0.253706904393705,0.1465478031474574,0.02374238151550978,-0.10634039843536791,-0.28445374329118533,-0.41617392886382243,-0.5411625579914491,-0.6092058582734468,-0.7138178841080688,-0.8058764668425362,1.152551623760575,0.0
0.253706904393705,0.1465478031474574,0.02374238151550978,-0.10634039843536791,-0.28445374329118533,-0.41617392886382243,-0.5411625579914491,-0.6092058582734468,-0.7138178841080688,-0.8058764668425362,-0.8397161830255617,1.0934230874192667,0.0
0.1465478031474574,0.02374238151550978,-0.10634039843536791,-0.28445374329118533,-0.41617392886382243,-0.5411625579914491,-0.6092058582734468,-0.7138178841080688,-0.8058764668425362,-0.8397161830255617,-0.8626398617301919,1.0091876648776492,0.0
0.02374238151550978,-0.10634039843536791,-0.28445374329118533,-0.41617392886382243,-0.5411625579914491,-0.6092058582734468,-0.7138178841080688,-0.8058764668425362,-0.8397161830255617,-0.8626398617301919,-0.9212225961975803,0.9449649777130901,0.0
-0.10634039843536791,-0.28445374329118533,-0.41617392886382243,-0.5411625579914491,-0.6092058582734468,-0.7138178841080688,-0.8058764668425362,-0.8397161830255617,-0.8626398617301919,-0.9212225961975803,-0.9714363685981988,0.8650959701628309,0.0
-0.28445374329118533,-0.41617392886382243,-0.5411625579914491,-0.6092058582734468,-0.7138178841080688,-0.8058764668425362,-0.8397161830255617,-0.8626398617301919,-0.9212225961975803,-0.9714363685981988,-0.9652506140271082,0.6869826253070135,0.0
-0.41617392886382243,-0.5411625579914491,-0.6092058582734468,-0.7138178841080688,-0.8058764668425362,-0.8397161830255617,-0.8626398617301919,-0.9212225961975803,-0.9714363685981988,-0.9652506140271082,-0.9532429728008733,0.5552624397343764,0.0
-0.5411625579914491,-0.6092058582734468,-0.7138178841080688,-0.8058764668425362,-0.8397161830255617,-0.8626398617301919,-0.9212225961975803,-0.9714363685981988,-0.9652506140271082,-0.9532429728008733,-0.935959246793414,0.43027381060674974,0.0
-0.6092058582734468,-0.7138178841080688,-0.8058764668425362,-0.8397161830255617,-0.8626398617301919,-0.9212225961975803,-0.9714363685981988,-0.9652506140271082,-0.9532429728008733,-0.935959246793414,-0.9563358500864186,0.36223051032475206,0.0
-0.7138178841080688,-0.8058764668425362,-0.8397161830255617,-0.8626398617301919,-0.9212225961975803,-0.9714363685981988,-0.9652506140271082,-0.9532429728008733,-0.935959246793414,-0.9563358500864186,-0.9730737742199581,0.2592558901118893,1.0
-0.8058764668425362,-0.8397161830255617,-0.8626398617301919,-0.9212225961975803,-0.9714363685981988,-0.9652506140271082,-0.9532429728008733,-0.935959246793414,-0.9563358500864186,-0.9730737742199581,-0.9854452833621395,0.17956881651960332,1.0
-0.8397161830255617,-0.8626398617301919,-0.9212225961975803,-0.9714363685981988,-0.9652506140271082,-0.9532429728008733,-0.935959246793414,-0.9563358500864186,-0.9730737742199581,-0.9854452833621395,-0.9932684435549896,0.15355226052942783,1.0
-0.8626398617301919,-0.9212225961975803,-0.9714363685981988,-0.9652506140271082,-0.9532429728008733,-0.935959246793414,-0.9563358500864186,-0.9730737742199581,-0.9854452833621395,-0.9932684435549896,-0.9956335850086419,0.13299372327844994,1.0
-0.9212225961975803,-0.9714363685981988,-0.9652506140271082,-0.9532429728008733,-0.935959246793414,-0.9563358500864186,-0.9730737742199581,-0.9854452833621395,-0.9932684435549896,-0.9956335850086419,-0.9832620758664605,0.07441098881106156,1.0
-0.9714363685981988,-0.9652506140271082,-0.9532429728008733,-0.935959246793414,-0.9563358500864186,-0.9730737742199581,-0.9854452833621395,-0.9932684435549896,-0.9956335850086419,-0.9832620758664605,-1.0,0.06404075320658598,1.0
-0.9652506140271082,-0.9532429728008733,-0.935959246793414,-0.9563358500864186,-0.9730737742199581,-0.9854452833621395,-0.9932684435549896,-0.9956335850086419,-0.9832620758664605,-1.0,-0.9583901153811211,0.06404075320658598,1.0
-0.9532429728008733,-0.935959246793414,-0.9563358500864186,-0.9730737742199581,-0.9854452833621395,-0.9932684435549896,-0.9956335850086419,-0.9832620758664605,-1.0,-0.9583901153811211,-0.9016989188698101,0.09830108113018987,1.0
-0.935959246793414,-0.9563358500864186,-0.9730737742199581,-0.9854452833621395,-0.9932684435549896,-0.9956335850086419,-0.9832620758664605,-1.0,-0.9583901153811211,-0.9016989188698101,-0.8777141818842554,0.12228581811574457,1.0
-0.9563358500864186,-0.9730737742199581,-0.9854452833621395,-0.9932684435549896,-0.9956335850086419,-0.9832620758664605,-1.0,-0.9583901153811211,-0.9016989188698101,-0.8777141818842554,-0.837012810029981,0.16298718997001904,1.0
-0.9730737742199581,-0.9854452833621395,-0.9932684435549896,-0.9956335850086419,-0.9832620758664605,-1.0,-0.9583901153811211,-0.9016989188698101,-0.8777141818842554,-0.837012810029981,-0.7378032161351866,0.2621967838648134,1.0
-0.9854452833621395,-0.9932684435549896,-0.9956335850086419,-0.9832620758664605,-1.0,-0.9583901153811211,-0.9016989188698101,-0.8777141818842554,-0.837012810029981,-0.7378032161351866,-0.6256927409830109,0.37430725901698914,2.0
-0.9932684435549896,-0.9956335850086419,-0.9832620758664605,-1.0,-0.9583901153811211,-0.9016989188698101,-0.8777141818842554,-0.837012810029981,-0.7378032161351866,-0.6256927409830109,-0.5484691559916417,0.4515308440083583,2.0
-0.9956335850086419,-0.9832620758664605,-1.0,-0.9583901153811211,-0.9016989188698101,-0.8777141818842554,-0.837012810029981,-0.7378032161351866,-0.6256927409830109,-0.5484691559916417,-0.4663396020714091,0.5336603979285909,2.0
-0.9832620758664605,-1.0,-0.9583901153811211,-0.9016989188698101,-0.8777141818842554,-0.837012810029981,-0.7378032161351866,-0.6256927409830109,-0.5484691559916417,-0.4663396020714091,-0.38021259198691737,0.6197874080130826,2.0
-1.0,-0.9583901153811211,-0.9016989188698101,-0.8777141818842554,-0.837012810029981,-0.7378032161351866,-0.6256927409830109,-0.5484691559916417,-0.4663396020714091,-0.38021259198691737,-0.29481239211410926,0.7051876078858907,2.0
-0.9583901153811211,-0.9016989188698101,-0.8777141818842554,-0.837012810029981,-0.7378032161351866,-0.6256927409830109,-0.5484691559916417,-0.4663396020714091,-0.38021259198691737,-0.29481239211410926,-0.1743435995275734,0.7840465158535477,2.0
-0.9016989188698101,-0.8777141818842554,-0.837012810029981,-0.7378032161351866,-0.6256927409830109,-0.5484691559916417,-0.4663396020714091,-0.38021259198691737,-0.29481239211410926,-0.1743435995275734,-0.021531752521122938,0.8801671663486872,2.0
-0.8777141818842554,-0.837012810029981,-0.7378032161351866,-0.6256927409830109,-0.5484691559916417,-0.4663396020714091,-0.38021259198691737,-0.29481239211410926,-0.1743435995275734,-0.021531752521122938,0.07149995457436176,0.9492141364586172,2.0
-0.837012810029981,-0.7378032161351866,-0.6256927409830109,-0.5484691559916417,-0.4663396020714091,-0.38021259198691737,-0.29481239211410926,-0.1743435995275734,-0.021531752521122938,0.07149995457436176,0.10039066048877987,0.9374034705187608,2.0
-0.7378032161351866,-0.6256927409830109,-0.5484691559916417,-0.4663396020714091,-0.38021259198691737,-0.29481239211410926,-0.1743435995275734,-0.021531752521122938,0.07149995457436176,0.10039066048877987,0.15435631870627775,0.8921595348414644,2.0
-0.6256927409830109,-0.5484691559916417,-0.4663396020714091,-0.38021259198691737,-0.29481239211410926,-0.1743435995275734,-0.021531752521122938,0.07149995457436176,0.10039066048877987,0.15435631870627775,0.2272190424275462,0.8529117834105571,2.0
-0.5484691559916417,-0.4663396020714091,-0.38021259198691737,-0.29481239211410926,-0.1743435995275734,-0.021531752521122938,0.07149995457436176,0.10039066048877987,0.15435631870627775,0.2272190424275462,0.23012628327428009,0.7785954392659218,2.0
-0.4663396020714091,-0.38021259198691737,-0.29481239211410926,-0.1743435995275734,-0.021531752521122938,0.07149995457436176,0.10039066048877987,0.15435631870627775,0.2272190424275462,0.23012628327428009,0.16071590805850833,0.6964658853456892,2.0
-0.38021259198691737,-0.29481239211410926,-0.1743435995275734,-0.021531752521122938,0.07149995457436176,0.10039066048877987,0.15435631870627775,0.2272190424275462,0.23012628327428009,0.16071590805850833,0.1143817570636867,0.6103388752611975,2.0
-0.29481239211410926,-0.1743435995275734,-0.021531752521122938,0.07149995457436176,0.10039066048877987,0.15435631870627775,0.2272190424275462,0.23012628327428009,0.16071590805850833,0.1143817570636867,0.0951212864540747,0.5249386753883893,2.0
-0.1743435995275734,-0.021531752521122938,0.07149995457436176,0.10039066048877987,0.15435631870627775,0.2272190424275462,0.23012628327428009,0.16071590805850833,0.1143817570636867,0.0951212864540747,0.0591441809757427,0.4044698828018535,2.0
-0.021531752521122938,0.07149995457436176,0.10039066048877987,0.15435631870627775,0.2272190424275462,0.23012628327428009,0.16071590805850833,0.1143817570636867,0.0951212864540747,0.0591441809757427,-0.03534114654310894,0.265467429817389,0.0
0.07149995457436176,0.10039066048877987,0.15435631870627775,0.2272190424275462,0.23012628327428009,0.16071590805850833,0.1143817570636867,0.0951212864540747,0.0591441809757427,-0.03534114654310894,-0.18851639865540115,0.41864268192968124,0.0
0.10039066048877987,0.15435631870627775,0.2272190424275462,0.23012628327428009,0.16071590805850833,0.1143817570636867,0.0951212864540747,0.0591441809757427,-0.03534114654310894,-0.18851639865540115,-0.3502316707549741,0.5803579540292542,0.0
0.15435631870627775,0.2272190424275462,0.23012628327428009,0.16071590805850833,0.1143817570636867,0.0951212864540747,0.0591441809757427,-0.03534114654310894,-0.18851639865540115,-0.3502316707549741,-0.4723357863177977,0.7024620695920778,0.0
0.2272190424275462,0.23012628327428009,0.16071590805850833,0.1143817570636867,0.0951212864540747,0.0591441809757427,-0.03534114654310894,-0.18851639865540115,-0.3502316707549741,-0.4723357863177977,-0.5482874534387208,0.7784137367130008,0.0
0.23012628327428009,0.16071590805850833,0.1143817570636867,0.0951212864540747,0.0591441809757427,-0.03534114654310894,-0.18851639865540115,-0.3502316707549741,-0.4723357863177977,-0.5482874534387208,-0.6175161261015718,0.8476424093758519,0.0
0.16071590805850833,0.1143817570636867,0.0951212864540747,0.0591441809757427,-0.03534114654310894,-0.18851639865540115,-0.3502316707549741,-0.4723357863177977,-0.5482874534387208,-0.6175161261015718,-0.723630417007359,0.8843463250658673,0.0
0.1143817570636867,0.0951212864540747,0.0591441809757427,-0.03534114654310894,-0.18851639865540115,-0.3502316707549741,-0.4723357863177977,-0.5482874534387208,-0.6175161261015718,-0.723630417007359,-0.8212046879258653,0.935586444989552,0.0
0.0951212864540747,0.0591441809757427,-0.03534114654310894,-0.18851639865540115,-0.3502316707549741,-0.4723357863177977,-0.5482874534387208,-0.6175161261015718,-0.723630417007359,-0.8212046879258653,-0.860452439356773,0.9555737258108477,0.0
0.0591441809757427,-0.03534114654310894,-0.18851639865540115,-0.3502316707549741,-0.4723357863177977,-0.5482874534387208,-0.6175161261015718,-0.723630417007359,-0.8212046879258653,-0.860452439356773,-0.8902516580357954,0.9493958390115381,0.0
-0.03534114654310894,-0.18851639865540115,-0.3502316707549741,-0.4723357863177977,-0.5482874534387208,-0.6175161261015718,-0.723630417007359,-0.8212046879258653,-0.860452439356773,-0.8902516580357954,-0.9538475515580994,0.9185064050149905,0.0
-0.18851639865540115,-0.3502316707549741,-0.4723357863177977,-0.5482874534387208,-0.6175161261015718,-0.723630417007359,-0.8212046879258653,-0.860452439356773,-0.8902516580357954,-0.9538475515580994,-1.0,0.8114836013445988,0.0
-0.3502316707549741,-0.4723357863177977,-0.5482874534387208,-0.6175161261015718,-0.723630417007359,-0.8212046879258653,-0.860452439356773,-0.8902516580357954,-0.9538475515580994,-1.0,-1.0,0.6497683292450259,0.0
-0.4723357863177977,-0.5482874534387208,-0.6175161261015718,-0.723630417007359,-0.8212046879258653,-0.860452439356773,-0.8902516580357954,-0.9538475515580994,-1.0,-1.0,-0.9864864864864865,0.5276642136822023,0.0
-0.5482874534387208,-0.6175161261015718,-0.723630417007359,-0.8212046879258653,-0.860452439356773,-0.8902516580357954,-0.9538475515580994,-1.0,-1.0,-0.9864864864864865,-0.9638095238095238,0.45171254656127924,0.0
-0.6175161261015718,-0.723630417007359,-0.8212046879258653,-0.860452439356773,-0.8902516580357954,-0.9538475515580994,-1.0,-1.0,-0.9864864864864865,-0.9638095238095238,-1.0,0.3824838738984282,1.0
-0.723630417007359,-0.8212046879258653,-0.860452439356773,-0.8902516580357954,-0.9538475515580994,-1.0,-1.0,-0.9864864864864865,-0.9638095238095238,-1.0,-1.0,0.276369582992641,1.0
-0.8212046879258653,-0.860452439356773,-0.8902516580357954,-0.9538475515580994,-1.0,-1.0,-0.9864864864864865,-0.9638095238095238,-1.0,-1.0,-1.0,0.17879531207413468,1.0
-0.860452439356773,-0.8902516580357954,-0.9538475515580994,-1.0,-1.0,-0.9864864864864865,-0.9638095238095238,-1.0,-1.0,-1.0,-1.0,0.13954756064322704,1.0
-0.8902516580357954,-0.9538475515580994,-1.0,-1.0,-0.9864864864864865,-0.9638095238095238,-1.0,-1.0,-1.0,-1.0,-1.0,0.10974834196420458,1.0
-0.9538475515580994,-1.0,-1.0,-0.9864864864864865,-0.9638095238095238,-1.0,-1.0,-1.0,-1.0,-1.0,-0.998138495904691,0.046152448441900584,1.0
-1.0,-1.0,-0.9864864864864865,-0.9638095238095238,-1.0,-1.0,-1.0,-1.0,-1.0,-0.998138495904691,-1.0,0.03619047619047622,1.0
-1.0,-0.9864864864864865,-0.9638095238095238,-1.0,-1.0,-1.0,-1.0,-1.0,-0.998138495904691,-1.0,-1.0,0.03619047619047622,1.0
-0.9864864864864865,-0.9638095238095238,-1.0,-1.0,-1.0,-1.0,-1.0,-0.998138495904691,-1.0,-1.0,-0.9435017884985784,0.05649821150142165,1.0
-0.9638095238095238,-1.0,-1.0,-1.0,-1.0,-1.0,-0.998138495904691,-1.0,-1.0,-0.9435017884985784,-0.8701274878473815,0.12987251215261852,1.0
-1.0,-1.0,-1.0,-1.0,-1.0,-0.998138495904691,-1.0,-1.0,-0.9435017884985784,-0.8701274878473815,-0.8284875722278272,0.1715124277721728,1.0
-1.0,-1.0,-1.0,-1.0,-0.998138495904691,-1.0,-1.0,-0.9435017884985784,-0.8701274878473815,-0.8284875722278272,-0.7283316518389433,0.27166834816105667,1.0
-1.0,-1.0,-1.0,-0.998138495904691,-1.0,-1.0,-0.9435017884985784,-0.8701274878473815,-0.8284875722278272,-0.7283316518389433,-0.5665413189030541,0.43345868109694585,2.0
-1.0,-1.0,-0.998138495904691,-1.0,-1.0,-0.9435017884985784,-0.8701274878473815,-0.8284875722278272,-0.7283316518389433,-0.5665413189030541,-0.4405209575346235,0.5594790424653765,2.0
-1.0,-0.998138495904691,-1.0,-1.0,-0.9435017884985784,-0.8701274878473815,-0.8284875722278272,-0.7283316518389433,-0.5665413189030541,-0.4405209575346235,-0.3049619370815372,0.6950380629184628,2.0
-0.998138495904691,-1.0,-1.0,-0.9435017884985784,-0.8701274878473815,-0.8284875722278272,-0.7283316518389433,-0.5665413189030541,-0.4405209575346235,-0.3049619370815372,-0.1620654865633312,0.8379345134366688,2.0
-1.0,-1.0,-0.9435017884985784,-0.8701274878473815,-0.8284875722278272,-0.7283316518389433,-0.5665413189030541,-0.4405209575346235,-0.3049619370815372,-0.1620654865633312,0.03292671741722453,1.0329267174172245,2.0
-1.0,-0.9435017884985784,-0.8701274878473815,-0.8284875722278272,-0.7283316518389433,-0.5665413189030541,-0.4405209575346235,-0.3049619370815372,-0.1620654865633312,0.03292671741722453,0.17784096120333848,1.1778409612033385,2.0
-0.9435017884985784,-0.8701274878473815,-0.8284875722278272,-0.7283316518389433,-0.5665413189030541,-0.4405209575346235,-0.3049619370815372,-0.1620654865633312,0.03292671741722453,0.17784096120333848,0.356140511785747,1.2996423002843254,2.0
-0.8701274878473815,-0.8284875722278272,-0.7283316518389433,-0.5665413189030541,-0.4405209575346235,-0.3049619370815372,-0.1620654865633312,0.03292671741722453,0.17784096120333848,0.356140511785747,0.5148124369439604,1.3849399247913419,2.0
-0.8284875722278272,-0.7283316518389433,-0.5665413189030541,-0.4405209575346235,-0.3049619370815372,-0.1620654865633312,0.03292671741722453,0.17784096120333848,0.356140511785747,0.5148124369439604,0.6105658992937724,1.4390534715215995,2.0
-0.7283316518389433,-0.5665413189030541,-0.4405209575346235,-0.3049619370815372,-0.1620654865633312,0.03292671741722453,0.17784096120333848,0.356140511785747,0.5148124369439604,0.6105658992937724,0.7297991378519673,1.4581307896909106,2.0
-0.5665413189030541,-0.4405209575346235,-0.3049619370815372,-0.1620654865633312,0.03292671741722453,0.17784096120333848,0.356140511785747,0.5148124369439604,0.6105658992937724,0.7297991378519673,0.7749243327524535,1.3414656516555077,2.0
-0.4405209575346235,-0.3049619370815372,-0.1620654865633312,0.03292671741722453,0.17784096120333848,0.356140511785747,0.5148124369439604,0.6105658992937724,0.7297991378519673,0.7749243327524535,0.7459414839952307,1.215445290287077,2.0
-0.3049619370815372,-0.1620654865633312,0.03292671741722453,0.17784096120333848,0.356140511785747,0.5148124369439604,0.6105658992937724,0.7297991378519673,0.7749243327524535,0.7459414839952307,0.737503439420343,1.0798862698339908,2.0
-0.1620654865633312,0.03292671741722453,0.17784096120333848,0.356140511785747,0.5148124369439604,0.6105658992937724,0.7297991378519673,0.7749243327524535,0.7459414839952307,0.737503439420343,0.7048518756305604,0.9369898193157847,2.0
0.03292671741722453,0.17784096120333848,0.356140511785747,0.5148124369439604,0.6105658992937724,0.7297991378519673,0.7749243327524535,0.7459414839952307,0.737503439420343,0.7048518756305604,0.6472530496193709,0.741997615335229,2.0
0.17784096120333848,0.356140511785747,0.5148124369439604,0.6105658992937724,0.7297991378519673,0.7749243327524535,0.7459414839952307,0.737503439420343,0.7048518756305604,0.6472530496193709,0.6158855360909841,0.5970833715491151,0.0
0.356140511785747,0.5148124369439604,0.6105658992937724,0.7297991378519673,0.7749243327524535,0.7459414839952307,0.737503439420343,0.7048518756305604,0.6472530496193709,0.6158855360909841,0.5177474089700083,0.4187838209667065,0.0
0.5148124369439604,0.6105658992937724,0.7297991378519673,0.7749243327524535,0.7459414839952307,0.737503439420343,0.7048518756305604,0.6472530496193709,0.6158855360909841,0.5177474089700083,0.358708612308539,0.4162157204439145,0.0
0.6105658992937724,0.7297991378519673,0.7749243327524535,0.7459414839952307,0.737503439420343,0.7048518756305604,0.6472530496193709,0.6158855360909841,0.5177474089700083,0.358708612308539,0.1875630560396222,0.5873612767128313,0.0
0.7297991378519673,0.7749243327524535,0.7459414839952307,0.737503439420343,0.7048518756305604,0.6472530496193709,0.6158855360909841,0.5177474089700083,0.358708612308539,0.1875630560396222,0.05512244336421168,0.7198018893882419,0.0
0.7749243327524535,0.7459414839952307,0.737503439420343,0.7048518756305604,0.6472530496193709,0.6158855360909841,0.5177474089700083,0.358708612308539,0.1875630560396222,0.05512244336421168,-0.08043657708887464,0.8553609098413282,0.0
0.7459414839952307,0.737503439420343,0.7048518756305604,0.6472530496193709,0.6158855360909841,0.5177474089700083,0.358708612308539,0.1875630560396222,0.05512244336421168,-0.08043657708887464,-0.2126937540126571,0.9586352380078879,0.0
0.737503439420343,0.7048518756305604,0.6472530496193709,0.6158855360909841,0.5177474089700083,0.358708612308539,0.1875630560396222,0.05512244336421168,-0.08043657708887464,-0.2126937540126571,-0.28992020544804187,1.0274236448683849,0.0
0.7048518756305604,0.6472530496193709,0.6158855360909841,0.5177474089700083,0.358708612308539,0.1875630560396222,0.05512244336421168,-0.08043657708887464,-0.2126937540126571,-0.28992020544804187,-0.35503989727597907,1.0598917729065396,0.0
0.6472530496193709,0.6158855360909841,0.5177474089700083,0.358708612308539,0.1875630560396222,0.05512244336421168,-0.08043657708887464,-0.2126937540126571,-0.28992020544804187,-0.35503989727597907,-0.45574612491974686,1.1029991745391179,0.0
0.6158855360909841,0.5177474089700083,0.358708612308539,0.1875630560396222,0.05512244336421168,-0.08043657708887464,-0.2126937540126571,-0.28992020544804187,-0.35503989727597907,-0.45574612491974686,-0.49738604053930113,1.1132715766302852,0.0
0.5177474089700083,0.358708612308539,0.1875630560396222,0.05512244336421168,-0.08043657708887464,-0.2126937540126571,-0.28992020544804187,-0.35503989727597907,-0.45574612491974686,-0.49738604053930113,-0.5210492524993121,1.0387966614693203,0.0
0.358708612308539,0.1875630560396222,0.05512244336421168,-0.08043657708887464,-0.2126937540126571,-0.28992020544804187,-0.35503989727597907,-0.45574612491974686,-0.49738604053930113,-0.5210492524993121,-0.5813996147849216,0.9401082270934606,0.0
0.1875630560396222,0.05512244336421168,-0.08043657708887464,-0.2126937540126571,-0.28992020544804187,-0.35503989727597907,-0.45574612491974686,-0.49738604053930113,-0.5210492524993121,-0.5813996147849216,-0.6773365128863615,0.8648995689259837,0.0
0.05512244336421168,-0.08043657708887464,-0.2126937540126571,-0.28992020544804187,-0.35503989727597907,-0.45574612491974686,-0.49738604053930113,-0.5210492524993121,-0.5813996147849216,-0.6773365128863615,-0.7180592497477758,0.7731816931119875,0.0
-0.08043657708887464,-0.2126937540126571,-0.28992020544804187,-0.35503989727597907,-0.45574612491974686,-0.49738604053930113,-0.5210492524993121,-0.5813996147849216,-0.6773365128863615,-0.7180592497477758,-0.7521782995505824,0.6717417224617077,0.0
-0.2126937540126571,-0.28992020544804187,-0.35503989727597907,-0.45574612491974686,-0.49738604053930113,-0.5210492524993121,-0.5813996147849216,-0.6773365128863615,-0.7180592497477758,-0.7521782995505824,-0.8239016784371274,0.6112079244244703,0.0
-0.28992020544804187,-0.35503989727597907,-0.45574612491974686,-0.49738604053930113,-0.5210492524993121,-0.5813996147849216,-0.6773365128863615,-0.7180592497477758,-0.7521782995505824,-0.8239016784371274,-0.8917729065394846,0.6018527010914427,0.0
-0.35503989727597907,-0.45574612491974686,-0.49738604053930113,-0.5210492524993121,-0.5813996147849216,-0.6773365128863615,-0.7180592497477758,-0.7521782995505824,-0.8239016784371274,-0.8917729065394846,-0.9563422911125379,0.6013023938365588,0.0
-0.45574612491974686,-0.49738604053930113,-0.5210492524993121,-0.5813996147849216,-0.6773365128863615,-0.7180592497477758,-0.7521782995505824,-0.8239016784371274,-0.8917729065394846,-0.9563422911125379,-1.0,0.5442538750802531,0.0
-0.49738604053930113,-0.5210492524993121,-0.5813996147849216,-0.6773365128863615,-0.7180592497477758,-0.7521782995505824,-0.8239016784371274,-0.8917729065394846,-0.9563422911125379,-1.0,-1.0,0.5026139594606989,0.0
-0.5210492524993121,-0.5813996147849216,-0.6773365128863615,-0.7180592497477758,-0.7521782995505824,-0.8239016784371274,-0.8917729065394846,-0.9563422911125379,-1.0,-1.0,-1.0,0.4789507475006879,0.0
-0.5813996147849216,-0.6773365128863615,-0.7180592497477758,-0.7521782995505824,-0.8239016784371274,-0.8917729065394846,-0.9563422911125379,-1.0,-1.0,-1.0,-1.0,0.41860038521507836,0.0
-0.6773365128863615,-0.7180592497477758,-0.7521782995505824,-0.8239016784371274,-0.8917729065394846,-0.9563422911125379,-1.0,-1.0,-1.0,-1.0,-0.9976427007913791,0.32266348711363846,0.0
-0.7180592497477758,-0.7521782995505824,-0.8239016784371274,-0.8917729065394846,-0.9563422911125379,-1.0,-1.0,-1.0,-1.0,-0.9976427007913791,-1.0,0.2819407502522242,0.0
-0.7521782995505824,-0.8239016784371274,-0.8917729065394846,-0.9563422911125379,-1.0,-1.0,-1.0,-1.0,-0.9976427007913791,-1.0,-0.9619714786089567,0.24782170044941765,1.0
-0.8239016784371274,-0.8917729065394846,-0.9563422911125379,-1.0,-1.0,-1.0,-1.0,-0.9976427007913791,-1.0,-0.9619714786089567,-0.8667333833708615,0.17609832156287264,1.0
-0.8917729065394846,-0.9563422911125379,-1.0,-1.0,-1.0,-1.0,-0.9976427007913791,-1.0,-0.9619714786089567,-0.8667333833708615,-0.7971812192477692,0.2028187807522308,1.0
-0.9563422911125379,-1.0,-1.0,-1.0,-1.0,-0.9976427007913791,-1.0,-0.9619714786089567,-0.8667333833708615,-0.7971812192477692,-0.713284963722792,0.28671503627720796,1.0
-1.0,-1.0,-1.0,-1.0,-0.9976427007913791,-1.0,-0.9619714786089567,-0.8667333833708615,-0.7971812192477692,-0.713284963722792,-0.5748478025185556,0.4251521974814444,1.0
-1.0,-1.0,-1.0,-0.9976427007913791,-1.0,-0.9619714786089567,-0.8667333833708615,-0.7971812192477692,-0.713284963722792,-0.5748478025185556,-0.4240680510382787,0.5759319489617213,2.0
-1.0,-1.0,-0.9976427007913791,-1.0,-0.9619714786089567,-0.8667333833708615,-0.7971812192477692,-0.713284963722792,-0.5748478025185556,-0.4240680510382787,-0.3064798598949212,0.6935201401050788,2.0
-1.0,-0.9976427007913791,-1.0,-0.9619714786089567,-0.8667333833708615,-0.7971812192477692,-0.713284963722792,-0.5748478025185556,-0.4240680510382787,-0.3064798598949212,-0.18322074889500461,0.8167792511049954,2.0
-0.9976427007913791,-1.0,-0.9619714786089567,-0.8667333833708615,-0.7971812192477692,-0.713284963722792,-0.5748478025185556,-0.4240680510382787,-0.3064798598949212,-0.18322074889500461,-0.052956383954632646,0.9470436160453674,2.0
-1.0,-0.9619714786089567,-0.8667333833708615,-0.7971812192477692,-0.713284963722792,-0.5748478025185556,-0.4240680510382787,-0.3064798598949212,-0.18322074889500461,-0.052956383954632646,0.12200817279626386,1.1220081727962639,2.0
-0.9619714786089567,-0.8667333833708615,-0.7971812192477692,-0.713284963722792,-0.5748478025185556,-0.4240680510382787,-0.3064798598949212,-0.18322074889500461,-0.052956383954632646,0.12200817279626386,0.2487699107664081,1.210741389375365,2.0
-0.8667333833708615,-0.7971812192477692,-0.713284963722792,-0.5748478025185556,-0.4240680510382787,-0.3064798598949212,-0.18322074889500461,-0.052956383954632646,0.12200817279626386,0.2487699107664081,0.4018847468935034,1.2686181302643649,2.0
-0.7971812192477692,-0.713284963722792,-0.5748478025185556,-0.4240680510382787,-0.3064798598949212,-0.18322074889500461,-0.052956383954632646,0.12200817279626386,0.2487699107664081,0.4018847468935034,0.534817780001668,1.3319989992494372,2.0
-0.713284963722792,-0.5748478025185556,-0.4240680510382787,-0.3064798598949212,-0.18322074889500461,-0.052956383954632646,0.12200817279626386,0.2487699107664081,0.4018847468935034,0.534817780001668,0.5598365440747226,1.2731215077975147,2.0
-0.5748478025185556,-0.4240680510382787,-0.3064798598949212,-0.18322074889500461,-0.052956383954632646,0.12200817279626386,0.2487699107664081,0.4018847468935034,0.534817780001668,0.5598365440747226,0.6400633808689851,1.2149111833875406,2.0
-0.4240680510382787,-0.3064798598949212,-0.18322074889500461,-0.052956383954632646,0.12200817279626386,0.2487699107664081,0.4018847468935034,0.534817780001668,0.5598365440747226,0.6400633808689851,0.692269201901426,1.1163372529397049,2.0
-0.3064798598949212,-0.18322074889500461,-0.052956383954632646,0.12200817279626386,0.2487699107664081,0.4018847468935034,0.534817780001668,0.5598365440747226,0.6400633808689851,0.692269201901426,0.6332249186890169,0.9987490617963473,2.0
-0.18322074889500461,-0.052956383954632646,0.12200817279626386,0.2487699107664081,0.4018847468935034,0.534817780001668,0.5598365440747226,0.6400633808689851,0.692269201901426,0.6332249186890169,0.551330164289884,0.8754899507964307,2.0
-0.052956383954632646,0.12200817279626386,0.2487699107664081,0.4018847468935034,0.534817780001668,0.5598365440747226,0.6400633808689851,0.692269201901426,0.6332249186890169,0.551330164289884,0.5321491118338755,0.7452255858560587,2.0
0.12200817279626386,0.2487699107664081,0.4018847468935034,0.534817780001668,0.5598365440747226,0.6400633808689851,0.692269201901426,0.6332249186890169,0.551330164289884,0.5321491118338755,0.4524226503210742,0.5702610291051622,2.0
0.2487699107664081,0.4018847468935034,0.534817780001668,0.5598365440747226,0.6400633808689851,0.692269201901426,0.6332249186890169,0.551330164289884,0.5321491118338755,0.4524226503210742,0.3573513468434659,0.44349929113501796,0.0
0.4018847468935034,0.534817780001668,0.5598365440747226,0.6400633808689851,0.692269201901426,0.6332249186890169,0.551330164289884,0.5321491118338755,0.4524226503210742,0.3573513468434659,0.2067383871236761,0.48553081477774995,0.0
0.534817780001668,0.5598365440747226,0.6400633808689851,0.692269201901426,0.6332249186890169,0.551330164289884,0.5321491118338755,0.4524226503210742,0.3573513468434659,0.2067383871236761,0.09081811358518888,0.6014510883162372,0.0
0.5598365440747226,0.6400633808689851,0.692269201901426,0.6332249186890169,0.551330164289884,0.5321491118338755,0.4524226503210742,0.3573513468434659,0.2067383871236761,0.09081811358518888,-0.029939121007422242,0.7222083229088483,0.0
0.6400633808689851,0.692269201901426,0.6332249186890169,0.551330164289884,0.5321491118338755,0.4524226503210742,0.3573513468434659,0.2067383871236761,0.09081811358518888,-0.029939121007422242,-0.1493620215161371,0.8416312234175631,0.0
0.692269201901426,0.6332249186890169,0.551330164289884,0.5321491118338755,0.4524226503210742,0.3573513468434659,0.2067383871236761,0.09081811358518888,-0.029939121007422242,-0.1493620215161371,-0.22024851972312565,0.9125177216245517,0.0
0.6332249186890169,0.551330164289884,0.5321491118338755,0.4524226503210742,0.3573513468434659,0.2067383871236761,0.09081811358518888,-0.029939121007422242,-0.1493620215161371,-0.22024851972312565,-0.32132432657826704,0.9545492452672839,0.0
0.551330164289884,0.5321491118338755,0.4524226503210742,0.3573513468434659,0.2067383871236761,0.09081811358518888,-0.029939121007422242,-0.1493620215161371,-0.22024851972312565,-0.32132432657826704,-0.4107247101993161,0.9620548744892001,0.0
0.5321491118338755,0.4524226503210742,0.3573513468434659,0.2067383871236761,0.09081811358518888,-0.029939121007422242,-0.1493620215161371,-0.22024851972312565,-0.32132432657826704,-0.4107247101993161,-0.44241514469185217,0.9745642565257276,0.0
0.4524226503210742,0.3573513468434659,0.2067383871236761,0.09081811358518888,-0.029939121007422242,-0.1493620215161371,-0.22024851972312565,-0.32132432657826704,-0.4107247101993161,-0.44241514469185217,-0.46426486531565336,0.9166875156367276,0.0
0.3573513468434659,0.2067383871236761,0.09081811358518888,-0.029939121007422242,-0.1493620215161371,-0.22024851972312565,-0.32132432657826704,-0.4107247101993161,-0.44241514469185217,-0.46426486531565336,-0.5603369193561838,0.9176882661996497,0.0
0.2067383871236761,0.09081811358518888,-0.029939121007422242,-0.1493620215161371,-0.22024851972312565,-0.32132432657826704,-0.4107247101993161,-0.44241514469185217,-0.46426486531565336,-0.5603369193561838,-0.6047035276457343,0.8114419147694104,0.0
0.09081811358518888,-0.029939121007422242,-0.1493620215161371,-0.22024851972312565,-0.32132432657826704,-0.4107247101993161,-0.44241514469185217,-0.46426486531565336,-0.5603369193561838,-0.6047035276457343,-0.6412309231923943,0.7320490367775832,0.0
-0.029939121007422242,-0.1493620215161371,-0.22024851972312565,-0.32132432657826704,-0.4107247101993161,-0.44241514469185217,-0.46426486531565336,-0.5603369193561838,-0.6047035276457343,-0.6412309231923943,-0.6680843966308064,0.6381452756233842,0.0
-0.1493620215161371,-0.22024851972312565,-0.32132432657826704,-0.4107247101993161,-0.44241514469185217,-0.46426486531565336,-0.5603369193561838,-0.6047035276457343,-0.6412309231923943,-0.6680843966308064,-0.7266689373297003,0.5773069158135632,0.0
-0.22024851972312565,-0.32132432657826704,-0.4107247101993161,-0.44241514469185217,-0.46426486531565336,-0.5603369193561838,-0.6047035276457343,-0.6412309231923943,-0.6680843966308064,-0.7266689373297003,-0.77588066139468,0.5556321416715544,0.0
-0.32132432657826704,-0.4107247101993161,-0.44241514469185217,-0.46426486531565336,-0.5603369193561838,-0.6047035276457343,-0.6412309231923943,-0.6680843966308064,-0.7266689373297003,-0.77588066139468,-0.8307320698625047,0.5094077432842377,0.0
-0.4107247101993161,-0.44241514469185217,-0.46426486531565336,-0.5603369193561838,-0.6047035276457343,-0.6412309231923943,-0.6680843966308064,-0.7266689373297003,-0.77588066139468,-0.8307320698625047,-0.8864734299516908,0.47574871975237465,0.0
-0.44241514469185217,-0.46426486531565336,-0.5603369193561838,-0.6047035276457343,-0.6412309231923943,-0.6680843966308064,-0.7266689373297003,-0.77588066139468,-0.8307320698625047,-0.8864734299516908,-0.8835005574136009,0.4440582852598386,0.0
-0.46426486531565336,-0.5603369193561838,-0.6047035276457343,-0.6412309231923943,-0.6680843966308064,-0.7266689373297003,-0.77588066139468,-0.8307320698625047,-0.8864734299516908,-0.8835005574136009,-0.8619472315124489,0.4222085646360374,0.0
-0.5603369193561838,-0.6047035276457343,-0.6412309231923943,-0.6680843966308064,-0.7266689373297003,-0.77588066139468,-0.8307320698625047,-0.8864734299516908,-0.8835005574136009,-0.8619472315124489,-0.8725380899293943,0.32613651059550697,0.0
-0.6047035276457343,-0.6412309231923943,-0.6680843966308064,-0.7266689373297003,-0.77588066139468,-0.8307320698625047,-0.8864734299516908,-0.8835005574136009,-0.8619472315124489,-0.8725380899293943,-0.8199554069119286,0.28176990230595644,0.0
-0.6412309231923943,-0.6680843966308064,-0.7266689373297003,-0.77588066139468,-0.8307320698625047,-0.8864734299516908,-0.8835005574136009,-0.8619472315124489,-0.8725380899293943,-0.8199554069119286,-0.7015979189892234,0.24524250675929649,0.0
-0.6680843966308064,-0.7266689373297003,-0.77588066139468,-0.8307320698625047,-0.8864734299516908,-0.8835005574136009,-0.8619472315124489,-0.8725380899293943,-0.8199554069119286,-0.7015979189892234,-0.6168710516536604,0.26960237829803035,2.0
-0.7266689373297003,-0.77588066139468,-0.8307320698625047,-0.8864734299516908,-0.8835005574136009,-0.8619472315124489,-0.8725380899293943,-0.8199554069119286,-0.7015979189892234,-0.6168710516536604,-0.5182088442958008,0.36826458565588993,2.0
-0.77588066139468,-0.8307320698625047,-0.8864734299516908,-0.8835005574136009,-0.8619472315124489,-0.8725380899293943,-0.8199554069119286,-0.7015979189892234,-0.6168710516536604,-0.5182088442958008,-0.3606465997770345,0.5258268301746563,2.0
-0.8307320698625047,-0.8864734299516908,-0.8835005574136009,-0.8619472315124489,-0.8725380899293943,-0.8199554069119286,-0.7015979189892234,-0.6168710516536604,-0.5182088442958008,-0.3606465997770345,-0.1911928651059086,0.6952805648457822,2.0
-0.8864734299516908,-0.8835005574136009,-0.8619472315124489,-0.8725380899293943,-0.8199554069119286,-0.7015979189892234,-0.6168710516536604,-0.5182088442958008,-0.3606465997770345,-0.1911928651059086,-0.055741360089186176,0.8307320698625046,2.0
-0.8835005574136009,-0.8619472315124489,-0.8725380899293943,-0.8199554069119286,-0.7015979189892234,-0.6168710516536604,-0.5182088442958008,-0.3606465997770345,-0.1911928651059086,-0.055741360089186176,0.09011519881085106,0.973615756224452,2.0
-0.8619472315124489,-0.8725380899293943,-0.8199554069119286,-0.7015979189892234,-0.6168710516536604,-0.5182088442958008,-0.3606465997770345,-0.1911928651059086,-0.055741360089186176,0.09011519881085106,0.2868821999256781,1.1594202898550723,2.0
-0.8725380899293943,-0.8199554069119286,-0.7015979189892234,-0.6168710516536604,-0.5182088442958008,-0.3606465997770345,-0.1911928651059086,-0.055741360089186176,0.09011519881085106,0.2868821999256781,0.42902266815310286,1.301560758082497,2.0
-0.8199554069119286,-0.7015979189892234,-0.6168710516536604,-0.5182088442958008,-0.3606465997770345,-0.1911928651059086,-0.055741360089186176,0.09011519881085106,0.2868821999256781,0.42902266815310286,0.5,1.3199554069119286,2.0
-0.7015979189892234,-0.6168710516536604,-0.5182088442958008,-0.3606465997770345,-0.1911928651059086,-0.055741360089186176,0.09011519881085106,0.2868821999256781,0.42902266815310286,0.5,0.5890003716090673,1.2905982905982907,2.0
-0.6168710516536604,-0.5182088442958008,-0.3606465997770345,-0.1911928651059086,-0.055741360089186176,0.09011519881085106,0.2868821999256781,0.42902266815310286,0.5,0.5890003716090673,0.6477146042363433,1.2645856558900037,2.0
-0.5182088442958008,-0.3606465997770345,-0.1911928651059086,-0.055741360089186176,0.09011519881085106,0.2868821999256781,0.42902266815310286,0.5,0.5890003716090673,0.6477146042363433,0.6746562616127834,1.1928651059085842,2.0
-0.3606465997770345,-0.1911928651059086,-0.055741360089186176,0.09011519881085106,0.2868821999256781,0.42902266815310286,0.5,0.5890003716090673,0.6477146042363433,0.6746562616127834,0.6722408026755853,1.0353028613898179,2.0
-0.1911928651059086,-0.055741360089186176,0.09011519881085106,0.2868821999256781,0.42902266815310286,0.5,0.5890003716090673,0.6477146042363433,0.6746562616127834,0.6722408026755853,0.6913786696395392,0.8825715347454478,2.0
-0.055741360089186176,0.09011519881085106,0.2868821999256781,0.42902266815310286,0.5,0.5890003716090673,0.6477146042363433,0.6746562616127834,0.6722408026755853,0.6913786696395392,0.6378669639539205,0.7471200297287254,2.0
0.09011519881085106,0.2868821999256781,0.42902266815310286,0.5,0.5890003716090673,0.6477146042363433,0.6746562616127834,0.6722408026755853,0.6913786696395392,0.6378669639539205,0.5111482720178373,0.6012634708286881,2.0
0.2868821999256781,0.42902266815310286,0.5,0.5890003716090673,0.6477146042363433,0.6746562616127834,0.6722408026755853,0.6913786696395392,0.6378669639539205,0.5111482720178373,0.40895577852099585,0.4044964697138611,2.0
0.42902266815310286,0.5,0.5890003716090673,0.6477146042363433,0.6746562616127834,0.6722408026755853,0.6913786696395392,0.6378669639539205,0.5111482720178373,0.40895577852099585,0.33593459680416204,0.35544407283537716,2.0
0.5,0.5890003716090673,0.6477146042363433,0.6746562616127834,0.6722408026755853,0.6913786696395392,0.6378669639539205,0.5111482720178373,0.40895577852099585,0.33593459680416204,0.2028985507246377,0.4884801189149015,0.0
0.5890003716090673,0.6477146042363433,0.6746562616127834,0.6722408026755853,0.6913786696395392,0.6378669639539205,0.5111482720178373,0.40895577852099585,0.33593459680416204,0.2028985507246377,0.06558900037160909,0.6257896692679301,0.0
0.6477146042363433,0.6746562616127834,0.6722408026755853,0.6913786696395392,0.6378669639539205,0.5111482720178373,0.40895577852099585,0.33593459680416204,0.2028985507246377,0.06558900037160909,-0.022110739502043897,0.7134894091415831,0.0
0.6746562616127834,0.6722408026755853,0.6913786696395392,0.6378669639539205,0.5111482720178373,0.40895577852099585,0.33593459680416204,0.2028985507246377,0.06558900037160909,-0.022110739502043897,-0.09903381642512077,0.79041248606466,0.0
0.6722408026755853,0.6913786696395392,0.6378669639539205,0.5111482720178373,0.40895577852099585,0.33593459680416204,0.2028985507246377,0.06558900037160909,-0.022110739502043897,-0.09903381642512077,-0.20958751393534003,0.9009661835748792,0.0
0.6913786696395392,0.6378669639539205,0.5111482720178373,0.40895577852099585,0.33593459680416204,0.2028985507246377,0.06558900037160909,-0.022110739502043897,-0.09903381642512077,-0.20958751393534003,-0.35581568190263846,1.0471943515421778,0.0
0.6378669639539205,0.5111482720178373,0.40895577852099585,0.33593459680416204,0.2028985507246377,0.06558900037160909,-0.022110739502043897,-0.09903381642512077,-0.20958751393534003,-0.35581568190263846,-0.4386845039018952,1.0765514678558157,0.0
0.5111482720178373,0.40895577852099585,0.33593459680416204,0.2028985507246377,0.06558900037160909,-0.022110739502043897,-0.09903381642512077,-0.20958751393534003,-0.35581568190263846,-0.4386845039018952,-0.556298773690078,1.0674470457079153,0.0
0.40895577852099585,0.33593459680416204,0.2028985507246377,0.06558900037160909,-0.022110739502043897,-0.09903381642512077,-0.20958751393534003,-0.35581568190263846,-0.4386845039018952,-0.556298773690078,-0.6614641397250093,1.0704199182460052,0.0
0.33593459680416204,0.2028985507246377,0.06558900037160909,-0.022110739502043897,-0.09903381642512077,-0.20958751393534003,-0.35581568190263846,-0.4386845039018952,-0.556298773690078,-0.6614641397250093,-0.7049424005945746,1.0408769973987366,0.0
0.2028985507246377,0.06558900037160909,-0.022110739502043897,-0.09903381642512077,-0.20958751393534003,-0.35581568190263846,-0.4386845039018952,-0.556298773690078,-0.6614641397250093,-0.7049424005945746,-0.7365291713117801,0.9394277220364178,0.0
0.06558900037160909,-0.022110739502043897,-0.09903381642512077,-0.20958751393534003,-0.35581568190263846,-0.4386845039018952,-0.556298773690078,-0.6614641397250093,-0.7049424005945746,-0.7365291713117801,-0.8093645484949833,0.8749535488665924,0.0
-0.022110739502043897,-0.09903381642512077,-0.20958751393534003,-0.35581568190263846,-0.4386845039018952,-0.556298773690078,-0.6614641397250093,-0.7049424005945746,-0.7365291713117801,-0.8093645484949833,-0.8764399851356373,0.8543292456335934,0.0
-0.09903381642512077,-0.20958751393534003,-0.35581568190263846,-0.4386845039018952,-0.556298773690078,-0.6614641397250093,-0.7049424005945746,-0.7365291713117801,-0.8093645484949833,-0.8764399851356373,-0.9412857673727238,0.8422519509476031,0.0
-0.20958751393534003,-0.35581568190263846,-0.4386845039018952,-0.556298773690078,-0.6614641397250093,-0.7049424005945746,-0.7365291713117801,-0.8093645484949833,-0.8764399851356373,-0.9412857673727238,-1.0,0.79041248606466,0.0
-0.35581568190263846,-0.4386845039018952,-0.556298773690078,-0.6614641397250093,-0.7049424005945746,-0.7365291713117801,-0.8093645484949833,-0.8764399851356373,-0.9412857673727238,-1.0,-1.0,0.6441843180973615,0.0
-0.4386845039018952,-0.556298773690078,-0.6614641397250093,-0.7049424005945746,-0.7365291713117801,-0.8093645484949833,-0.8764399851356373,-0.9412857673727238,-1.0,-1.0,-1.0,0.5613154960981048,0.0
-0.556298773690078,-0.6614641397250093,-0.7049424005945746,-0.7365291713117801,-0.8093645484949833,-0.8764399851356373,-0.9412857673727238,-1.0,-1.0,-1.0,-1.0,0.44370122630992204,0.0
-0.6614641397250093,-0.7049424005945746,-0.7365291713117801,-0.8093645484949833,-0.8764399851356373,-0.9412857673727238,-1.0,-1.0,-1.0,-1.0,-1.0,0.3385358602749907,0.0
-0.7049424005945746,-0.7365291713117801,-0.8093645484949833,-0.8764399851356373,-0.9412857673727238,-1.0,-1.0,-1.0,-1.0,-1.0,-0.9458986255799703,0.2950575994054254,1.0
-0.7365291713117801,-0.8093645484949833,-0.8764399851356373,-0.9412857673727238,-1.0,-1.0,-1.0,-1.0,-1.0,-0.9458986255799703,-0.881642300621553,0.2634708286882199,1.0
-0.8093645484949833,-0.8764399851356373,-0.9412857673727238,-1.0,-1.0,-1.0,-1.0,-1.0,-0.9458986255799703,-0.881642300621553,-0.849076424757069,0.1906354515050167,1.0
-0.8764399851356373,-0.9412857673727238,-1.0,-1.0,-1.0,-1.0,-1.0,-0.9458986255799703,-0.881642300621553,-0.849076424757069,-0.8039044033966558,0.1960955966033442,1.0
-0.9412857673727238,-1.0,-1.0,-1.0,-1.0,-1.0,-0.9458986255799703,-0.881642300621553,-0.849076424757069,-0.8039044033966558,-0.7016545565963408,0.2983454434036592,1.0
-1.0,-1.0,-1.0,-1.0,-1.0,-0.9458986255799703,-0.881642300621553,-0.849076424757069,-0.8039044033966558,-0.7016545565963408,-0.5850477107589951,0.4149522892410049,2.0
-1.0,-1.0,-1.0,-1.0,-0.9458986255799703,-0.881642300621553,-0.849076424757069,-0.8039044033966558,-0.7016545565963408,-0.5850477107589951,-0.5004814847238028,0.4995185152761972,2.0
-1.0,-1.0,-1.0,-0.9458986255799703,-0.881642300621553,-0.849076424757069,-0.8039044033966558,-0.7016545565963408,-0.5850477107589951,-0.5004814847238028,-0.35726166506171764,0.6427383349382824,2.0
-1.0,-1.0,-0.9458986255799703,-0.881642300621553,-0.849076424757069,-0.8039044033966558,-0.7016545565963408,-0.5850477107589951,-0.5004814847238028,-0.35726166506171764,-0.20336163879891445,0.7966383612010856,2.0
-1.0,-0.9458986255799703,-0.881642300621553,-0.849076424757069,-0.8039044033966558,-0.7016545565963408,-0.5850477107589951,-0.5004814847238028,-0.35726166506171764,-0.20336163879891445,-0.03965683270594411,0.9603431672940559,2.0
-0.9458986255799703,-0.881642300621553,-0.849076424757069,-0.8039044033966558,-0.7016545565963408,-0.5850477107589951,-0.5004814847238028,-0.35726166506171764,-0.20336163879891445,-0.03965683270594411,0.08868073185678016,1.0345793574367503,2.0
-0.881642300621553,-0.849076424757069,-0.8039044033966558,-0.7016545565963408,-0.5850477107589951,-0.5004814847238028,-0.35726166506171764,-0.20336163879891445,-0.03965683270594411,0.08868073185678016,0.22489713735446037,1.1065394379760134,2.0
-0.849076424757069,-0.8039044033966558,-0.7016545565963408,-0.5850477107589951,-0.5004814847238028,-0.35726166506171764,-0.20336163879891445,-0.03965683270594411,0.08868073185678016,0.22489713735446037,0.3590125186028188,1.2080889433598878,2.0
-0.8039044033966558,-0.7016545565963408,-0.5850477107589951,-0.5004814847238028,-0.35726166506171764,-0.20336163879891445,-0.03965683270594411,0.08868073185678016,0.22489713735446037,0.3590125186028188,0.48910093670664456,1.2930053401033004,2.0
-0.7016545565963408,-0.5850477107589951,-0.5004814847238028,-0.35726166506171764,-0.20336163879891445,-0.03965683270594411,0.08868073185678016,0.22489713735446037,0.3590125186028188,0.48910093670664456,0.6521054013831742,1.353759957979515,2.0
-0.5850477107589951,-0.5004814847238028,-0.35726166506171764,-0.20336163879891445,-0.03965683270594411,0.08868073185678016,0.22489713735446037,0.3590125186028188,0.48910093670664456,0.6521054013831742,0.7949750503370394,1.3800227610960345,2.0
-0.5004814847238028,-0.35726166506171764,-0.20336163879891445,-0.03965683270594411,0.08868073185678016,0.22489713735446037,0.3590125186028188,0.48910093670664456,0.6521054013831742,0.7949750503370394,0.8257900726604219,1.3262715573842248,2.0
-0.35726166506171764,-0.20336163879891445,-0.03965683270594411,0.08868073185678016,0.22489713735446037,0.3590125186028188,0.48910093670664456,0.6521054013831742,0.7949750503370394,0.8257900726604219,0.8271907554933029,1.1844524205550204,2.0
-0.20336163879891445,-0.03965683270594411,0.08868073185678016,0.22489713735446037,0.3590125186028188,0.48910093670664456,0.6521054013831742,0.7949750503370394,0.8257900726604219,0.8271907554933029,0.8909218243893899,1.0942834631883045,2.0
-0.03965683270594411,0.08868073185678016,0.22489713735446037,0.3590125186028188,0.48910093670664456,0.6521054013831742,0.7949750503370394,0.8257900726604219,0.8271907554933029,0.8909218243893899,0.8397969009892323,0.930578657095334,2.0
0.08868073185678016,0.22489713735446037,0.3590125186028188,0.48910093670664456,0.6521054013831742,0.7949750503370394,0.8257900726604219,0.8271907554933029,0.8909218243893899,0.8397969009892323,0.7636347719513263,0.8022410925326098,2.0
0.22489713735446037,0.3590125186028188,0.48910093670664456,0.6521054013831742,0.7949750503370394,0.8257900726604219,0.8271907554933029,0.8909218243893899,0.8397969009892323,0.7636347719513263,0.7118095071347281,0.6660246870349296,2.0
0.3590125186028188,0.48910093670664456,0.6521054013831742,0.7949750503370394,0.8257900726604219,0.8271907554933029,0.8909218243893899,0.8397969009892323,0.7636347719513263,0.7118095071347281,0.6846712772476582,0.5319093057865711,2.0
0.48910093670664456,0.6521054013831742,0.7949750503370394,0.8257900726604219,0.8271907554933029,0.8909218243893899,0.8397969009892323,0.7636347719513263,0.7118095071347281,0.6846712772476582,0.5924012956316205,0.4018208876827454,0.0
0.6521054013831742,0.7949750503370394,0.8257900726604219,0.8271907554933029,0.8909218243893899,0.8397969009892323,0.7636347719513263,0.7118095071347281,0.6846712772476582,0.5924012956316205,0.44060229361813885,0.4503195307712511,0.0
0.7949750503370394,0.8257900726604219,0.8271907554933029,0.8909218243893899,0.8397969009892323,0.7636347719513263,0.7118095071347281,0.6846712772476582,0.5924012956316205,0.44060229361813885,0.2753217193381774,0.6156001050512125,0.0
0.8257900726604219,0.8271907554933029,0.8909218243893899,0.8397969009892323,0.7636347719513263,0.7118095071347281,0.6846712772476582,0.5924012956316205,0.44060229361813885,0.2753217193381774,0.1476844961918935,0.7432373281974964,0.0
0.8271907554933029,0.8909218243893899,0.8397969009892323,0.7636347719513263,0.7118095071347281,0.6846712772476582,0.5924012956316205,0.44060229361813885,0.2753217193381774,0.1476844961918935,0.021623041232600837,0.8692987831567891,0.0
0.8909218243893899,0.8397969009892323,0.7636347719513263,0.7118095071347281,0.6846712772476582,0.5924012956316205,0.44060229361813885,0.2753217193381774,0.1476844961918935,0.021623041232600837,-0.05278823426420376,0.9437100586535937,0.0
0.8397969009892323,0.7636347719513263,0.7118095071347281,0.6846712772476582,0.5924012956316205,0.44060229361813885,0.2753217193381774,0.1476844961918935,0.021623041232600837,-0.05278823426420376,-0.11441827891096912,0.9542151799002014,0.0
0.7636347719513263,0.7118095071347281,0.6846712772476582,0.5924012956316205,0.44060229361813885,0.2753217193381774,0.1476844961918935,0.021623041232600837,-0.05278823426420376,-0.11441827891096912,-0.20843911406810822,0.9720738860194346,0.0
0.7118095071347281,0.6846712772476582,0.5924012956316205,0.44060229361813885,0.2753217193381774,0.1476844961918935,0.021623041232600837,-0.05278823426420376,-0.11441827891096912,-0.20843911406810822,-0.24660772126411623,0.9584172283988444,0.0
0.6846712772476582,0.5924012956316205,0.44060229361813885,0.2753217193381774,0.1476844961918935,0.021623041232600837,-0.05278823426420376,-0.11441827891096912,-0.20843911406810822,-0.24660772126411623,-0.2709445854854241,0.9556158627330823,0.0
0.5924012956316205,0.44060229361813885,0.2753217193381774,0.1476844961918935,0.021623041232600837,-0.05278823426420376,-0.11441827891096912,-0.20843911406810822,-0.24660772126411623,-0.2709445854854241,-0.3759957979515014,0.9683970935831219,0.0
0.44060229361813885,0.2753217193381774,0.1476844961918935,0.021623041232600837,-0.05278823426420376,-0.11441827891096912,-0.20843911406810822,-0.24660772126411623,-0.2709445854854241,-0.3759957979515014,-0.47211765735796196,0.9127199509761008,0.0
0.2753217193381774,0.1476844961918935,0.021623041232600837,-0.05278823426420376,-0.11441827891096912,-0.20843911406810822,-0.24660772126411623,-0.2709445854854241,-0.3759957979515014,-0.47211765735796196,-0.5148384837608334,0.7901602030990108,0.0
0.1476844961918935,0.021623041232600837,-0.05278823426420376,-0.11441827891096912,-0.20843911406810822,-0.24660772126411623,-0.2709445854854241,-0.3759957979515014,-0.47211765735796196,-0.5148384837608334,-0.5526569202486211,0.7003414164405146,0.0
0.021623041232600837,-0.05278823426420376,-0.11441827891096912,-0.20843911406810822,-0.24660772126411623,-0.2709445854854241,-0.3759957979515014,-0.47211765735796196,-0.5148384837608334,-0.5526569202486211,-0.5820712597391229,0.6036943009717237,0.0
-0.05278823426420376,-0.11441827891096912,-0.20843911406810822,-0.24660772126411623,-0.2709445854854241,-0.3759957979515014,-0.47211765735796196,-0.5148384837608334,-0.5526569202486211,-0.5820712597391229,-0.6512299746126237,0.5984417403484199,0.0
-0.11441827891096912,-0.20843911406810822,-0.24660772126411623,-0.2709445854854241,-0.3759957979515014,-0.47211765735796196,-0.5148384837608334,-0.5526569202486211,-0.5820712597391229,-0.6512299746126237,-0.7163617263415916,0.6019434474306224,0.0
-0.20843911406810822,-0.24660772126411623,-0.2709445854854241,-0.3759957979515014,-0.47211765735796196,-0.5148384837608334,-0.5526569202486211,-0.5820712597391229,-0.6512299746126237,-0.7163617263415916,-0.7722148246782068,0.5637757106100986,0.0
-0.24660772126411623,-0.2709445854854241,-0.3759957979515014,-0.47211765735796196,-0.5148384837608334,-0.5526569202486211,-0.5820712597391229,-0.6512299746126237,-0.7163617263415916,-0.7722148246782068,-0.8297530974240128,0.5831453761598966,0.0
-0.2709445854854241,-0.3759957979515014,-0.47211765735796196,-0.5148384837608334,-0.5526569202486211,-0.5820712597391229,-0.6512299746126237,-0.7163617263415916,-0.7722148246782068,-0.8297530974240128,-0.882619327959424,0.6116747424739999,0.0
-0.3759957979515014,-0.47211765735796196,-0.5148384837608334,-0.5526569202486211,-0.5820712597391229,-0.6512299746126237,-0.7163617263415916,-0.7722148246782068,-0.8297530974240128,-0.882619327959424,-0.9307727903748264,0.554776992423325,0.0
-0.47211765735796196,-0.5148384837608334,-0.5526569202486211,-0.5820712597391229,-0.6512299746126237,-0.7163617263415916,-0.7722148246782068,-0.8297530974240128,-0.882619327959424,-0.9307727903748264,-0.9254049051365109,0.45865513301686445,0.0
-0.5148384837608334,-0.5526569202486211,-0.5820712597391229,-0.6512299746126237,-0.7163617263415916,-0.7722148246782068,-0.8297530974240128,-0.882619327959424,-0.9307727903748264,-0.9254049051365109,-0.8563627950023137,0.415934306613993,0.0
-0.5526569202486211,-0.5820712597391229,-0.6512299746126237,-0.7163617263415916,-0.7722148246782068,-0.8297530974240128,-0.882619327959424,-0.9307727903748264,-0.9254049051365109,-0.8563627950023137,-0.8197130957889865,0.3781158701262053,0.0
-0.5820712597391229,-0.6512299746126237,-0.7163617263415916,-0.7722148246782068,-0.8297530974240128,-0.882619327959424,-0.9307727903748264,-0.9254049051365109,-0.8563627950023137,-0.8197130957889865,-0.7192040721888016,0.3487015306357035,0.0
-0.6512299746126237,-0.7163617263415916,-0.7722148246782068,-0.8297530974240128,-0.882619327959424,-0.9307727903748264,-0.9254049051365109,-0.8563627950023137,-0.8197130957889865,-0.7192040721888016,-0.5987043035631652,0.33206848681166123,0.0
-0.7163617263415916,-0.7722148246782068,-0.8297530974240128,-0.882619327959424,-0.9307727903748264,-0.9254049051365109,-0.8563627950023137,-0.8197130957889865,-0.7192040721888016,-0.5987043035631652,-0.5104118463674225,0.42036094400740387,2.0
-0.7722148246782068,-0.8297530974240128,-0.882619327959424,-0.9307727903748264,-0.9254049051365109,-0.8563627950023137,-0.8197130957889865,-0.7192040721888016,-0.5987043035631652,-0.5104118463674225,-0.35696436834798706,0.5738084220268393,2.0
-0.8297530974240128,-0.882619327959424,-0.9307727903748264,-0.9254049051365109,-0.8563627950023137,-0.8197130957889865,-0.7192040721888016,-0.5987043035631652,-0.5104118463674225,-0.35696436834798706,-0.1890791300323924,0.741693660342434,2.0
-0.882619327959424,-0.9307727903748264,-0.9254049051365109,-0.8563627950023137,-0.8197130957889865,-0.7192040721888016,-0.5987043035631652,-0.5104118463674225,-0.35696436834798706,-0.1890791300323924,-0.05950948634891251,0.8712633040259139,2.0
-0.9307727903748264,-0.9254049051365109,-0.8563627950023137,-0.8197130957889865,-0.7192040721888016,-0.5987043035631652,-0.5104118463674225,-0.35696436834798706,-0.1890791300323924,-0.05950948634891251,0.0795002313743638,1.0102730217491902,2.0
-0.9254049051365109,-0.8563627950023137,-0.8197130957889865,-0.7192040721888016,-0.5987043035631652,-0.5104118463674225,-0.35696436834798706,-0.1890791300323924,-0.05950948634891251,0.0795002313743638,0.22350763535400286,1.1489125404905138,2.0
-0.8563627950023137,-0.8197130957889865,-0.7192040721888016,-0.5987043035631652,-0.5104118463674225,-0.35696436834798706,-0.1890791300323924,-0.05950948634891251,0.0795002313743638,0.22350763535400286,0.3669597408607126,1.2233225358630264,2.0
-0.8197130957889865,-0.7192040721888016,-0.5987043035631652,-0.5104118463674225,-0.35696436834798706,-0.1890791300323924,-0.05950948634891251,0.0795002313743638,0.22350763535400286,0.3669597408607126,0.5054141601110598,1.3251272559000462,2.0
-0.7192040721888016,-0.5987043035631652,-0.5104118463674225,-0.35696436834798706,-0.1890791300323924,-0.05950948634891251,0.0795002313743638,0.22350763535400286,0.3669597408607126,0.5054141601110598,0.6353540027764923,1.354558074965294,2.0
-0.5987043035631652,-0.5104118463674225,-0.35696436834798706,-0.1890791300323924,-0.05950948634891251,0.0795002313743638,0.22350763535400286,0.3669597408607126,0.5054141601110598,0.6353540027764923,0.8000925497454883,1.3987968533086534,2.0
-0.5104118463674225,-0.35696436834798706,-0.1890791300323924,-0.05950948634891251,0.0795002313743638,0.22350763535400286,0.3669597408607126,0.5054141601110598,0.6353540027764923,0.8000925497454883,0.8976399814900509,1.4080518278574734,2.0
-0.35696436834798706,-0.1890791300323924,-0.05950948634891251,0.0795002313743638,0.22350763535400286,0.3669597408607126,0.5054141601110598,0.6353540027764923,0.8000925497454883,0.8976399814900509,0.9200370198981953,1.2770013882461824,2.0
-0.1890791300323924,-0.05950948634891251,0.0795002313743638,0.22350763535400286,0.3669597408607126,0.5054141601110598,0.6353540027764923,0.8000925497454883,0.8976399814900509,0.9200370198981953,0.9594632114761685,1.148542341508561,2.0
-0.05950948634891251,0.0795002313743638,0.22350763535400286,0.3669597408607126,0.5054141601110598,0.6353540027764923,0.8000925497454883,0.8976399814900509,0.9200370198981953,0.9594632114761685,0.964831096714484,1.0243405830633965,2.0
0.0795002313743638,0.22350763535400286,0.3669597408607126,0.5054141601110598,0.6353540027764923,0.8000925497454883,0.8976399814900509,0.9200370198981953,0.9594632114761685,0.964831096714484,0.8956038870893106,0.8853308653401202,2.0
0.22350763535400286,0.3669597408607126,0.5054141601110598,0.6353540027764923,0.8000925497454883,0.8976399814900509,0.9200370198981953,0.9594632114761685,0.964831096714484,0.8956038870893106,0.8474780194354465,0.7413234613604811,2.0
0.3669597408607126,0.5054141601110598,0.6353540027764923,0.8000925497454883,0.8976399814900509,0.9200370198981953,0.9594632114761685,0.964831096714484,0.8956038870893106,0.8474780194354465,0.8250809810273021,0.5978713558537714,2.0
0.5054141601110598,0.6353540027764923,0.8000925497454883,0.8976399814900509,0.9200370198981953,0.9594632114761685,0.964831096714484,0.8956038870893106,0.8474780194354465,0.8250809810273021,0.7858398889403053,0.4594169366034242,0.0
0.6353540027764923,0.8000925497454883,0.8976399814900509,0.9200370198981953,0.9594632114761685,0.964831096714484,0.8956038870893106,0.8474780194354465,0.8250809810273021,0.7858398889403053,0.6834798704303564,0.3294770939379916,0.0
0.8000925497454883,0.8976399814900509,0.9200370198981953,0.9594632114761685,0.964831096714484,0.8956038870893106,0.8474780194354465,0.8250809810273021,0.7858398889403053,0.6834798704303564,0.520777417862101,0.444053678852383,0.0
0.8976399814900509,0.9200370198981953,0.9594632114761685,0.964831096714484,0.8956038870893106,0.8474780194354465,0.8250809810273021,0.7858398889403053,0.6834798704303564,0.520777417862101,0.3917630726515502,0.5730680240629338,0.0
0.9200370198981953,0.9594632114761685,0.964831096714484,0.8956038870893106,0.8474780194354465,0.8250809810273021,0.7858398889403053,0.6834798704303564,0.520777417862101,0.3917630726515502,0.25775104118463665,0.7070800555298473,0.0
0.9594632114761685,0.964831096714484,0.8956038870893106,0.8474780194354465,0.8250809810273021,0.7858398889403053,0.6834798704303564,0.520777417862101,0.3917630726515502,0.25775104118463665,0.12299861175381777,0.8418324849606662,0.0
0.964831096714484,0.8956038870893106,0.8474780194354465,0.8250809810273021,0.7858398889403053,0.6834798704303564,0.520777417862101,0.3917630726515502,0.25775104118463665,0.12299861175381777,0.04062933826931969,0.9242017584451643,0.0
0.8956038870893106,0.8474780194354465,0.8250809810273021,0.7858398889403053,0.6834798704303564,0.520777417862101,0.3917630726515502,0.25775104118463665,0.12299861175381777,0.04062933826931969,-0.029708468301712143,0.9253123553910227,0.0
0.8474780194354465,0.8250809810273021,0.7858398889403053,0.6834798704303564,0.520777417862101,0.3917630726515502,0.25775104118463665,0.12299861175381777,0.04062933826931969,-0.029708468301712143,-0.13336418324849608,0.9808422026839426,0.0
0.8250809810273021,0.7858398889403053,0.6834798704303564,0.520777417862101,0.3917630726515502,0.25775104118463665,0.12299861175381777,0.04062933826931969,-0.029708468301712143,-0.13336418324849608,-0.22609902822767236,1.0511800092549746,0.0
0.7858398889403053,0.6834798704303564,0.520777417862101,0.3917630726515502,0.25775104118463665,0.12299861175381777,0.04062933826931969,-0.029708468301712143,-0.13336418324849608,-0.22609902822767236,-0.3053216103655715,1.0911614993058767,0.0
0.6834798704303564,0.520777417862101,0.3917630726515502,0.25775104118463665,0.12299861175381777,0.04062933826931969,-0.029708468301712143,-0.13336418324849608,-0.22609902822767236,-0.3053216103655715,-0.42063859324386854,1.104118463674225,0.0
0.520777417862101,0.3917630726515502,0.25775104118463665,0.12299861175381777,0.04062933826931969,-0.029708468301712143,-0.13336418324849608,-0.22609902822767236,-0.3053216103655715,-0.42063859324386854,-0.5254049051365108,1.0461823229986118,0.0
0.3917630726515502,0.25775104118463665,0.12299861175381777,0.04062933826931969,-0.029708468301712143,-0.13336418324849608,-0.22609902822767236,-0.3053216103655715,-0.42063859324386854,-0.5254049051365108,-0.5692734844979177,0.9610365571494679,0.0
0.25775104118463665,0.12299861175381777,0.04062933826931969,-0.029708468301712143,-0.13336418324849608,-0.22609902822767236,-0.3053216103655715,-0.42063859324386854,-0.5254049051365108,-0.5692734844979177,-0.6057380842202684,0.8634891254049051,0.0
0.12299861175381777,0.04062933826931969,-0.029708468301712143,-0.13336418324849608,-0.22609902822767236,-0.3053216103655715,-0.42063859324386854,-0.5254049051365108,-0.5692734844979177,-0.6057380842202684,-0.6821841739935215,0.8051827857473393,0.0
0.04062933826931969,-0.029708468301712143,-0.13336418324849608,-0.22609902822767236,-0.3053216103655715,-0.42063859324386854,-0.5254049051365108,-0.5692734844979177,-0.6057380842202684,-0.6821841739935215,-0.755113373438223,0.7957427117075427,0.0
-0.029708468301712143,-0.13336418324849608,-0.22609902822767236,-0.3053216103655715,-0.42063859324386854,-0.5254049051365108,-0.5692734844979177,-0.6057380842202684,-0.6821841739935215,-0.755113373438223,-0.824525682554373,0.7948172142526608,0.0
-0.13336418324849608,-0.22609902822767236,-0.3053216103655715,-0.42063859324386854,-0.5254049051365108,-0.5692734844979177,-0.6057380842202684,-0.6821841739935215,-0.755113373438223,-0.824525682554373,-0.8878297084683017,0.7544655252198056,0.0
-0.22609902822767236,-0.3053216103655715,-0.42063859324386854,-0.5254049051365108,-0.5692734844979177,-0.6057380842202684,-0.6821841739935215,-0.755113373438223,-0.824525682554373,-0.8878297084683017,-0.9485185185185185,0.7224194902908462,0.0
-0.3053216103655715,-0.42063859324386854,-0.5254049051365108,-0.5692734844979177,-0.6057380842202684,-0.6821841739935215,-0.755113373438223,-0.824525682554373,-0.8878297084683017,-0.9485185185185185,-1.0,0.6946783896344285,0.0
-0.42063859324386854,-0.5254049051365108,-0.5692734844979177,-0.6057380842202684,-0.6821841739935215,-0.755113373438223,-0.824525682554373,-0.8878297084683017,-0.9485185185185185,-1.0,-1.0,0.5793614067561315,0.0
-0.5254049051365108,-0.5692734844979177,-0.6057380842202684,-0.6821841739935215,-0.755113373438223,-0.824525682554373,-0.8878297084683017,-0.9485185185185185,-1.0,-1.0,-0.997788426096572,0.47459509486348916,0.0
-0.5692734844979177,-0.6057380842202684,-0.6821841739935215,-0.755113373438223,-0.824525682554373,-0.8878297084683017,-0.9485185185185185,-1.0,-1.0,-0.997788426096572,-0.9404718024327313,0.4307265155020823,0.0
-0.6057380842202684,-0.6821841739935215,-0.755113373438223,-0.824525682554373,-0.8878297084683017,-0.9485185185185185,-1.0,-1.0,-0.997788426096572,-0.9404718024327313,-0.8689642462218946,0.3942619157797316,0.0
-0.6821841739935215,-0.755113373438223,-0.824525682554373,-0.8878297084683017,-0.9485185185185185,-1.0,-1.0,-0.997788426096572,-0.9404718024327313,-0.8689642462218946,-0.8315517876889053,0.3178158260064785,2.0
-0.755113373438223,-0.824525682554373,-0.8878297084683017,-0.9485185185185185,-1.0,-1.0,-0.997788426096572,-0.9404718024327313,-0.8689642462218946,-0.8315517876889053,-0.7788426096572061,0.24488662656177695,2.0
-0.824525682554373,-0.8878297084683017,-0.9485185185185185,-1.0,-1.0,-0.997788426096572,-0.9404718024327313,-0.8689642462218946,-0.8315517876889053,-0.7788426096572061,-0.6623663840766678,0.3376336159233322,2.0
-0.8878297084683017,-0.9485185185185185,-1.0,-1.0,-0.997788426096572,-0.9404718024327313,-0.8689642462218946,-0.8315517876889053,-0.7788426096572061,-0.6623663840766678,-0.5781422779211205,0.4218577220788795,2.0
-0.9485185185185185,-1.0,-1.0,-0.997788426096572,-0.9404718024327313,-0.8689642462218946,-0.8315517876889053,-0.7788426096572061,-0.6623663840766678,-0.5781422779211205,-0.48101732399557684,0.5189826760044232,2.0
-1.0,-1.0,-0.997788426096572,-0.9404718024327313,-0.8689642462218946,-0.8315517876889053,-0.7788426096572061,-0.6623663840766678,-0.5781422779211205,-0.48101732399557684,-0.3251013638039071,0.6748986361960929,2.0
-1.0,-0.997788426096572,-0.9404718024327313,-0.8689642462218946,-0.8315517876889053,-0.7788426096572061,-0.6623663840766678,-0.5781422779211205,-0.48101732399557684,-0.3251013638039071,-0.15868042757095469,0.8413195724290453,2.0
-0.997788426096572,-0.9404718024327313,-0.8689642462218946,-0.8315517876889053,-0.7788426096572061,-0.6623663840766678,-0.5781422779211205,-0.48101732399557684,-0.3251013638039071,-0.15868042757095469,-0.02893475856984884,0.9688536675267232,2.0
-0.9404718024327313,-0.8689642462218946,-0.8315517876889053,-0.7788426096572061,-0.6623663840766678,-0.5781422779211205,-0.48101732399557684,-0.3251013638039071,-0.15868042757095469,-0.02893475856984884,0.10578695171396979,1.046258754146701,2.0
-0.8689642462218946,-0.8315517876889053,-0.7788426096572061,-0.6623663840766678,-0.5781422779211205,-0.48101732399557684,-0.3251013638039071,-0.15868042757095469,-0.02893475856984884,0.10578695171396979,0.24216734242535942,1.111131588647254,2.0
-0.8315517876889053,-0.7788426096572061,-0.6623663840766678,-0.5781422779211205,-0.48101732399557684,-0.3251013638039071,-0.15868042757095469,-0.02893475856984884,0.10578695171396979,0.24216734242535942,0.32989310726133425,1.1614448949502396,2.0
-0.7788426096572061,-0.6623663840766678,-0.5781422779211205,-0.48101732399557684,-0.3251013638039071,-0.15868042757095469,-0.02893475856984884,0.10578695171396979,0.24216734242535942,0.32989310726133425,0.4539255436785845,1.2327681533357906,2.0
-0.6623663840766678,-0.5781422779211205,-0.48101732399557684,-0.3251013638039071,-0.15868042757095469,-0.02893475856984884,0.10578695171396979,0.24216734242535942,0.32989310726133425,0.4539255436785845,0.5621083671212679,1.2244747511979357,2.0
-0.5781422779211205,-0.48101732399557684,-0.3251013638039071,-0.15868042757095469,-0.02893475856984884,0.10578695171396979,0.24216734242535942,0.32989310726133425,0.4539255436785845,0.5621083671212679,0.6498341319572429,1.2279764098783634,2.0
-0.48101732399557684,-0.3251013638039071,-0.15868042757095469,-0.02893475856984884,0.10578695171396979,0.24216734242535942,0.32989310726133425,0.4539255436785845,0.5621083671212679,0.6498341319572429,0.6658680427570955,1.1468853667526724,2.0
-0.3251013638039071,-0.15868042757095469,-0.02893475856984884,0.10578695171396979,0.24216734242535942,0.32989310726133425,0.4539255436785845,0.5621083671212679,0.6498341319572429,0.6658680427570955,0.7506450423884998,1.075746406192407,2.0
-0.15868042757095469,-0.02893475856984884,0.10578695171396979,0.24216734242535942,0.32989310726133425,0.4539255436785845,0.5621083671212679,0.6498341319572429,0.6658680427570955,0.7506450423884998,0.8116476225580538,0.9703280501290085,2.0
-0.02893475856984884,0.10578695171396979,0.24216734242535942,0.32989310726133425,0.4539255436785845,0.5621083671212679,0.6498341319572429,0.6658680427570955,0.7506450423884998,0.8116476225580538,0.7506450423884998,0.8405823811279026,2.0
0.10578695171396979,0.24216734242535942,0.32989310726133425,0.4539255436785845,0.5621083671212679,0.6498341319572429,0.6658680427570955,0.7506450423884998,0.8116476225580538,0.7506450423884998,0.6651308514559529,0.705860670844084,2.0
0.24216734242535942,0.32989310726133425,0.4539255436785845,0.5621083671212679,0.6498341319572429,0.6658680427570955,0.7506450423884998,0.8116476225580538,0.7506450423884998,0.6651308514559529,0.6494655363066715,0.5694802801326944,2.0
0.32989310726133425,0.4539255436785845,0.5621083671212679,0.6498341319572429,0.6658680427570955,0.7506450423884998,0.8116476225580538,0.7506450423884998,0.6651308514559529,0.6494655363066715,0.6146332473276814,0.48175451529671953,2.0
0.4539255436785845,0.5621083671212679,0.6498341319572429,0.6658680427570955,0.7506450423884998,0.8116476225580538,0.7506450423884998,0.6651308514559529,0.6494655363066715,0.6146332473276814,0.5171396977515665,0.3577220788794693,0.0
0.5621083671212679,0.6498341319572429,0.6658680427570955,0.7506450423884998,0.8116476225580538,0.7506450423884998,0.6651308514559529,0.6494655363066715,0.6146332473276814,0.5171396977515665,0.4023221525985994,0.4093254699594544,0.0
0.6498341319572429,0.6658680427570955,0.7506450423884998,0.8116476225580538,0.7506450423884998,0.6651308514559529,0.6494655363066715,0.6146332473276814,0.5171396977515665,0.4023221525985994,0.27773682270549216,0.5339107998525616,0.0
0.6658680427570955,0.7506450423884998,0.8116476225580538,0.7506450423884998,0.6651308514559529,0.6494655363066715,0.6146332473276814,0.5171396977515665,0.4023221525985994,0.27773682270549216,0.1966457795798009,0.6150018429782529,0.0
0.7506450423884998,0.8116476225580538,0.7506450423884998,0.6651308514559529,0.6494655363066715,0.6146332473276814,0.5171396977515665,0.4023221525985994,0.27773682270549216,0.1966457795798009,0.11647622558053805,0.6951713969775157,0.0
0.8116476225580538,0.7506450423884998,0.6651308514559529,0.6494655363066715,0.6146332473276814,0.5171396977515665,0.4023221525985994,0.27773682270549216,0.1966457795798009,0.11647622558053805,0.04220420199041652,0.7694434205676373,0.0
0.7506450423884998,0.6651308514559529,0.6494655363066715,0.6146332473276814,0.5171396977515665,0.4023221525985994,0.27773682270549216,0.1966457795798009,0.11647622558053805,0.04220420199041652,-0.07113896056026536,0.8217840029487652,0.0
0.6651308514559529,0.6494655363066715,0.6146332473276814,0.5171396977515665,0.4023221525985994,0.27773682270549216,0.1966457795798009,0.11647622558053805,0.04220420199041652,-0.07113896056026536,-0.2211573903427939,0.8862882417987468,0.0
0.6494655363066715,0.6146332473276814,0.5171396977515665,0.4023221525985994,0.27773682270549216,0.1966457795798009,0.11647622558053805,0.04220420199041652,-0.07113896056026536,-0.2211573903427939,-0.3083302617029119,0.9577957980095834,0.0
0.6146332473276814,0.5171396977515665,0.4023221525985994,0.27773682270549216,0.1966457795798009,0.11647622558053805,0.04220420199041652,-0.07113896056026536,-0.2211573903427939,-0.3083302617029119,-0.38370807224474757,0.998341319572429,0.0
0.5171396977515665,0.4023221525985994,0.27773682270549216,0.1966457795798009,0.11647622558053805,0.04220420199041652,-0.07113896056026536,-0.2211573903427939,-0.3083302617029119,-0.38370807224474757,-0.4941024695908588,1.0112421673424254,0.0
0.4023221525985994,0.27773682270549216,0.1966457795798009,0.11647622558053805,0.04220420199041652,-0.07113896056026536,-0.2211573903427939,-0.3083302617029119,-0.38370807224474757,-0.4941024695908588,-0.5938075930704018,0.9961297456690011,0.0
0.27773682270549216,0.1966457795798009,0.11647622558053805,0.04220420199041652,-0.07113896056026536,-0.2211573903427939,-0.3083302617029119,-0.38370807224474757,-0.4941024695908588,-0.5938075930704018,-0.6395134537412459,0.9172502764467381,0.0
0.1966457795798009,0.11647622558053805,0.04220420199041652,-0.07113896056026536,-0.2211573903427939,-0.3083302617029119,-0.38370807224474757,-0.4941024695908588,-0.5938075930704018,-0.6395134537412459,-0.672134168816808,0.8687799483966089,0.0
0.11647622558053805,0.04220420199041652,-0.07113896056026536,-0.2211573903427939,-0.3083302617029119,-0.38370807224474757,-0.4941024695908588,-0.5938075930704018,-0.6395134537412459,-0.672134168816808,-0.7458532989310727,0.8623295245116107,0.0
0.04220420199041652,-0.07113896056026536,-0.2211573903427939,-0.3083302617029119,-0.38370807224474757,-0.4941024695908588,-0.5938075930704018,-0.6395134537412459,-0.672134168816808,-0.7458532989310727,-0.8144120899373387,0.8566162919277552,0.0
-0.07113896056026536,-0.2211573903427939,-0.3083302617029119,-0.38370807224474757,-0.4941024695908588,-0.5938075930704018,-0.6395134537412459,-0.672134168816808,-0.7458532989310727,-0.8144120899373387,-0.8755989679321784,0.804460007371913,0.0
-0.2211573903427939,-0.3083302617029119,-0.38370807224474757,-0.4941024695908588,-0.5938075930704018,-0.6395134537412459,-0.672134168816808,-0.7458532989310727,-0.8144120899373387,-0.8755989679321784,-0.9342056763730188,0.7130482860302249,0.0
-0.3083302617029119,-0.38370807224474757,-0.4941024695908588,-0.5938075930704018,-0.6395134537412459,-0.672134168816808,-0.7458532989310727,-0.8144120899373387,-0.8755989679321784,-0.9342056763730188,-0.9904165130851456,0.6820862513822337,0.0
-0.38370807224474757,-0.4941024695908588,-0.5938075930704018,-0.6395134537412459,-0.672134168816808,-0.7458532989310727,-0.8144120899373387,-0.8755989679321784,-0.9342056763730188,-0.9904165130851456,-0.9972355326207151,0.6135274603759675,0.0
-0.4941024695908588,-0.5938075930704018,-0.6395134537412459,-0.672134168816808,-0.7458532989310727,-0.8144120899373387,-0.8755989679321784,-0.9342056763730188,-0.9904165130851456,-0.9972355326207151,-1.0,0.5058975304091412,0.0
-0.5938075930704018,-0.6395134537412459,-0.672134168816808,-0.7458532989310727,-0.8144120899373387,-0.8755989679321784,-0.9342056763730188,-0.9904165130851456,-0.9972355326207151,-1.0,-0.9994480728543832,0.40619240692959824,0.0
-0.6395134537412459,-0.672134168816808,-0.7458532989310727,-0.8144120899373387,-0.8755989679321784,-0.9342056763730188,-0.9904165130851456,-0.9972355326207151,-1.0,-0.9994480728543832,-0.9444393340079109,0.3604865462587541,0.0
-0.672134168816808,-0.7458532989310727,-0.8144120899373387,-0.8755989679321784,-0.9342056763730188,-0.9904165130851456,-0.9972355326207151,-1.0,-0.9994480728543832,-0.9444393340079109,-0.8771042222426639,0.327865831183192,0.0
-0.7458532989310727,-0.8144120899373387,-0.8755989679321784,-0.9342056763730188,-0.9904165130851456,-0.9972355326207151,-1.0,-0.9994480728543832,-0.9444393340079109,-0.8771042222426639,-0.8375494434734615,0.25414670106892734,0.0
-0.8144120899373387,-0.8755989679321784,-0.9342056763730188,-0.9904165130851456,-0.9972355326207151,-1.0,-0.9994480728543832,-0.9444393340079109,-0.8771042222426639,-0.8375494434734615,-0.7328672615214792,0.2671327384785208,2.0
-0.8755989679321784,-0.9342056763730188,-0.9904165130851456,-0.9972355326207151,-1.0,-0.9994480728543832,-0.9444393340079109,-0.8771042222426639,-0.8375494434734615,-0.7328672615214792,-0.6103394351945544,0.38966056480544564,2.0
-0.9342056763730188,-0.9904165130851456,-0.9972355326207151,-1.0,-0.9994480728543832,-0.9444393340079109,-0.8771042222426639,-0.8375494434734615,-0.7328672615214792,-0.6103394351945544,-0.5166957961549076,0.48330420384509243,2.0
-0.9904165130851456,-0.9972355326207151,-1.0,-0.9994480728543832,-0.9444393340079109,-0.8771042222426639,-0.8375494434734615,-0.7328672615214792,-0.6103394351945544,-0.5166957961549076,-0.3625241468126207,0.6374758531873793,2.0
-0.9972355326207151,-1.0,-0.9994480728543832,-0.9444393340079109,-0.8771042222426639,-0.8375494434734615,-0.7328672615214792,-0.6103394351945544,-0.5166957961549076,-0.3625241468126207,-0.19529022169073684,0.8047097783092632,2.0
-1.0,-0.9994480728543832,-0.9444393340079109,-0.8771042222426639,-0.8375494434734615,-0.7328672615214792,-0.6103394351945544,-0.5166957961549076,-0.3625241468126207,-0.19529022169073684,-0.06337963388832679,0.9366203661116732,2.0
-0.9994480728543832,-0.9444393340079109,-0.8771042222426639,-0.8375494434734615,-0.7328672615214792,-0.6103394351945544,-0.5166957961549076,-0.3625241468126207,-0.19529022169073684,-0.06337963388832679,0.07478612823107356,1.0742342010854569,2.0
-0.9444393340079109,-0.8771042222426639,-0.8375494434734615,-0.7328672615214792,-0.6103394351945544,-0.5166957961549076,-0.3625241468126207,-0.19529022169073684,-0.06337963388832679,0.07478612823107356,0.2151595989329409,1.1595989329408518,2.0
-0.8771042222426639,-0.8375494434734615,-0.7328672615214792,-0.6103394351945544,-0.5166957961549076,-0.3625241468126207,-0.19529022169073684,-0.06337963388832679,0.07478612823107356,0.2151595989329409,0.35387728819795794,1.2309815104406219,2.0
-0.8375494434734615,-0.7328672615214792,-0.6103394351945544,-0.5166957961549076,-0.3625241468126207,-0.19529022169073684,-0.06337963388832679,0.07478612823107356,0.2151595989329409,0.35387728819795794,0.43997792291417537,1.2775273663876368,2.0
-0.7328672615214792,-0.6103394351945544,-0.5166957961549076,-0.3625241468126207,-0.19529022169073684,-0.06337963388832679,0.07478612823107356,0.2151595989329409,0.35387728819795794,0.43997792291417537,0.5089688161162726,1.241836077637752,2.0
-0.6103394351945544,-0.5166957961549076,-0.3625241468126207,-0.19529022169073684,-0.06337963388832679,0.07478612823107356,0.2151595989329409,0.35387728819795794,0.43997792291417537,0.5089688161162726,0.5985649894213965,1.2089044246159508,2.0
-0.5166957961549076,-0.3625241468126207,-0.19529022169073684,-0.06337963388832679,0.07478612823107356,0.2151595989329409,0.35387728819795794,0.43997792291417537,0.5089688161162726,0.5985649894213965,0.6565173397111581,1.1732131358660656,2.0
-0.3625241468126207,-0.19529022169073684,-0.06337963388832679,0.07478612823107356,0.2151595989329409,0.35387728819795794,0.43997792291417537,0.5089688161162726,0.5985649894213965,0.6565173397111581,0.684113696991997,1.0466378438046178,2.0
-0.19529022169073684,-0.06337963388832679,0.07478612823107356,0.2151595989329409,0.35387728819795794,0.43997792291417537,0.5089688161162726,0.5985649894213965,0.6565173397111581,0.684113696991997,0.6793303283966516,0.8794039186827338,2.0
-0.06337963388832679,0.07478612823107356,0.2151595989329409,0.35387728819795794,0.43997792291417537,0.5089688161162726,0.5985649894213965,0.6565173397111581,0.684113696991997,0.6793303283966516,0.6454787967988225,0.7474933308803238,2.0
0.07478612823107356,0.2151595989329409,0.35387728819795794,0.43997792291417537,0.5089688161162726,0.5985649894213965,0.6565173397111581,0.684113696991997,0.6793303283966516,0.6454787967988225,0.5843988593505658,0.6093275687609234,2.0
0.2151595989329409,0.35387728819795794,0.43997792291417537,0.5089688161162726,0.5985649894213965,0.6565173397111581,0.684113696991997,0.6793303283966516,0.6454787967988225,0.5843988593505658,0.49940207892558175,0.4689540980590561,2.0
0.35387728819795794,0.43997792291417537,0.5089688161162726,0.5985649894213965,0.6565173397111581,0.684113696991997,0.6793303283966516,0.6454787967988225,0.5843988593505658,0.49940207892558175,0.39913531413853365,0.33023640879403904,2.0
0.43997792291417537,0.5089688161162726,0.5985649894213965,0.6565173397111581,0.684113696991997,0.6793303283966516,0.6454787967988225,0.5843988593505658,0.49940207892558175,0.39913531413853365,0.3354797166773986,0.34863398031459836,0.0
0.5089688161162726,0.5985649894213965,0.6565173397111581,0.684113696991997,0.6793303283966516,0.6454787967988225,0.5843988593505658,0.49940207892558175,0.39913531413853365,0.3354797166773986,0.26244135774077826,0.4216723392512187,0.0
0.5985649894213965,0.6565173397111581,0.684113696991997,0.6793303283966516,0.6454787967988225,0.5843988593505658,0.49940207892558175,0.39913531413853365,0.3354797166773986,0.26244135774077826,0.1831478244871676,0.5009658725048294,0.0
0.6565173397111581,0.684113696991997,0.6793303283966516,0.6454787967988225,0.5843988593505658,0.49940207892558175,0.39913531413853365,0.3354797166773986,0.26244135774077826,0.1831478244871676,0.10551007267040746,0.5786036243215895,0.0
0.684113696991997,0.6793303283966516,0.6454787967988225,0.5843988593505658,0.49940207892558175,0.39913531413853365,0.3354797166773986,0.26244135774077826,0.1831478244871676,0.10551007267040746,0.03615122803789905,0.6479624689540979,0.0
0.6793303283966516,0.6454787967988225,0.5843988593505658,0.49940207892558175,0.39913531413853365,0.3354797166773986,0.26244135774077826,0.1831478244871676,0.10551007267040746,0.03615122803789905,-0.06761107533805533,0.746941403734707,0.0
0.6454787967988225,0.5843988593505658,0.49940207892558175,0.39913531413853365,0.3354797166773986,0.26244135774077826,0.1831478244871676,0.10551007267040746,0.03615122803789905,-0.06761107533805533,-0.20982430319197864,0.8553030999908011,0.0
0.5843988593505658,0.49940207892558175,0.39913531413853365,0.3354797166773986,0.26244135774077826,0.1831478244871676,0.10551007267040746,0.03615122803789905,-0.06761107533805533,-0.20982430319197864,-0.29279735074970104,0.8771962101002668,0.0
0.49940207892558175,0.39913531413853365,0.3354797166773986,0.26244135774077826,0.1831478244871676,0.10551007267040746,0.03615122803789905,-0.06761107533805533,-0.20982430319197864,-0.29279735074970104,-0.41090975991169165,0.9103118388372734,0.0
0.39913531413853365,0.3354797166773986,0.26244135774077826,0.1831478244871676,0.10551007267040746,0.03615122803789905,-0.06761107533805533,-0.20982430319197864,-0.29279735074970104,-0.41090975991169165,-0.5159598932940852,0.9150952074326189,0.0
0.3354797166773986,0.26244135774077826,0.1831478244871676,0.10551007267040746,0.03615122803789905,-0.06761107533805533,-0.20982430319197864,-0.29279735074970104,-0.41090975991169165,-0.5159598932940852,-0.561217919234661,0.8966976359120596,0.0
0.26244135774077826,0.1831478244871676,0.10551007267040746,0.03615122803789905,-0.06761107533805533,-0.20982430319197864,-0.29279735074970104,-0.41090975991169165,-0.5159598932940852,-0.561217919234661,-0.5980130622757795,0.8604544200165578,0.0
0.1831478244871676,0.10551007267040746,0.03615122803789905,-0.06761107533805533,-0.20982430319197864,-0.29279735074970104,-0.41090975991169165,-0.5159598932940852,-0.561217919234661,-0.5980130622757795,-0.6689125959198952,0.8520604204070628,0.0
0.10551007267040746,0.03615122803789905,-0.06761107533805533,-0.20982430319197864,-0.29279735074970104,-0.41090975991169165,-0.5159598932940852,-0.561217919234661,-0.5980130622757795,-0.6689125959198952,-0.7385364027699794,0.8440464754403869,0.0
0.03615122803789905,-0.06761107533805533,-0.20982430319197864,-0.29279735074970104,-0.41090975991169165,-0.5159598932940852,-0.561217919234661,-0.5980130622757795,-0.6689125959198952,-0.7385364027699794,-0.8023582257158899,0.8385094537537889,0.0
-0.06761107533805533,-0.20982430319197864,-0.29279735074970104,-0.41090975991169165,-0.5159598932940852,-0.561217919234661,-0.5980130622757795,-0.6689125959198952,-0.7385364027699794,-0.8023582257158899,-0.8635597978663672,0.7959487225283118,0.0
-0.20982430319197864,-0.29279735074970104,-0.41090975991169165,-0.5159598932940852,-0.561217919234661,-0.5980130622757795,-0.6689125959198952,-0.7385364027699794,-0.8023582257158899,-0.8635597978663672,-0.9238255661613326,0.714001262969354,0.0
-0.29279735074970104,-0.41090975991169165,-0.5159598932940852,-0.561217919234661,-0.5980130622757795,-0.6689125959198952,-0.7385364027699794,-0.8023582257158899,-0.8635597978663672,-0.9238255661613326,-0.9840913344562979,0.6912939837065969,0.0
-0.41090975991169165,-0.5159598932940852,-0.561217919234661,-0.5980130622757795,-0.6689125959198952,-0.7385364027699794,-0.8023582257158899,-0.8635597978663672,-0.9238255661613326,-0.9840913344562979,-0.9895189968182669,0.5786092369065753,0.0
-0.5159598932940852,-0.561217919234661,-0.5980130622757795,-0.6689125959198952,-0.7385364027699794,-0.8023582257158899,-0.8635597978663672,-0.9238255661613326,-0.9840913344562979,-0.9895189968182669,-0.990080479131574,0.47412058583748884,0.0
-0.561217919234661,-0.5980130622757795,-0.6689125959198952,-0.7385364027699794,-0.8023582257158899,-0.8635597978663672,-0.9238255661613326,-0.9840913344562979,-0.9895189968182669,-0.990080479131574,-0.9369268201384989,0.428862559896913,0.0
-0.5980130622757795,-0.6689125959198952,-0.7385364027699794,-0.8023582257158899,-0.8635597978663672,-0.9238255661613326,-0.9840913344562979,-0.9895189968182669,-0.990080479131574,-0.9369268201384989,-0.8742279618192027,0.3920674168557945,0.0
-0.6689125959198952,-0.7385364027699794,-0.8023582257158899,-0.8635597978663672,-0.9238255661613326,-0.9840913344562979,-0.9895189968182669,-0.990080479131574,-0.9369268201384989,-0.8742279618192027,-0.7995508141493544,0.3211678832116789,0.0
-0.7385364027699794,-0.8023582257158899,-0.8635597978663672,-0.9238255661613326,-0.9840913344562979,-0.9895189968182669,-0.990080479131574,-0.9369268201384989,-0.8742279618192027,-0.7995508141493544,-0.7598727306756504,0.2515440763615946,2.0
-0.8023582257158899,-0.8635597978663672,-0.9238255661613326,-0.9840913344562979,-0.9895189968182669,-0.990080479131574,-0.9369268201384989,-0.8742279618192027,-0.7995508141493544,-0.7598727306756504,-0.7059704285981658,0.2841100505334082,2.0
-0.8635597978663672,-0.9238255661613326,-0.9840913344562979,-0.9895189968182669,-0.990080479131574,-0.9369268201384989,-0.8742279618192027,-0.7995508141493544,-0.7598727306756504,-0.7059704285981658,-0.5886206251169754,0.4014598540145986,2.0
-0.9238255661613326,-0.9840913344562979,-0.9895189968182669,-0.990080479131574,-0.9369268201384989,-0.8742279618192027,-0.7995508141493544,-0.7598727306756504,-0.7059704285981658,-0.5886206251169754,-0.5017780273254726,0.48830245180610143,2.0
-0.9840913344562979,-0.9895189968182669,-0.990080479131574,-0.9369268201384989,-0.8742279618192027,-0.7995508141493544,-0.7598727306756504,-0.7059704285981658,-0.5886206251169754,-0.5017780273254726,-0.35036496350364965,0.6397155156279244,2.0
-0.9895189968182669,-0.990080479131574,-0.9369268201384989,-0.8742279618192027,-0.7995508141493544,-0.7598727306756504,-0.7059704285981658,-0.5886206251169754,-0.5017780273254726,-0.35036496350364965,-0.18603780647576273,0.8040426726558113,2.0
-0.990080479131574,-0.9369268201384989,-0.8742279618192027,-0.7995508141493544,-0.7598727306756504,-0.7059704285981658,-0.5886206251169754,-0.5017780273254726,-0.35036496350364965,-0.18603780647576273,-0.05783267827063443,0.9322478008609396,2.0
-0.9369268201384989,-0.8742279618192027,-0.7995508141493544,-0.7598727306756504,-0.7059704285981658,-0.5886206251169754,-0.5017780273254726,-0.35036496350364965,-0.18603780647576273,-0.05783267827063443,0.07598727306756503,1.012914093206064,2.0
-0.8742279618192027,-0.7995508141493544,-0.7598727306756504,-0.7059704285981658,-0.5886206251169754,-0.5017780273254726,-0.35036496350364965,-0.18603780647576273,-0.05783267827063443,0.07598727306756503,0.21504772599663102,1.0892756878158338,2.0
-0.7995508141493544,-0.7598727306756504,-0.7059704285981658,-0.5886206251169754,-0.5017780273254726,-0.35036496350364965,-0.18603780647576273,-0.05783267827063443,0.07598727306756503,0.21504772599663102,0.35897435897435903,1.1585251731237134,2.0
-0.7598727306756504,-0.7059704285981658,-0.5886206251169754,-0.5017780273254726,-0.35036496350364965,-0.18603780647576273,-0.05783267827063443,0.07598727306756503,0.21504772599663102,0.35897435897435903,0.5006550626988584,1.260527793374509,2.0
-0.7059704285981658,-0.5886206251169754,-0.5017780273254726,-0.35036496350364965,-0.18603780647576273,-0.05783267827063443,0.07598727306756503,0.21504772599663102,0.35897435897435903,0.5006550626988584,0.6331648886393413,1.3391353172375071,2.0
-0.5886206251169754,-0.5017780273254726,-0.35036496350364965,-0.18603780647576273,-0.05783267827063443,0.07598727306756503,0.21504772599663102,0.35897435897435903,0.5006550626988584,0.6331648886393413,0.7956204379562044,1.3842410630731798,2.0
-0.5017780273254726,-0.35036496350364965,-0.18603780647576273,-0.05783267827063443,0.07598727306756503,0.21504772599663102,0.35897435897435903,0.5006550626988584,0.6331648886393413,0.7956204379562044,0.8848961257720382,1.3866741530975109,2.0
-0.35036496350364965,-0.18603780647576273,-0.05783267827063443,0.07598727306756503,0.21504772599663102,0.35897435897435903,0.5006550626988584,0.6331648886393413,0.7956204379562044,0.8848961257720382,0.8946284858693618,1.2449934493730115,2.0
-0.18603780647576273,-0.05783267827063443,0.07598727306756503,0.21504772599663102,0.35897435897435903,0.5006550626988584,0.6331648886393413,0.7956204379562044,0.8848961257720382,0.8946284858693618,0.9663110612015722,1.1523488676773348,2.0
-0.05783267827063443,0.07598727306756503,0.21504772599663102,0.35897435897435903,0.5006550626988584,0.6331648886393413,0.7956204379562044,0.8848961257720382,0.8946284858693618,0.9663110612015722,0.9101628298708591,1.0241437394722066,2.0
0.07598727306756503,0.21504772599663102,0.35897435897435903,0.5006550626988584,0.6331648886393413,0.7956204379562044,0.8848961257720382,0.8946284858693618,0.9663110612015722,0.9101628298708591,0.8266891259591989,0.8903237881340071,2.0
0.21504772599663102,0.35897435897435903,0.5006550626988584,0.6331648886393413,0.7956204379562044,0.8848961257720382,0.8946284858693618,0.9663110612015722,0.9101628298708591,0.8266891259591989,0.815272318921954,0.7512633352049412,2.0
0.35897435897435903,0.5006550626988584,0.6331648886393413,0.7956204379562044,0.8848961257720382,0.8946284858693618,0.9663110612015722,0.9101628298708591,0.8266891259591989,0.815272318921954,0.7847651132322666,0.6073367022272131,2.0
0.5006550626988584,0.6331648886393413,0.7956204379562044,0.8848961257720382,0.8946284858693618,0.9663110612015722,0.9101628298708591,0.8266891259591989,0.815272318921954,0.7847651132322666,0.6893131199700542,0.4656559985027138,0.0
0.6331648886393413,0.7956204379562044,0.8848961257720382,0.8946284858693618,0.9663110612015722,0.9101628298708591,0.8266891259591989,0.815272318921954,0.7847651132322666,0.6893131199700542,0.5302264645330339,0.43608459666853827,0.0
0.7956204379562044,0.8848961257720382,0.8946284858693618,0.9663110612015722,0.9101628298708591,0.8266891259591989,0.815272318921954,0.7847651132322666,0.6893131199700542,0.5302264645330339,0.36122028822758745,0.6050907729739847,0.0
0.8848961257720382,0.8946284858693618,0.9663110612015722,0.9101628298708591,0.8266891259591989,0.815272318921954,0.7847651132322666,0.6893131199700542,0.5302264645330339,0.36122028822758745,0.19052966498221968,0.7757813962193525,0.0
0.8946284858693618,0.9663110612015722,0.9101628298708591,0.8266891259591989,0.815272318921954,0.7847651132322666,0.6893131199700542,0.5302264645330339,0.36122028822758745,0.19052966498221968,0.021336327905671082,0.9449747332959011,0.0
0.9663110612015722,0.9101628298708591,0.8266891259591989,0.815272318921954,0.7847651132322666,0.6893131199700542,0.5302264645330339,0.36122028822758745,0.19052966498221968,0.021336327905671082,-0.04604154969118468,1.0123526108927567,0.0
0.9101628298708591,0.8266891259591989,0.815272318921954,0.7847651132322666,0.6893131199700542,0.5302264645330339,0.36122028822758745,0.19052966498221968,0.021336327905671082,-0.04604154969118468,-0.10144113793748832,1.0116039678083473,0.0
0.8266891259591989,0.815272318921954,0.7847651132322666,0.6893131199700542,0.5302264645330339,0.36122028822758745,0.19052966498221968,0.021336327905671082,-0.04604154969118468,-0.10144113793748832,-0.1922141119221411,1.0189032378813399,0.0
0.815272318921954,0.7847651132322666,0.6893131199700542,0.5302264645330339,0.36122028822758745,0.19052966498221968,0.021336327905671082,-0.04604154969118468,-0.10144113793748832,-0.1922141119221411,-0.22028822758749766,1.0355605465094517,0.0
0.7847651132322666,0.6893131199700542,0.5302264645330339,0.36122028822758745,0.19052966498221968,0.021336327905671082,-0.04604154969118468,-0.10144113793748832,-0.1922141119221411,-0.22028822758749766,-0.23488676773348305,1.0196518809657498,0.0
0.6893131199700542,0.5302264645330339,0.36122028822758745,0.19052966498221968,0.021336327905671082,-0.04604154969118468,-0.10144113793748832,-0.1922141119221411,-0.22028822758749766,-0.23488676773348305,-0.2867303013288415,0.9760434212988957,0.0
0.5302264645330339,0.36122028822758745,0.19052966498221968,0.021336327905671082,-0.04604154969118468,-0.10144113793748832,-0.1922141119221411,-0.22028822758749766,-0.23488676773348305,-0.2867303013288415,-0.3282799925135692,0.8585064570466031,0.0
0.36122028822758745,0.19052966498221968,0.021336327905671082,-0.04604154969118468,-0.10144113793748832,-0.1922141119221411,-0.22028822758749766,-0.23488676773348305,-0.2867303013288415,-0.3282799925135692,-0.31293280928317424,0.6895002807411567,0.0
0.19052966498221968,0.021336327905671082,-0.04604154969118468,-0.10144113793748832,-0.1922141119221411,-0.22028822758749766,-0.23488676773348305,-0.2867303013288415,-0.3282799925135692,-0.31293280928317424,-0.2809822958309537,0.5188096574957889,0.0
0.021336327905671082,-0.04604154969118468,-0.10144113793748832,-0.1922141119221411,-0.22028822758749766,-0.23488676773348305,-0.2867303013288415,-0.3282799925135692,-0.31293280928317424,-0.2809822958309537,-0.25813820673900634,0.3496163204192403,0.0
-0.04604154969118468,-0.10144113793748832,-0.1922141119221411,-0.22028822758749766,-0.23488676773348305,-0.2867303013288415,-0.3282799925135692,-0.31293280928317424,-0.2809822958309537,-0.25813820673900634,-0.23662668951075572,0.2822384428223845,1.0
-0.10144113793748832,-0.1922141119221411,-0.22028822758749766,-0.23488676773348305,-0.2867303013288415,-0.3282799925135692,-0.31293280928317424,-0.2809822958309537,-0.25813820673900634,-0.23662668951075572,-0.21359223300970875,0.22683885457608088,1.0
-0.1922141119221411,-0.22028822758749766,-0.23488676773348305,-0.2867303013288415,-0.3282799925135692,-0.31293280928317424,-0.2809822958309537,-0.25813820673900634,-0.23662668951075572,-0.21359223300970875,-0.23281934132876447,0.1360658805914281,1.0
-0.22028822758749766,-0.23488676773348305,-0.2867303013288415,-0.3282799925135692,-0.31293280928317424,-0.2809822958309537,-0.25813820673900634,-0.23662668951075572,-0.21359223300970875,-0.23281934132876447,-0.24766799923853033,0.11468775950386045,1.0
-0.23488676773348305,-0.2867303013288415,-0.3282799925135692,-0.31293280928317424,-0.2809822958309537,-0.25813820673900634,-0.23662668951075572,-0.21359223300970875,-0.23281934132876447,-0.24766799923853033,-0.2501427755568246,0.11468775950386045,1.0
-0.2867303013288415,-0.3282799925135692,-0.31293280928317424,-0.2809822958309537,-0.25813820673900634,-0.23662668951075572,-0.21359223300970875,-0.23281934132876447,-0.24766799923853033,-0.2501427755568246,-0.28231486769465064,0.11468775950386045,1.0
-0.3282799925135692,-0.31293280928317424,-0.2809822958309537,-0.25813820673900634,-0.23662668951075572,-0.21359223300970875,-0.23281934132876447,-0.24766799923853033,-0.2501427755568246,-0.28231486769465064,-0.29621168855891866,0.11468775950386045,1.0
-0.31293280928317424,-0.2809822958309537,-0.25813820673900634,-0.23662668951075572,-0.21359223300970875,-0.23281934132876447,-0.24766799923853033,-0.2501427755568246,-0.28231486769465064,-0.29621168855891866,-0.24290881401104136,0.09934057627346549,1.0
-0.2809822958309537,-0.25813820673900634,-0.23662668951075572,-0.21359223300970875,-0.23281934132876447,-0.24766799923853033,-0.2501427755568246,-0.28231486769465064,-0.29621168855891866,-0.24290881401104136,-0.2173995811917,0.08261945554920991,1.0
-0.25813820673900634,-0.23662668951075572,-0.21359223300970875,-0.23281934132876447,-0.24766799923853033,-0.2501427755568246,-0.28231486769465064,-0.29621168855891866,-0.24290881401104136,-0.2173995811917,-0.12583285741481054,0.17037883114410812,1.0
-0.23662668951075572,-0.21359223300970875,-0.23281934132876447,-0.24766799923853033,-0.2501427755568246,-0.28231486769465064,-0.29621168855891866,-0.24290881401104136,-0.2173995811917,-0.12583285741481054,-0.015419760137064586,0.2807919284218541,1.0
-0.21359223300970875,-0.23281934132876447,-0.24766799923853033,-0.2501427755568246,-0.28231486769465064,-0.29621168855891866,-0.24290881401104136,-0.2173995811917,-0.12583285741481054,-0.015419760137064586,0.061869407957357625,0.3580810965162763,1.0
-0.23281934132876447,-0.24766799923853033,-0.2501427755568246,-0.28231486769465064,-0.29621168855891866,-0.24290881401104136,-0.2173995811917,-0.12583285741481054,-0.015419760137064586,0.061869407957357625,0.15210355987055024,0.4483152484294689,2.0
-0.24766799923853033,-0.2501427755568246,-0.28231486769465064,-0.29621168855891866,-0.24290881401104136,-0.2173995811917,-0.12583285741481054,-0.015419760137064586,0.061869407957357625,0.15210355987055024,0.30363601751380154,0.5998477060727202,2.0
-0.2501427755568246,-0.28231486769465064,-0.29621168855891866,-0.24290881401104136,-0.2173995811917,-0.12583285741481054,-0.015419760137064586,0.061869407957357625,0.15210355987055024,0.30363601751380154,0.463925375975633,0.7601370645345517,2.0
-0.28231486769465064,-0.29621168855891866,-0.24290881401104136,-0.2173995811917,-0.12583285741481054,-0.015419760137064586,0.061869407957357625,0.15210355987055024,0.30363601751380154,0.463925375975633,0.5836664762992576,0.8798781648581763,2.0
-0.29621168855891866,-0.24290881401104136,-0.2173995811917,-0.12583285741481054,-0.015419760137064586,0.061869407957357625,0.15210355987055024,0.30363601751380154,0.463925375975633,0.5836664762992576,0.6956025128498,0.9918142014087187,2.0
-0.24290881401104136,-0.2173995811917,-0.12583285741481054,-0.015419760137064586,0.061869407957357625,0.15210355987055024,0.30363601751380154,0.463925375975633,0.5836664762992576,0.6956025128498,0.8804492670854749,1.1233580810965162,2.0
-0.2173995811917,-0.12583285741481054,-0.015419760137064586,0.061869407957357625,0.15210355987055024,0.30363601751380154,0.463925375975633,0.5836664762992576,0.6956025128498,0.8804492670854749,1.0,1.2173995811917,2.0
-0.12583285741481054,-0.015419760137064586,0.061869407957357625,0.15210355987055024,0.30363601751380154,0.463925375975633,0.5836664762992576,0.6956025128498,0.8804492670854749,1.0,1.0,1.1258328574148107,2.0
-0.015419760137064586,0.061869407957357625,0.15210355987055024,0.30363601751380154,0.463925375975633,0.5836664762992576,0.6956025128498,0.8804492670854749,1.0,1.0,1.0,1.0154197601370645,2.0
0.061869407957357625,0.15210355987055024,0.30363601751380154,0.463925375975633,0.5836664762992576,0.6956025128498,0.8804492670854749,1.0,1.0,1.0,0.9417998922220225,0.9381305920426424,2.0
0.15210355987055024,0.30363601751380154,0.463925375975633,0.5836664762992576,0.6956025128498,0.8804492670854749,1.0,1.0,1.0,0.9417998922220225,0.8968924016525956,0.8478964401294498,2.0
0.30363601751380154,0.463925375975633,0.5836664762992576,0.6956025128498,0.8804492670854749,1.0,1.0,1.0,0.9417998922220225,0.8968924016525956,0.8686904975749956,0.6963639824861985,2.0
0.463925375975633,0.5836664762992576,0.6956025128498,0.8804492670854749,1.0,1.0,1.0,0.9417998922220225,0.8968924016525956,0.8686904975749956,0.771869947907311,0.536074624024367,0.0
0.5836664762992576,0.6956025128498,0.8804492670854749,1.0,1.0,1.0,0.9417998922220225,0.8968924016525956,0.8686904975749956,0.771869947907311,0.6098437219328183,0.4163335237007424,0.0
0.6956025128498,0.8804492670854749,1.0,1.0,1.0,0.9417998922220225,0.8968924016525956,0.8686904975749956,0.771869947907311,0.6098437219328183,0.4767379198850368,0.5232620801149632,0.0
0.8804492670854749,1.0,1.0,1.0,0.9417998922220225,0.8968924016525956,0.8686904975749956,0.771869947907311,0.6098437219328183,0.4767379198850368,0.3743488413867433,0.6256511586132567,0.0
1.0,1.0,1.0,0.9417998922220225,0.8968924016525956,0.8686904975749956,0.771869947907311,0.6098437219328183,0.4767379198850368,0.3743488413867433,0.2660319741332855,0.7339680258667145,0.0
1.0,1.0,0.9417998922220225,0.8968924016525956,0.8686904975749956,0.771869947907311,0.6098437219328183,0.4767379198850368,0.3743488413867433,0.2660319741332855,0.11657984551823253,0.8834201544817675,0.0
1.0,0.9417998922220225,0.8968924016525956,0.8686904975749956,0.771869947907311,0.6098437219328183,0.4767379198850368,0.3743488413867433,0.2660319741332855,0.11657984551823253,-0.02119633554876954,1.0211963355487694,0.0
0.9417998922220225,0.8968924016525956,0.8686904975749956,0.771869947907311,0.6098437219328183,0.4767379198850368,0.3743488413867433,0.2660319741332855,0.11657984551823253,-0.02119633554876954,-0.1429854499730555,1.0847853421950782,0.0
0.8968924016525956,0.8686904975749956,0.771869947907311,0.6098437219328183,0.4767379198850368,0.3743488413867433,0.2660319741332855,0.11657984551823253,-0.02119633554876954,-0.1429854499730555,-0.2901023890784983,1.1869947907310938,0.0
0.8686904975749956,0.771869947907311,0.6098437219328183,0.4767379198850368,0.3743488413867433,0.2660319741332855,0.11657984551823253,-0.02119633554876954,-0.1429854499730555,-0.2901023890784983,-0.37740255074546436,1.24609304832046,0.0
0.771869947907311,0.6098437219328183,0.4767379198850368,0.3743488413867433,0.2660319741332855,0.11657984551823253,-0.02119633554876954,-0.1429854499730555,-0.2901023890784983,-0.37740255074546436,-0.4930842464523082,1.2649541943596192,0.0
0.6098437219328183,0.4767379198850368,0.3743488413867433,0.2660319741332855,0.11657984551823253,-0.02119633554876954,-0.1429854499730555,-0.2901023890784983,-0.37740255074546436,-0.4930842464523082,-0.5938566552901023,1.2037003772229207,0.0
0.4767379198850368,0.3743488413867433,0.2660319741332855,0.11657984551823253,-0.02119633554876954,-0.1429854499730555,-0.2901023890784983,-0.37740255074546436,-0.4930842464523082,-0.5938566552901023,-0.638404885934974,1.1151428058200108,0.0
0.3743488413867433,0.2660319741332855,0.11657984551823253,-0.02119633554876954,-0.1429854499730555,-0.2901023890784983,-0.37740255074546436,-0.4930842464523082,-0.5938566552901023,-0.638404885934974,-0.6718160589186276,1.0461649003053708,0.0
0.2660319741332855,0.11657984551823253,-0.02119633554876954,-0.1429854499730555,-0.2901023890784983,-0.37740255074546436,-0.4930842464523082,-0.5938566552901023,-0.638404885934974,-0.6718160589186276,-0.7438476737919886,1.009879647925274,0.0
0.11657984551823253,-0.02119633554876954,-0.1429854499730555,-0.2901023890784983,-0.37740255074546436,-0.4930842464523082,-0.5938566552901023,-0.638404885934974,-0.6718160589186276,-0.7438476737919886,-0.8115681695706845,0.928148015088917,0.0
-0.02119633554876954,-0.1429854499730555,-0.2901023890784983,-0.37740255074546436,-0.4930842464523082,-0.5938566552901023,-0.638404885934974,-0.6718160589186276,-0.7438476737919886,-0.8115681695706845,-0.8749775462547154,0.8537812107059458,0.0
-0.1429854499730555,-0.2901023890784983,-0.37740255074546436,-0.4930842464523082,-0.5938566552901023,-0.638404885934974,-0.6718160589186276,-0.7438476737919886,-0.8115681695706845,-0.8749775462547154,-0.9374887731273577,0.7945033231543022,0.0
-0.2901023890784983,-0.37740255074546436,-0.4930842464523082,-0.5938566552901023,-0.638404885934974,-0.6718160589186276,-0.7438476737919886,-0.8115681695706845,-0.8749775462547154,-0.9374887731273577,-0.9949703610562242,0.7048679719777259,0.0
-0.37740255074546436,-0.4930842464523082,-0.5938566552901023,-0.638404885934974,-0.6718160589186276,-0.7438476737919886,-0.8115681695706845,-0.8749775462547154,-0.9374887731273577,-0.9949703610562242,-1.0,0.6225974492545356,0.0
-0.4930842464523082,-0.5938566552901023,-0.638404885934974,-0.6718160589186276,-0.7438476737919886,-0.8115681695706845,-0.8749775462547154,-0.9374887731273577,-0.9949703610562242,-1.0,-1.0,0.5069157535476918,0.0
-0.5938566552901023,-0.638404885934974,-0.6718160589186276,-0.7438476737919886,-0.8115681695706845,-0.8749775462547154,-0.9374887731273577,-0.9949703610562242,-1.0,-1.0,-0.9996423781850693,0.40614334470989766,0.0
-0.638404885934974,-0.6718160589186276,-0.7438476737919886,-0.8115681695706845,-0.8749775462547154,-0.9374887731273577,-0.9949703610562242,-1.0,-1.0,-0.9996423781850693,-0.9427805096110863,0.361595114065026,0.0
-0.6718160589186276,-0.7438476737919886,-0.8115681695706845,-0.8749775462547154,-0.9374887731273577,-0.9949703610562242,-1.0,-1.0,-0.9996423781850693,-0.9427805096110863,-0.870183281180152,0.3281839410813724,0.0
-0.7438476737919886,-0.8115681695706845,-0.8749775462547154,-0.9374887731273577,-0.9949703610562242,-1.0,-1.0,-0.9996423781850693,-0.9427805096110863,-0.870183281180152,-0.826911041573536,0.2561523262080114,2.0
-0.8115681695706845,-0.8749775462547154,-0.9374887731273577,-0.9949703610562242,-1.0,-1.0,-0.9996423781850693,-0.9427805096110863,-0.870183281180152,-0.826911041573536,-0.7214126061689763,0.2785873938310237,2.0
-0.8749775462547154,-0.9374887731273577,-0.9949703610562242,-1.0,-1.0,-0.9996423781850693,-0.9427805096110863,-0.870183281180152,-0.826911041573536,-0.7214126061689763,-0.6459544032185963,0.3540455967814037,2.0
-0.9374887731273577,-0.9949703610562242,-1.0,-1.0,-0.9996423781850693,-0.9427805096110863,-0.870183281180152,-0.826911041573536,-0.7214126061689763,-0.6459544032185963,-0.5524362986142155,0.4475637013857845,2.0
-0.9949703610562242,-1.0,-1.0,-0.9996423781850693,-0.9427805096110863,-0.870183281180152,-0.826911041573536,-0.7214126061689763,-0.6459544032185963,-0.5524362986142155,-0.3990165400089405,0.6009834599910595,2.0
-1.0,-1.0,-0.9996423781850693,-0.9427805096110863,-0.870183281180152,-0.826911041573536,-0.7214126061689763,-0.6459544032185963,-0.5524362986142155,-0.3990165400089405,-0.23325882878855608,0.7667411712114439,2.0
-1.0,-0.9996423781850693,-0.9427805096110863,-0.870183281180152,-0.826911041573536,-0.7214126061689763,-0.6459544032185963,-0.5524362986142155,-0.3990165400089405,-0.23325882878855608,-0.10505140813589631,0.8949485918641037,2.0
-0.9996423781850693,-0.9427805096110863,-0.870183281180152,-0.826911041573536,-0.7214126061689763,-0.6459544032185963,-0.5524362986142155,-0.3990165400089405,-0.23325882878855608,-0.10505140813589631,0.029235583370585516,1.0288779615556547,2.0
-0.9427805096110863,-0.870183281180152,-0.826911041573536,-0.7214126061689763,-0.6459544032185963,-0.5524362986142155,-0.3990165400089405,-0.23325882878855608,-0.10505140813589631,0.029235583370585516,0.17156906571300845,1.1143495753240948,2.0
-0.870183281180152,-0.826911041573536,-0.7214126061689763,-0.6459544032185963,-0.5524362986142155,-0.3990165400089405,-0.23325882878855608,-0.10505140813589631,0.029235583370585516,0.17156906571300845,0.3628967367009388,1.2330800178810908,2.0
-0.826911041573536,-0.7214126061689763,-0.6459544032185963,-0.5524362986142155,-0.3990165400089405,-0.23325882878855608,-0.10505140813589631,0.029235583370585516,0.17156906571300845,0.3628967367009388,0.499865891819401,1.326776933392937,2.0
-0.7214126061689763,-0.6459544032185963,-0.5524362986142155,-0.3990165400089405,-0.23325882878855608,-0.10505140813589631,0.029235583370585516,0.17156906571300845,0.3628967367009388,0.499865891819401,0.6168082253017435,1.3382208314707198,2.0
-0.6459544032185963,-0.5524362986142155,-0.3990165400089405,-0.23325882878855608,-0.10505140813589631,0.029235583370585516,0.17156906571300845,0.3628967367009388,0.499865891819401,0.6168082253017435,0.7071077335717479,1.3530621367903444,2.0
-0.5524362986142155,-0.3990165400089405,-0.23325882878855608,-0.10505140813589631,0.029235583370585516,0.17156906571300845,0.3628967367009388,0.499865891819401,0.6168082253017435,0.7071077335717479,0.764506034868127,1.3169423334823425,2.0
-0.3990165400089405,-0.23325882878855608,-0.10505140813589631,0.029235583370585516,0.17156906571300845,0.3628967367009388,0.499865891819401,0.6168082253017435,0.7071077335717479,0.764506034868127,0.8367456414841306,1.235762181493071,2.0
-0.23325882878855608,-0.10505140813589631,0.029235583370585516,0.17156906571300845,0.3628967367009388,0.499865891819401,0.6168082253017435,0.7071077335717479,0.764506034868127,0.8367456414841306,0.8297720160929816,1.0700044702726865,2.0
-0.10505140813589631,0.029235583370585516,0.17156906571300845,0.3628967367009388,0.499865891819401,0.6168082253017435,0.7071077335717479,0.764506034868127,0.8367456414841306,0.8297720160929816,0.7952615109521681,0.9417970496200269,2.0
0.029235583370585516,0.17156906571300845,0.3628967367009388,0.499865891819401,0.6168082253017435,0.7071077335717479,0.764506034868127,0.8367456414841306,0.8297720160929816,0.7952615109521681,0.7371479660259277,0.807510058113545,2.0
0.17156906571300845,0.3628967367009388,0.499865891819401,0.6168082253017435,0.7071077335717479,0.764506034868127,0.8367456414841306,0.8297720160929816,0.7952615109521681,0.7371479660259277,0.6570406794814483,0.6651765757711221,2.0
0.3628967367009388,0.499865891819401,0.6168082253017435,0.7071077335717479,0.764506034868127,0.8367456414841306,0.8297720160929816,0.7952615109521681,0.7371479660259277,0.6570406794814483,0.5604827894501565,0.47384890478319175,0.0
0.499865891819401,0.6168082253017435,0.7071077335717479,0.764506034868127,0.8367456414841306,0.8297720160929816,0.7952615109521681,0.7371479660259277,0.6570406794814483,0.5604827894501565,0.49181940098346,0.34492624050067056,0.0
0.6168082253017435,0.7071077335717479,0.764506034868127,0.8367456414841306,0.8297720160929816,0.7952615109521681,0.7371479660259277,0.6570406794814483,0.5604827894501565,0.49181940098346,0.36522127849798847,0.4715243629861421,0.0
0.7071077335717479,0.764506034868127,0.8367456414841306,0.8297720160929816,0.7952615109521681,0.7371479660259277,0.6570406794814483,0.5604827894501565,0.49181940098346,0.36522127849798847,0.2336164506034868,0.6031291908806438,0.0
0.764506034868127,0.8367456414841306,0.8297720160929816,0.7952615109521681,0.7371479660259277,0.6570406794814483,0.5604827894501565,0.49181940098346,0.36522127849798847,0.2336164506034868,0.09950827000447027,0.7372373714796603,0.0
0.8367456414841306,0.8297720160929816,0.7952615109521681,0.7371479660259277,0.6570406794814483,0.5604827894501565,0.49181940098346,0.36522127849798847,0.2336164506034868,0.09950827000447027,-0.027626285203397383,0.8643719266875279,0.0
0.8297720160929816,0.7952615109521681,0.7371479660259277,0.6570406794814483,0.5604827894501565,0.49181940098346,0.36522127849798847,0.2336164506034868,0.09950827000447027,-0.027626285203397383,-0.18819848010728657,1.017970496200268,0.0
0.7952615109521681,0.7371479660259277,0.6570406794814483,0.5604827894501565,0.49181940098346,0.36522127849798847,0.2336164506034868,0.09950827000447027,-0.027626285203397383,-0.18819848010728657,-0.33625391148860084,1.1315154224407689,0.0
0.7371479660259277,0.6570406794814483,0.5604827894501565,0.49181940098346,0.36522127849798847,0.2336164506034868,0.09950827000447027,-0.027626285203397383,-0.18819848010728657,-0.33625391148860084,-0.4227983907018328,1.1599463567277604,0.0
0.6570406794814483,0.5604827894501565,0.49181940098346,0.36522127849798847,0.2336164506034868,0.09950827000447027,-0.027626285203397383,-0.18819848010728657,-0.33625391148860084,-0.4227983907018328,-0.5422440768886903,1.1992847563701385,0.0
0.5604827894501565,0.49181940098346,0.36522127849798847,0.2336164506034868,0.09950827000447027,-0.027626285203397383,-0.18819848010728657,-0.33625391148860084,-0.4227983907018328,-0.5422440768886903,-0.6498882431828341,1.2103710326329906,0.0
0.49181940098346,0.36522127849798847,0.2336164506034868,0.09950827000447027,-0.027626285203397383,-0.18819848010728657,-0.33625391148860084,-0.4227983907018328,-0.5422440768886903,-0.6498882431828341,-0.697094322753688,1.1889137237371479,0.0
0.36522127849798847,0.2336164506034868,0.09950827000447027,-0.027626285203397383,-0.18819848010728657,-0.33625391148860084,-0.4227983907018328,-0.5422440768886903,-0.6498882431828341,-0.697094322753688,-0.7366115333035315,1.10183281180152,0.0
0.2336164506034868,0.09950827000447027,-0.027626285203397383,-0.18819848010728657,-0.33625391148860084,-0.4227983907018328,-0.5422440768886903,-0.6498882431828341,-0.697094322753688,-0.7366115333035315,-0.813321412606169,1.0469378632096558,0.0
0.09950827000447027,-0.027626285203397383,-0.18819848010728657,-0.33625391148860084,-0.4227983907018328,-0.5422440768886903,-0.6498882431828341,-0.697094322753688,-0.7366115333035315,-0.813321412606169,-0.8844881537773804,0.9839964237818507,0.0
-0.027626285203397383,-0.18819848010728657,-0.33625391148860084,-0.4227983907018328,-0.5422440768886903,-0.6498882431828341,-0.697094322753688,-0.7366115333035315,-0.813321412606169,-0.8844881537773804,-0.9551184622261958,0.9274921770227984,0.0
-0.18819848010728657,-0.33625391148860084,-0.4227983907018328,-0.5422440768886903,-0.6498882431828341,-0.697094322753688,-0.7366115333035315,-0.813321412606169,-0.8844881537773804,-0.9551184622261958,-1.0,0.8118015198927134,0.0
-0.33625391148860084,-0.4227983907018328,-0.5422440768886903,-0.6498882431828341,-0.697094322753688,-0.7366115333035315,-0.813321412606169,-0.8844881537773804,-0.9551184622261958,-1.0,-1.0,0.6637460885113992,0.0
-0.4227983907018328,-0.5422440768886903,-0.6498882431828341,-0.697094322753688,-0.7366115333035315,-0.813321412606169,-0.8844881537773804,-0.9551184622261958,-1.0,-1.0,-1.0,0.5772016092981672,0.0
-0.5422440768886903,-0.6498882431828341,-0.697094322753688,-0.7366115333035315,-0.813321412606169,-0.8844881537773804,-0.9551184622261958,-1.0,-1.0,-1.0,-1.0,0.45775592311130975,0.0
-0.6498882431828341,-0.697094322753688,-0.7366115333035315,-0.813321412606169,-0.8844881537773804,-0.9551184622261958,-1.0,-1.0,-1.0,-1.0,-1.0,0.3501117568171659,1.0
-0.697094322753688,-0.7366115333035315,-0.813321412606169,-0.8844881537773804,-0.9551184622261958,-1.0,-1.0,-1.0,-1.0,-1.0,-1.0,0.302905677246312,1.0
-0.7366115333035315,-0.813321412606169,-0.8844881537773804,-0.9551184622261958,-1.0,-1.0,-1.0,-1.0,-1.0,-1.0,-0.9977272727272727,0.26338846669646854,1.0
-0.813321412606169,-0.8844881537773804,-0.9551184622261958,-1.0,-1.0,-1.0,-1.0,-1.0,-1.0,-0.9977272727272727,-0.9428321678321678,0.18667858739383103,1.0
-0.8844881537773804,-0.9551184622261958,-1.0,-1.0,-1.0,-1.0,-1.0,-1.0,-0.9977272727272727,-0.9428321678321678,-0.8727272727272728,0.1272727272727272,1.0
-0.9551184622261958,-1.0,-1.0,-1.0,-1.0,-1.0,-1.0,-0.9977272727272727,-0.9428321678321678,-0.8727272727272728,-0.8318181818181818,0.1681818181818182,1.0
-1.0,-1.0,-1.0,-1.0,-1.0,-1.0,-0.9977272727272727,-0.9428321678321678,-0.8727272727272728,-0.8318181818181818,-0.7311188811188811,0.2688811188811189,1.0
-1.0,-1.0,-1.0,-1.0,-1.0,-0.9977272727272727,-0.9428321678321678,-0.8727272727272728,-0.8318181818181818,-0.7311188811188811,-0.6141608391608391,0.3858391608391609,1.0
-1.0,-1.0,-1.0,-1.0,-0.9977272727272727,-0.9428321678321678,-0.8727272727272728,-0.8318181818181818,-0.7311188811188811,-0.6141608391608391,-0.5284965034965035,0.47150349650349654,2.0
-1.0,-1.0,-1.0,-0.9977272727272727,-0.9428321678321678,-0.8727272727272728,-0.8318181818181818,-0.7311188811188811,-0.6141608391608391,-0.5284965034965035,-0.43059440559440565,0.5694055944055944,2.0
-1.0,-1.0,-0.9977272727272727,-0.9428321678321678,-0.8727272727272728,-0.8318181818181818,-0.7311188811188811,-0.6141608391608391,-0.5284965034965035,-0.43059440559440565,-0.27552447552447557,0.7244755244755244,2.0
-1.0,-0.9977272727272727,-0.9428321678321678,-0.8727272727272728,-0.8318181818181818,-0.7311188811188811,-0.6141608391608391,-0.5284965034965035,-0.43059440559440565,-0.27552447552447557,-0.11101398601398604,0.888986013986014,2.0
-0.9977272727272727,-0.9428321678321678,-0.8727272727272728,-0.8318181818181818,-0.7311188811188811,-0.6141608391608391,-0.5284965034965035,-0.43059440559440565,-0.27552447552447557,-0.11101398601398604,0.014860139860139787,1.0125874125874126,2.0
-0.9428321678321678,-0.8727272727272728,-0.8318181818181818,-0.7311188811188811,-0.6141608391608391,-0.5284965034965035,-0.43059440559440565,-0.27552447552447557,-0.11101398601398604,0.014860139860139787,0.14702797202797213,1.08986013986014,2.0
-0.8727272727272728,-0.8318181818181818,-0.7311188811188811,-0.6141608391608391,-0.5284965034965035,-0.43059440559440565,-0.27552447552447557,-0.11101398601398604,0.014860139860139787,0.14702797202797213,0.28181818181818175,1.1545454545454545,2.0
-0.8318181818181818,-0.7311188811188811,-0.6141608391608391,-0.5284965034965035,-0.43059440559440565,-0.27552447552447557,-0.11101398601398604,0.014860139860139787,0.14702797202797213,0.28181818181818175,0.3631118881118882,1.19493006993007,2.0
-0.7311188811188811,-0.6141608391608391,-0.5284965034965035,-0.43059440559440565,-0.27552447552447557,-0.11101398601398604,0.014860139860139787,0.14702797202797213,0.28181818181818175,0.3631118881118882,0.42727272727272725,1.1583916083916084,2.0
-0.6141608391608391,-0.5284965034965035,-0.43059440559440565,-0.27552447552447557,-0.11101398601398604,0.014860139860139787,0.14702797202797213,0.28181818181818175,0.3631118881118882,0.42727272727272725,0.5118881118881118,1.1260489510489509,2.0
-0.5284965034965035,-0.43059440559440565,-0.27552447552447557,-0.11101398601398604,0.014860139860139787,0.14702797202797213,0.28181818181818175,0.3631118881118882,0.42727272727272725,0.5118881118881118,0.569055944055944,1.0975524475524474,2.0
-0.43059440559440565,-0.27552447552447557,-0.11101398601398604,0.014860139860139787,0.14702797202797213,0.28181818181818175,0.3631118881118882,0.42727272727272725,0.5118881118881118,0.569055944055944,0.5531468531468531,0.9996503496503496,2.0
-0.27552447552447557,-0.11101398601398604,0.014860139860139787,0.14702797202797213,0.28181818181818175,0.3631118881118882,0.42727272727272725,0.5118881118881118,0.569055944055944,0.5531468531468531,0.5524475524475525,0.8445804195804195,2.0
-0.11101398601398604,0.014860139860139787,0.14702797202797213,0.28181818181818175,0.3631118881118882,0.42727272727272725,0.5118881118881118,0.569055944055944,0.5531468531468531,0.5524475524475525,0.572027972027972,0.683041958041958,2.0
0.014860139860139787,0.14702797202797213,0.28181818181818175,0.3631118881118882,0.42727272727272725,0.5118881118881118,0.569055944055944,0.5531468531468531,0.5524475524475525,0.572027972027972,0.5213286713286713,0.5571678321678322,2.0
0.14702797202797213,0.28181818181818175,0.3631118881118882,0.42727272727272725,0.5118881118881118,0.569055944055944,0.5531468531468531,0.5524475524475525,0.572027972027972,0.5213286713286713,0.40384615384615374,0.4249999999999998,2.0
0.28181818181818175,0.3631118881118882,0.42727272727272725,0.5118881118881118,0.569055944055944,0.5531468531468531,0.5524475524475525,0.572027972027972,0.5213286713286713,0.40384615384615374,0.31555944055944063,0.2902097902097902,2.0
0.3631118881118882,0.42727272727272725,0.5118881118881118,0.569055944055944,0.5531468531468531,0.5524475524475525,0.572027972027972,0.5213286713286713,0.40384615384615374,0.31555944055944063,0.2555944055944055,0.31643356643356646,2.0
0.42727272727272725,0.5118881118881118,0.569055944055944,0.5531468531468531,0.5524475524475525,0.572027972027972,0.5213286713286713,0.40384615384615374,0.31555944055944063,0.2555944055944055,0.18426573426573434,0.3877622377622376,0.0
0.5118881118881118,0.569055944055944,0.5531468531468531,0.5524475524475525,0.572027972027972,0.5213286713286713,0.40384615384615374,0.31555944055944063,0.2555944055944055,0.18426573426573434,0.10874125874125884,0.4632867132867131,0.0
0.569055944055944,0.5531468531468531,0.5524475524475525,0.572027972027972,0.5213286713286713,0.40384615384615374,0.31555944055944063,0.2555944055944055,0.18426573426573434,0.10874125874125884,0.03234265734265729,0.5396853146853147,0.0
0.5531468531468531,0.5524475524475525,0.572027972027972,0.5213286713286713,0.40384615384615374,0.31555944055944063,0.2555944055944055,0.18426573426573434,0.10874125874125884,0.03234265734265729,-0.03706293706293706,0.609090909090909,0.0
0.5524475524475525,0.572027972027972,0.5213286713286713,0.40384615384615374,0.31555944055944063,0.2555944055944055,0.18426573426573434,0.10874125874125884,0.03234265734265729,-0.03706293706293706,-0.1856643356643357,0.7576923076923077,0.0
0.572027972027972,0.5213286713286713,0.40384615384615374,0.31555944055944063,0.2555944055944055,0.18426573426573434,0.10874125874125884,0.03234265734265729,-0.03706293706293706,-0.1856643356643357,-0.2770979020979021,0.849125874125874,0.0
0.5213286713286713,0.40384615384615374,0.31555944055944063,0.2555944055944055,0.18426573426573434,0.10874125874125884,0.03234265734265729,-0.03706293706293706,-0.1856643356643357,-0.2770979020979021,-0.3534965034965035,0.8748251748251749,0.0
0.40384615384615374,0.31555944055944063,0.2555944055944055,0.18426573426573434,0.10874125874125884,0.03234265734265729,-0.03706293706293706,-0.1856643356643357,-0.2770979020979021,-0.3534965034965035,-0.46328671328671334,0.8671328671328671,0.0
0.31555944055944063,0.2555944055944055,0.18426573426573434,0.10874125874125884,0.03234265734265729,-0.03706293706293706,-0.1856643356643357,-0.2770979020979021,-0.3534965034965035,-0.46328671328671334,-0.5624125874125874,0.877972027972028,0.0
0.2555944055944055,0.18426573426573434,0.10874125874125884,0.03234265734265729,-0.03706293706293706,-0.1856643356643357,-0.2770979020979021,-0.3534965034965035,-0.46328671328671334,-0.5624125874125874,-0.6062937062937063,0.8618881118881118,0.0
0.18426573426573434,0.10874125874125884,0.03234265734265729,-0.03706293706293706,-0.1856643356643357,-0.2770979020979021,-0.3534965034965035,-0.46328671328671334,-0.5624125874125874,-0.6062937062937063,-0.64493006993007,0.8291958041958043,0.0
0.10874125874125884,0.03234265734265729,-0.03706293706293706,-0.1856643356643357,-0.2770979020979021,-0.3534965034965035,-0.46328671328671334,-0.5624125874125874,-0.6062937062937063,-0.64493006993007,-0.7169580419580419,0.8256993006993008,0.0
0.03234265734265729,-0.03706293706293706,-0.1856643356643357,-0.2770979020979021,-0.3534965034965035,-0.46328671328671334,-0.5624125874125874,-0.6062937062937063,-0.64493006993007,-0.7169580419580419,-0.7832167832167832,0.8155594405594405,0.0
-0.03706293706293706,-0.1856643356643357,-0.2770979020979021,-0.3534965034965035,-0.46328671328671334,-0.5624125874125874,-0.6062937062937063,-0.64493006993007,-0.7169580419580419,-0.7832167832167832,-0.8461538461538461,0.8090909090909091,0.0
-0.1856643356643357,-0.2770979020979021,-0.3534965034965035,-0.46328671328671334,-0.5624125874125874,-0.6062937062937063,-0.64493006993007,-0.7169580419580419,-0.7832167832167832,-0.8461538461538461,-0.9036713286713287,0.718006993006993,0.0
-0.2770979020979021,-0.3534965034965035,-0.46328671328671334,-0.5624125874125874,-0.6062937062937063,-0.64493006993007,-0.7169580419580419,-0.7832167832167832,-0.8461538461538461,-0.9036713286713287,-0.9564685314685315,0.6793706293706294,0.0
-0.3534965034965035,-0.46328671328671334,-0.5624125874125874,-0.6062937062937063,-0.64493006993007,-0.7169580419580419,-0.7832167832167832,-0.8461538461538461,-0.9036713286713287,-0.9564685314685315,-0.9620629370629371,0.6085664335664336,0.0
-0.46328671328671334,-0.5624125874125874,-0.6062937062937063,-0.64493006993007,-0.7169580419580419,-0.7832167832167832,-0.8461538461538461,-0.9036713286713287,-0.9564685314685315,-0.9620629370629371,-0.9601398601398602,0.49877622377622377,0.0
-0.5624125874125874,-0.6062937062937063,-0.64493006993007,-0.7169580419580419,-0.7832167832167832,-0.8461538461538461,-0.9036713286713287,-0.9564685314685315,-0.9620629370629371,-0.9601398601398602,-0.9,0.39965034965034973,0.0
-0.6062937062937063,-0.64493006993007,-0.7169580419580419,-0.7832167832167832,-0.8461538461538461,-0.9036713286713287,-0.9564685314685315,-0.9620629370629371,-0.9601398601398602,-0.9,-0.8687062937062937,0.35576923076923084,0.0
-0.64493006993007,-0.7169580419580419,-0.7832167832167832,-0.8461538461538461,-0.9036713286713287,-0.9564685314685315,-0.9620629370629371,-0.9601398601398602,-0.9,-0.8687062937062937,-0.8218531468531469,0.31713286713286715,0.0
-0.7169580419580419,-0.7832167832167832,-0.8461538461538461,-0.9036713286713287,-0.9564685314685315,-0.9620629370629371,-0.9601398601398602,-0.9,-0.8687062937062937,-0.8218531468531469,-0.7155594405594405,0.24650349650349657,0.0
-0.7832167832167832,-0.8461538461538461,-0.9036713286713287,-0.9564685314685315,-0.9620629370629371,-0.9601398601398602,-0.9,-0.8687062937062937,-0.8218531468531469,-0.7155594405594405,-0.5968531468531468,0.3652097902097903,2.0
-0.8461538461538461,-0.9036713286713287,-0.9564685314685315,-0.9620629370629371,-0.9601398601398602,-0.9,-0.8687062937062937,-0.8218531468531469,-0.7155594405594405,-0.5968531468531468,-0.5115384615384615,0.4505244755244756,2.0
-0.9036713286713287,-0.9564685314685315,-0.9620629370629371,-0.9601398601398602,-0.9,-0.8687062937062937,-0.8218531468531469,-0.7155594405594405,-0.5968531468531468,-0.5115384615384615,-0.41678321678321684,0.5452797202797203,2.0
-0.9564685314685315,-0.9620629370629371,-0.9601398601398602,-0.9,-0.8687062937062937,-0.8218531468531469,-0.7155594405594405,-0.5968531468531468,-0.5115384615384615,-0.41678321678321684,-0.2660839160839161,0.695979020979021,2.0
-0.9620629370629371,-0.9601398601398602,-0.9,-0.8687062937062937,-0.8218531468531469,-0.7155594405594405,-0.5968531468531468,-0.5115384615384615,-0.41678321678321684,-0.2660839160839161,-0.10594405594405598,0.8561188811188811,2.0
-0.9601398601398602,-0.9,-0.8687062937062937,-0.8218531468531469,-0.7155594405594405,-0.5968531468531468,-0.5115384615384615,-0.41678321678321684,-0.2660839160839161,-0.10594405594405598,0.05821678321678325,1.0183566433566433,2.0
-0.9,-0.8687062937062937,-0.8218531468531469,-0.7155594405594405,-0.5968531468531468,-0.5115384615384615,-0.41678321678321684,-0.2660839160839161,-0.10594405594405598,0.05821678321678325,0.18479020979020988,1.08479020979021,2.0
-0.8687062937062937,-0.8218531468531469,-0.7155594405594405,-0.5968531468531468,-0.5115384615384615,-0.41678321678321684,-0.2660839160839161,-0.10594405594405598,0.05821678321678325,0.18479020979020988,0.3117132867132868,1.1804195804195805,2.0
-0.8218531468531469,-0.7155594405594405,-0.5968531468531468,-0.5115384615384615,-0.41678321678321684,-0.2660839160839161,-0.10594405594405598,0.05821678321678325,0.18479020979020988,0.3117132867132868,0.38269230769230766,1.2045454545454546,2.0
-0.7155594405594405,-0.5968531468531468,-0.5115384615384615,-0.41678321678321684,-0.2660839160839161,-0.10594405594405598,0.05821678321678325,0.18479020979020988,0.3117132867132868,0.38269230769230766,0.48566433566433576,1.2012237762237763,2.0
-0.5968531468531468,-0.5115384615384615,-0.41678321678321684,-0.2660839160839161,-0.10594405594405598,0.05821678321678325,0.18479020979020988,0.3117132867132868,0.38269230769230766,0.48566433566433576,0.5748251748251749,1.1716783216783218,2.0
-0.5115384615384615,-0.41678321678321684,-0.2660839160839161,-0.10594405594405598,0.05821678321678325,0.18479020979020988,0.3117132867132868,0.38269230769230766,0.48566433566433576,0.5748251748251749,0.6031468531468531,1.1146853146853146,2.0
-0.41678321678321684,-0.2660839160839161,-0.10594405594405598,0.05821678321678325,0.18479020979020988,0.3117132867132868,0.38269230769230766,0.48566433566433576,0.5748251748251749,0.6031468531468531,0.6143356643356643,1.0311188811188812,2.0
-0.2660839160839161,-0.10594405594405598,0.05821678321678325,0.18479020979020988,0.3117132867132868,0.38269230769230766,0.48566433566433576,0.5748251748251749,0.6031468531468531,0.6143356643356643,0.6928321678321678,0.958916083916084,2.0
-0.10594405594405598,0.05821678321678325,0.18479020979020988,0.3117132867132868,0.38269230769230766,0.48566433566433576,0.5748251748251749,0.6031468531468531,0.6143356643356643,0.6928321678321678,0.7496503496503497,0.8555944055944057,2.0
0.05821678321678325,0.18479020979020988,0.3117132867132868,0.38269230769230766,0.48566433566433576,0.5748251748251749,0.6031468531468531,0.6143356643356643,0.6928321678321678,0.7496503496503497,0.6926573426573426,0.6914335664335665,2.0
0.18479020979020988,0.3117132867132868,0.38269230769230766,0.48566433566433576,0.5748251748251749,0.6031468531468531,0.6143356643356643,0.6928321678321678,0.7496503496503497,0.6926573426573426,0.6120629370629371,0.5648601398601398,2.0
0.3117132867132868,0.38269230769230766,0.48566433566433576,0.5748251748251749,0.6031468531468531,0.6143356643356643,0.6928321678321678,0.7496503496503497,0.6926573426573426,0.6120629370629371,0.5582167832167833,0.4379370629370629,2.0
0.38269230769230766,0.48566433566433576,0.5748251748251749,0.6031468531468531,0.6143356643356643,0.6928321678321678,0.7496503496503497,0.6926573426573426,0.6120629370629371,0.5582167832167833,0.48339160839160833,0.36695804195804205,2.0
0.48566433566433576,0.5748251748251749,0.6031468531468531,0.6143356643356643,0.6928321678321678,0.7496503496503497,0.6926573426573426,0.6120629370629371,0.5582167832167833,0.48339160839160833,0.3924825174825175,0.3571678321678322,0.0
0.5748251748251749,0.6031468531468531,0.6143356643356643,0.6928321678321678,0.7496503496503497,0.6926573426573426,0.6120629370629371,0.5582167832167833,0.48339160839160833,0.3924825174825175,0.2905594405594405,0.4590909090909092,0.0
0.6031468531468531,0.6143356643356643,0.6928321678321678,0.7496503496503497,0.6926573426573426,0.6120629370629371,0.5582167832167833,0.48339160839160833,0.3924825174825175,0.2905594405594405,0.22167832167832158,0.5279720279720281,0.0
0.6143356643356643,0.6928321678321678,0.7496503496503497,0.6926573426573426,0.6120629370629371,0.5582167832167833,0.48339160839160833,0.3924825174825175,0.2905594405594405,0.22167832167832158,0.14702797202797213,0.6026223776223776,0.0
0.6928321678321678,0.7496503496503497,0.6926573426573426,0.6120629370629371,0.5582167832167833,0.48339160839160833,0.3924825174825175,0.2905594405594405,0.22167832167832158,0.14702797202797213,0.06905594405594395,0.6805944055944058,0.0
0.7496503496503497,0.6926573426573426,0.6120629370629371,0.5582167832167833,0.48339160839160833,0.3924825174825175,0.2905594405594405,0.22167832167832158,0.14702797202797213,0.06905594405594395,-0.005244755244755206,0.7548951048951049,0.0
0.6926573426573426,0.6120629370629371,0.5582167832167833,0.48339160839160833,0.3924825174825175,0.2905594405594405,0.22167832167832158,0.14702797202797213,0.06905594405594395,-0.005244755244755206,-0.159965034965035,0.8526223776223776,0.0
0.6120629370629371,0.5582167832167833,0.48339160839160833,0.3924825174825175,0.2905594405594405,0.22167832167832158,0.14702797202797213,0.06905594405594395,-0.005244755244755206,-0.159965034965035,-0.30786713286713285,0.91993006993007,0.0
0.5582167832167833,0.48339160839160833,0.3924825174825175,0.2905594405594405,0.22167832167832158,0.14702797202797213,0.06905594405594395,-0.005244755244755206,-0.159965034965035,-0.30786713286713285,-0.4,0.9582167832167833,0.0
0.48339160839160833,0.3924825174825175,0.2905594405594405,0.22167832167832158,0.14702797202797213,0.06905594405594395,-0.005244755244755206,-0.159965034965035,-0.30786713286713285,-0.4,-0.4802447552447553,0.9636363636363636,0.0
0.3924825174825175,0.2905594405594405,0.22167832167832158,0.14702797202797213,0.06905594405594395,-0.005244755244755206,-0.159965034965035,-0.30786713286713285,-0.4,-0.4802447552447553,-0.5951048951048952,0.9875874125874127,0.0
0.2905594405594405,0.22167832167832158,0.14702797202797213,0.06905594405594395,-0.005244755244755206,-0.159965034965035,-0.30786713286713285,-0.4,-0.4802447552447553,-0.5951048951048952,-0.6517482517482518,0.9423076923076923,0.0
0.22167832167832158,0.14702797202797213,0.06905594405594395,-0.005244755244755206,-0.159965034965035,-0.30786713286713285,-0.4,-0.4802447552447553,-0.5951048951048952,-0.6517482517482518,-0.6993006993006994,0.920979020979021,0.0
0.14702797202797213,0.06905594405594395,-0.005244755244755206,-0.159965034965035,-0.30786713286713285,-0.4,-0.4802447552447553,-0.5951048951048952,-0.6517482517482518,-0.6993006993006994,-0.7384615384615385,0.8854895104895106,0.0
0.06905594405594395,-0.005244755244755206,-0.159965034965035,-0.30786713286713285,-0.4,-0.4802447552447553,-0.5951048951048952,-0.6517482517482518,-0.6993006993006994,-0.7384615384615385,-0.8115384615384615,0.8805944055944055,0.0
-0.005244755244755206,-0.159965034965035,-0.30786713286713285,-0.4,-0.4802447552447553,-0.5951048951048952,-0.6517482517482518,-0.6993006993006994,-0.7384615384615385,-0.8115384615384615,-0.8795454545454545,0.8743006993006993,0.0
-0.159965034965035,-0.30786713286713285,-0.4,-0.4802447552447553,-0.5951048951048952,-0.6517482517482518,-0.6993006993006994,-0.7384615384615385,-0.8115384615384615,-0.8795454545454545,-0.9397265203310543,0.7797614853660193,0.0
-0.30786713286713285,-0.4,-0.4802447552447553,-0.5951048951048952,-0.6517482517482518,-0.6993006993006994,-0.7384615384615385,-0.8115384615384615,-0.8795454545454545,-0.9397265203310543,-1.0,0.6921328671328671,0.0
-0.4,-0.4802447552447553,-0.5951048951048952,-0.6517482517482518,-0.6993006993006994,-0.7384615384615385,-0.8115384615384615,-0.8795454545454545,-0.9397265203310543,-1.0,-1.0,0.6,0.0
-0.4802447552447553,-0.5951048951048952,-0.6517482517482518,-0.6993006993006994,-0.7384615384615385,-0.8115384615384615,-0.8795454545454545,-0.9397265203310543,-1.0,-1.0,-1.0,0.5197552447552447,0.0
-0.5951048951048952,-0.6517482517482518,-0.6993006993006994,-0.7384615384615385,-0.8115384615384615,-0.8795454545454545,-0.9397265203310543,-1.0,-1.0,-1.0,-0.9371875884183721,0.40489510489510483,0.0
-0.6517482517482518,-0.6993006993006994,-0.7384615384615385,-0.8115384615384615,-0.8795454545454545,-0.9397265203310543,-1.0,-1.0,-1.0,-0.9371875884183721,-0.8581533528246723,0.3482517482517482,0.0
-0.6993006993006994,-0.7384615384615385,-0.8115384615384615,-0.8795454545454545,-0.9397265203310543,-1.0,-1.0,-1.0,-0.9371875884183721,-0.8581533528246723,-0.811374139394511,0.3006993006993006,0.0
-0.7384615384615385,-0.8115384615384615,-0.8795454545454545,-0.9397265203310543,-1.0,-1.0,-1.0,-0.9371875884183721,-0.8581533528246723,-0.811374139394511,-0.7498821088371216,0.2615384615384615,2.0
-0.8115384615384615,-0.8795454545454545,-0.9397265203310543,-1.0,-1.0,-1.0,-0.9371875884183721,-0.8581533528246723,-0.811374139394511,-0.7498821088371216,-0.6259549184193153,0.3740450815806847,2.0
-0.8795454545454545,-0.9397265203310543,-1.0,-1.0,-1.0,-0.9371875884183721,-0.8581533528246723,-0.811374139394511,-0.7498821088371216,-0.6259549184193153,-0.5335282467226257,0.46647175327737433,2.0
-0.9397265203310543,-1.0,-1.0,-1.0,-0.9371875884183721,-0.8581533528246723,-0.811374139394511,-0.7498821088371216,-0.6259549184193153,-0.5335282467226257,-0.42601150617749695,0.573988493822503,2.0
-1.0,-1.0,-1.0,-0.9371875884183721,-0.8581533528246723,-0.811374139394511,-0.7498821088371216,-0.6259549184193153,-0.5335282467226257,-0.42601150617749695,-0.25492785060831835,0.7450721493916816,2.0
-1.0,-1.0,-0.9371875884183721,-0.8581533528246723,-0.811374139394511,-0.7498821088371216,-0.6259549184193153,-0.5335282467226257,-0.42601150617749695,-0.25492785060831835,-0.07271526926341598,0.927284730736584,2.0
-1.0,-0.9371875884183721,-0.8581533528246723,-0.811374139394511,-0.7498821088371216,-0.6259549184193153,-0.5335282467226257,-0.42601150617749695,-0.25492785060831835,-0.07271526926341598,0.06875412619070076,1.0687541261907008,2.0
-0.9371875884183721,-0.8581533528246723,-0.811374139394511,-0.7498821088371216,-0.6259549184193153,-0.5335282467226257,-0.42601150617749695,-0.25492785060831835,-0.07271526926341598,0.06875412619070076,0.2168254267660097,1.1540130151843817,2.0
-0.8581533528246723,-0.811374139394511,-0.7498821088371216,-0.6259549184193153,-0.5335282467226257,-0.42601150617749695,-0.25492785060831835,-0.07271526926341598,0.06875412619070076,0.2168254267660097,0.3639535980382911,1.2221069508629634,2.0
-0.811374139394511,-0.7498821088371216,-0.6259549184193153,-0.5335282467226257,-0.42601150617749695,-0.25492785060831835,-0.07271526926341598,0.06875412619070076,0.2168254267660097,0.3639535980382911,0.5044798641893804,1.3158540035838913,2.0
-0.7498821088371216,-0.6259549184193153,-0.5335282467226257,-0.42601150617749695,-0.25492785060831835,-0.07271526926341598,0.06875412619070076,0.2168254267660097,0.3639535980382911,0.5044798641893804,0.6316136942374799,1.3814958030746016,2.0
-0.6259549184193153,-0.5335282467226257,-0.42601150617749695,-0.25492785060831835,-0.07271526926341598,0.06875412619070076,0.2168254267660097,0.3639535980382911,0.5044798641893804,0.6316136942374799,0.7364896727341319,1.362444591153447,2.0
-0.5335282467226257,-0.42601150617749695,-0.25492785060831835,-0.07271526926341598,0.06875412619070076,0.2168254267660097,0.3639535980382911,0.5044798641893804,0.6316136942374799,0.7364896727341319,0.8138262755823824,1.347354522305008,2.0
-0.42601150617749695,-0.25492785060831835,-0.07271526926341598,0.06875412619070076,0.2168254267660097,0.3639535980382911,0.5044798641893804,0.6316136942374799,0.7364896727341319,0.8138262755823824,0.863057625200415,1.289069131377912,2.0
-0.25492785060831835,-0.07271526926341598,0.06875412619070076,0.2168254267660097,0.3639535980382911,0.5044798641893804,0.6316136942374799,0.7364896727341319,0.8138262755823824,0.863057625200415,0.8777704423276431,1.1326982929359615,2.0
-0.07271526926341598,0.06875412619070076,0.2168254267660097,0.3639535980382911,0.5044798641893804,0.6316136942374799,0.7364896727341319,0.8138262755823824,0.863057625200415,0.8777704423276431,0.860794114873149,0.9504857115910591,2.0
0.06875412619070076,0.2168254267660097,0.3639535980382911,0.5044798641893804,0.6316136942374799,0.7364896727341319,0.8138262755823824,0.863057625200415,0.8777704423276431,0.860794114873149,0.8155239083278318,0.8090163161369424,2.0
0.2168254267660097,0.3639535980382911,0.5044798641893804,0.6316136942374799,0.7364896727341319,0.8138262755823824,0.863057625200415,0.8777704423276431,0.860794114873149,0.8155239083278318,0.6934829765160804,0.6609450155616334,2.0
0.3639535980382911,0.5044798641893804,0.6316136942374799,0.7364896727341319,0.8138262755823824,0.863057625200415,0.8777704423276431,0.860794114873149,0.8155239083278318,0.6934829765160804,0.5999245496557577,0.513816844289352,2.0
0.5044798641893804,0.6316136942374799,0.7364896727341319,0.8138262755823824,0.863057625200415,0.8777704423276431,0.860794114873149,0.8155239083278318,0.6934829765160804,0.5999245496557577,0.4916533056682071,0.38611713665943603,0.0
0.6316136942374799,0.7364896727341319,0.8138262755823824,0.863057625200415,0.8777704423276431,0.860794114873149,0.8155239083278318,0.6934829765160804,0.5999245496557577,0.4916533056682071,0.4150712062623785,0.46269923606526464,0.0
0.7364896727341319,0.8138262755823824,0.863057625200415,0.8777704423276431,0.860794114873149,0.8155239083278318,0.6934829765160804,0.5999245496557577,0.4916533056682071,0.4150712062623785,0.2785060831840045,0.5992643591436386,0.0
0.8138262755823824,0.863057625200415,0.8777704423276431,0.860794114873149,0.8155239083278318,0.6934829765160804,0.5999245496557577,0.4916533056682071,0.4150712062623785,0.2785060831840045,0.13571630670564927,0.7420541356219938,0.0
0.863057625200415,0.8777704423276431,0.860794114873149,0.8155239083278318,0.6934829765160804,0.5999245496557577,0.4916533056682071,0.4150712062623785,0.2785060831840045,0.13571630670564927,0.04668490049985863,0.8310855418277845,0.0
0.8777704423276431,0.860794114873149,0.8155239083278318,0.6934829765160804,0.5999245496557577,0.4916533056682071,0.4150712062623785,0.2785060831840045,0.13571630670564927,0.04668490049985863,-0.08026030368763559,0.9580307460152787,0.0
0.860794114873149,0.8155239083278318,0.6934829765160804,0.5999245496557577,0.4916533056682071,0.4150712062623785,0.2785060831840045,0.13571630670564927,0.04668490049985863,-0.08026030368763559,-0.2462510610204659,1.107045175893615,0.0
0.8155239083278318,0.6934829765160804,0.5999245496557577,0.4916533056682071,0.4150712062623785,0.2785060831840045,0.13571630670564927,0.04668490049985863,-0.08026030368763559,-0.2462510610204659,-0.34867490332924644,1.1641988116570783,0.0
0.6934829765160804,0.5999245496557577,0.4916533056682071,0.4150712062623785,0.2785060831840045,0.13571630670564927,0.04668490049985863,-0.08026030368763559,-0.2462510610204659,-0.34867490332924644,-0.4378949353956427,1.131377911911723,0.0
0.5999245496557577,0.4916533056682071,0.4150712062623785,0.2785060831840045,0.13571630670564927,0.04668490049985863,-0.08026030368763559,-0.2462510610204659,-0.34867490332924644,-0.4378949353956427,-0.5623880033952655,1.1623125530510232,0.0
0.4916533056682071,0.4150712062623785,0.2785060831840045,0.13571630670564927,0.04668490049985863,-0.08026030368763559,-0.2462510610204659,-0.34867490332924644,-0.4378949353956427,-0.5623880033952655,-0.6218051494859945,1.1134584551542015,0.0
0.4150712062623785,0.2785060831840045,0.13571630670564927,0.04668490049985863,-0.08026030368763559,-0.2462510610204659,-0.34867490332924644,-0.4378949353956427,-0.5623880033952655,-0.6218051494859945,-0.6700933698009996,1.0851645760633781,0.0
0.2785060831840045,0.13571630670564927,0.04668490049985863,-0.08026030368763559,-0.2462510610204659,-0.34867490332924644,-0.4378949353956427,-0.5623880033952655,-0.6218051494859945,-0.6700933698009996,-0.709138922946336,0.9876450061303405,0.0
0.13571630670564927,0.04668490049985863,-0.08026030368763559,-0.2462510610204659,-0.34867490332924644,-0.4378949353956427,-0.5623880033952655,-0.6218051494859945,-0.6700933698009996,-0.709138922946336,-0.7857210223521645,0.9214373290578137,0.0
0.04668490049985863,-0.08026030368763559,-0.2462510610204659,-0.34867490332924644,-0.4378949353956427,-0.5623880033952655,-0.6218051494859945,-0.6700933698009996,-0.709138922946336,-0.7857210223521645,-0.8585306045458833,0.9052155050457419,0.0
-0.08026030368763559,-0.2462510610204659,-0.34867490332924644,-0.4378949353956427,-0.5623880033952655,-0.6218051494859945,-0.6700933698009996,-0.709138922946336,-0.7857210223521645,-0.8585306045458833,-0.9262472885032538,0.8459869848156182,0.0
-0.2462510610204659,-0.34867490332924644,-0.4378949353956427,-0.5623880033952655,-0.6218051494859945,-0.6700933698009996,-0.709138922946336,-0.7857210223521645,-0.8585306045458833,-0.9262472885032538,-0.991101855357819,0.7448507943373531,0.0
-0.34867490332924644,-0.4378949353956427,-0.5623880033952655,-0.6218051494859945,-0.6700933698009996,-0.709138922946336,-0.7857210223521645,-0.8585306045458833,-0.9262472885032538,-0.991101855357819,-1.0,0.6513250966707536,0.0
-0.4378949353956427,-0.5623880033952655,-0.6218051494859945,-0.6700933698009996,-0.709138922946336,-0.7857210223521645,-0.8585306045458833,-0.9262472885032538,-0.991101855357819,-1.0,-0.9936564575280008,0.5621050646043573,0.0
-0.5623880033952655,-0.6218051494859945,-0.6700933698009996,-0.709138922946336,-0.7857210223521645,-0.8585306045458833,-0.9262472885032538,-0.991101855357819,-1.0,-0.9936564575280008,-0.91951630488651,0.4376119966047345,0.0
-0.6218051494859945,-0.6700933698009996,-0.709138922946336,-0.7857210223521645,-0.8585306045458833,-0.9262472885032538,-0.991101855357819,-1.0,-0.9936564575280008,-0.91951630488651,-0.8776885717117653,0.3781948505140055,0.0
-0.6700933698009996,-0.709138922946336,-0.7857210223521645,-0.8585306045458833,-0.9262472885032538,-0.991101855357819,-1.0,-0.9936564575280008,-0.91951630488651,-0.8776885717117653,-0.816631975418773,0.32990663019900035,0.0
-0.709138922946336,-0.7857210223521645,-0.8585306045458833,-0.9262472885032538,-0.991101855357819,-1.0,-0.9936564575280008,-0.91951630488651,-0.8776885717117653,-0.816631975418773,-0.6873822975517891,0.31261770244821085,0.0
-0.7857210223521645,-0.8585306045458833,-0.9262472885032538,-0.991101855357819,-1.0,-0.9936564575280008,-0.91951630488651,-0.8776885717117653,-0.816631975418773,-0.6873822975517891,-0.5892556249380514,0.4107443750619486,2.0
-0.8585306045458833,-0.9262472885032538,-0.991101855357819,-1.0,-0.9936564575280008,-0.91951630488651,-0.8776885717117653,-0.816631975418773,-0.6873822975517891,-0.5892556249380514,-0.4732877391218159,0.5267122608781841,2.0
-0.9262472885032538,-0.991101855357819,-1.0,-0.9936564575280008,-0.91951630488651,-0.8776885717117653,-0.816631975418773,-0.6873822975517891,-0.5892556249380514,-0.4732877391218159,-0.2950738427990881,0.7049261572009119,2.0
-0.991101855357819,-1.0,-0.9936564575280008,-0.91951630488651,-0.8776885717117653,-0.816631975418773,-0.6873822975517891,-0.5892556249380514,-0.4732877391218159,-0.2950738427990881,-0.10179403310536228,0.8982059668946377,2.0
-1.0,-0.9936564575280008,-0.91951630488651,-0.8776885717117653,-0.816631975418773,-0.6873822975517891,-0.5892556249380514,-0.4732877391218159,-0.2950738427990881,-0.10179403310536228,0.050054514818118845,1.0500545148181188,2.0
-0.9936564575280008,-0.91951630488651,-0.8776885717117653,-0.816631975418773,-0.6873822975517891,-0.5892556249380514,-0.4732877391218159,-0.2950738427990881,-0.10179403310536228,0.050054514818118845,0.2092377837248489,1.2028942412528498,2.0
-0.91951630488651,-0.8776885717117653,-0.816631975418773,-0.6873822975517891,-0.5892556249380514,-0.4732877391218159,-0.2950738427990881,-0.10179403310536228,0.050054514818118845,0.2092377837248489,0.3717910595698286,1.2913073644563386,2.0
-0.8776885717117653,-0.816631975418773,-0.6873822975517891,-0.5892556249380514,-0.4732877391218159,-0.2950738427990881,-0.10179403310536228,0.050054514818118845,0.2092377837248489,0.3717910595698286,0.5793438398255526,1.4570324115373179,2.0
-0.816631975418773,-0.6873822975517891,-0.5892556249380514,-0.4732877391218159,-0.2950738427990881,-0.10179403310536228,0.050054514818118845,0.2092377837248489,0.3717910595698286,0.5793438398255526,0.6653781346020418,1.4820101100208147,2.0
-0.6873822975517891,-0.5892556249380514,-0.4732877391218159,-0.2950738427990881,-0.10179403310536228,0.050054514818118845,0.2092377837248489,0.3717910595698286,0.5793438398255526,0.6653781346020418,0.7728218852215285,1.4602041827733176,2.0
-0.5892556249380514,-0.4732877391218159,-0.2950738427990881,-0.10179403310536228,0.050054514818118845,0.2092377837248489,0.3717910595698286,0.5793438398255526,0.6653781346020418,0.7728218852215285,0.8951333135097632,1.4843889384478146,2.0
-0.4732877391218159,-0.2950738427990881,-0.10179403310536228,0.050054514818118845,0.2092377837248489,0.3717910595698286,0.5793438398255526,0.6653781346020418,0.7728218852215285,0.8951333135097632,0.9327980969372585,1.4060858360590744,2.0
-0.2950738427990881,-0.10179403310536228,0.050054514818118845,0.2092377837248489,0.3717910595698286,0.5793438398255526,0.6653781346020418,0.7728218852215285,0.8951333135097632,0.9327980969372585,0.9345822182575081,1.229656061056596,2.0
-0.10179403310536228,0.050054514818118845,0.2092377837248489,0.3717910595698286,0.5793438398255526,0.6653781346020418,0.7728218852215285,0.8951333135097632,0.9327980969372585,0.9345822182575081,0.9550004955892557,1.0567945286946179,2.0
0.050054514818118845,0.2092377837248489,0.3717910595698286,0.5793438398255526,0.6653781346020418,0.7728218852215285,0.8951333135097632,0.9327980969372585,0.9345822182575081,0.9550004955892557,0.8969174348300128,0.9049459807711369,2.0
0.2092377837248489,0.3717910595698286,0.5793438398255526,0.6653781346020418,0.7728218852215285,0.8951333135097632,0.9327980969372585,0.9345822182575081,0.9550004955892557,0.8969174348300128,0.7631083358112796,0.7457627118644068,2.0
0.3717910595698286,0.5793438398255526,0.6653781346020418,0.7728218852215285,0.8951333135097632,0.9327980969372585,0.9345822182575081,0.9550004955892557,0.8969174348300128,0.7631083358112796,0.6616116562592922,0.5832094360194271,2.0
0.5793438398255526,0.6653781346020418,0.7728218852215285,0.8951333135097632,0.9327980969372585,0.9345822182575081,0.9550004955892557,0.8969174348300128,0.7631083358112796,0.6616116562592922,0.5918326890673009,0.3756566557637031,2.0
0.6653781346020418,0.7728218852215285,0.8951333135097632,0.9327980969372585,0.9345822182575081,0.9550004955892557,0.8969174348300128,0.7631083358112796,0.6616116562592922,0.5918326890673009,0.5069878085043116,0.44801268708494413,0.0
0.7728218852215285,0.8951333135097632,0.9327980969372585,0.9345822182575081,0.9550004955892557,0.8969174348300128,0.7631083358112796,0.6616116562592922,0.5918326890673009,0.5069878085043116,0.3598969174348301,0.5951035781544256,0.0
0.8951333135097632,0.9327980969372585,0.9345822182575081,0.9550004955892557,0.8969174348300128,0.7631083358112796,0.6616116562592922,0.5918326890673009,0.5069878085043116,0.3598969174348301,0.2639508375458419,0.6910496580434138,0.0
0.9327980969372585,0.9345822182575081,0.9550004955892557,0.8969174348300128,0.7631083358112796,0.6616116562592922,0.5918326890673009,0.5069878085043116,0.3598969174348301,0.2639508375458419,0.17950242838735253,0.7754980672019032,0.0
0.9345822182575081,0.9550004955892557,0.8969174348300128,0.7631083358112796,0.6616116562592922,0.5918326890673009,0.5069878085043116,0.3598969174348301,0.2639508375458419,0.17950242838735253,0.005649717514124353,0.9493507780751314,0.0
0.9550004955892557,0.8969174348300128,0.7631083358112796,0.6616116562592922,0.5918326890673009,0.5069878085043116,0.3598969174348301,0.2639508375458419,0.17950242838735253,0.005649717514124353,-0.15492120130835563,1.1099216968976113,0.0
0.8969174348300128,0.7631083358112796,0.6616116562592922,0.5918326890673009,0.5069878085043116,0.3598969174348301,0.2639508375458419,0.17950242838735253,0.005649717514124353,-0.15492120130835563,-0.25027257409059367,1.1471900089206066,0.0
0.7631083358112796,0.6616116562592922,0.5918326890673009,0.5069878085043116,0.3598969174348301,0.2639508375458419,0.17950242838735253,0.005649717514124353,-0.15492120130835563,-0.25027257409059367,-0.38626226583407675,1.1493706016453564,0.0
0.6616116562592922,0.5918326890673009,0.5069878085043116,0.3598969174348301,0.2639508375458419,0.17950242838735253,0.005649717514124353,-0.15492120130835563,-0.25027257409059367,-0.38626226583407675,-0.5071860442065617,1.1687977004658539,0.0
0.5918326890673009,0.5069878085043116,0.3598969174348301,0.2639508375458419,0.17950242838735253,0.005649717514124353,-0.15492120130835563,-0.25027257409059367,-0.38626226583407675,-0.5071860442065617,-0.5664585191793041,1.158291208246605,0.0
0.5069878085043116,0.3598969174348301,0.2639508375458419,0.17950242838735253,0.005649717514124353,-0.15492120130835563,-0.25027257409059367,-0.38626226583407675,-0.5071860442065617,-0.5664585191793041,-0.6170086232530478,1.1239964317573594,0.0
0.3598969174348301,0.2639508375458419,0.17950242838735253,0.005649717514124353,-0.15492120130835563,-0.25027257409059367,-0.38626226583407675,-0.5071860442065617,-0.5664585191793041,-0.6170086232530478,-0.7062146892655368,1.0661116067003669,0.0
0.2639508375458419,0.17950242838735253,0.005649717514124353,-0.15492120130835563,-0.25027257409059367,-0.38626226583407675,-0.5071860442065617,-0.5664585191793041,-0.6170086232530478,-0.7062146892655368,-0.7886807414015264,1.0526315789473684,0.0
0.17950242838735253,0.005649717514124353,-0.15492120130835563,-0.25027257409059367,-0.38626226583407675,-0.5071860442065617,-0.5664585191793041,-0.6170086232530478,-0.7062146892655368,-0.7886807414015264,-0.8657944295767668,1.0452968579641193,0.0
0.005649717514124353,-0.15492120130835563,-0.25027257409059367,-0.38626226583407675,-0.5071860442065617,-0.5664585191793041,-0.6170086232530478,-0.7062146892655368,-0.7886807414015264,-0.8657944295767668,-0.9375557537912578,0.9432054713053821,0.0
-0.15492120130835563,-0.25027257409059367,-0.38626226583407675,-0.5071860442065617,-0.5664585191793041,-0.6170086232530478,-0.7062146892655368,-0.7886807414015264,-0.8657944295767668,-0.9375557537912578,-1.0,0.8450787986916444,0.0
-0.25027257409059367,-0.38626226583407675,-0.5071860442065617,-0.5664585191793041,-0.6170086232530478,-0.7062146892655368,-0.7886807414015264,-0.8657944295767668,-0.9375557537912578,-1.0,-1.0,0.7497274259094063,0.0
-0.38626226583407675,-0.5071860442065617,-0.5664585191793041,-0.6170086232530478,-0.7062146892655368,-0.7886807414015264,-0.8657944295767668,-0.9375557537912578,-1.0,-1.0,-1.0,0.6137377341659233,0.0
-0.5071860442065617,-0.5664585191793041,-0.6170086232530478,-0.7062146892655368,-0.7886807414015264,-0.8657944295767668,-0.9375557537912578,-1.0,-1.0,-1.0,-0.9350916756544759,0.49281395579343834,0.0
-0.5664585191793041,-0.6170086232530478,-0.7062146892655368,-0.7886807414015264,-0.8657944295767668,-0.9375557537912578,-1.0,-1.0,-1.0,-0.9350916756544759,-0.8511618786155506,0.4335414808206959,0.0
-0.6170086232530478,-0.7062146892655368,-0.7886807414015264,-0.8657944295767668,-0.9375557537912578,-1.0,-1.0,-1.0,-0.9350916756544759,-0.8511618786155506,-0.8003725855476027,0.38299137674695216,1.0
-0.7062146892655368,-0.7886807414015264,-0.8657944295767668,-0.9375557537912578,-1.0,-1.0,-1.0,-0.9350916756544759,-0.8511618786155506,-0.8003725855476027,-0.6791842337484066,0.32081576625159336,1.0
-0.7886807414015264,-0.8657944295767668,-0.9375557537912578,-1.0,-1.0,-1.0,-0.9350916756544759,-0.8511618786155506,-0.8003725855476027,-0.6791842337484066,-0.5862339445043632,0.41376605549563683,2.0
-0.8657944295767668,-0.9375557537912578,-1.0,-1.0,-1.0,-0.9350916756544759,-0.8511618786155506,-0.8003725855476027,-0.6791842337484066,-0.5862339445043632,-0.47583096381998236,0.5241690361800176,2.0
-0.9375557537912578,-1.0,-1.0,-1.0,-0.9350916756544759,-0.8511618786155506,-0.8003725855476027,-0.6791842337484066,-0.5862339445043632,-0.47583096381998236,-0.29895087753701344,0.7010491224629866,2.0
-1.0,-1.0,-1.0,-0.9350916756544759,-0.8511618786155506,-0.8003725855476027,-0.6791842337484066,-0.5862339445043632,-0.47583096381998236,-0.29895087753701344,-0.10952054122953225,0.8904794587704677,2.0
-1.0,-1.0,-0.9350916756544759,-0.8511618786155506,-0.8003725855476027,-0.6791842337484066,-0.5862339445043632,-0.47583096381998236,-0.29895087753701344,-0.10952054122953225,0.037552701245220144,1.0375527012452201,2.0
-1.0,-0.9350916756544759,-0.8511618786155506,-0.8003725855476027,-0.6791842337484066,-0.5862339445043632,-0.47583096381998236,-0.29895087753701344,-0.10952054122953225,0.037552701245220144,0.19325424061182472,1.1932542406118247,2.0
-0.9350916756544759,-0.8511618786155506,-0.8003725855476027,-0.6791842337484066,-0.5862339445043632,-0.47583096381998236,-0.29895087753701344,-0.10952054122953225,0.037552701245220144,0.19325424061182472,0.35405431905088736,1.2891459947053634,2.0
-0.8511618786155506,-0.8003725855476027,-0.6791842337484066,-0.5862339445043632,-0.47583096381998236,-0.29895087753701344,-0.10952054122953225,0.037552701245220144,0.19325424061182472,0.35405431905088736,0.5654475929012648,1.4166094715168154,2.0
-0.8003725855476027,-0.6791842337484066,-0.5862339445043632,-0.47583096381998236,-0.29895087753701344,-0.10952054122953225,0.037552701245220144,0.19325424061182472,0.35405431905088736,0.5654475929012648,0.6603588587116385,1.4607314442592412,2.0
-0.6791842337484066,-0.5862339445043632,-0.47583096381998236,-0.29895087753701344,-0.10952054122953225,0.037552701245220144,0.19325424061182472,0.35405431905088736,0.5654475929012648,0.6603588587116385,0.7286008432199236,1.4077850769683302,2.0
-0.5862339445043632,-0.47583096381998236,-0.29895087753701344,-0.10952054122953225,0.037552701245220144,0.19325424061182472,0.35405431905088736,0.5654475929012648,0.6603588587116385,0.7286008432199236,0.8623394450436317,1.4485733895479949,2.0
-0.47583096381998236,-0.29895087753701344,-0.10952054122953225,0.037552701245220144,0.19325424061182472,0.35405431905088736,0.5654475929012648,0.6603588587116385,0.7286008432199236,0.8623394450436317,0.9094028826355525,1.385233846455535,2.0
-0.29895087753701344,-0.10952054122953225,0.037552701245220144,0.19325424061182472,0.35405431905088736,0.5654475929012648,0.6603588587116385,0.7286008432199236,0.8623394450436317,0.9094028826355525,0.9156780076478086,1.2146288851848221,2.0
-0.10952054122953225,0.037552701245220144,0.19325424061182472,0.35405431905088736,0.5654475929012648,0.6603588587116385,0.7286008432199236,0.8623394450436317,0.9094028826355525,0.9156780076478086,0.936464359250907,1.0459849004804394,2.0
0.037552701245220144,0.19325424061182472,0.35405431905088736,0.5654475929012648,0.6603588587116385,0.7286008432199236,0.8623394450436317,0.9094028826355525,0.9156780076478086,0.936464359250907,0.8231199137170311,0.8989116580056868,2.0
0.19325424061182472,0.35405431905088736,0.5654475929012648,0.6603588587116385,0.7286008432199236,0.8623394450436317,0.9094028826355525,0.9156780076478086,0.936464359250907,0.8231199137170311,0.6844788704774978,0.7432101186390823,2.0
0.35405431905088736,0.5654475929012648,0.6603588587116385,0.7286008432199236,0.8623394450436317,0.9094028826355525,0.9156780076478086,0.936464359250907,0.8231199137170311,0.6844788704774978,0.6287871359937249,0.5824100402000196,2.0
0.5654475929012648,0.6603588587116385,0.7286008432199236,0.8623394450436317,0.9094028826355525,0.9156780076478086,0.936464359250907,0.8231199137170311,0.6844788704774978,0.6287871359937249,0.5558388077262477,0.38062555152465927,2.0
0.6603588587116385,0.7286008432199236,0.8623394450436317,0.9094028826355525,0.9156780076478086,0.936464359250907,0.8231199137170311,0.6844788704774978,0.6287871359937249,0.5558388077262477,0.46837925286792825,0.46808510638297873,0.0
0.7286008432199236,0.8623394450436317,0.9094028826355525,0.9156780076478086,0.936464359250907,0.8231199137170311,0.6844788704774978,0.6287871359937249,0.5558388077262477,0.46837925286792825,0.3173840572605158,0.6190803019903912,0.0
0.8623394450436317,0.9094028826355525,0.9156780076478086,0.936464359250907,0.8231199137170311,0.6844788704774978,0.6287871359937249,0.5558388077262477,0.46837925286792825,0.3173840572605158,0.1644278850867733,0.7720364741641337,0.0
0.9094028826355525,0.9156780076478086,0.936464359250907,0.8231199137170311,0.6844788704774978,0.6287871359937249,0.5558388077262477,0.46837925286792825,0.3173840572605158,0.1644278850867733,0.02304147465437789,0.9134228845965291,0.0
0.9156780076478086,0.936464359250907,0.8231199137170311,0.6844788704774978,0.6287871359937249,0.5558388077262477,0.46837925286792825,0.3173840572605158,0.1644278850867733,0.02304147465437789,-0.1569761741347191,1.093440533385626,0.0
0.936464359250907,0.8231199137170311,0.6844788704774978,0.6287871359937249,0.5558388077262477,0.46837925286792825,0.3173840572605158,0.1644278850867733,0.02304147465437789,-0.1569761741347191,-0.32110991273654277,1.2575742719874499,0.0
0.8231199137170311,0.6844788704774978,0.6287871359937249,0.5558388077262477,0.46837925286792825,0.3173840572605158,0.1644278850867733,0.02304147465437789,-0.1569761741347191,-0.32110991273654277,-0.41758995979998037,1.2407098735170115,0.0
0.6844788704774978,0.6287871359937249,0.5558388077262477,0.46837925286792825,0.3173840572605158,0.1644278850867733,0.02304147465437789,-0.1569761741347191,-0.32110991273654277,-0.41758995979998037,-0.5495636827139916,1.2340425531914894,0.0
0.6287871359937249,0.5558388077262477,0.46837925286792825,0.3173840572605158,0.1644278850867733,0.02304147465437789,-0.1569761741347191,-0.32110991273654277,-0.41758995979998037,-0.5495636827139916,-0.6136876164329836,1.2424747524267086,0.0
0.5558388077262477,0.46837925286792825,0.3173840572605158,0.1644278850867733,0.02304147465437789,-0.1569761741347191,-0.32110991273654277,-0.41758995979998037,-0.5495636827139916,-0.6136876164329836,-0.6650652024708305,1.2209040101970783,0.0
0.46837925286792825,0.3173840572605158,0.1644278850867733,0.02304147465437789,-0.1569761741347191,-0.32110991273654277,-0.41758995979998037,-0.5495636827139916,-0.6136876164329836,-0.6650652024708305,-0.757035003431709,1.2254142562996373,0.0
0.3173840572605158,0.1644278850867733,0.02304147465437789,-0.1569761741347191,-0.32110991273654277,-0.41758995979998037,-0.5495636827139916,-0.6136876164329836,-0.6650652024708305,-0.757035003431709,-0.8378272379645063,1.1552112952250222,0.0
0.1644278850867733,0.02304147465437789,-0.1569761741347191,-0.32110991273654277,-0.41758995979998037,-0.5495636827139916,-0.6136876164329836,-0.6650652024708305,-0.757035003431709,-0.8378272379645063,-0.9137170310814786,1.078144916168252,0.0
0.02304147465437789,-0.1569761741347191,-0.32110991273654277,-0.41758995979998037,-0.5495636827139916,-0.6136876164329836,-0.6650652024708305,-0.757035003431709,-0.8378272379645063,-0.9137170310814786,-0.9835277968428278,1.0065692714972057,0.0
-0.1569761741347191,-0.32110991273654277,-0.41758995979998037,-0.5495636827139916,-0.6136876164329836,-0.6650652024708305,-0.757035003431709,-0.8378272379645063,-0.9137170310814786,-0.9835277968428278,-0.999803902343367,0.8428277282086479,0.0
-0.32110991273654277,-0.41758995979998037,-0.5495636827139916,-0.6136876164329836,-0.6650652024708305,-0.757035003431709,-0.8378272379645063,-0.9137170310814786,-0.9835277968428278,-0.999803902343367,-1.0,0.6788900872634572,0.0
-0.41758995979998037,-0.5495636827139916,-0.6136876164329836,-0.6650652024708305,-0.757035003431709,-0.8378272379645063,-0.9137170310814786,-0.9835277968428278,-0.999803902343367,-1.0,-1.0,0.5824100402000196,0.0
-0.5495636827139916,-0.6136876164329836,-0.6650652024708305,-0.757035003431709,-0.8378272379645063,-0.9137170310814786,-0.9835277968428278,-0.999803902343367,-1.0,-1.0,-0.9893214251043588,0.4504363172860084,0.0
-0.6136876164329836,-0.6650652024708305,-0.757035003431709,-0.8378272379645063,-0.9137170310814786,-0.9835277968428278,-0.999803902343367,-1.0,-1.0,-0.9893214251043588,-0.9110765945053878,0.38631238356701636,1.0
-0.6650652024708305,-0.757035003431709,-0.8378272379645063,-0.9137170310814786,-0.9835277968428278,-0.999803902343367,-1.0,-1.0,-0.9893214251043588,-0.9110765945053878,-0.8631200854285992,0.33493479752916955,1.0
-0.757035003431709,-0.8378272379645063,-0.9137170310814786,-0.9835277968428278,-0.999803902343367,-1.0,-1.0,-0.9893214251043588,-0.9110765945053878,-0.8631200854285992,-0.7978837006115911,0.24296499656829096,1.0
-0.8378272379645063,-0.9137170310814786,-0.9835277968428278,-0.999803902343367,-1.0,-1.0,-0.9893214251043588,-0.9110765945053878,-0.8631200854285992,-0.7978837006115911,-0.6613920978545772,0.3386079021454228,1.0
-0.9137170310814786,-0.9835277968428278,-0.999803902343367,-1.0,-1.0,-0.9893214251043588,-0.9110765945053878,-0.8631200854285992,-0.7978837006115911,-0.6613920978545772,-0.548957923712151,0.451042076287849,2.0
-0.9835277968428278,-0.999803902343367,-1.0,-1.0,-0.9893214251043588,-0.9110765945053878,-0.8631200854285992,-0.7978837006115911,-0.6613920978545772,-0.548957923712151,-0.3749508454581203,0.6250491545418797,2.0
-0.999803902343367,-1.0,-1.0,-0.9893214251043588,-0.9110765945053878,-0.8631200854285992,-0.7978837006115911,-0.6613920978545772,-0.548957923712151,-0.3749508454581203,-0.18423122296500194,0.8157687770349981,2.0
-1.0,-1.0,-0.9893214251043588,-0.9110765945053878,-0.8631200854285992,-0.7978837006115911,-0.6613920978545772,-0.548957923712151,-0.3749508454581203,-0.18423122296500194,-0.03145890680298857,0.9685410931970114,2.0
-1.0,-0.9893214251043588,-0.9110765945053878,-0.8631200854285992,-0.7978837006115911,-0.6613920978545772,-0.548957923712151,-0.3749508454581203,-0.18423122296500194,-0.03145890680298857,0.13193079040503353,1.1319307904050335,2.0
-0.9893214251043588,-0.9110765945053878,-0.8631200854285992,-0.7978837006115911,-0.6613920978545772,-0.548957923712151,-0.3749508454581203,-0.18423122296500194,-0.03145890680298857,0.13193079040503353,0.35332284703106565,1.3426442721354244,2.0
-0.9110765945053878,-0.8631200854285992,-0.7978837006115911,-0.6613920978545772,-0.548957923712151,-0.3749508454581203,-0.18423122296500194,-0.03145890680298857,0.13193079040503353,0.35332284703106565,0.5727487219819112,1.483825316487299,2.0
-0.8631200854285992,-0.7978837006115911,-0.6613920978545772,-0.548957923712151,-0.3749508454581203,-0.18423122296500194,-0.03145890680298857,0.13193079040503353,0.35332284703106565,0.5727487219819112,0.7764451435312623,1.6395652289598615,2.0
-0.7978837006115911,-0.6613920978545772,-0.548957923712151,-0.3749508454581203,-0.18423122296500194,-0.03145890680298857,0.13193079040503353,0.35332284703106565,0.5727487219819112,0.7764451435312623,0.8539127015336216,1.6517964021452127,2.0
-0.6613920978545772,-0.548957923712151,-0.3749508454581203,-0.18423122296500194,-0.03145890680298857,0.13193079040503353,0.35332284703106565,0.5727487219819112,0.7764451435312623,0.8539127015336216,0.9502556036177743,1.6116477014723514,2.0
-0.548957923712151,-0.3749508454581203,-0.18423122296500194,-0.03145890680298857,0.13193079040503353,0.35332284703106565,0.5727487219819112,0.7764451435312623,0.8539127015336216,0.9502556036177743,1.0,1.548957923712151,2.0
-0.3749508454581203,-0.18423122296500194,-0.03145890680298857,0.13193079040503353,0.35332284703106565,0.5727487219819112,0.7764451435312623,0.8539127015336216,0.9502556036177743,1.0,0.9710061993323795,1.3749508454581203,2.0
-0.18423122296500194,-0.03145890680298857,0.13193079040503353,0.35332284703106565,0.5727487219819112,0.7764451435312623,0.8539127015336216,0.9502556036177743,1.0,0.9710061993323795,1.0,1.184231222965002,2.0
-0.03145890680298857,0.13193079040503353,0.35332284703106565,0.5727487219819112,0.7764451435312623,0.8539127015336216,0.9502556036177743,1.0,0.9710061993323795,1.0,0.9487570244785217,1.0314589068029885,2.0
0.13193079040503353,0.35332284703106565,0.5727487219819112,0.7764451435312623,0.8539127015336216,0.9502556036177743,1.0,0.9710061993323795,1.0,0.9487570244785217,0.8218877988379845,0.8680692095949665,2.0
0.35332284703106565,0.5727487219819112,0.7764451435312623,0.8539127015336216,0.9502556036177743,1.0,0.9710061993323795,1.0,0.9487570244785217,0.8218877988379845,0.7220687684541385,0.6466771529689344,2.0
0.5727487219819112,0.7764451435312623,0.8539127015336216,0.9502556036177743,1.0,0.9710061993323795,1.0,0.9487570244785217,0.8218877988379845,0.7220687684541385,0.650061910658158,0.4272512780180888,2.0
0.7764451435312623,0.8539127015336216,0.9502556036177743,1.0,0.9710061993323795,1.0,0.9487570244785217,0.8218877988379845,0.7220687684541385,0.650061910658158,0.5142394513763215,0.48576054862367846,0.0
0.8539127015336216,0.9502556036177743,1.0,0.9710061993323795,1.0,0.9487570244785217,0.8218877988379845,0.7220687684541385,0.650061910658158,0.5142394513763215,0.3677493094580435,0.6322506905419565,0.0
0.9502556036177743,1.0,0.9710061993323795,1.0,0.9487570244785217,0.8218877988379845,0.7220687684541385,0.650061910658158,0.5142394513763215,0.3677493094580435,0.22049719020859126,0.7795028097914087,0.0
1.0,0.9710061993323795,1.0,0.9487570244785217,0.8218877988379845,0.7220687684541385,0.650061910658158,0.5142394513763215,0.3677493094580435,0.22049719020859126,0.08010286693970858,0.9198971330602914,0.0
0.9710061993323795,1.0,0.9487570244785217,0.8218877988379845,0.7220687684541385,0.650061910658158,0.5142394513763215,0.3677493094580435,0.22049719020859126,0.08010286693970858,-0.05267168301743019,1.0526716830174303,0.0
1.0,0.9487570244785217,0.8218877988379845,0.7220687684541385,0.650061910658158,0.5142394513763215,0.3677493094580435,0.22049719020859126,0.08010286693970858,-0.05267168301743019,-0.21897323554624248,1.2189732355462426,0.0
0.9487570244785217,0.8218877988379845,0.7220687684541385,0.650061910658158,0.5142394513763215,0.3677493094580435,0.22049719020859126,0.08010286693970858,-0.05267168301743019,-0.21897323554624248,-0.3197447375940565,1.2685017620725783,0.0
0.8218877988379845,0.7220687684541385,0.650061910658158,0.5142394513763215,0.3677493094580435,0.22049719020859126,0.08010286693970858,-0.05267168301743019,-0.21897323554624248,-0.3197447375940565,-0.45347175921516336,1.2753595580531478,0.0
0.7220687684541385,0.650061910658158,0.5142394513763215,0.3677493094580435,0.22049719020859126,0.08010286693970858,-0.05267168301743019,-0.21897323554624248,-0.3197447375940565,-0.45347175921516336,-0.570625773883227,1.2926945423373655,0.0
0.650061910658158,0.5142394513763215,0.3677493094580435,0.22049719020859126,0.08010286693970858,-0.05267168301743019,-0.21897323554624248,-0.3197447375940565,-0.45347175921516336,-0.570625773883227,-0.627202590722926,1.277264501381084,0.0
0.5142394513763215,0.3677493094580435,0.22049719020859126,0.08010286693970858,-0.05267168301743019,-0.21897323554624248,-0.3197447375940565,-0.45347175921516336,-0.570625773883227,-0.627202590722926,-0.6736832079245643,1.1879226593008858,0.0
0.3677493094580435,0.22049719020859126,0.08010286693970858,-0.05267168301743019,-0.21897323554624248,-0.3197447375940565,-0.45347175921516336,-0.570625773883227,-0.627202590722926,-0.6736832079245643,-0.755595771025812,1.1233450804838556,0.0
0.22049719020859126,0.08010286693970858,-0.05267168301743019,-0.21897323554624248,-0.3197447375940565,-0.45347175921516336,-0.570625773883227,-0.627202590722926,-0.6736832079245643,-0.755595771025812,-0.8304600438136965,1.0509572340222877,0.0
0.08010286693970858,-0.05267168301743019,-0.21897323554624248,-0.3197447375940565,-0.45347175921516336,-0.570625773883227,-0.627202590722926,-0.6736832079245643,-0.755595771025812,-0.8304600438136965,-0.8938946566339652,0.9739975235736738,0.0
-0.05267168301743019,-0.21897323554624248,-0.3197447375940565,-0.45347175921516336,-0.570625773883227,-0.627202590722926,-0.6736832079245643,-0.755595771025812,-0.8304600438136965,-0.8938946566339652,-0.9436136774930945,0.8909419944756644,0.0
-0.21897323554624248,-0.3197447375940565,-0.45347175921516336,-0.570625773883227,-0.627202590722926,-0.6736832079245643,-0.755595771025812,-0.8304600438136965,-0.8938946566339652,-0.9436136774930945,-0.8815125250023812,0.7246404419468521,0.0
-0.3197447375940565,-0.45347175921516336,-0.570625773883227,-0.627202590722926,-0.6736832079245643,-0.755595771025812,-0.8304600438136965,-0.8938946566339652,-0.9436136774930945,-0.8815125250023812,-0.8470330507667396,0.623868939899038,0.0
-0.45347175921516336,-0.570625773883227,-0.627202590722926,-0.6736832079245643,-0.755595771025812,-0.8304600438136965,-0.8938946566339652,-0.9436136774930945,-0.8815125250023812,-0.8470330507667396,-0.7957900752452615,0.4901419182779312,0.0
-0.570625773883227,-0.627202590722926,-0.6736832079245643,-0.755595771025812,-0.8304600438136965,-0.8938946566339652,-0.9436136774930945,-0.8815125250023812,-0.8470330507667396,-0.7957900752452615,-0.6776835889132298,0.37298790360986755,0.0
-0.627202590722926,-0.6736832079245643,-0.755595771025812,-0.8304600438136965,-0.8938946566339652,-0.9436136774930945,-0.8815125250023812,-0.8470330507667396,-0.7957900752452615,-0.6776835889132298,-0.5422421182969807,0.4013715591961139,2.0
-0.6736832079245643,-0.755595771025812,-0.8304600438136965,-0.8938946566339652,-0.9436136774930945,-0.8815125250023812,-0.8470330507667396,-0.7957900752452615,-0.6776835889132298,-0.5422421182969807,-0.43804171825888183,0.5055719592342127,2.0
-0.755595771025812,-0.8304600438136965,-0.8938946566339652,-0.9436136774930945,-0.8815125250023812,-0.8470330507667396,-0.7957900752452615,-0.6776835889132298,-0.5422421182969807,-0.43804171825888183,-0.2669778074102296,0.676635870082865,2.0
-0.8304600438136965,-0.8938946566339652,-0.9436136774930945,-0.8815125250023812,-0.8470330507667396,-0.7957900752452615,-0.6776835889132298,-0.5422421182969807,-0.43804171825888183,-0.2669778074102296,-0.08315077626440615,0.8604629012286884,2.0
-0.8938946566339652,-0.9436136774930945,-0.8815125250023812,-0.8470330507667396,-0.7957900752452615,-0.6776835889132298,-0.5422421182969807,-0.43804171825888183,-0.2669778074102296,-0.08315077626440615,0.05895799599961893,1.0025716734927135,2.0
-0.9436136774930945,-0.8815125250023812,-0.8470330507667396,-0.7957900752452615,-0.6776835889132298,-0.5422421182969807,-0.43804171825888183,-0.2669778074102296,-0.08315077626440615,0.05895799599961893,0.21211543956567303,1.1557291170587676,2.0
-0.8815125250023812,-0.8470330507667396,-0.7957900752452615,-0.6776835889132298,-0.5422421182969807,-0.43804171825888183,-0.2669778074102296,-0.08315077626440615,0.05895799599961893,0.21211543956567303,0.36832079245642446,1.2498333174588057,2.0
-0.8470330507667396,-0.7957900752452615,-0.6776835889132298,-0.5422421182969807,-0.43804171825888183,-0.2669778074102296,-0.08315077626440615,0.05895799599961893,0.21211543956567303,0.36832079245642446,0.5671968758929422,1.4142299266596818,2.0
-0.7957900752452615,-0.6776835889132298,-0.5422421182969807,-0.43804171825888183,-0.2669778074102296,-0.08315077626440615,0.05895799599961893,0.21211543956567303,0.36832079245642446,0.5671968758929422,0.7032098295075722,1.4989999047528335,2.0
-0.6776835889132298,-0.5422421182969807,-0.43804171825888183,-0.2669778074102296,-0.08315077626440615,0.05895799599961893,0.21211543956567303,0.36832079245642446,0.5671968758929422,0.7032098295075722,0.8110296218687494,1.4887132107819792,2.0
-0.5422421182969807,-0.43804171825888183,-0.2669778074102296,-0.08315077626440615,0.05895799599961893,0.21211543956567303,0.36832079245642446,0.5671968758929422,0.7032098295075722,0.8110296218687494,0.8931326793027907,1.4353747975997715,2.0
-0.43804171825888183,-0.2669778074102296,-0.08315077626440615,0.05895799599961893,0.21211543956567303,0.36832079245642446,0.5671968758929422,0.7032098295075722,0.8110296218687494,0.8931326793027907,0.9458996094866177,1.3839413277454995,2.0
-0.2669778074102296,-0.08315077626440615,0.05895799599961893,0.21211543956567303,0.36832079245642446,0.5671968758929422,0.7032098295075722,0.8110296218687494,0.8931326793027907,0.9458996094866177,0.9184684255643394,1.2128774168968472,2.0
-0.08315077626440615,0.05895799599961893,0.21211543956567303,0.36832079245642446,0.5671968758929422,0.7032098295075722,0.8110296218687494,0.8931326793027907,0.9458996094866177,0.9184684255643394,0.9110391465853891,1.0290503857510238,2.0
0.05895799599961893,0.21211543956567303,0.36832079245642446,0.5671968758929422,0.7032098295075722,0.8110296218687494,0.8931326793027907,0.9458996094866177,0.9184684255643394,0.9110391465853891,0.8729402800266692,0.8869416134869987,2.0
0.21211543956567303,0.36832079245642446,0.5671968758929422,0.7032098295075722,0.8110296218687494,0.8931326793027907,0.9458996094866177,0.9184684255643394,0.9110391465853891,0.8729402800266692,0.8112201162015431,0.7337841699209446,2.0
0.36832079245642446,0.5671968758929422,0.7032098295075722,0.8110296218687494,0.8931326793027907,0.9458996094866177,0.9184684255643394,0.9110391465853891,0.8729402800266692,0.8112201162015431,0.7314029907610249,0.5775788170301932,0.0
0.5671968758929422,0.7032098295075722,0.8110296218687494,0.8931326793027907,0.9458996094866177,0.9184684255643394,0.9110391465853891,0.8729402800266692,0.8112201162015431,0.7314029907610249,0.6291075340508621,0.37870273359367546,0.0
0.7032098295075722,0.8110296218687494,0.8931326793027907,0.9458996094866177,0.9184684255643394,0.9110391465853891,0.8729402800266692,0.8112201162015431,0.7314029907610249,0.6291075340508621,0.5108105533860368,0.4350890561005809,0.0
0.8110296218687494,0.8931326793027907,0.9458996094866177,0.9184684255643394,0.9110391465853891,0.8729402800266692,0.8112201162015431,0.7314029907610249,0.6291075340508621,0.5108105533860368,0.38108391275359565,0.564815696733022,0.0
0.8931326793027907,0.9458996094866177,0.9184684255643394,0.9110391465853891,0.8729402800266692,0.8112201162015431,0.7314029907610249,0.6291075340508621,0.5108105533860368,0.38108391275359565,0.2452614534717592,0.7006381560148585,0.0
0.9458996094866177,0.9184684255643394,0.9110391465853891,0.8729402800266692,0.8112201162015431,0.7314029907610249,0.6291075340508621,0.5108105533860368,0.38108391275359565,0.2452614534717592,0.16639679969520915,0.7795028097914085,0.0
0.9184684255643394,0.9110391465853891,0.8729402800266692,0.8112201162015431,0.7314029907610249,0.6291075340508621,0.5108105533860368,0.38108391275359565,0.2452614534717592,0.16639679969520915,0.09438994189922845,0.8240784836651109,0.0
0.9110391465853891,0.8729402800266692,0.8112201162015431,0.7314029907610249,0.6291075340508621,0.5108105533860368,0.38108391275359565,0.2452614534717592,0.16639679969520915,0.09438994189922845,-0.06448233165063344,0.9755214782360225,0.0
0.8729402800266692,0.8112201162015431,0.7314029907610249,0.6291075340508621,0.5108105533860368,0.38108391275359565,0.2452614534717592,0.16639679969520915,0.09438994189922845,-0.06448233165063344,-0.15915801504905225,1.0320982950757216,0.0
0.8112201162015431,0.7314029907610249,0.6291075340508621,0.5108105533860368,0.38108391275359565,0.2452614534717592,0.16639679969520915,0.09438994189922845,-0.06448233165063344,-0.15915801504905225,-0.24602343080293365,1.0572435470044768,0.0
0.7314029907610249,0.6291075340508621,0.5108105533860368,0.38108391275359565,0.2452614534717592,0.16639679969520915,0.09438994189922845,-0.06448233165063344,-0.15915801504905225,-0.24602343080293365,-0.37022573578436047,1.1016287265453855,0.0
0.6291075340508621,0.5108105533860368,0.38108391275359565,0.2452614534717592,0.16639679969520915,0.09438994189922845,-0.06448233165063344,-0.15915801504905225,-0.24602343080293365,-0.37022573578436047,-0.4854748071244881,1.1145823411753502,0.0
0.5108105533860368,0.38108391275359565,0.2452614534717592,0.16639679969520915,0.09438994189922845,-0.06448233165063344,-0.15915801504905225,-0.24602343080293365,-0.37022573578436047,-0.4854748071244881,-0.5456710162872654,1.056481569673302,0.0
0.38108391275359565,0.2452614534717592,0.16639679969520915,0.09438994189922845,-0.06448233165063344,-0.15915801504905225,-0.24602343080293365,-0.37022573578436047,-0.4854748071244881,-0.5456710162872654,-0.593866082484046,0.9749499952376417,0.0
0.2452614534717592,0.16639679969520915,0.09438994189922845,-0.06448233165063344,-0.15915801504905225,-0.24602343080293365,-0.37022573578436047,-0.4854748071244881,-0.5456710162872654,-0.593866082484046,-0.63482236403467,0.8800838175064292,0.0
0.16639679969520915,0.09438994189922845,-0.06448233165063344,-0.15915801504905225,-0.24602343080293365,-0.37022573578436047,-0.4854748071244881,-0.5456710162872654,-0.593866082484046,-0.63482236403467,-0.717496904467092,0.8838937041623012,0.0
0.09438994189922845,-0.06448233165063344,-0.15915801504905225,-0.24602343080293365,-0.37022573578436047,-0.4854748071244881,-0.5456710162872654,-0.593866082484046,-0.63482236403467,-0.717496904467092,-0.7900752452614535,0.8844651871606819,0.0
-0.06448233165063344,-0.15915801504905225,-0.24602343080293365,-0.37022573578436047,-0.4854748071244881,-0.5456710162872654,-0.593866082484046,-0.63482236403467,-0.717496904467092,-0.7900752452614535,-0.8573197447375941,0.7928374130869607,0.0
-0.15915801504905225,-0.24602343080293365,-0.37022573578436047,-0.4854748071244881,-0.5456710162872654,-0.593866082484046,-0.63482236403467,-0.717496904467092,-0.7900752452614535,-0.8573197447375941,-0.9186589198971331,0.7595009048480809,0.0
-0.24602343080293365,-0.37022573578436047,-0.4854748071244881,-0.5456710162872654,-0.593866082484046,-0.63482236403467,-0.717496904467092,-0.7900752452614535,-0.8573197447375941,-0.9186589198971331,-0.919611391561101,0.6735879607581674,0.0
-0.37022573578436047,-0.4854748071244881,-0.5456710162872654,-0.593866082484046,-0.63482236403467,-0.717496904467092,-0.7900752452614535,-0.8573197447375941,-0.9186589198971331,-0.919611391561101,-0.8573197447375941,0.5493856557767406,0.0
-0.4854748071244881,-0.5456710162872654,-0.593866082484046,-0.63482236403467,-0.717496904467092,-0.7900752452614535,-0.8573197447375941,-0.9186589198971331,-0.919611391561101,-0.8573197447375941,-0.825507191161063,0.43413658443661296,0.0
-0.5456710162872654,-0.593866082484046,-0.63482236403467,-0.717496904467092,-0.7900752452614535,-0.8573197447375941,-0.9186589198971331,-0.919611391561101,-0.8573197447375941,-0.825507191161063,-0.7790265739594247,0.3739403752738356,0.0
-0.593866082484046,-0.63482236403467,-0.717496904467092,-0.7900752452614535,-0.8573197447375941,-0.9186589198971331,-0.919611391561101,-0.8573197447375941,-0.825507191161063,-0.7790265739594247,-0.6689208496047243,0.325745309077055,0.0
-0.63482236403467,-0.717496904467092,-0.7900752452614535,-0.8573197447375941,-0.9186589198971331,-0.919611391561101,-0.8573197447375941,-0.825507191161063,-0.7790265739594247,-0.6689208496047243,-0.5422421182969807,0.3773692732641204,2.0
-0.717496904467092,-0.7900752452614535,-0.8573197447375941,-0.9186589198971331,-0.919611391561101,-0.8573197447375941,-0.825507191161063,-0.7790265739594247,-0.6689208496047243,-0.5422421182969807,-0.4527097818839889,0.46690160967711214,2.0
-0.7900752452614535,-0.8573197447375941,-0.9186589198971331,-0.919611391561101,-0.8573197447375941,-0.825507191161063,-0.7790265739594247,-0.6689208496047243,-0.5422421182969807,-0.4527097818839889,-0.3471759215163349,0.5724354700447661,2.0
-0.8573197447375941,-0.9186589198971331,-0.919611391561101,-0.8573197447375941,-0.825507191161063,-0.7790265739594247,-0.6689208496047243,-0.5422421182969807,-0.4527097818839889,-0.3471759215163349,-0.1783979426612058,0.7412134488998953,2.0
-0.9186589198971331,-0.919611391561101,-0.8573197447375941,-0.825507191161063,-0.7790265739594247,-0.6689208496047243,-0.5422421182969807,-0.4527097818839889,-0.3471759215163349,-0.1783979426612058,9.5247166396861e-05,0.9197066387274979,2.0
-0.919611391561101,-0.8573197447375941,-0.825507191161063,-0.7790265739594247,-0.6689208496047243,-0.5422421182969807,-0.4527097818839889,-0.3471759215163349,-0.1783979426612058,9.5247166396861e-05,0.13725116677778826,1.0568625583388893,2.0
-0.8573197447375941,-0.825507191161063,-0.7790265739594247,-0.6689208496047243,-0.5422421182969807,-0.4527097818839889,-0.3471759215163349,-0.1783979426612058,9.5247166396861e-05,0.13725116677778826,0.2818363653681304,1.1391561101057244,2.0
-0.825507191161063,-0.7790265739594247,-0.6689208496047243,-0.5422421182969807,-0.4527097818839889,-0.3471759215163349,-0.1783979426612058,9.5247166396861e-05,0.13725116677778826,0.2818363653681304,0.42337365463377474,1.2488808457948377,2.0
-0.7790265739594247,-0.6689208496047243,-0.5422421182969807,-0.4527097818839889,-0.3471759215163349,-0.1783979426612058,9.5247166396861e-05,0.13725116677778826,0.2818363653681304,0.42337365463377474,0.5071911610629585,1.2862177350223831,2.0
-0.6689208496047243,-0.5422421182969807,-0.4527097818839889,-0.3471759215163349,-0.1783979426612058,9.5247166396861e-05,0.13725116677778826,0.2818363653681304,0.42337365463377474,0.5071911610629585,0.6782550719116107,1.347175921516335,2.0
-0.5422421182969807,-0.4527097818839889,-0.3471759215163349,-0.1783979426612058,9.5247166396861e-05,0.13725116677778826,0.2818363653681304,0.42337365463377474,0.5071911610629585,0.6782550719116107,0.8380798171254404,1.3803219354224212,2.0
-0.4527097818839889,-0.3471759215163349,-0.1783979426612058,9.5247166396861e-05,0.13725116677778826,0.2818363653681304,0.42337365463377474,0.5071911610629585,0.6782550719116107,0.8380798171254404,0.8790360986760644,1.3317458805600533,2.0
-0.3471759215163349,-0.1783979426612058,9.5247166396861e-05,0.13725116677778826,0.2818363653681304,0.42337365463377474,0.5071911610629585,0.6782550719116107,0.8380798171254404,0.8790360986760644,0.8914182303076483,1.2385941518239831,2.0
-0.1783979426612058,9.5247166396861e-05,0.13725116677778826,0.2818363653681304,0.42337365463377474,0.5071911610629585,0.6782550719116107,0.8380798171254404,0.8790360986760644,0.8914182303076483,0.9712353557481666,1.1496332984093725,2.0
9.5247166396861e-05,0.13725116677778826,0.2818363653681304,0.42337365463377474,0.5071911610629585,0.6782550719116107,0.8380798171254404,0.8790360986760644,0.8914182303076483,0.9712353557481666,0.9704733784169921,0.9711401085817697,2.0
0.13725116677778826,0.2818363653681304,0.42337365463377474,0.5071911610629585,0.6782550719116107,0.8380798171254404,0.8790360986760644,0.8914182303076483,0.9712353557481666,0.9704733784169921,0.9378988475092866,0.8339841889703783,2.0
0.2818363653681304,0.42337365463377474,0.5071911610629585,0.6782550719116107,0.8380798171254404,0.8790360986760644,0.8914182303076483,0.9712353557481666,0.9704733784169921,0.9378988475092866,0.8788456043432709,0.6893989903800362,2.0
0.42337365463377474,0.5071911610629585,0.6782550719116107,0.8380798171254404,0.8790360986760644,0.8914182303076483,0.9712353557481666,0.9704733784169921,0.9378988475092866,0.8788456043432709,0.7980760072387847,0.5478617011143918,2.0
0.5071911610629585,0.6782550719116107,0.8380798171254404,0.8790360986760644,0.8914182303076483,0.9712353557481666,0.9704733784169921,0.9378988475092866,0.8788456043432709,0.7980760072387847,0.6959710448614154,0.4640441946852081,0.0
0.6782550719116107,0.8380798171254404,0.8790360986760644,0.8914182303076483,0.9712353557481666,0.9704733784169921,0.9378988475092866,0.8788456043432709,0.7980760072387847,0.6959710448614154,0.6281550623868939,0.34308029336127266,0.0
0.8380798171254404,0.8790360986760644,0.8914182303076483,0.9712353557481666,0.9704733784169921,0.9378988475092866,0.8788456043432709,0.7980760072387847,0.6959710448614154,0.6281550623868939,0.5466234879512335,0.42461186779693305,0.0
0.8790360986760644,0.8914182303076483,0.9712353557481666,0.9704733784169921,0.9378988475092866,0.8788456043432709,0.7980760072387847,0.6959710448614154,0.6281550623868939,0.5466234879512335,0.4060386703495571,0.5651966853986095,0.0
0.8914182303076483,0.9712353557481666,0.9704733784169921,0.9378988475092866,0.8788456043432709,0.7980760072387847,0.6959710448614154,0.6281550623868939,0.5466234879512335,0.4060386703495571,0.25897704543289835,0.7122583103152682,0.0
0.9712353557481666,0.9704733784169921,0.9378988475092866,0.8788456043432709,0.7980760072387847,0.6959710448614154,0.6281550623868939,0.5466234879512335,0.4060386703495571,0.25897704543289835,0.11591580150490532,0.8553195542432612,0.0
0.9704733784169921,0.9378988475092866,0.8788456043432709,0.7980760072387847,0.6959710448614154,0.6281550623868939,0.5466234879512335,0.4060386703495571,0.25897704543289835,0.11591580150490532,-0.014763310791503947,0.985236689208496,0.0
0.9378988475092866,0.8788456043432709,0.7980760072387847,0.6959710448614154,0.6281550623868939,0.5466234879512335,0.4060386703495571,0.25897704543289835,0.11591580150490532,-0.014763310791503947,-0.17554052766930184,1.1134393751785885,0.0
0.8788456043432709,0.7980760072387847,0.6959710448614154,0.6281550623868939,0.5466234879512335,0.4060386703495571,0.25897704543289835,0.11591580150490532,-0.014763310791503947,-0.17554052766930184,-0.2749785693875607,1.1538241737308317,0.0
0.7980760072387847,0.6959710448614154,0.6281550623868939,0.5466234879512335,0.4060386703495571,0.25897704543289835,0.11591580150490532,-0.014763310791503947,-0.17554052766930184,-0.2749785693875607,-0.40718163634631865,1.2052576435851035,0.0
0.6959710448614154,0.6281550623868939,0.5466234879512335,0.4060386703495571,0.25897704543289835,0.11591580150490532,-0.014763310791503947,-0.17554052766930184,-0.2749785693875607,-0.40718163634631865,-0.5262405943423183,1.2222116392037337,0.0
0.6281550623868939,0.5466234879512335,0.4060386703495571,0.25897704543289835,0.11591580150490532,-0.014763310791503947,-0.17554052766930184,-0.2749785693875607,-0.40718163634631865,-0.5262405943423183,-0.5845318601771597,1.2126869225640537,0.0
0.5466234879512335,0.4060386703495571,0.25897704543289835,0.11591580150490532,-0.014763310791503947,-0.17554052766930184,-0.2749785693875607,-0.40718163634631865,-0.5262405943423183,-0.5845318601771597,-0.6302505000476235,1.176873987998857,0.0
0.4060386703495571,0.25897704543289835,0.11591580150490532,-0.014763310791503947,-0.17554052766930184,-0.2749785693875607,-0.40718163634631865,-0.5262405943423183,-0.5845318601771597,-0.6302505000476235,-0.7167349271359177,1.122773597485475,0.0
0.25897704543289835,0.11591580150490532,-0.014763310791503947,-0.17554052766930184,-0.2749785693875607,-0.40718163634631865,-0.5262405943423183,-0.5845318601771597,-0.6302505000476235,-0.7167349271359177,-0.7948376035812934,1.0538146490141918,0.0
0.11591580150490532,-0.014763310791503947,-0.17554052766930184,-0.2749785693875607,-0.40718163634631865,-0.5262405943423183,-0.5845318601771597,-0.6302505000476235,-0.7167349271359177,-0.7948376035812934,-0.8647490237165445,0.9806648252214498,0.0
-0.014763310791503947,-0.17554052766930184,-0.2749785693875607,-0.40718163634631865,-0.5262405943423183,-0.5845318601771597,-0.6302505000476235,-0.7167349271359177,-0.7948376035812934,-0.8647490237165445,-0.9291361082007811,0.9143727974092771,0.0
-0.17554052766930184,-0.2749785693875607,-0.40718163634631865,-0.5262405943423183,-0.5845318601771597,-0.6302505000476235,-0.7167349271359177,-0.7948376035812934,-0.8647490237165445,-0.9291361082007811,-0.938660824840461,0.7631202971711591,0.0
-0.2749785693875607,-0.40718163634631865,-0.5262405943423183,-0.5845318601771597,-0.6302505000476235,-0.7167349271359177,-0.7948376035812934,-0.8647490237165445,-0.9291361082007811,-0.938660824840461,-0.9388513191732546,0.6638727497856939,0.0
-0.40718163634631865,-0.5262405943423183,-0.5845318601771597,-0.6302505000476235,-0.7167349271359177,-0.7948376035812934,-0.8647490237165445,-0.9291361082007811,-0.938660824840461,-0.9388513191732546,-0.879226593008858,0.5316696828269359,0.0
-0.5262405943423183,-0.5845318601771597,-0.6302505000476235,-0.7167349271359177,-0.7948376035812934,-0.8647490237165445,-0.9291361082007811,-0.938660824840461,-0.9388513191732546,-0.879226593008858,-0.8030288598914183,0.4126107248309363,0.0
-0.5845318601771597,-0.6302505000476235,-0.7167349271359177,-0.7948376035812934,-0.8647490237165445,-0.9291361082007811,-0.938660824840461,-0.9388513191732546,-0.879226593008858,-0.8030288598914183,-0.7624535670063816,0.35431945899609485,0.0
-0.6302505000476235,-0.7167349271359177,-0.7948376035812934,-0.8647490237165445,-0.9291361082007811,-0.938660824840461,-0.9388513191732546,-0.879226593008858,-0.8030288598914183,-0.7624535670063816,-0.708543670825793,0.3086008191256311,0.0
-0.7167349271359177,-0.7948376035812934,-0.8647490237165445,-0.9291361082007811,-0.938660824840461,-0.9388513191732546,-0.879226593008858,-0.8030288598914183,-0.7624535670063816,-0.708543670825793,-0.5919611391561101,0.34689018001714444,2.0
-0.7948376035812934,-0.8647490237165445,-0.9291361082007811,-0.938660824840461,-0.9388513191732546,-0.879226593008858,-0.8030288598914183,-0.7624535670063816,-0.708543670825793,-0.5919611391561101,-0.46299647585484327,0.4758548433184113,2.0
-0.8647490237165445,-0.9291361082007811,-0.938660824840461,-0.9388513191732546,-0.879226593008858,-0.8030288598914183,-0.7624535670063816,-0.708543670825793,-0.5919611391561101,-0.46299647585484327,-0.3706067244499476,0.568244594723307,2.0
-0.9291361082007811,-0.938660824840461,-0.9388513191732546,-0.879226593008858,-0.8030288598914183,-0.7624535670063816,-0.708543670825793,-0.5919611391561101,-0.46299647585484327,-0.3706067244499476,-0.2641203924183255,0.6747309267549291,2.0
-0.938660824840461,-0.9388513191732546,-0.879226593008858,-0.8030288598914183,-0.7624535670063816,-0.708543670825793,-0.5919611391561101,-0.46299647585484327,-0.3706067244499476,-0.2641203924183255,-0.09858081722068768,0.8402705019525669,2.0
-0.9388513191732546,-0.879226593008858,-0.8030288598914183,-0.7624535670063816,-0.708543670825793,-0.5919611391561101,-0.46299647585484327,-0.3706067244499476,-0.2641203924183255,-0.09858081722068768,0.07534050861986863,1.0141918277931232,2.0
-0.879226593008858,-0.8030288598914183,-0.7624535670063816,-0.708543670825793,-0.5919611391561101,-0.46299647585484327,-0.3706067244499476,-0.2641203924183255,-0.09858081722068768,0.07534050861986863,0.25726259643775595,1.136489189446614,2.0
-0.8030288598914183,-0.7624535670063816,-0.708543670825793,-0.5919611391561101,-0.46299647585484327,-0.3706067244499476,-0.2641203924183255,-0.09858081722068768,0.07534050861986863,0.25726259643775595,0.39175159539003723,1.1947804552814554,2.0
-0.7624535670063816,-0.708543670825793,-0.5919611391561101,-0.46299647585484327,-0.3706067244499476,-0.2641203924183255,-0.09858081722068768,0.07534050861986863,0.25726259643775595,0.39175159539003723,0.4730926754929041,1.2355462424992858,2.0
-0.708543670825793,-0.5919611391561101,-0.46299647585484327,-0.3706067244499476,-0.2641203924183255,-0.09858081722068768,0.07534050861986863,0.25726259643775595,0.39175159539003723,0.4730926754929041,0.6020573387941708,1.3106010096199636,2.0
-0.5919611391561101,-0.46299647585484327,-0.3706067244499476,-0.2641203924183255,-0.09858081722068768,0.07534050861986863,0.25726259643775595,0.39175159539003723,0.4730926754929041,0.6020573387941708,0.7729307553100295,1.3648918944661397,2.0
-0.46299647585484327,-0.3706067244499476,-0.2641203924183255,-0.09858081722068768,0.07534050861986863,0.25726259643775595,0.39175159539003723,0.4730926754929041,0.6020573387941708,0.7729307553100295,0.9289456138679875,1.3919420897228307,2.0
-0.3706067244499476,-0.2641203924183255,-0.09858081722068768,0.07534050861986863,0.25726259643775595,0.39175159539003723,0.4730926754929041,0.6020573387941708,0.7729307553100295,0.9289456138679875,0.9601866844461378,1.3307934088960853,2.0
-0.2641203924183255,-0.09858081722068768,0.07534050861986863,0.25726259643775595,0.39175159539003723,0.4730926754929041,0.6020573387941708,0.7729307553100295,0.9289456138679875,0.9601866844461378,1.0,1.2641203924183255,2.0
-0.09858081722068768,0.07534050861986863,0.25726259643775595,0.39175159539003723,0.4730926754929041,0.6020573387941708,0.7729307553100295,0.9289456138679875,0.9601866844461378,1.0,1.0,1.0985808172206877,2.0
0.07534050861986863,0.25726259643775595,0.39175159539003723,0.4730926754929041,0.6020573387941708,0.7729307553100295,0.9289456138679875,0.9601866844461378,1.0,1.0,0.994327538883806,0.9246594913801314,2.0
0.25726259643775595,0.39175159539003723,0.4730926754929041,0.6020573387941708,0.7729307553100295,0.9289456138679875,0.9601866844461378,1.0,1.0,0.994327538883806,0.9637694419030192,0.742737403562244,2.0
0.39175159539003723,0.4730926754929041,0.6020573387941708,0.7729307553100295,0.9289456138679875,0.9601866844461378,1.0,1.0,0.994327538883806,0.9637694419030192,0.9134492223238793,0.6082484046099628,2.0
0.4730926754929041,0.6020573387941708,0.7729307553100295,0.9289456138679875,0.9601866844461378,1.0,1.0,0.994327538883806,0.9637694419030192,0.9134492223238793,0.7946935041171088,0.5269073245070959,2.0
0.6020573387941708,0.7729307553100295,0.9289456138679875,0.9601866844461378,1.0,1.0,0.994327538883806,0.9637694419030192,0.9134492223238793,0.7946935041171088,0.7035681610247027,0.3979426612058292,0.0
0.7729307553100295,0.9289456138679875,0.9601866844461378,1.0,1.0,0.994327538883806,0.9637694419030192,0.9134492223238793,0.7946935041171088,0.7035681610247027,0.5978042086001829,0.4021957913998171,0.0
0.9289456138679875,0.9601866844461378,1.0,1.0,0.994327538883806,0.9637694419030192,0.9134492223238793,0.7946935041171088,0.7035681610247027,0.5978042086001829,0.47483989021043005,0.52516010978957,0.0
0.9601866844461378,1.0,1.0,0.994327538883806,0.9637694419030192,0.9134492223238793,0.7946935041171088,0.7035681610247027,0.5978042086001829,0.47483989021043005,0.34034766697163765,0.6596523330283623,0.0
1.0,1.0,0.994327538883806,0.9637694419030192,0.9134492223238793,0.7946935041171088,0.7035681610247027,0.5978042086001829,0.47483989021043005,0.34034766697163765,0.2042086001829826,0.7957913998170174,0.0
1.0,0.994327538883806,0.9637694419030192,0.9134492223238793,0.7946935041171088,0.7035681610247027,0.5978042086001829,0.47483989021043005,0.34034766697163765,0.2042086001829826,0.12534309240622132,0.8746569075937787,0.0
0.994327538883806,0.9637694419030192,0.9134492223238793,0.7946935041171088,0.7035681610247027,0.5978042086001829,0.47483989021043005,0.34034766697163765,0.2042086001829826,0.12534309240622132,-0.034034766697163765,1.0283623055809699,0.0
0.9637694419030192,0.9134492223238793,0.7946935041171088,0.7035681610247027,0.5978042086001829,0.47483989021043005,0.34034766697163765,0.2042086001829826,0.12534309240622132,-0.034034766697163765,-0.1789569990850869,1.1427264409881062,0.0
0.9134492223238793,0.7946935041171088,0.7035681610247027,0.5978042086001829,0.47483989021043005,0.34034766697163765,0.2042086001829826,0.12534309240622132,-0.034034766697163765,-0.1789569990850869,-0.2722758620689655,1.1857250843928449,0.0
0.7946935041171088,0.7035681610247027,0.5978042086001829,0.47483989021043005,0.34034766697163765,0.2042086001829826,0.12534309240622132,-0.034034766697163765,-0.1789569990850869,-0.2722758620689655,-0.42749670867030276,1.2221902127874116,0.0
0.7035681610247027,0.5978042086001829,0.47483989021043005,0.34034766697163765,0.2042086001829826,0.12534309240622132,-0.034034766697163765,-0.1789569990850869,-0.2722758620689655,-0.42749670867030276,-0.5441038179424488,1.2476719789671513,0.0
0.5978042086001829,0.47483989021043005,0.34034766697163765,0.2042086001829826,0.12534309240622132,-0.034034766697163765,-0.1789569990850869,-0.2722758620689655,-0.42749670867030276,-0.5441038179424488,-0.6020312206131277,1.1998354292133107,0.0
0.47483989021043005,0.34034766697163765,0.2042086001829826,0.12534309240622132,-0.034034766697163765,-0.1789569990850869,-0.2722758620689655,-0.42749670867030276,-0.5441038179424488,-0.6020312206131277,-0.6482979123565921,1.123137802567022,0.0
0.34034766697163765,0.2042086001829826,0.12534309240622132,-0.034034766697163765,-0.1789569990850869,-0.2722758620689655,-0.42749670867030276,-0.5441038179424488,-0.6020312206131277,-0.6482979123565921,-0.687229640774873,1.0275773077465107,0.0
0.2042086001829826,0.12534309240622132,-0.034034766697163765,-0.1789569990850869,-0.2722758620689655,-0.42749670867030276,-0.5441038179424488,-0.6020312206131277,-0.6482979123565921,-0.687229640774873,-0.7677261613691931,0.9719347615521757,0.0
0.12534309240622132,-0.034034766697163765,-0.1789569990850869,-0.2722758620689655,-0.42749670867030276,-0.5441038179424488,-0.6020312206131277,-0.6482979123565921,-0.687229640774873,-0.7677261613691931,-0.8395711867594509,0.9649142791656722,0.0
-0.034034766697163765,-0.1789569990850869,-0.2722758620689655,-0.42749670867030276,-0.5441038179424488,-0.6020312206131277,-0.6482979123565921,-0.687229640774873,-0.7677261613691931,-0.8395711867594509,-0.903328944893737,0.8692941781965733,0.0
-0.1789569990850869,-0.2722758620689655,-0.42749670867030276,-0.5441038179424488,-0.6020312206131277,-0.6482979123565921,-0.687229640774873,-0.7677261613691931,-0.8395711867594509,-0.903328944893737,-0.9588113597893549,0.7798543607042681,0.0
-0.2722758620689655,-0.42749670867030276,-0.5441038179424488,-0.6020312206131277,-0.6482979123565921,-0.687229640774873,-0.7677261613691931,-0.8395711867594509,-0.903328944893737,-0.9588113597893549,-0.9050216287380102,0.6865354977203895,0.0
-0.42749670867030276,-0.5441038179424488,-0.6020312206131277,-0.6482979123565921,-0.687229640774873,-0.7677261613691931,-0.8395711867594509,-0.903328944893737,-0.9588113597893549,-0.9050216287380102,-0.8371261989843897,0.5313146511190522,0.0
-0.5441038179424488,-0.6020312206131277,-0.6482979123565921,-0.687229640774873,-0.7677261613691931,-0.8395711867594509,-0.903328944893737,-0.9588113597893549,-0.9050216287380102,-0.8371261989843897,-0.80440097799511,0.41470754184690617,0.0
-0.6020312206131277,-0.6482979123565921,-0.687229640774873,-0.7677261613691931,-0.8395711867594509,-0.903328944893737,-0.9588113597893549,-0.9050216287380102,-0.8371261989843897,-0.80440097799511,-0.7570058303554636,0.3567801391762272,0.0
-0.6482979123565921,-0.687229640774873,-0.7677261613691931,-0.8395711867594509,-0.903328944893737,-0.9588113597893549,-0.9050216287380102,-0.8371261989843897,-0.80440097799511,-0.7570058303554636,-0.6486740643219862,0.3105134474327629,2.0
-0.687229640774873,-0.7677261613691931,-0.8395711867594509,-0.903328944893737,-0.9588113597893549,-0.9050216287380102,-0.8371261989843897,-0.80440097799511,-0.7570058303554636,-0.6486740643219862,-0.5264246755689299,0.43238668422042503,2.0
-0.7677261613691931,-0.8395711867594509,-0.903328944893737,-0.9588113597893549,-0.9050216287380102,-0.8371261989843897,-0.80440097799511,-0.7570058303554636,-0.6486740643219862,-0.5264246755689299,-0.4414143313898815,0.5173970283994734,2.0
-0.8395711867594509,-0.903328944893737,-0.9588113597893549,-0.9050216287380102,-0.8371261989843897,-0.80440097799511,-0.7570058303554636,-0.6486740643219862,-0.5264246755689299,-0.4414143313898815,-0.3443671243182246,0.6144442354711304,2.0
-0.903328944893737,-0.9588113597893549,-0.9050216287380102,-0.8371261989843897,-0.80440097799511,-0.7570058303554636,-0.6486740643219862,-0.5264246755689299,-0.4414143313898815,-0.3443671243182246,-0.18638329885273652,0.7724280609366184,2.0
-0.9588113597893549,-0.9050216287380102,-0.8371261989843897,-0.80440097799511,-0.7570058303554636,-0.6486740643219862,-0.5264246755689299,-0.4414143313898815,-0.3443671243182246,-0.18638329885273652,-0.018243370321609942,0.940567989467745,2.0
-0.9050216287380102,-0.8371261989843897,-0.80440097799511,-0.7570058303554636,-0.6486740643219862,-0.5264246755689299,-0.4414143313898815,-0.3443671243182246,-0.18638329885273652,-0.018243370321609942,0.11077675380853869,1.0157983825465489,2.0
-0.8371261989843897,-0.80440097799511,-0.7570058303554636,-0.6486740643219862,-0.5264246755689299,-0.4414143313898815,-0.3443671243182246,-0.18638329885273652,-0.018243370321609942,0.11077675380853869,0.24543915741959754,1.0825653564039872,2.0
-0.80440097799511,-0.7570058303554636,-0.6486740643219862,-0.5264246755689299,-0.4414143313898815,-0.3443671243182246,-0.18638329885273652,-0.018243370321609942,0.11077675380853869,0.24543915741959754,0.3312018055294339,1.135602783524544,2.0
-0.7570058303554636,-0.6486740643219862,-0.5264246755689299,-0.4414143313898815,-0.3443671243182246,-0.18638329885273652,-0.018243370321609942,0.11077675380853869,0.24543915741959754,0.3312018055294339,0.4094414143313898,1.1664472446868535,2.0
-0.6486740643219862,-0.5264246755689299,-0.4414143313898815,-0.3443671243182246,-0.18638329885273652,-0.018243370321609942,0.11077675380853869,0.24543915741959754,0.3312018055294339,0.4094414143313898,0.5198420161745345,1.1685160804965207,2.0
-0.5264246755689299,-0.4414143313898815,-0.3443671243182246,-0.18638329885273652,-0.018243370321609942,0.11077675380853869,0.24543915741959754,0.3312018055294339,0.4094414143313898,0.5198420161745345,0.6116230957306752,1.138047771299605,2.0
-0.4414143313898815,-0.3443671243182246,-0.18638329885273652,-0.018243370321609942,0.11077675380853869,0.24543915741959754,0.3312018055294339,0.4094414143313898,0.5198420161745345,0.6116230957306752,0.6806469813804776,1.1220613127703591,2.0
-0.3443671243182246,-0.18638329885273652,-0.018243370321609942,0.11077675380853869,0.24543915741959754,0.3312018055294339,0.4094414143313898,0.5198420161745345,0.6116230957306752,0.6806469813804776,0.725032913296972,1.0694000376151966,2.0
-0.18638329885273652,-0.018243370321609942,0.11077675380853869,0.24543915741959754,0.3312018055294339,0.4094414143313898,0.5198420161745345,0.6116230957306752,0.6806469813804776,0.725032913296972,0.7472258792552191,0.9336091781079556,2.0
-0.018243370321609942,0.11077675380853869,0.24543915741959754,0.3312018055294339,0.4094414143313898,0.5198420161745345,0.6116230957306752,0.6806469813804776,0.725032913296972,0.7472258792552191,0.745721271393643,0.765469249576829,2.0
0.11077675380853869,0.24543915741959754,0.3312018055294339,0.4094414143313898,0.5198420161745345,0.6116230957306752,0.6806469813804776,0.725032913296972,0.7472258792552191,0.745721271393643,0.7205190897122438,0.6364491254466804,2.0
0.24543915741959754,0.3312018055294339,0.4094414143313898,0.5198420161745345,0.6116230957306752,0.6806469813804776,0.725032913296972,0.7472258792552191,0.745721271393643,0.7205190897122438,0.6727477901072032,0.5017867218356216,2.0
0.3312018055294339,0.4094414143313898,0.5198420161745345,0.6116230957306752,0.6806469813804776,0.725032913296972,0.7472258792552191,0.745721271393643,0.7205190897122438,0.6727477901072032,0.6507429001316531,0.4160240737257852,2.0
0.4094414143313898,0.5198420161745345,0.6116230957306752,0.6806469813804776,0.725032913296972,0.7472258792552191,0.745721271393643,0.7205190897122438,0.6727477901072032,0.6507429001316531,0.5593379725409064,0.3377844649238293,2.0
0.5198420161745345,0.6116230957306752,0.6806469813804776,0.725032913296972,0.7472258792552191,0.745721271393643,0.7205190897122438,0.6727477901072032,0.6507429001316531,0.5593379725409064,0.4495015986458528,0.2977242806093663,0.0
0.6116230957306752,0.6806469813804776,0.725032913296972,0.7472258792552191,0.745721271393643,0.7205190897122438,0.6727477901072032,0.6507429001316531,0.5593379725409064,0.4495015986458528,0.37445928154974606,0.37276659770547305,0.0
0.6806469813804776,0.725032913296972,0.7472258792552191,0.745721271393643,0.7205190897122438,0.6727477901072032,0.6507429001316531,0.5593379725409064,0.4495015986458528,0.37445928154974606,0.2975362046266692,0.4496896746285499,0.0
0.725032913296972,0.7472258792552191,0.745721271393643,0.7205190897122438,0.6727477901072032,0.6507429001316531,0.5593379725409064,0.4495015986458528,0.37445928154974606,0.2975362046266692,0.22028466396455837,0.5269412152906607,0.0
0.7472258792552191,0.745721271393643,0.7205190897122438,0.6727477901072032,0.6507429001316531,0.5593379725409064,0.4495015986458528,0.37445928154974606,0.2975362046266692,0.22028466396455837,0.103214252050146,0.6440116272050731,0.0
0.745721271393643,0.7205190897122438,0.6727477901072032,0.6507429001316531,0.5593379725409064,0.4495015986458528,0.37445928154974606,0.2975362046266692,0.22028466396455837,0.103214252050146,-0.05250259213875008,0.798223863532393,0.0
0.7205190897122438,0.6727477901072032,0.6507429001316531,0.5593379725409064,0.4495015986458528,0.37445928154974606,0.2975362046266692,0.22028466396455837,0.103214252050146,-0.05250259213875008,-0.14958997077952685,0.8701090604917706,0.0
0.6727477901072032,0.6507429001316531,0.5593379725409064,0.4495015986458528,0.37445928154974606,0.2975362046266692,0.22028466396455837,0.103214252050146,-0.05250259213875008,-0.14958997077952685,-0.23517767932887168,0.9079254694360749,0.0
0.6507429001316531,0.5593379725409064,0.4495015986458528,0.37445928154974606,0.2975362046266692,0.22028466396455837,0.103214252050146,-0.05250259213875008,-0.14958997077952685,-0.23517767932887168,-0.36186256951644835,1.0126054696481015,0.0
0.5593379725409064,0.4495015986458528,0.37445928154974606,0.2975362046266692,0.22028466396455837,0.103214252050146,-0.05250259213875008,-0.14958997077952685,-0.23517767932887168,-0.36186256951644835,-0.47949853897634087,1.0388365115172473,0.0
0.4495015986458528,0.37445928154974606,0.2975362046266692,0.22028466396455837,0.103214252050146,-0.05250259213875008,-0.14958997077952685,-0.23517767932887168,-0.36186256951644835,-0.47949853897634087,-0.5890281836176832,1.038529782263536,0.0
0.37445928154974606,0.2975362046266692,0.22028466396455837,0.103214252050146,-0.05250259213875008,-0.14958997077952685,-0.23517767932887168,-0.36186256951644835,-0.47949853897634087,-0.5890281836176832,-0.6397398435290791,1.0141991250788251,0.0
0.2975362046266692,0.22028466396455837,0.103214252050146,-0.05250259213875008,-0.14958997077952685,-0.23517767932887168,-0.36186256951644835,-0.47949853897634087,-0.5890281836176832,-0.6397398435290791,-0.6810255443491375,0.9785617489758067,0.0
0.22028466396455837,0.103214252050146,-0.05250259213875008,-0.14958997077952685,-0.23517767932887168,-0.36186256951644835,-0.47949853897634087,-0.5890281836176832,-0.6397398435290791,-0.6810255443491375,-0.7637854651710811,0.9840701291356395,0.0
0.103214252050146,-0.05250259213875008,-0.14958997077952685,-0.23517767932887168,-0.36186256951644835,-0.47949853897634087,-0.5890281836176832,-0.6397398435290791,-0.6810255443491375,-0.7637854651710811,-0.8384390611744745,0.9416533132246205,0.0
-0.05250259213875008,-0.14958997077952685,-0.23517767932887168,-0.36186256951644835,-0.47949853897634087,-0.5890281836176832,-0.6397398435290791,-0.6810255443491375,-0.7637854651710811,-0.8384390611744745,-0.9059289282684513,0.8534263361297012,0.0
-0.14958997077952685,-0.23517767932887168,-0.36186256951644835,-0.47949853897634087,-0.5890281836176832,-0.6397398435290791,-0.6810255443491375,-0.7637854651710811,-0.8384390611744745,-0.9059289282684513,-0.9671976623621453,0.8176076915826185,0.0
-0.23517767932887168,-0.36186256951644835,-0.47949853897634087,-0.5890281836176832,-0.6397398435290791,-0.6810255443491375,-0.7637854651710811,-0.8384390611744745,-0.9059289282684513,-0.9671976623621453,-0.9702139692713734,0.7350362899425017,0.0
-0.36186256951644835,-0.47949853897634087,-0.5890281836176832,-0.6397398435290791,-0.6810255443491375,-0.7637854651710811,-0.8384390611744745,-0.9059289282684513,-0.9671976623621453,-0.9702139692713734,-0.9106419078141201,0.608351399754925,0.0
-0.47949853897634087,-0.5890281836176832,-0.6397398435290791,-0.6810255443491375,-0.7637854651710811,-0.8384390611744745,-0.9059289282684513,-0.9671976623621453,-0.9702139692713734,-0.9106419078141201,-0.8378735036289943,0.4907154302950325,0.0
-0.5890281836176832,-0.6397398435290791,-0.6810255443491375,-0.7637854651710811,-0.8384390611744745,-0.9059289282684513,-0.9671976623621453,-0.9702139692713734,-0.9106419078141201,-0.8378735036289943,-0.7969648411725894,0.3811857856536902,0.0
-0.6397398435290791,-0.6810255443491375,-0.7637854651710811,-0.8384390611744745,-0.9059289282684513,-0.9671976623621453,-0.9702139692713734,-0.9106419078141201,-0.8378735036289943,-0.7969648411725894,-0.7428598359883118,0.3304741257422943,2.0
-0.6810255443491375,-0.7637854651710811,-0.8384390611744745,-0.9059289282684513,-0.9671976623621453,-0.9702139692713734,-0.9106419078141201,-0.8378735036289943,-0.7969648411725894,-0.7428598359883118,-0.6272975775285135,0.3429163917428599,2.0
-0.7637854651710811,-0.8384390611744745,-0.9059289282684513,-0.9671976623621453,-0.9702139692713734,-0.9106419078141201,-0.8378735036289943,-0.7969648411725894,-0.7428598359883118,-0.6272975775285135,-0.49929305306814964,0.47092091620322374,2.0
-0.8384390611744745,-0.9059289282684513,-0.9671976623621453,-0.9702139692713734,-0.9106419078141201,-0.8378735036289943,-0.7969648411725894,-0.7428598359883118,-0.6272975775285135,-0.49929305306814964,-0.40710717315486855,0.5631067961165048,2.0
-0.9059289282684513,-0.9671976623621453,-0.9702139692713734,-0.9106419078141201,-0.8378735036289943,-0.7969648411725894,-0.7428598359883118,-0.6272975775285135,-0.49929305306814964,-0.40710717315486855,-0.3021019888773683,0.6681119803940051,2.0
-0.9671976623621453,-0.9702139692713734,-0.9106419078141201,-0.8378735036289943,-0.7969648411725894,-0.7428598359883118,-0.6272975775285135,-0.49929305306814964,-0.40710717315486855,-0.3021019888773683,-0.13752474314261476,0.8326892261287586,2.0
-0.9702139692713734,-0.9106419078141201,-0.8378735036289943,-0.7969648411725894,-0.7428598359883118,-0.6272975775285135,-0.49929305306814964,-0.40710717315486855,-0.3021019888773683,-0.13752474314261476,0.0377980959562636,1.008012065227637,2.0
-0.9106419078141201,-0.8378735036289943,-0.7969648411725894,-0.7428598359883118,-0.6272975775285135,-0.49929305306814964,-0.40710717315486855,-0.3021019888773683,-0.13752474314261476,0.0377980959562636,0.17258931096239039,1.0832312187765105,2.0
-0.8378735036289943,-0.7969648411725894,-0.7428598359883118,-0.6272975775285135,-0.49929305306814964,-0.40710717315486855,-0.3021019888773683,-0.13752474314261476,0.0377980959562636,0.17258931096239039,0.3085116410594777,1.1463851446884719,2.0
-0.7969648411725894,-0.7428598359883118,-0.6272975775285135,-0.49929305306814964,-0.40710717315486855,-0.3021019888773683,-0.13752474314261476,0.0377980959562636,0.17258931096239039,0.3085116410594777,0.3899519276086343,1.1869167687812237,2.0
-0.7428598359883118,-0.6272975775285135,-0.49929305306814964,-0.40710717315486855,-0.3021019888773683,-0.13752474314261476,0.0377980959562636,0.17258931096239039,0.3085116410594777,0.3899519276086343,0.5132434725233292,1.256103308511641,2.0
-0.6272975775285135,-0.49929305306814964,-0.40710717315486855,-0.3021019888773683,-0.13752474314261476,0.0377980959562636,0.17258931096239039,0.3085116410594777,0.3899519276086343,0.5132434725233292,0.6772551607126025,1.304552738241116,2.0
-0.49929305306814964,-0.40710717315486855,-0.3021019888773683,-0.13752474314261476,0.0377980959562636,0.17258931096239039,0.3085116410594777,0.3899519276086343,0.5132434725233292,0.6772551607126025,0.8273164294466961,1.3266094825148458,2.0
-0.40710717315486855,-0.3021019888773683,-0.13752474314261476,0.0377980959562636,0.17258931096239039,0.3085116410594777,0.3899519276086343,0.5132434725233292,0.6772551607126025,0.8273164294466961,0.8582335752662833,1.2653407484211519,2.0
-0.3021019888773683,-0.13752474314261476,0.0377980959562636,0.17258931096239039,0.3085116410594777,0.3899519276086343,0.5132434725233292,0.6772551607126025,0.8273164294466961,0.8582335752662833,0.8631350739937789,1.1652370628711473,2.0
-0.13752474314261476,0.0377980959562636,0.17258931096239039,0.3085116410594777,0.3899519276086343,0.5132434725233292,0.6772551607126025,0.8273164294466961,0.8582335752662833,0.8631350739937789,0.934960882269771,1.0724856254123858,2.0
0.0377980959562636,0.17258931096239039,0.3085116410594777,0.3899519276086343,0.5132434725233292,0.6772551607126025,0.8273164294466961,0.8582335752662833,0.8631350739937789,0.934960882269771,0.9338297671788105,0.8971627863135074,2.0
0.17258931096239039,0.3085116410594777,0.3899519276086343,0.5132434725233292,0.6772551607126025,0.8273164294466961,0.8582335752662833,0.8631350739937789,0.934960882269771,0.9338297671788105,0.8589876519935904,0.7623715713073806,2.0
0.3085116410594777,0.3899519276086343,0.5132434725233292,0.6772551607126025,0.8273164294466961,0.8582335752662833,0.8631350739937789,0.934960882269771,0.9338297671788105,0.8589876519935904,0.8084645112640212,0.6264492412102933,2.0
0.3899519276086343,0.5132434725233292,0.6772551607126025,0.8273164294466961,0.8582335752662833,0.8631350739937789,0.934960882269771,0.9338297671788105,0.8589876519935904,0.8084645112640212,0.782825902535583,0.5450089546611367,2.0
0.5132434725233292,0.6772551607126025,0.8273164294466961,0.8582335752662833,0.8631350739937789,0.934960882269771,0.9338297671788105,0.8589876519935904,0.8084645112640212,0.782825902535583,0.6908285418041287,0.4217174097464418,2.0
0.6772551607126025,0.8273164294466961,0.8582335752662833,0.8631350739937789,0.934960882269771,0.9338297671788105,0.8589876519935904,0.8084645112640212,0.782825902535583,0.6908285418041287,0.5835611273447072,0.3513997549250638,0.0
0.8273164294466961,0.8582335752662833,0.8631350739937789,0.934960882269771,0.9338297671788105,0.8589876519935904,0.8084645112640212,0.782825902535583,0.6908285418041287,0.5835611273447072,0.46196625506645295,0.4729946272033181,0.0
0.8582335752662833,0.8631350739937789,0.934960882269771,0.9338297671788105,0.8589876519935904,0.8084645112640212,0.782825902535583,0.6908285418041287,0.5835611273447072,0.46196625506645295,0.32887171269676685,0.6060891695730042,0.0
0.8631350739937789,0.934960882269771,0.9338297671788105,0.8589876519935904,0.8084645112640212,0.782825902535583,0.6908285418041287,0.5835611273447072,0.46196625506645295,0.32887171269676685,0.19144122914506556,0.7435196531247055,0.0
0.934960882269771,0.9338297671788105,0.8589876519935904,0.8084645112640212,0.782825902535583,0.6908285418041287,0.5835611273447072,0.46196625506645295,0.32887171269676685,0.19144122914506556,0.10811575077764157,0.8268451314921295,0.0
0.9338297671788105,0.8589876519935904,0.8084645112640212,0.782825902535583,0.6908285418041287,0.5835611273447072,0.46196625506645295,0.32887171269676685,0.19144122914506556,0.10811575077764157,0.03610142331982269,0.8977283438589878,0.0
0.8589876519935904,0.8084645112640212,0.782825902535583,0.6908285418041287,0.5835611273447072,0.46196625506645295,0.32887171269676685,0.19144122914506556,0.10811575077764157,0.03610142331982269,-0.11678763314167218,0.9757752851352626,0.0
0.8084645112640212,0.782825902535583,0.6908285418041287,0.5835611273447072,0.46196625506645295,0.32887171269676685,0.19144122914506556,0.10811575077764157,0.03610142331982269,-0.11678763314167218,-0.2134979734187954,1.0219624846828166,0.0
0.782825902535583,0.6908285418041287,0.5835611273447072,0.46196625506645295,0.32887171269676685,0.19144122914506556,0.10811575077764157,0.03610142331982269,-0.11678763314167218,-0.2134979734187954,-0.29852012442265996,1.0813460269582431,0.0
0.6908285418041287,0.5835611273447072,0.46196625506645295,0.32887171269676685,0.19144122914506556,0.10811575077764157,0.03610142331982269,-0.11678763314167218,-0.2134979734187954,-0.29852012442265996,-0.42294278442831557,1.1137713262324442,0.0
0.5835611273447072,0.46196625506645295,0.32887171269676685,0.19144122914506556,0.10811575077764157,0.03610142331982269,-0.11678763314167218,-0.2134979734187954,-0.29852012442265996,-0.42294278442831557,-0.5354887359788858,1.119049863323593,0.0
0.46196625506645295,0.32887171269676685,0.19144122914506556,0.10811575077764157,0.03610142331982269,-0.11678763314167218,-0.2134979734187954,-0.29852012442265996,-0.42294278442831557,-0.5354887359788858,-0.5905363370722971,1.05250259213875,0.0
0.32887171269676685,0.19144122914506556,0.10811575077764157,0.03610142331982269,-0.11678763314167218,-0.2134979734187954,-0.29852012442265996,-0.42294278442831557,-0.5354887359788858,-0.5905363370722971,-0.6384202092562918,0.9672919219530587,0.0
0.19144122914506556,0.10811575077764157,0.03610142331982269,-0.11678763314167218,-0.2134979734187954,-0.29852012442265996,-0.42294278442831557,-0.5354887359788858,-0.5905363370722971,-0.6384202092562918,-0.7262701479875577,0.9177113771326233,0.0
0.10811575077764157,0.03610142331982269,-0.11678763314167218,-0.2134979734187954,-0.29852012442265996,-0.42294278442831557,-0.5354887359788858,-0.5905363370722971,-0.6384202092562918,-0.7262701479875577,-0.8062022810821001,0.9143180318597417,0.0
0.03610142331982269,-0.11678763314167218,-0.2134979734187954,-0.29852012442265996,-0.42294278442831557,-0.5354887359788858,-0.5905363370722971,-0.6384202092562918,-0.7262701479875577,-0.8062022810821001,-0.8795362428127061,0.9156376661325288,0.0
-0.11678763314167218,-0.2134979734187954,-0.29852012442265996,-0.42294278442831557,-0.5354887359788858,-0.5905363370722971,-0.6384202092562918,-0.7262701479875577,-0.8062022810821001,-0.8795362428127061,-0.944763879724762,0.8279762465830898,0.0
-0.2134979734187954,-0.29852012442265996,-0.42294278442831557,-0.5354887359788858,-0.5905363370722971,-0.6384202092562918,-0.7262701479875577,-0.8062022810821001,-0.8795362428127061,-0.944763879724762,-0.9950985012725044,0.781600527853709,0.0
-0.29852012442265996,-0.42294278442831557,-0.5354887359788858,-0.5905363370722971,-0.6384202092562918,-0.7262701479875577,-0.8062022810821001,-0.8795362428127061,-0.944763879724762,-0.9950985012725044,-0.9328871712696767,0.6965783768498445,0.0
-0.42294278442831557,-0.5354887359788858,-0.5905363370722971,-0.6384202092562918,-0.7262701479875577,-0.8062022810821001,-0.8795362428127061,-0.944763879724762,-0.9950985012725044,-0.9328871712696767,-0.899330756904515,0.5721557168441889,0.0
-0.5354887359788858,-0.5905363370722971,-0.6384202092562918,-0.7262701479875577,-0.8062022810821001,-0.8795362428127061,-0.944763879724762,-0.9950985012725044,-0.9328871712696767,-0.899330756904515,-0.8508813271750401,0.45960976529361863,0.0
-0.5905363370722971,-0.6384202092562918,-0.7262701479875577,-0.8062022810821001,-0.8795362428127061,-0.944763879724762,-0.9950985012725044,-0.9328871712696767,-0.899330756904515,-0.8508813271750401,-0.7390894523517768,0.4045621642002073,0.0
-0.6384202092562918,-0.7262701479875577,-0.8062022810821001,-0.8795362428127061,-0.944763879724762,-0.9950985012725044,-0.9328871712696767,-0.899330756904515,-0.8508813271750401,-0.7390894523517768,-0.6127816005278537,0.38231690074465075,2.0
-0.7262701479875577,-0.8062022810821001,-0.8795362428127061,-0.944763879724762,-0.9950985012725044,-0.9328871712696767,-0.899330756904515,-0.8508813271750401,-0.7390894523517768,-0.6127816005278537,-0.5194646055236121,0.47563389574889237,2.0
-0.8062022810821001,-0.8795362428127061,-0.944763879724762,-0.9950985012725044,-0.9328871712696767,-0.899330756904515,-0.8508813271750401,-0.7390894523517768,-0.6127816005278537,-0.5194646055236121,-0.4095579225186162,0.5855405787538882,2.0
-0.8795362428127061,-0.944763879724762,-0.9950985012725044,-0.9328871712696767,-0.899330756904515,-0.8508813271750401,-0.7390894523517768,-0.6127816005278537,-0.5194646055236121,-0.4095579225186162,-0.238005467056273,0.7570930342162314,2.0
-0.944763879724762,-0.9950985012725044,-0.9328871712696767,-0.899330756904515,-0.8508813271750401,-0.7390894523517768,-0.6127816005278537,-0.5194646055236121,-0.4095579225186162,-0.238005467056273,-0.05570741822980485,0.9393910830426996,2.0
-0.9950985012725044,-0.9328871712696767,-0.899330756904515,-0.8508813271750401,-0.7390894523517768,-0.6127816005278537,-0.5194646055236121,-0.4095579225186162,-0.238005467056273,-0.05570741822980485,0.08587048732208502,1.0809689885945895,2.0
-0.9328871712696767,-0.899330756904515,-0.8508813271750401,-0.7390894523517768,-0.6127816005278537,-0.5194646055236121,-0.4095579225186162,-0.238005467056273,-0.05570741822980485,0.08587048732208502,0.23310396832877744,1.1659911395984541,2.0
-0.899330756904515,-0.8508813271750401,-0.7390894523517768,-0.6127816005278537,-0.5194646055236121,-0.4095579225186162,-0.238005467056273,-0.05570741822980485,0.08587048732208502,0.23310396832877744,0.375624469789801,1.274955226694316,2.0
-0.8508813271750401,-0.7390894523517768,-0.6127816005278537,-0.5194646055236121,-0.4095579225186162,-0.238005467056273,-0.05570741822980485,0.08587048732208502,0.23310396832877744,0.375624469789801,0.5115467998868886,1.3624281270619285,2.0
-0.7390894523517768,-0.6127816005278537,-0.5194646055236121,-0.4095579225186162,-0.238005467056273,-0.05570741822980485,0.08587048732208502,0.23310396832877744,0.375624469789801,0.5115467998868886,0.6842303704401922,1.423319822791969,2.0
-0.6127816005278537,-0.5194646055236121,-0.4095579225186162,-0.238005467056273,-0.05570741822980485,0.08587048732208502,0.23310396832877744,0.375624469789801,0.5115467998868886,0.6842303704401922,0.8454142709020642,1.458195871429918,2.0
-0.5194646055236121,-0.4095579225186162,-0.238005467056273,-0.05570741822980485,0.08587048732208502,0.23310396832877744,0.375624469789801,0.5115467998868886,0.6842303704401922,0.8454142709020642,0.937977189178999,1.457441794702611,2.0
-0.4095579225186162,-0.238005467056273,-0.05570741822980485,0.08587048732208502,0.23310396832877744,0.375624469789801,0.5115467998868886,0.6842303704401922,0.8454142709020642,0.937977189178999,0.9547553963615798,1.3643133188801961,2.0
-0.238005467056273,-0.05570741822980485,0.08587048732208502,0.23310396832877744,0.375624469789801,0.5115467998868886,0.6842303704401922,0.8454142709020642,0.937977189178999,0.9547553963615798,1.0,1.238005467056273,2.0
-0.05570741822980485,0.08587048732208502,0.23310396832877744,0.375624469789801,0.5115467998868886,0.6842303704401922,0.8454142709020642,0.937977189178999,0.9547553963615798,1.0,1.0,1.055707418229805,2.0
0.08587048732208502,0.23310396832877744,0.375624469789801,0.5115467998868886,0.6842303704401922,0.8454142709020642,0.937977189178999,0.9547553963615798,1.0,1.0,0.9306546275395033,0.914129512677915,2.0
0.23310396832877744,0.375624469789801,0.5115467998868886,0.6842303704401922,0.8454142709020642,0.937977189178999,0.9547553963615798,1.0,1.0,0.9306546275395033,0.8844243792325057,0.7668960316712226,2.0
0.375624469789801,0.5115467998868886,0.6842303704401922,0.8454142709020642,0.937977189178999,0.9547553963615798,1.0,1.0,0.9306546275395033,0.8844243792325057,0.8645598194130926,0.624375530210199,2.0
0.5115467998868886,0.6842303704401922,0.8454142709020642,0.937977189178999,0.9547553963615798,1.0,1.0,0.9306546275395033,0.8844243792325057,0.8645598194130926,0.7798645598194132,0.48845320011311144,0.0
0.6842303704401922,0.8454142709020642,0.937977189178999,0.9547553963615798,1.0,1.0,0.9306546275395033,0.8844243792325057,0.8645598194130926,0.7798645598194132,0.6798194130925508,0.3201805869074492,0.0
0.8454142709020642,0.937977189178999,0.9547553963615798,1.0,1.0,0.9306546275395033,0.8844243792325057,0.8645598194130926,0.7798645598194132,0.6798194130925508,0.5150692370350258,0.48493076296497417,0.0
0.937977189178999,0.9547553963615798,1.0,1.0,0.9306546275395033,0.8844243792325057,0.8645598194130926,0.7798645598194132,0.6798194130925508,0.5150692370350258,0.387274866503756,0.612725133496244,0.0
0.9547553963615798,1.0,1.0,0.9306546275395033,0.8844243792325057,0.8645598194130926,0.7798645598194132,0.6798194130925508,0.5150692370350258,0.387274866503756,0.25151597429631645,0.7484840257036836,0.0
1.0,1.0,0.9306546275395033,0.8844243792325057,0.8645598194130926,0.7798645598194132,0.6798194130925508,0.5150692370350258,0.387274866503756,0.25151597429631645,0.117386188795366,0.882613811204634,0.0
1.0,0.9306546275395033,0.8844243792325057,0.8645598194130926,0.7798645598194132,0.6798194130925508,0.5150692370350258,0.387274866503756,0.25151597429631645,0.117386188795366,0.04226626844058279,0.9577337315594172,0.0
0.9306546275395033,0.8844243792325057,0.8645598194130926,0.7798645598194132,0.6798194130925508,0.5150692370350258,0.387274866503756,0.25151597429631645,0.117386188795366,0.04226626844058279,-0.11249886867589831,1.0431534962154017,0.0
0.8844243792325057,0.8645598194130926,0.7798645598194132,0.6798194130925508,0.5150692370350258,0.387274866503756,0.25151597429631645,0.117386188795366,0.04226626844058279,-0.11249886867589831,-0.256946329984614,1.1413707092171197,0.0
0.8645598194130926,0.7798645598194132,0.6798194130925508,0.5150692370350258,0.387274866503756,0.25151597429631645,0.117386188795366,0.04226626844058279,-0.11249886867589831,-0.256946329984614,-0.3438320209973753,1.2083918404104679,0.0
0.7798645598194132,0.6798194130925508,0.5150692370350258,0.387274866503756,0.25151597429631645,0.117386188795366,0.04226626844058279,-0.11249886867589831,-0.256946329984614,-0.3438320209973753,-0.46836817811566656,1.2482327379350797,0.0
0.6798194130925508,0.5150692370350258,0.387274866503756,0.25151597429631645,0.117386188795366,0.04226626844058279,-0.11249886867589831,-0.256946329984614,-0.3438320209973753,-0.46836817811566656,-0.5809575527197031,1.2607769658122538,0.0
0.5150692370350258,0.387274866503756,0.25151597429631645,0.117386188795366,0.04226626844058279,-0.11249886867589831,-0.256946329984614,-0.3438320209973753,-0.46836817811566656,-0.5809575527197031,-0.6377952755905512,1.152864512625577,0.0
0.387274866503756,0.25151597429631645,0.117386188795366,0.04226626844058279,-0.11249886867589831,-0.256946329984614,-0.3438320209973753,-0.46836817811566656,-0.5809575527197031,-0.6377952755905512,-0.6866684767852294,1.0739433432889853,0.0
0.25151597429631645,0.117386188795366,0.04226626844058279,-0.11249886867589831,-0.256946329984614,-0.3438320209973753,-0.46836817811566656,-0.5809575527197031,-0.6377952755905512,-0.6866684767852294,-0.7252240021721423,0.9767399764684588,0.0
0.117386188795366,0.04226626844058279,-0.11249886867589831,-0.256946329984614,-0.3438320209973753,-0.46836817811566656,-0.5809575527197031,-0.6377952755905512,-0.6866684767852294,-0.7252240021721423,-0.801429993664585,0.918816182459951,0.0
0.04226626844058279,-0.11249886867589831,-0.256946329984614,-0.3438320209973753,-0.46836817811566656,-0.5809575527197031,-0.6377952755905512,-0.6866684767852294,-0.7252240021721423,-0.801429993664585,-0.8716625938999004,0.9139288623404832,0.0
-0.11249886867589831,-0.256946329984614,-0.3438320209973753,-0.46836817811566656,-0.5809575527197031,-0.6377952755905512,-0.6866684767852294,-0.7252240021721423,-0.801429993664585,-0.8716625938999004,-0.9355597791655353,0.823060910489637,0.0
-0.256946329984614,-0.3438320209973753,-0.46836817811566656,-0.5809575527197031,-0.6377952755905512,-0.6866684767852294,-0.7252240021721423,-0.801429993664585,-0.8716625938999004,-0.9355597791655353,-0.9949316680242556,0.7379853380396416,0.0
-0.3438320209973753,-0.46836817811566656,-0.5809575527197031,-0.6377952755905512,-0.6866684767852294,-0.7252240021721423,-0.801429993664585,-0.8716625938999004,-0.9355597791655353,-0.9949316680242556,-0.9960177391619152,0.6521857181645399,0.0
-0.46836817811566656,-0.5809575527197031,-0.6377952755905512,-0.6866684767852294,-0.7252240021721423,-0.801429993664585,-0.8716625938999004,-0.9355597791655353,-0.9949316680242556,-0.9960177391619152,-0.9333876368902163,0.5276495610462486,0.0
-0.5809575527197031,-0.6377952755905512,-0.6866684767852294,-0.7252240021721423,-0.801429993664585,-0.8716625938999004,-0.9355597791655353,-0.9949316680242556,-0.9960177391619152,-0.9333876368902163,-0.9024346094669201,0.4150601864422121,0.0
-0.6377952755905512,-0.6866684767852294,-0.7252240021721423,-0.801429993664585,-0.8716625938999004,-0.9355597791655353,-0.9949316680242556,-0.9960177391619152,-0.9333876368902163,-0.9024346094669201,-0.8568196216852204,0.358222463571364,0.0
-0.6866684767852294,-0.7252240021721423,-0.801429993664585,-0.8716625938999004,-0.9355597791655353,-0.9949316680242556,-0.9960177391619152,-0.9333876368902163,-0.9024346094669201,-0.8568196216852204,-0.7500226264820345,0.3093492623766858,2.0
-0.7252240021721423,-0.801429993664585,-0.8716625938999004,-0.9355597791655353,-0.9949316680242556,-0.9960177391619152,-0.9333876368902163,-0.9024346094669201,-0.8568196216852204,-0.7500226264820345,-0.6289256946329984,0.36709204452891675,2.0
-0.801429993664585,-0.8716625938999004,-0.9355597791655353,-0.9949316680242556,-0.9960177391619152,-0.9333876368902163,-0.9024346094669201,-0.8568196216852204,-0.7500226264820345,-0.6289256946329984,-0.5393248257760883,0.45669291338582685,2.0
-0.8716625938999004,-0.9355597791655353,-0.9949316680242556,-0.9960177391619152,-0.9333876368902163,-0.9024346094669201,-0.8568196216852204,-0.7500226264820345,-0.6289256946329984,-0.5393248257760883,-0.4377771744049235,0.5582405647569917,2.0
-0.9355597791655353,-0.9949316680242556,-0.9960177391619152,-0.9333876368902163,-0.9024346094669201,-0.8568196216852204,-0.7500226264820345,-0.6289256946329984,-0.5393248257760883,-0.4377771744049235,-0.2821069780070594,0.7139107611548557,2.0
-0.9949316680242556,-0.9960177391619152,-0.9333876368902163,-0.9024346094669201,-0.8568196216852204,-0.7500226264820345,-0.6289256946329984,-0.5393248257760883,-0.4377771744049235,-0.2821069780070594,-0.11539505837632369,0.8806226807855915,2.0
-0.9960177391619152,-0.9333876368902163,-0.9024346094669201,-0.8568196216852204,-0.7500226264820345,-0.6289256946329984,-0.5393248257760883,-0.4377771744049235,-0.2821069780070594,-0.11539505837632369,0.05837632364919898,1.0543940628111141,2.0
-0.9333876368902163,-0.9024346094669201,-0.8568196216852204,-0.7500226264820345,-0.6289256946329984,-0.5393248257760883,-0.4377771744049235,-0.2821069780070594,-0.11539505837632369,0.05837632364919898,0.18979093130600044,1.1231785681962168,2.0
-0.9024346094669201,-0.8568196216852204,-0.7500226264820345,-0.6289256946329984,-0.5393248257760883,-0.4377771744049235,-0.2821069780070594,-0.11539505837632369,0.05837632364919898,0.18979093130600044,0.32120553896280213,1.2236401484297224,2.0
-0.8568196216852204,-0.7500226264820345,-0.6289256946329984,-0.5393248257760883,-0.4377771744049235,-0.2821069780070594,-0.11539505837632369,0.05837632364919898,0.18979093130600044,0.32120553896280213,0.4019368268621595,1.25875644854738,2.0
-0.7500226264820345,-0.6289256946329984,-0.5393248257760883,-0.4377771744049235,-0.2821069780070594,-0.11539505837632369,0.05837632364919898,0.18979093130600044,0.32120553896280213,0.4019368268621595,0.5702778531993846,1.320300479681419,2.0
-0.6289256946329984,-0.5393248257760883,-0.4377771744049235,-0.2821069780070594,-0.11539505837632369,0.05837632364919898,0.18979093130600044,0.32120553896280213,0.4019368268621595,0.5702778531993846,0.7239569191782063,1.3528826138112047,2.0
-0.5393248257760883,-0.4377771744049235,-0.2821069780070594,-0.11539505837632369,0.05837632364919898,0.18979093130600044,0.32120553896280213,0.4019368268621595,0.5702778531993846,0.7239569191782063,0.7621504208525658,1.301475246628654,2.0
-0.4377771744049235,-0.2821069780070594,-0.11539505837632369,0.05837632364919898,0.18979093130600044,0.32120553896280213,0.4019368268621595,0.5702778531993846,0.7239569191782063,0.7621504208525658,0.7702959543850123,1.2080731287899358,2.0
-0.2821069780070594,-0.11539505837632369,0.05837632364919898,0.18979093130600044,0.32120553896280213,0.4019368268621595,0.5702778531993846,0.7239569191782063,0.7621504208525658,0.7702959543850123,0.8387184360575617,1.1208254140646212,2.0
-0.11539505837632369,0.05837632364919898,0.18979093130600044,0.32120553896280213,0.4019368268621595,0.5702778531993846,0.7239569191782063,0.7621504208525658,0.7702959543850123,0.8387184360575617,0.8336501040818174,0.9541134944338854,2.0
0.05837632364919898,0.18979093130600044,0.32120553896280213,0.4019368268621595,0.5702778531993846,0.7239569191782063,0.7621504208525658,0.7702959543850123,0.8387184360575617,0.8336501040818174,0.8050502307901168,0.7803421124083627,2.0
0.18979093130600044,0.32120553896280213,0.4019368268621595,0.5702778531993846,0.7239569191782063,0.7621504208525658,0.7702959543850123,0.8387184360575617,0.8336501040818174,0.8050502307901168,0.7549099466015023,0.6489275047515612,2.0
0.32120553896280213,0.4019368268621595,0.5702778531993846,0.7239569191782063,0.7621504208525658,0.7702959543850123,0.8387184360575617,0.8336501040818174,0.8050502307901168,0.7549099466015023,0.6864874649289527,0.5175128970947596,2.0
0.4019368268621595,0.5702778531993846,0.7239569191782063,0.7621504208525658,0.7702959543850123,0.8387184360575617,0.8336501040818174,0.8050502307901168,0.7549099466015023,0.6864874649289527,0.6001448094850212,0.4367816091954022,0.0
0.5702778531993846,0.7239569191782063,0.7621504208525658,0.7702959543850123,0.8387184360575617,0.8336501040818174,0.8050502307901168,0.7549099466015023,0.6864874649289527,0.6001448094850212,0.4971490632636437,0.34156937279391797,0.0
0.7239569191782063,0.7621504208525658,0.7702959543850123,0.8387184360575617,0.8336501040818174,0.8050502307901168,0.7549099466015023,0.6864874649289527,0.6001448094850212,0.4971490632636437,0.4234772377590732,0.4152411982984885,0.0
0.7621504208525658,0.7702959543850123,0.8387184360575617,0.8336501040818174,0.8050502307901168,0.7549099466015023,0.6864874649289527,0.6001448094850212,0.4971490632636437,0.4234772377590732,0.2902525115395058,0.5484659245180559,0.0
0.7702959543850123,0.8387184360575617,0.8336501040818174,0.8050502307901168,0.7549099466015023,0.6864874649289527,0.6001448094850212,0.4971490632636437,0.4234772377590732,0.2902525115395058,0.15702778531993844,0.6816906507376232,0.0
0.8387184360575617,0.8336501040818174,0.8050502307901168,0.7549099466015023,0.6864874649289527,0.6001448094850212,0.4971490632636437,0.4234772377590732,0.2902525115395058,0.15702778531993844,0.07195221286994302,0.7667662231876187,0.0
0.8336501040818174,0.8050502307901168,0.7549099466015023,0.6864874649289527,0.6001448094850212,0.4971490632636437,0.4234772377590732,0.2902525115395058,0.15702778531993844,0.07195221286994302,-0.04588650556611462,0.879536609647932,0.0
0.8050502307901168,0.7549099466015023,0.6864874649289527,0.6001448094850212,0.4971490632636437,0.4234772377590732,0.2902525115395058,0.15702778531993844,0.07195221286994302,-0.04588650556611462,-0.19449723956919174,0.9995474703593086,0.0
0.7549099466015023,0.6864874649289527,0.6001448094850212,0.4971490632636437,0.4234772377590732,0.2902525115395058,0.15702778531993844,0.07195221286994302,-0.04588650556611462,-0.19449723956919174,-0.2848221558512083,1.0397321024527106,0.0
0.6864874649289527,0.6001448094850212,0.4971490632636437,0.4234772377590732,0.2902525115395058,0.15702778531993844,0.07195221286994302,-0.04588650556611462,-0.19449723956919174,-0.2848221558512083,-0.4089962892569463,1.095483754185899,0.0
0.6001448094850212,0.4971490632636437,0.4234772377590732,0.2902525115395058,0.15702778531993844,0.07195221286994302,-0.04588650556611462,-0.19449723956919174,-0.2848221558512083,-0.4089962892569463,-0.5233957824237487,1.12354059190877,0.0
0.4971490632636437,0.4234772377590732,0.2902525115395058,0.15702778531993844,0.07195221286994302,-0.04588650556611462,-0.19449723956919174,-0.2848221558512083,-0.4089962892569463,-0.5233957824237487,-0.6280206353516156,1.1251696986152593,0.0
0.4234772377590732,0.2902525115395058,0.15702778531993844,0.07195221286994302,-0.04588650556611462,-0.19449723956919174,-0.2848221558512083,-0.4089962892569463,-0.5233957824237487,-0.6280206353516156,-0.673273599420762,1.0967508371798353,0.0
0.2902525115395058,0.15702778531993844,0.07195221286994302,-0.04588650556611462,-0.19449723956919174,-0.2848221558512083,-0.4089962892569463,-0.5233957824237487,-0.6280206353516156,-0.673273599420762,-0.7116481129513983,1.0019006244909041,0.0
0.15702778531993844,0.07195221286994302,-0.04588650556611462,-0.19449723956919174,-0.2848221558512083,-0.4089962892569463,-0.5233957824237487,-0.6280206353516156,-0.673273599420762,-0.7116481129513983,-0.7893021992940538,0.9463299846139922,0.0
0.07195221286994302,-0.04588650556611462,-0.19449723956919174,-0.2848221558512083,-0.4089962892569463,-0.5233957824237487,-0.6280206353516156,-0.673273599420762,-0.7116481129513983,-0.7893021992940538,-0.8617069418046882,0.9336591546746312,0.0
-0.04588650556611462,-0.19449723956919174,-0.2848221558512083,-0.4089962892569463,-0.5233957824237487,-0.6280206353516156,-0.673273599420762,-0.7116481129513983,-0.7893021992940538,-0.8617069418046882,-0.931758530183727,0.8858720246176124,0.0
-0.19449723956919174,-0.2848221558512083,-0.4089962892569463,-0.5233957824237487,-0.6280206353516156,-0.673273599420762,-0.7116481129513983,-0.7893021992940538,-0.8617069418046882,-0.931758530183727,-0.9907683953298941,0.7962711557607024,0.0
-0.2848221558512083,-0.4089962892569463,-0.5233957824237487,-0.6280206353516156,-0.673273599420762,-0.7116481129513983,-0.7893021992940538,-0.8617069418046882,-0.931758530183727,-0.9907683953298941,-0.9934835731740429,0.7086614173228346,0.0
-0.4089962892569463,-0.5233957824237487,-0.6280206353516156,-0.673273599420762,-0.7116481129513983,-0.7893021992940538,-0.8617069418046882,-0.931758530183727,-0.9907683953298941,-0.9934835731740429,-0.9355597791655353,0.5844872839170966,0.0
-0.5233957824237487,-0.6280206353516156,-0.673273599420762,-0.7116481129513983,-0.7893021992940538,-0.8617069418046882,-0.931758530183727,-0.9907683953298941,-0.9934835731740429,-0.9355597791655353,-0.8602588469544755,0.47008779075029417,0.0
-0.6280206353516156,-0.673273599420762,-0.7116481129513983,-0.7893021992940538,-0.8617069418046882,-0.931758530183727,-0.9907683953298941,-0.9934835731740429,-0.9355597791655353,-0.8602588469544755,-0.8179020725857544,0.36546293782242734,0.0
-0.673273599420762,-0.7116481129513983,-0.7893021992940538,-0.8617069418046882,-0.931758530183727,-0.9907683953298941,-0.9934835731740429,-0.9355597791655353,-0.8602588469544755,-0.8179020725857544,-0.7129151959453344,0.32020997375328086,2.0
-0.7116481129513983,-0.7893021992940538,-0.8617069418046882,-0.931758530183727,-0.9907683953298941,-0.9934835731740429,-0.9355597791655353,-0.8602588469544755,-0.8179020725857544,-0.7129151959453344,-0.5896461218209792,0.4038374513530637,2.0
-0.7893021992940538,-0.8617069418046882,-0.931758530183727,-0.9907683953298941,-0.9934835731740429,-0.9355597791655353,-0.8602588469544755,-0.8179020725857544,-0.7129151959453344,-0.5896461218209792,-0.4984161462575799,0.495067426916463,2.0
-0.8617069418046882,-0.931758530183727,-0.9907683953298941,-0.9934835731740429,-0.9355597791655353,-0.8602588469544755,-0.8179020725857544,-0.7129151959453344,-0.5896461218209792,-0.4984161462575799,-0.3470902344103539,0.646393338763689,2.0
-0.931758530183727,-0.9907683953298941,-0.9934835731740429,-0.9355597791655353,-0.8602588469544755,-0.8179020725857544,-0.7129151959453344,-0.5896461218209792,-0.4984161462575799,-0.3470902344103539,-0.18508462304280926,0.8083989501312336,2.0
-0.9907683953298941,-0.9934835731740429,-0.9355597791655353,-0.8602588469544755,-0.8179020725857544,-0.7129151959453344,-0.5896461218209792,-0.4984161462575799,-0.3470902344103539,-0.18508462304280926,-0.015657525567924657,0.9778260476061182,2.0
-0.9934835731740429,-0.9355597791655353,-0.8602588469544755,-0.8179020725857544,-0.7129151959453344,-0.5896461218209792,-0.4984161462575799,-0.3470902344103539,-0.18508462304280926,-0.015657525567924657,0.11467101095121723,1.10815458412526,2.0
-0.9355597791655353,-0.8602588469544755,-0.8179020725857544,-0.7129151959453344,-0.5896461218209792,-0.4984161462575799,-0.3470902344103539,-0.18508462304280926,-0.015657525567924657,0.11467101095121723,0.25133496244003983,1.1868947416055753,2.0
-0.8602588469544755,-0.8179020725857544,-0.7129151959453344,-0.5896461218209792,-0.4984161462575799,-0.3470902344103539,-0.18508462304280926,-0.015657525567924657,0.11467101095121723,0.25133496244003983,0.3898090324916281,1.2500678794461035,2.0
-0.8179020725857544,-0.7129151959453344,-0.5896461218209792,-0.4984161462575799,-0.3470902344103539,-0.18508462304280926,-0.015657525567924657,0.11467101095121723,0.25133496244003983,0.3898090324916281,0.46474794099013494,1.2826500135758894,2.0
-0.7129151959453344,-0.5896461218209792,-0.4984161462575799,-0.3470902344103539,-0.18508462304280926,-0.015657525567924657,0.11467101095121723,0.25133496244003983,0.3898090324916281,0.46474794099013494,0.5134401303285365,1.226355326273871,2.0
-0.5896461218209792,-0.4984161462575799,-0.3470902344103539,-0.18508462304280926,-0.015657525567924657,0.11467101095121723,0.25133496244003983,0.3898090324916281,0.46474794099013494,0.5134401303285365,0.6310978369083176,1.2207439587292968,2.0
-0.4984161462575799,-0.3470902344103539,-0.18508462304280926,-0.015657525567924657,0.11467101095121723,0.25133496244003983,0.3898090324916281,0.46474794099013494,0.5134401303285365,0.6310978369083176,0.6272965879265091,1.1295139831658974,2.0
-0.3470902344103539,-0.18508462304280926,-0.015657525567924657,0.11467101095121723,0.25133496244003983,0.3898090324916281,0.46474794099013494,0.5134401303285365,0.6310978369083176,0.6272965879265091,0.5929043352339578,0.9781880713186715,2.0
-0.18508462304280926,-0.015657525567924657,0.11467101095121723,0.25133496244003983,0.3898090324916281,0.46474794099013494,0.5134401303285365,0.6310978369083176,0.6272965879265091,0.5929043352339578,0.6234953389447009,0.8161824599511268,2.0
-0.015657525567924657,0.11467101095121723,0.25133496244003983,0.3898090324916281,0.46474794099013494,0.5134401303285365,0.6310978369083176,0.6272965879265091,0.5929043352339578,0.6234953389447009,0.5836727305638518,0.6467553624762422,2.0
0.11467101095121723,0.25133496244003983,0.3898090324916281,0.46474794099013494,0.5134401303285365,0.6310978369083176,0.6272965879265091,0.5929043352339578,0.6234953389447009,0.5836727305638518,0.47814281835460215,0.5164268259571003,2.0
0.25133496244003983,0.3898090324916281,0.46474794099013494,0.5134401303285365,0.6310978369083176,0.6272965879265091,0.5929043352339578,0.6234953389447009,0.5836727305638518,0.47814281835460215,0.35758892207439597,0.3797628744682777,2.0
0.3898090324916281,0.46474794099013494,0.5134401303285365,0.6310978369083176,0.6272965879265091,0.5929043352339578,0.6234953389447009,0.5836727305638518,0.47814281835460215,0.35758892207439597,0.2669019820798262,0.36419585482849137,2.0
0.46474794099013494,0.5134401303285365,0.6310978369083176,0.6272965879265091,0.5929043352339578,0.6234953389447009,0.5836727305638518,0.47814281835460215,0.35758892207439597,0.2669019820798262,0.20553896280206363,0.4255588741062539,0.0
0.5134401303285365,0.6310978369083176,0.6272965879265091,0.5929043352339578,0.6234953389447009,0.5836727305638518,0.47814281835460215,0.35758892207439597,0.2669019820798262,0.20553896280206363,0.12915195945334412,0.5019458774549734,0.0
0.6310978369083176,0.6272965879265091,0.5929043352339578,0.6234953389447009,0.5836727305638518,0.47814281835460215,0.35758892207439597,0.2669019820798262,0.20553896280206363,0.12915195945334412,0.05439406281111414,0.5767037740972034,0.0
0.6272965879265091,0.5929043352339578,0.6234953389447009,0.5836727305638518,0.47814281835460215,0.35758892207439597,0.2669019820798262,0.20553896280206363,0.12915195945334412,0.05439406281111414,-0.010408181735903743,0.6377047696624129,0.0
0.5929043352339578,0.6234953389447009,0.5836727305638518,0.47814281835460215,0.35758892207439597,0.2669019820798262,0.20553896280206363,0.12915195945334412,0.05439406281111414,-0.010408181735903743,-0.16173409358312973,0.7852294325278306,0.0
0.6234953389447009,0.5836727305638518,0.47814281835460215,0.35758892207439597,0.2669019820798262,0.20553896280206363,0.12915195945334412,0.05439406281111414,-0.010408181735903743,-0.16173409358312973,-0.25531722327812467,0.8788125622228256,0.0
0.5836727305638518,0.47814281835460215,0.35758892207439597,0.2669019820798262,0.20553896280206363,0.12915195945334412,0.05439406281111414,-0.010408181735903743,-0.16173409358312973,-0.25531722327812467,-0.33822065345280117,0.921893384016653,0.0
0.47814281835460215,0.35758892207439597,0.2669019820798262,0.20553896280206363,0.12915195945334412,0.05439406281111414,-0.010408181735903743,-0.16173409358312973,-0.25531722327812467,-0.33822065345280117,-0.45823151416417773,0.9363743325187799,0.0
0.35758892207439597,0.2669019820798262,0.20553896280206363,0.12915195945334412,0.05439406281111414,-0.010408181735903743,-0.16173409358312973,-0.25531722327812467,-0.33822065345280117,-0.45823151416417773,-0.5672006516426826,0.9247895737170786,0.0
0.2669019820798262,0.20553896280206363,0.12915195945334412,0.05439406281111414,-0.010408181735903743,-0.16173409358312973,-0.25531722327812467,-0.33822065345280117,-0.45823151416417773,-0.5672006516426826,-0.6215042085256584,0.8884061906054845,0.0
0.20553896280206363,0.12915195945334412,0.05439406281111414,-0.010408181735903743,-0.16173409358312973,-0.25531722327812467,-0.33822065345280117,-0.45823151416417773,-0.5672006516426826,-0.6215042085256584,-0.6678432437324644,0.873382206534528,0.0
0.12915195945334412,0.05439406281111414,-0.010408181735903743,-0.16173409358312973,-0.25531722327812467,-0.33822065345280117,-0.45823151416417773,-0.5672006516426826,-0.6215042085256584,-0.6678432437324644,-0.7033215675626754,0.8324735270160195,0.0
0.05439406281111414,-0.010408181735903743,-0.16173409358312973,-0.25531722327812467,-0.33822065345280117,-0.45823151416417773,-0.5672006516426826,-0.6215042085256584,-0.6678432437324644,-0.7033215675626754,-0.7788035116300118,0.833197574441126,0.0
-0.010408181735903743,-0.16173409358312973,-0.25531722327812467,-0.33822065345280117,-0.45823151416417773,-0.5672006516426826,-0.6215042085256584,-0.6678432437324644,-0.7033215675626754,-0.7788035116300118,-0.8468639695900082,0.8364557878541045,0.0
-0.16173409358312973,-0.25531722327812467,-0.33822065345280117,-0.45823151416417773,-0.5672006516426826,-0.6215042085256584,-0.6678432437324644,-0.7033215675626754,-0.7788035116300118,-0.8468639695900082,-0.910761154855643,0.7490270612725133,0.0
-0.25531722327812467,-0.33822065345280117,-0.45823151416417773,-0.5672006516426826,-0.6215042085256584,-0.6678432437324644,-0.7033215675626754,-0.7788035116300118,-0.8468639695900082,-0.910761154855643,-0.9733912571273419,0.7180740338492172,0.0
-0.33822065345280117,-0.45823151416417773,-0.5672006516426826,-0.6215042085256584,-0.6678432437324644,-0.7033215675626754,-0.7788035116300118,-0.8468639695900082,-0.910761154855643,-0.9733912571273419,-0.9766494705403204,0.6384288170875192,0.0
-0.45823151416417773,-0.5672006516426826,-0.6215042085256584,-0.6678432437324644,-0.7033215675626754,-0.7788035116300118,-0.8468639695900082,-0.910761154855643,-0.9733912571273419,-0.9766494705403204,-0.9181826409629831,0.5184179563761426,0.0
-0.5672006516426826,-0.6215042085256584,-0.6678432437324644,-0.7033215675626754,-0.7788035116300118,-0.8468639695900082,-0.910761154855643,-0.9733912571273419,-0.9766494705403204,-0.9181826409629831,-0.8443298036021359,0.40944881889763773,0.0
-0.6215042085256584,-0.6678432437324644,-0.7033215675626754,-0.7788035116300118,-0.8468639695900082,-0.910761154855643,-0.9733912571273419,-0.9766494705403204,-0.9181826409629831,-0.8443298036021359,-0.8003439225269255,0.355145262014662,0.0
-0.6678432437324644,-0.7033215675626754,-0.7788035116300118,-0.8468639695900082,-0.910761154855643,-0.9733912571273419,-0.9766494705403204,-0.9181826409629831,-0.8443298036021359,-0.8003439225269255,-0.6955380577427821,0.30880622680785597,0.0
-0.7033215675626754,-0.7788035116300118,-0.8468639695900082,-0.910761154855643,-0.9733912571273419,-0.9766494705403204,-0.9181826409629831,-0.8443298036021359,-0.8003439225269255,-0.6955380577427821,-0.5742601140374695,0.4023893565028509,2.0
-0.7788035116300118,-0.8468639695900082,-0.910761154855643,-0.9733912571273419,-0.9766494705403204,-0.9181826409629831,-0.8443298036021359,-0.8003439225269255,-0.6955380577427821,-0.5742601140374695,-0.4832111503303467,0.4934383202099737,2.0
-0.8468639695900082,-0.910761154855643,-0.9733912571273419,-0.9766494705403204,-0.9181826409629831,-0.8443298036021359,-0.8003439225269255,-0.6955380577427821,-0.5742601140374695,-0.4832111503303467,-0.3340573807584397,0.6425920897818806,2.0
-0.910761154855643,-0.9733912571273419,-0.9766494705403204,-0.9181826409629831,-0.8443298036021359,-0.8003439225269255,-0.6955380577427821,-0.5742601140374695,-0.4832111503303467,-0.3340573807584397,-0.17313784052855463,0.8035116300117657,2.0
-0.9733912571273419,-0.9766494705403204,-0.9181826409629831,-0.8443298036021359,-0.8003439225269255,-0.6955380577427821,-0.5742601140374695,-0.4832111503303467,-0.3340573807584397,-0.17313784052855463,-0.003529731197393415,0.973119739342927,2.0
-0.9766494705403204,-0.9181826409629831,-0.8443298036021359,-0.8003439225269255,-0.6955380577427821,-0.5742601140374695,-0.4832111503303467,-0.3340573807584397,-0.17313784052855463,-0.003529731197393415,0.12878993574079112,1.1054394062811115,2.0
-0.9181826409629831,-0.8443298036021359,-0.8003439225269255,-0.6955380577427821,-0.5742601140374695,-0.4832111503303467,-0.3340573807584397,-0.17313784052855463,-0.003529731197393415,0.12878993574079112,0.27070323106163463,1.1888858720246178,2.0
-0.8443298036021359,-0.8003439225269255,-0.6955380577427821,-0.5742601140374695,-0.4832111503303467,-0.3340573807584397,-0.17313784052855463,-0.003529731197393415,0.12878993574079112,0.27070323106163463,0.4122545026699249,1.2565843062720607,2.0
-0.8003439225269255,-0.6955380577427821,-0.5742601140374695,-0.4832111503303467,-0.3340573807584397,-0.17313784052855463,-0.003529731197393415,0.12878993574079112,0.27070323106163463,0.4122545026699249,0.5454792288894923,1.3458231514164178,2.0
-0.6955380577427821,-0.5742601140374695,-0.4832111503303467,-0.3340573807584397,-0.17313784052855463,-0.003529731197393415,0.12878993574079112,0.27070323106163463,0.4122545026699249,0.5454792288894923,0.663679971038103,1.359218028780885,2.0
-0.5742601140374695,-0.4832111503303467,-0.3340573807584397,-0.17313784052855463,-0.003529731197393415,0.12878993574079112,0.27070323106163463,0.4122545026699249,0.5454792288894923,0.663679971038103,0.7569010770205449,1.3311611910580143,2.0
-0.4832111503303467,-0.3340573807584397,-0.17313784052855463,-0.003529731197393415,0.12878993574079112,0.27070323106163463,0.4122545026699249,0.5454792288894923,0.663679971038103,0.7569010770205449,0.8226083808489455,1.3058195311792922,2.0
-0.3340573807584397,-0.17313784052855463,-0.003529731197393415,0.12878993574079112,0.27070323106163463,0.4122545026699249,0.5454792288894923,0.663679971038103,0.7569010770205449,0.8226083808489455,0.856095574260114,1.1901529550185537,2.0
-0.17313784052855463,-0.003529731197393415,0.12878993574079112,0.27070323106163463,0.4122545026699249,0.5454792288894923,0.663679971038103,0.7569010770205449,0.8226083808489455,0.856095574260114,0.8566386098289438,1.0297764503574984,2.0
