1.0,1.0,1.0,1.0,1.0,0.9874776386404294,0.8858676207513416,0.8415026833631485,0.6243291592128801,0.40644007155635054,0.17567084078711992,0.8243291592128801,0.0
1.0,1.0,1.0,1.0,0.9874776386404294,0.8858676207513416,0.8415026833631485,0.6243291592128801,0.40644007155635054,0.17567084078711992,-0.06440071556350624,1.0644007155635062,0.0
1.0,1.0,1.0,0.9874776386404294,0.8858676207513416,0.8415026833631485,0.6243291592128801,0.40644007155635054,0.17567084078711992,-0.06440071556350624,-0.31127012522361364,1.3112701252236136,0.0
1.0,1.0,0.9874776386404294,0.8858676207513416,0.8415026833631485,0.6243291592128801,0.40644007155635054,0.17567084078711992,-0.06440071556350624,-0.31127012522361364,-0.5577817531305904,1.5577817531305904,0.0
1.0,0.9874776386404294,0.8858676207513416,0.8415026833631485,0.6243291592128801,0.40644007155635054,0.17567084078711992,-0.06440071556350624,-0.31127012522361364,-0.5577817531305904,-0.8025044722719141,1.8025044722719141,0.0
0.9874776386404294,0.8858676207513416,0.8415026833631485,0.6243291592128801,0.40644007155635054,0.17567084078711992,-0.06440071556350624,-0.31127012522361364,-0.5577817531305904,-0.8025044722719141,-1.0,1.9874776386404294,0.0
0.8858676207513416,0.8415026833631485,0.6243291592128801,0.40644007155635054,0.17567084078711992,-0.06440071556350624,-0.31127012522361364,-0.5577817531305904,-0.8025044722719141,-1.0,-1.0,1.8858676207513416,0.0
0.8415026833631485,0.6243291592128801,0.40644007155635054,0.17567084078711992,-0.06440071556350624,-0.31127012522361364,-0.5577817531305904,-0.8025044722719141,-1.0,-1.0,-1.0,1.8415026833631485,0.0
0.6243291592128801,0.40644007155635054,0.17567084078711992,-0.06440071556350624,-0.31127012522361364,-0.5577817531305904,-0.8025044722719141,-1.0,-1.0,-1.0,-1.0,1.6243291592128801,0.0
0.40644007155635054,0.17567084078711992,-0.06440071556350624,-0.31127012522361364,-0.5577817531305904,-0.8025044722719141,-1.0,-1.0,-1.0,-1.0,-1.0,1.4064400715563505,0.0
0.17567084078711992,-0.06440071556350624,-0.31127012522361364,-0.5577817531305904,-0.8025044722719141,-1.0,-1.0,-1.0,-1.0,-1.0,-0.9976467127518753,1.17567084078712,1.0
-0.06440071556350624,-0.31127012522361364,-0.5577817531305904,-0.8025044722719141,-1.0,-1.0,-1.0,-1.0,-1.0,-0.9976467127518753,-0.997058390939844,0.9355992844364938,1.0
-0.31127012522361364,-0.5577817531305904,-0.8025044722719141,-1.0,-1.0,-1.0,-1.0,-1.0,-0.9976467127518753,-0.997058390939844,-0.9926459773496102,0.6887298747763864,1.0
-0.5577817531305904,-0.8025044722719141,-1.0,-1.0,-1.0,-1.0,-1.0,-0.9976467127518753,-0.997058390939844,-0.9926459773496102,-0.9882335637593764,0.4422182468694096,1.0
-0.8025044722719141,-1.0,-1.0,-1.0,-1.0,-1.0,-0.9976467127518753,-0.997058390939844,-0.9926459773496102,-0.9882335637593764,-0.9849977937932048,0.19749552772808587,1.0
-1.0,-1.0,-1.0,-1.0,-1.0,-0.9976467127518753,-0.997058390939844,-0.9926459773496102,-0.9882335637593764,-0.9849977937932048,-0.9867627592292985,0.015002206206795154,1.0
-1.0,-1.0,-1.0,-1.0,-0.9976467127518753,-0.997058390939844,-0.9926459773496102,-0.9882335637593764,-0.9849977937932048,-0.9867627592292985,-0.9920576555375791,0.015002206206795154,1.0
-1.0,-1.0,-1.0,-0.9976467127518753,-0.997058390939844,-0.9926459773496102,-0.9882335637593764,-0.9849977937932048,-0.9867627592292985,-0.9920576555375791,-0.9991175172819532,0.015002206206795154,1.0
-1.0,-1.0,-0.9976467127518753,-0.997058390939844,-0.9926459773496102,-0.9882335637593764,-0.9849977937932048,-0.9867627592292985,-0.9920576555375791,-0.9991175172819532,-1.0,0.015002206206795154,1.0
-1.0,-0.9976467127518753,-0.997058390939844,-0.9926459773496102,-0.9882335637593764,-0.9849977937932048,-0.9867627592292985,-0.9920576555375791,-0.9991175172819532,-1.0,-1.0,0.015002206206795154,1.0
-0.9976467127518753,-0.997058390939844,-0.9926459773496102,-0.9882335637593764,-0.9849977937932048,-0.9867627592292985,-0.9920576555375791,-0.9991175172819532,-1.0,-1.0,-1.0,0.015002206206795154,1.0
-0.997058390939844,-0.9926459773496102,-0.9882335637593764,-0.9849977937932048,-0.9867627592292985,-0.9920576555375791,-0.9991175172819532,-1.0,-1.0,-1.0,-1.0,0.015002206206795154,1.0
-0.9926459773496102,-0.9882335637593764,-0.9849977937932048,-0.9867627592292985,-0.9920576555375791,-0.9991175172819532,-1.0,-1.0,-1.0,-1.0,-1.0,0.015002206206795154,1.0
-0.9882335637593764,-0.9849977937932048,-0.9867627592292985,-0.9920576555375791,-0.9991175172819532,-1.0,-1.0,-1.0,-1.0,-1.0,-1.0,0.015002206206795154,1.0
-0.9849977937932048,-0.9867627592292985,-0.9920576555375791,-0.9991175172819532,-1.0,-1.0,-1.0,-1.0,-1.0,-1.0,-1.0,0.015002206206795154,1.0
-0.9867627592292985,-0.9920576555375791,-0.9991175172819532,-1.0,-1.0,-1.0,-1.0,-1.0,-1.0,-1.0,-1.0,0.013237240770701542,1.0
-0.9920576555375791,-0.9991175172819532,-1.0,-1.0,-1.0,-1.0,-1.0,-1.0,-1.0,-1.0,-1.0,0.007942344462420925,1.0
-0.9991175172819532,-1.0,-1.0,-1.0,-1.0,-1.0,-1.0,-1.0,-1.0,-1.0,-1.0,0.0008824827180468064,1.0
-1.0,-1.0,-1.0,-1.0,-1.0,-1.0,-1.0,-1.0,-1.0,-1.0,-1.0,0.0,1.0
-1.0,-1.0,-1.0,-1.0,-1.0,-1.0,-1.0,-1.0,-1.0,-1.0,-1.0,0.0,1.0
-1.0,-1.0,-1.0,-1.0,-1.0,-1.0,-1.0,-1.0,-1.0,-1.0,-1.0,0.0,1.0
-1.0,-1.0,-1.0,-1.0,-1.0,-1.0,-1.0,-1.0,-1.0,-1.0,-1.0,0.0,1.0
-1.0,-1.0,-1.0,-1.0,-1.0,-1.0,-1.0,-1.0,-1.0,-1.0,-1.0,0.0,1.0
-1.0,-1.0,-1.0,-1.0,-1.0,-1.0,-1.0,-1.0,-1.0,-1.0,-1.0,0.0,1.0
-1.0,-1.0,-1.0,-1.0,-1.0,-1.0,-1.0,-1.0,-1.0,-1.0,-1.0,0.0,1.0
-1.0,-1.0,-1.0,-1.0,-1.0,-1.0,-1.0,-1.0,-1.0,-1.0,-1.0,0.0,1.0
-1.0,-1.0,-1.0,-1.0,-1.0,-1.0,-1.0,-1.0,-1.0,-1.0,-1.0,0.0,1.0
-1.0,-1.0,-1.0,-1.0,-1.0,-1.0,-1.0,-1.0,-1.0,-1.0,-0.9506933744221879,0.04930662557781207,1.0
-1.0,-1.0,-1.0,-1.0,-1.0,-1.0,-1.0,-1.0,-1.0,-0.9506933744221879,-0.923798851379745,0.07620114862025495,1.0
-1.0,-1.0,-1.0,-1.0,-1.0,-1.0,-1.0,-1.0,-0.9506933744221879,-0.923798851379745,-0.9854321333520101,0.07620114862025495,1.0
-1.0,-1.0,-1.0,-1.0,-1.0,-1.0,-1.0,-0.9506933744221879,-0.923798851379745,-0.9854321333520101,-1.0,0.07620114862025495,1.0
-1.0,-1.0,-1.0,-1.0,-1.0,-1.0,-0.9506933744221879,-0.923798851379745,-0.9854321333520101,-1.0,-1.0,0.07620114862025495,1.0
-1.0,-1.0,-1.0,-1.0,-1.0,-0.9506933744221879,-0.923798851379745,-0.9854321333520101,-1.0,-1.0,-1.0,0.07620114862025495,1.0
-1.0,-1.0,-1.0,-1.0,-0.9506933744221879,-0.923798851379745,-0.9854321333520101,-1.0,-1.0,-1.0,-1.0,0.07620114862025495,1.0
-1.0,-1.0,-1.0,-0.9506933744221879,-0.923798851379745,-0.9854321333520101,-1.0,-1.0,-1.0,-1.0,-1.0,0.07620114862025495,1.0
-1.0,-1.0,-0.9506933744221879,-0.923798851379745,-0.9854321333520101,-1.0,-1.0,-1.0,-1.0,-1.0,-1.0,0.07620114862025495,1.0
-1.0,-0.9506933744221879,-0.923798851379745,-0.9854321333520101,-1.0,-1.0,-1.0,-1.0,-1.0,-1.0,-1.0,0.07620114862025495,1.0
-0.9506933744221879,-0.923798851379745,-0.9854321333520101,-1.0,-1.0,-1.0,-1.0,-1.0,-1.0,-1.0,-1.0,0.07620114862025495,1.0
-0.923798851379745,-0.9854321333520101,-1.0,-1.0,-1.0,-1.0,-1.0,-1.0,-1.0,-1.0,-1.0,0.07620114862025495,1.0
-0.9854321333520101,-1.0,-1.0,-1.0,-1.0,-1.0,-1.0,-1.0,-1.0,-1.0,-1.0,0.014567866647989924,1.0
-1.0,-1.0,-1.0,-1.0,-1.0,-1.0,-1.0,-1.0,-1.0,-1.0,-1.0,0.0,1.0
-1.0,-1.0,-1.0,-1.0,-1.0,-1.0,-1.0,-1.0,-1.0,-1.0,-1.0,0.0,1.0
-1.0,-1.0,-1.0,-1.0,-1.0,-1.0,-1.0,-1.0,-1.0,-1.0,-1.0,0.0,1.0
-1.0,-1.0,-1.0,-1.0,-1.0,-1.0,-1.0,-1.0,-1.0,-1.0,-1.0,0.0,1.0
-1.0,-1.0,-1.0,-1.0,-1.0,-1.0,-1.0,-1.0,-1.0,-1.0,-1.0,0.0,1.0
-1.0,-1.0,-1.0,-1.0,-1.0,-1.0,-1.0,-1.0,-1.0,-1.0,-1.0,0.0,1.0
-1.0,-1.0,-1.0,-1.0,-1.0,-1.0,-1.0,-1.0,-1.0,-1.0,-1.0,0.0,1.0
-1.0,-1.0,-1.0,-1.0,-1.0,-1.0,-1.0,-1.0,-1.0,-1.0,-1.0,0.0,1.0
-1.0,-1.0,-1.0,-1.0,-1.0,-1.0,-1.0,-1.0,-1.0,-1.0,-0.9919416147179565,0.008058385282043501,1.0
-1.0,-1.0,-1.0,-1.0,-1.0,-1.0,-1.0,-1.0,-1.0,-0.9919416147179565,-0.9239774973392124,0.07602250266078758,1.0
-1.0,-1.0,-1.0,-1.0,-1.0,-1.0,-1.0,-1.0,-0.9919416147179565,-0.9239774973392124,-0.8812528508438497,0.11874714915615026,1.0
-1.0,-1.0,-1.0,-1.0,-1.0,-1.0,-1.0,-0.9919416147179565,-0.9239774973392124,-0.8812528508438497,-0.784552227459328,0.21544777254067204,1.0
-1.0,-1.0,-1.0,-1.0,-1.0,-1.0,-0.9919416147179565,-0.9239774973392124,-0.8812528508438497,-0.784552227459328,-0.6758400486544017,0.3241599513455983,1.0
-1.0,-1.0,-1.0,-1.0,-1.0,-0.9919416147179565,-0.9239774973392124,-0.8812528508438497,-0.784552227459328,-0.6758400486544017,-0.5934316557701079,0.4065683442298921,2.0
-1.0,-1.0,-1.0,-1.0,-0.9919416147179565,-0.9239774973392124,-0.8812528508438497,-0.784552227459328,-0.6758400486544017,-0.5934316557701079,-0.46084841112969444,0.5391515888703056,2.0
-1.0,-1.0,-1.0,-0.9919416147179565,-0.9239774973392124,-0.8812528508438497,-0.784552227459328,-0.6758400486544017,-0.5934316557701079,-0.46084841112969444,-0.31746997111144903,0.682530028888551,2.0
-1.0,-1.0,-0.9919416147179565,-0.9239774973392124,-0.8812528508438497,-0.784552227459328,-0.6758400486544017,-0.5934316557701079,-0.46084841112969444,-0.31746997111144903,-0.1648167857685875,0.8351832142314125,2.0
-1.0,-0.9919416147179565,-0.9239774973392124,-0.8812528508438497,-0.784552227459328,-0.6758400486544017,-0.5934316557701079,-0.46084841112969444,-0.31746997111144903,-0.1648167857685875,-0.04242055648471943,0.9575794435152806,2.0
-0.9919416147179565,-0.9239774973392124,-0.8812528508438497,-0.784552227459328,-0.6758400486544017,-0.5934316557701079,-0.46084841112969444,-0.31746997111144903,-0.1648167857685875,-0.04242055648471943,0.08803405808119202,1.0799756727991485,2.0
-0.9239774973392124,-0.8812528508438497,-0.784552227459328,-0.6758400486544017,-0.5934316557701079,-0.46084841112969444,-0.31746997111144903,-0.1648167857685875,-0.04242055648471943,0.08803405808119202,0.26318990421164656,1.1871674015508589,2.0
-0.8812528508438497,-0.784552227459328,-0.6758400486544017,-0.5934316557701079,-0.46084841112969444,-0.31746997111144903,-0.1648167857685875,-0.04242055648471943,0.08803405808119202,0.26318990421164656,0.4310475900866657,1.3123004409305155,2.0
-0.784552227459328,-0.6758400486544017,-0.5934316557701079,-0.46084841112969444,-0.31746997111144903,-0.1648167857685875,-0.04242055648471943,0.08803405808119202,0.26318990421164656,0.4310475900866657,0.5464497491257412,1.3310019765850691,2.0
-0.6758400486544017,-0.5934316557701079,-0.46084841112969444,-0.31746997111144903,-0.1648167857685875,-0.04242055648471943,0.08803405808119202,0.26318990421164656,0.4310475900866657,0.5464497491257412,0.6548578379200243,1.3306978865744261,2.0
-0.5934316557701079,-0.46084841112969444,-0.31746997111144903,-0.1648167857685875,-0.04242055648471943,0.08803405808119202,0.26318990421164656,0.4310475900866657,0.5464497491257412,0.6548578379200243,0.7127869849475446,1.3062186407176526,2.0
-0.46084841112969444,-0.31746997111144903,-0.1648167857685875,-0.04242055648471943,0.08803405808119202,0.26318990421164656,0.4310475900866657,0.5464497491257412,0.6548578379200243,0.7127869849475446,0.7600729816025544,1.2209213927322489,2.0
-0.31746997111144903,-0.1648167857685875,-0.04242055648471943,0.08803405808119202,0.26318990421164656,0.4310475900866657,0.5464497491257412,0.6548578379200243,0.7127869849475446,0.7600729816025544,0.8386802493538088,1.1561502204652578,2.0
-0.1648167857685875,-0.04242055648471943,0.08803405808119202,0.26318990421164656,0.4310475900866657,0.5464497491257412,0.6548578379200243,0.7127869849475446,0.7600729816025544,0.8386802493538088,0.8681769803861943,1.0329937661547817,2.0
-0.04242055648471943,0.08803405808119202,0.26318990421164656,0.4310475900866657,0.5464497491257412,0.6548578379200243,0.7127869849475446,0.7600729816025544,0.8386802493538088,0.8681769803861943,0.883989660939638,0.9264102174243575,2.0
0.08803405808119202,0.26318990421164656,0.4310475900866657,0.5464497491257412,0.6548578379200243,0.7127869849475446,0.7600729816025544,0.8386802493538088,0.8681769803861943,0.883989660939638,0.921240687243424,0.833206629162232,2.0
0.26318990421164656,0.4310475900866657,0.5464497491257412,0.6548578379200243,0.7127869849475446,0.7600729816025544,0.8386802493538088,0.8681769803861943,0.883989660939638,0.921240687243424,0.98069028432416,0.7175003801125135,2.0
0.4310475900866657,0.5464497491257412,0.6548578379200243,0.7127869849475446,0.7600729816025544,0.8386802493538088,0.8681769803861943,0.883989660939638,0.921240687243424,0.98069028432416,1.0,0.5689524099133343,2.0
0.5464497491257412,0.6548578379200243,0.7127869849475446,0.7600729816025544,0.8386802493538088,0.8681769803861943,0.883989660939638,0.921240687243424,0.98069028432416,1.0,0.995802413612173,0.4535502508742588,2.0
0.6548578379200243,0.7127869849475446,0.7600729816025544,0.8386802493538088,0.8681769803861943,0.883989660939638,0.921240687243424,0.98069028432416,1.0,0.995802413612173,0.943632411363466,0.3451421620799757,2.0
0.7127869849475446,0.7600729816025544,0.8386802493538088,0.8681769803861943,0.883989660939638,0.921240687243424,0.98069028432416,1.0,0.995802413612173,0.943632411363466,0.8841166329360617,0.28721301505245544,2.0
0.7600729816025544,0.8386802493538088,0.8681769803861943,0.883989660939638,0.921240687243424,0.98069028432416,1.0,0.995802413612173,0.943632411363466,0.8841166329360617,0.8569822352147516,0.23992701839744557,2.0
0.8386802493538088,0.8681769803861943,0.883989660939638,0.921240687243424,0.98069028432416,1.0,0.995802413612173,0.943632411363466,0.8841166329360617,0.8569822352147516,0.824301026909527,0.175698973090473,2.0
0.8681769803861943,0.883989660939638,0.921240687243424,0.98069028432416,1.0,0.995802413612173,0.943632411363466,0.8841166329360617,0.8569822352147516,0.824301026909527,0.7872723184169104,0.21272768158308963,0.0
0.883989660939638,0.921240687243424,0.98069028432416,1.0,0.995802413612173,0.943632411363466,0.8841166329360617,0.8569822352147516,0.824301026909527,0.7872723184169104,0.7448467131399445,0.25515328686005545,0.0
0.921240687243424,0.98069028432416,1.0,0.995802413612173,0.943632411363466,0.8841166329360617,0.8569822352147516,0.824301026909527,0.7872723184169104,0.7448467131399445,0.6973240386777604,0.3026759613222396,0.0
0.98069028432416,1.0,0.995802413612173,0.943632411363466,0.8841166329360617,0.8569822352147516,0.824301026909527,0.7872723184169104,0.7448467131399445,0.6973240386777604,0.6895285211003672,0.3104714788996328,0.0
1.0,0.995802413612173,0.943632411363466,0.8841166329360617,0.8569822352147516,0.824301026909527,0.7872723184169104,0.7448467131399445,0.6973240386777604,0.6895285211003672,0.5929840341803463,0.4070159658196537,0.0
0.995802413612173,0.943632411363466,0.8841166329360617,0.8569822352147516,0.824301026909527,0.7872723184169104,0.7448467131399445,0.6973240386777604,0.6895285211003672,0.5929840341803463,0.49464058166554237,0.5011618319466307,0.0
0.943632411363466,0.8841166329360617,0.8569822352147516,0.824301026909527,0.7872723184169104,0.7448467131399445,0.6973240386777604,0.6895285211003672,0.5929840341803463,0.49464058166554237,0.4024435949329135,0.5411888164305525,0.0
0.8841166329360617,0.8569822352147516,0.824301026909527,0.7872723184169104,0.7448467131399445,0.6973240386777604,0.6895285211003672,0.5929840341803463,0.49464058166554237,0.4024435949329135,0.3138445393898508,0.5702720935462109,0.0
0.8569822352147516,0.824301026909527,0.7872723184169104,0.7448467131399445,0.6973240386777604,0.6895285211003672,0.5929840341803463,0.49464058166554237,0.4024435949329135,0.3138445393898508,0.26347350273592673,0.5935087324788249,0.0
0.824301026909527,0.7872723184169104,0.7448467131399445,0.6973240386777604,0.6895285211003672,0.5929840341803463,0.49464058166554237,0.4024435949329135,0.3138445393898508,0.26347350273592673,0.2144516902780902,0.6098493366314368,0.0
0.7872723184169104,0.7448467131399445,0.6973240386777604,0.6895285211003672,0.5929840341803463,0.49464058166554237,0.4024435949329135,0.3138445393898508,0.26347350273592673,0.2144516902780902,0.16662918821677541,0.620643130200135,0.0
0.7448467131399445,0.6973240386777604,0.6895285211003672,0.5929840341803463,0.49464058166554237,0.4024435949329135,0.3138445393898508,0.26347350273592673,0.2144516902780902,0.16662918821677541,0.12150513454763501,0.6233415785923095,0.0
0.6973240386777604,0.6895285211003672,0.5929840341803463,0.49464058166554237,0.4024435949329135,0.3138445393898508,0.26347350273592673,0.2144516902780902,0.16662918821677541,0.12150513454763501,0.07847987407240842,0.618844164605352,0.0
0.6895285211003672,0.5929840341803463,0.49464058166554237,0.4024435949329135,0.3138445393898508,0.26347350273592673,0.2144516902780902,0.16662918821677541,0.12150513454763501,0.07847987407240842,0.0375534067910952,0.651975114309272,0.0
0.5929840341803463,0.49464058166554237,0.4024435949329135,0.3138445393898508,0.26347350273592673,0.2144516902780902,0.16662918821677541,0.12150513454763501,0.07847987407240842,0.0375534067910952,0.000674612098043648,0.5923094220823026,0.0
0.49464058166554237,0.4024435949329135,0.3138445393898508,0.26347350273592673,0.2144516902780902,0.16662918821677541,0.12150513454763501,0.07847987407240842,0.0375534067910952,0.000674612098043648,-0.07233340829023316,0.5669739899557755,0.0
0.4024435949329135,0.3138445393898508,0.26347350273592673,0.2144516902780902,0.16662918821677541,0.12150513454763501,0.07847987407240842,0.0375534067910952,0.000674612098043648,-0.07233340829023316,-0.08507608125327937,0.48751967618619285,0.0
0.3138445393898508,0.26347350273592673,0.2144516902780902,0.16662918821677541,0.12150513454763501,0.07847987407240842,0.0375534067910952,0.000674612098043648,-0.07233340829023316,-0.08507608125327937,-0.08822427104414965,0.40206881043400045,0.0
0.26347350273592673,0.2144516902780902,0.16662918821677541,0.12150513454763501,0.07847987407240842,0.0375534067910952,0.000674612098043648,-0.07233340829023316,-0.08507608125327937,-0.08822427104414965,-0.0946705644254554,0.35814406716138214,0.0
0.2144516902780902,0.16662918821677541,0.12150513454763501,0.07847987407240842,0.0375534067910952,0.000674612098043648,-0.07233340829023316,-0.08507608125327937,-0.08822427104414965,-0.0946705644254554,-0.10051720260850017,0.31496889288659036,0.0
0.16662918821677541,0.12150513454763501,0.07847987407240842,0.0375534067910952,0.000674612098043648,-0.07233340829023316,-0.08507608125327937,-0.08822427104414965,-0.0946705644254554,-0.10051720260850017,-0.10336556480023984,0.26999475301701525,1.0
0.12150513454763501,0.07847987407240842,0.0375534067910952,0.000674612098043648,-0.07233340829023316,-0.08507608125327937,-0.08822427104414965,-0.0946705644254554,-0.10051720260850017,-0.10336556480023984,-0.10621392699197962,0.22771906153961463,1.0
0.07847987407240842,0.0375534067910952,0.000674612098043648,-0.07233340829023316,-0.08507608125327937,-0.08822427104414965,-0.0946705644254554,-0.10051720260850017,-0.10336556480023984,-0.10621392699197962,-0.1095120305824151,0.18799190465482352,1.0
0.0375534067910952,0.000674612098043648,-0.07233340829023316,-0.08507608125327937,-0.08822427104414965,-0.0946705644254554,-0.10051720260850017,-0.10336556480023984,-0.10621392699197962,-0.1095120305824151,-0.11191065137545908,0.14946405816655428,1.0
0.000674612098043648,-0.07233340829023316,-0.08507608125327937,-0.08822427104414965,-0.0946705644254554,-0.10051720260850017,-0.10336556480023984,-0.10621392699197962,-0.1095120305824151,-0.11191065137545908,-0.11475901356719886,0.11543362566524251,1.0
-0.07233340829023316,-0.08507608125327937,-0.08822427104414965,-0.0946705644254554,-0.10051720260850017,-0.10336556480023984,-0.10621392699197962,-0.1095120305824151,-0.11191065137545908,-0.11475901356719886,-0.11610823776328616,0.043774829473053,1.0
-0.08507608125327937,-0.08822427104414965,-0.0946705644254554,-0.10051720260850017,-0.10336556480023984,-0.10621392699197962,-0.1095120305824151,-0.11191065137545908,-0.11475901356719886,-0.11610823776328616,-0.11745746195937334,0.032381380706093976,1.0
-0.08822427104414965,-0.0946705644254554,-0.10051720260850017,-0.10336556480023984,-0.10621392699197962,-0.1095120305824151,-0.11191065137545908,-0.11475901356719886,-0.11610823776328616,-0.11745746195937334,-0.11940634135372163,0.031182070309571985,1.0
-0.0946705644254554,-0.10051720260850017,-0.10336556480023984,-0.10621392699197962,-0.1095120305824151,-0.11191065137545908,-0.11475901356719886,-0.11610823776328616,-0.11745746195937334,-0.11940634135372163,-0.12195487594633081,0.027284311520875404,1.0
-0.10051720260850017,-0.10336556480023984,-0.10621392699197962,-0.1095120305824151,-0.11191065137545908,-0.11475901356719886,-0.11610823776328616,-0.11745746195937334,-0.11940634135372163,-0.12195487594633081,-0.1246533243385054,0.024136121730005233,1.0
-0.10336556480023984,-0.10621392699197962,-0.1095120305824151,-0.11191065137545908,-0.11475901356719886,-0.11610823776328616,-0.11745746195937334,-0.11940634135372163,-0.12195487594633081,-0.1246533243385054,-0.1264522899332884,0.023086725133048547,1.0
-0.10621392699197962,-0.1095120305824151,-0.11191065137545908,-0.11475901356719886,-0.11610823776328616,-0.11745746195937334,-0.11940634135372163,-0.12195487594633081,-0.1246533243385054,-0.1264522899332884,-0.12810134172850607,0.021887414736526445,1.0
-0.1095120305824151,-0.11191065137545908,-0.11475901356719886,-0.11610823776328616,-0.11745746195937334,-0.11940634135372163,-0.12195487594633081,-0.1246533243385054,-0.1264522899332884,-0.12810134172850607,-0.12870099692676706,0.019188966344351965,1.0
-0.11191065137545908,-0.11475901356719886,-0.11610823776328616,-0.11745746195937334,-0.11940634135372163,-0.12195487594633081,-0.1246533243385054,-0.1264522899332884,-0.12810134172850607,-0.12870099692676706,-0.12915073832546287,0.017240086950003786,1.0
-0.11475901356719886,-0.11610823776328616,-0.11745746195937334,-0.11940634135372163,-0.12195487594633081,-0.1246533243385054,-0.1264522899332884,-0.12810134172850607,-0.12870099692676706,-0.12915073832546287,-0.12885091072633237,0.014391724758264002,1.0
-0.11610823776328616,-0.11745746195937334,-0.11940634135372163,-0.12195487594633081,-0.1246533243385054,-0.1264522899332884,-0.12810134172850607,-0.12870099692676706,-0.12915073832546287,-0.12885091072633237,-0.12975039352372386,0.013642155760437702,1.0
-0.11745746195937334,-0.11940634135372163,-0.12195487594633081,-0.1246533243385054,-0.1264522899332884,-0.12810134172850607,-0.12870099692676706,-0.12915073832546287,-0.12885091072633237,-0.12975039352372386,-0.13139944531894165,0.01394198335956831,1.0
-0.11940634135372163,-0.12195487594633081,-0.1246533243385054,-0.1264522899332884,-0.12810134172850607,-0.12870099692676706,-0.12915073832546287,-0.12885091072633237,-0.12975039352372386,-0.13139944531894165,-0.09646953002023839,0.03492991529870326,1.0
-0.12195487594633081,-0.1246533243385054,-0.1264522899332884,-0.12810134172850607,-0.12870099692676706,-0.12915073832546287,-0.12885091072633237,-0.12975039352372386,-0.13139944531894165,-0.09646953002023839,-0.07233340829023316,0.059066037028708496,1.0
-0.1246533243385054,-0.1264522899332884,-0.12810134172850607,-0.12870099692676706,-0.12915073832546287,-0.12885091072633237,-0.12975039352372386,-0.13139944531894165,-0.09646953002023839,-0.07233340829023316,-0.0951203058241511,0.059066037028708496,1.0
-0.1264522899332884,-0.12810134172850607,-0.12870099692676706,-0.12915073832546287,-0.12885091072633237,-0.12975039352372386,-0.13139944531894165,-0.09646953002023839,-0.07233340829023316,-0.0951203058241511,-0.1251030657372011,0.059066037028708496,1.0
-0.12810134172850607,-0.12870099692676706,-0.12915073832546287,-0.12885091072633237,-0.12975039352372386,-0.13139944531894165,-0.09646953002023839,-0.07233340829023316,-0.0951203058241511,-0.1251030657372011,-0.16243160182894834,0.09009819353871518,1.0
-0.12870099692676706,-0.12915073832546287,-0.12885091072633237,-0.12975039352372386,-0.13139944531894165,-0.09646953002023839,-0.07233340829023316,-0.0951203058241511,-0.1251030657372011,-0.16243160182894834,-0.1685780676111236,0.09624465932089044,1.0
-0.12915073832546287,-0.12885091072633237,-0.12975039352372386,-0.13139944531894165,-0.09646953002023839,-0.07233340829023316,-0.0951203058241511,-0.1251030657372011,-0.16243160182894834,-0.1685780676111236,-0.1808709991754741,0.10853759088524095,1.0
-0.12885091072633237,-0.12975039352372386,-0.13139944531894165,-0.09646953002023839,-0.07233340829023316,-0.0951203058241511,-0.1251030657372011,-0.16243160182894834,-0.1685780676111236,-0.1808709991754741,-0.1984109137246084,0.12607750543437524,1.0
-0.12975039352372386,-0.13139944531894165,-0.09646953002023839,-0.07233340829023316,-0.0951203058241511,-0.1251030657372011,-0.16243160182894834,-0.1685780676111236,-0.1808709991754741,-0.1984109137246084,-0.2577767783524474,0.18544337006221423,1.0
-0.13139944531894165,-0.09646953002023839,-0.07233340829023316,-0.0951203058241511,-0.1251030657372011,-0.16243160182894834,-0.1685780676111236,-0.1808709991754741,-0.1984109137246084,-0.2577767783524474,-0.31909152237463456,0.2467581140844014,1.0
-0.09646953002023839,-0.07233340829023316,-0.0951203058241511,-0.1251030657372011,-0.16243160182894834,-0.1685780676111236,-0.1808709991754741,-0.1984109137246084,-0.2577767783524474,-0.31909152237463456,-0.38295480098943113,0.310621392699198,1.0
-0.07233340829023316,-0.0951203058241511,-0.1251030657372011,-0.16243160182894834,-0.1685780676111236,-0.1808709991754741,-0.1984109137246084,-0.2577767783524474,-0.31909152237463456,-0.38295480098943113,-0.4469679934037928,0.3746345851135596,0.0
-0.0951203058241511,-0.1251030657372011,-0.16243160182894834,-0.1685780676111236,-0.1808709991754741,-0.1984109137246084,-0.2577767783524474,-0.31909152237463456,-0.38295480098943113,-0.4469679934037928,-0.5490592909077281,0.453938985083577,0.0
-0.1251030657372011,-0.16243160182894834,-0.1685780676111236,-0.1808709991754741,-0.1984109137246084,-0.2577767783524474,-0.31909152237463456,-0.38295480098943113,-0.4469679934037928,-0.5490592909077281,-0.6399070534442696,0.5148039877070685,0.0
-0.16243160182894834,-0.1685780676111236,-0.1808709991754741,-0.1984109137246084,-0.2577767783524474,-0.31909152237463456,-0.38295480098943113,-0.4469679934037928,-0.5490592909077281,-0.6399070534442696,-0.6835319691177573,0.5211003672888089,0.0
-0.1685780676111236,-0.1808709991754741,-0.1984109137246084,-0.2577767783524474,-0.31909152237463456,-0.38295480098943113,-0.4469679934037928,-0.5490592909077281,-0.6399070534442696,-0.6835319691177573,-0.7202608500112435,0.5516827824001199,0.0
-0.1808709991754741,-0.1984109137246084,-0.2577767783524474,-0.31909152237463456,-0.38295480098943113,-0.4469679934037928,-0.5490592909077281,-0.6399070534442696,-0.6835319691177573,-0.7202608500112435,-0.7497938685255978,0.5689228693501237,0.0
-0.1984109137246084,-0.2577767783524474,-0.31909152237463456,-0.38295480098943113,-0.4469679934037928,-0.5490592909077281,-0.6399070534442696,-0.6835319691177573,-0.7202608500112435,-0.7497938685255978,-0.8121580091447418,0.6137470954201334,0.0
-0.2577767783524474,-0.31909152237463456,-0.38295480098943113,-0.4469679934037928,-0.5490592909077281,-0.6399070534442696,-0.6835319691177573,-0.7202608500112435,-0.7497938685255978,-0.8121580091447418,-0.8664268045873622,0.6086500262349148,0.0
-0.31909152237463456,-0.38295480098943113,-0.4469679934037928,-0.5490592909077281,-0.6399070534442696,-0.6835319691177573,-0.7202608500112435,-0.7497938685255978,-0.8121580091447418,-0.8664268045873622,-0.868675511580841,0.5495839892062064,0.0
-0.38295480098943113,-0.4469679934037928,-0.5490592909077281,-0.6399070534442696,-0.6835319691177573,-0.7202608500112435,-0.7497938685255978,-0.8121580091447418,-0.8664268045873622,-0.868675511580841,-0.8133573195412638,0.48572071059140987,0.0
-0.4469679934037928,-0.5490592909077281,-0.6399070534442696,-0.6835319691177573,-0.7202608500112435,-0.7497938685255978,-0.8121580091447418,-0.8664268045873622,-0.868675511580841,-0.8133573195412638,-0.7806761112360393,0.4217075181770482,0.0
-0.5490592909077281,-0.6399070534442696,-0.6835319691177573,-0.7202608500112435,-0.7497938685255978,-0.8121580091447418,-0.8664268045873622,-0.868675511580841,-0.8133573195412638,-0.7806761112360393,-0.6928266246908028,0.3196162206731129,0.0
-0.6399070534442696,-0.6835319691177573,-0.7202608500112435,-0.7497938685255978,-0.8121580091447418,-0.8664268045873622,-0.868675511580841,-0.8133573195412638,-0.7806761112360393,-0.6928266246908028,-0.591035154785998,0.277640356794843,0.0
-0.6835319691177573,-0.7202608500112435,-0.7497938685255978,-0.8121580091447418,-0.8664268045873622,-0.868675511580841,-0.8133573195412638,-0.7806761112360393,-0.6928266246908028,-0.591035154785998,-0.5142792894085901,0.35439622217225086,2.0
-0.7202608500112435,-0.7497938685255978,-0.8121580091447418,-0.8664268045873622,-0.868675511580841,-0.8133573195412638,-0.7806761112360393,-0.6928266246908028,-0.591035154785998,-0.5142792894085901,-0.3885016115733453,0.4801739000074957,2.0
-0.7497938685255978,-0.8121580091447418,-0.8664268045873622,-0.868675511580841,-0.8133573195412638,-0.7806761112360393,-0.6928266246908028,-0.591035154785998,-0.5142792894085901,-0.3885016115733453,-0.2535791919646203,0.6150963196162207,2.0
-0.8121580091447418,-0.8664268045873622,-0.868675511580841,-0.8133573195412638,-0.7806761112360393,-0.6928266246908028,-0.591035154785998,-0.5142792894085901,-0.3885016115733453,-0.2535791919646203,-0.14923918746720632,0.7194363241136347,2.0
-0.8664268045873622,-0.868675511580841,-0.8133573195412638,-0.7806761112360393,-0.6928266246908028,-0.591035154785998,-0.5142792894085901,-0.3885016115733453,-0.2535791919646203,-0.14923918746720632,-0.03830297578892139,0.8303725357919196,2.0
-0.868675511580841,-0.8133573195412638,-0.7806761112360393,-0.6928266246908028,-0.591035154785998,-0.5142792894085901,-0.3885016115733453,-0.2535791919646203,-0.14923918746720632,-0.03830297578892139,0.0810284086650177,0.9497039202458587,2.0
-0.8133573195412638,-0.7806761112360393,-0.6928266246908028,-0.591035154785998,-0.5142792894085901,-0.3885016115733453,-0.2535791919646203,-0.14923918746720632,-0.03830297578892139,0.0810284086650177,0.2438347949928792,1.057192114534143,2.0
-0.7806761112360393,-0.6928266246908028,-0.591035154785998,-0.5142792894085901,-0.3885016115733453,-0.2535791919646203,-0.14923918746720632,-0.03830297578892139,0.0810284086650177,0.2438347949928792,0.36811333483247144,1.1487894460685109,2.0
-0.6928266246908028,-0.591035154785998,-0.5142792894085901,-0.3885016115733453,-0.2535791919646203,-0.14923918746720632,-0.03830297578892139,0.0810284086650177,0.2438347949928792,0.36811333483247144,0.48369687429727914,1.176523498988082,2.0
-0.591035154785998,-0.5142792894085901,-0.3885016115733453,-0.2535791919646203,-0.14923918746720632,-0.03830297578892139,0.0810284086650177,0.2438347949928792,0.36811333483247144,0.48369687429727914,0.5893861029907803,1.1804212577767783,2.0
-0.5142792894085901,-0.3885016115733453,-0.2535791919646203,-0.14923918746720632,-0.03830297578892139,0.0810284086650177,0.2438347949928792,0.36811333483247144,0.48369687429727914,0.5893861029907803,0.646803088224271,1.1610823776328612,2.0
-0.3885016115733453,-0.2535791919646203,-0.14923918746720632,-0.03830297578892139,0.0810284086650177,0.2438347949928792,0.36811333483247144,0.48369687429727914,0.5893861029907803,0.646803088224271,0.6968742972790645,1.0853759088524098,2.0
-0.2535791919646203,-0.14923918746720632,-0.03830297578892139,0.0810284086650177,0.2438347949928792,0.36811333483247144,0.48369687429727914,0.5893861029907803,0.646803088224271,0.6968742972790645,0.7746795592534292,1.0282587512180497,2.0
-0.14923918746720632,-0.03830297578892139,0.0810284086650177,0.2438347949928792,0.36811333483247144,0.48369687429727914,0.5893861029907803,0.646803088224271,0.6968742972790645,0.7746795592534292,0.8022636983734353,0.9515028858406416,2.0
-0.03830297578892139,0.0810284086650177,0.2438347949928792,0.36811333483247144,0.48369687429727914,0.5893861029907803,0.646803088224271,0.6968742972790645,0.7746795592534292,0.8022636983734353,0.8198036129225694,0.8581065887114908,2.0
0.0810284086650177,0.2438347949928792,0.36811333483247144,0.48369687429727914,0.5893861029907803,0.646803088224271,0.6968742972790645,0.7746795592534292,0.8022636983734353,0.8198036129225694,0.8610299078030133,0.7800014991379955,2.0
0.2438347949928792,0.36811333483247144,0.48369687429727914,0.5893861029907803,0.646803088224271,0.6968742972790645,0.7746795592534292,0.8022636983734353,0.8198036129225694,0.8610299078030133,0.9241436174199835,0.6803088224271043,2.0
0.36811333483247144,0.48369687429727914,0.5893861029907803,0.646803088224271,0.6968742972790645,0.7746795592534292,0.8022636983734353,0.8198036129225694,0.8610299078030133,0.9241436174199835,0.9727156884791246,0.6046023536466532,2.0
0.48369687429727914,0.5893861029907803,0.646803088224271,0.6968742972790645,0.7746795592534292,0.8022636983734353,0.8198036129225694,0.8610299078030133,0.9241436174199835,0.9727156884791246,0.9311895659995502,0.48901881418184545,2.0
0.5893861029907803,0.646803088224271,0.6968742972790645,0.7746795592534292,0.8022636983734353,0.8198036129225694,0.8610299078030133,0.9241436174199835,0.9727156884791246,0.9311895659995502,0.8772205981560603,0.3833295854883443,2.0
0.646803088224271,0.6968742972790645,0.7746795592534292,0.8022636983734353,0.8198036129225694,0.8610299078030133,0.9241436174199835,0.9727156884791246,0.9311895659995502,0.8772205981560603,0.8123079229443071,0.3259126002548536,2.0
0.6968742972790645,0.7746795592534292,0.8022636983734353,0.8198036129225694,0.8610299078030133,0.9241436174199835,0.9727156884791246,0.9311895659995502,0.8772205981560603,0.8123079229443071,0.7778277490442995,0.2758413912000601,2.0
0.7746795592534292,0.8022636983734353,0.8198036129225694,0.8610299078030133,0.9241436174199835,0.9727156884791246,0.9311895659995502,0.8772205981560603,0.8123079229443071,0.7778277490442995,0.737351023161682,0.2353646653174426,3.0
0.8022636983734353,0.8198036129225694,0.8610299078030133,0.9241436174199835,0.9727156884791246,0.9311895659995502,0.8772205981560603,0.8123079229443071,0.7778277490442995,0.737351023161682,0.6911775728955851,0.28153811558353947,3.0
0.8198036129225694,0.8610299078030133,0.9241436174199835,0.9727156884791246,0.9311895659995502,0.8772205981560603,0.8123079229443071,0.7778277490442995,0.737351023161682,0.6911775728955851,0.6402068810434001,0.33250880743572453,3.0
0.8610299078030133,0.9241436174199835,0.9727156884791246,0.9311895659995502,0.8772205981560603,0.8123079229443071,0.7778277490442995,0.737351023161682,0.6911775728955851,0.6402068810434001,0.6249156734877446,0.34780001499138,3.0
0.9241436174199835,0.9727156884791246,0.9311895659995502,0.8772205981560603,0.8123079229443071,0.7778277490442995,0.737351023161682,0.6911775728955851,0.6402068810434001,0.6249156734877446,0.6088748969342628,0.3638407915448618,3.0
0.9727156884791246,0.9311895659995502,0.8772205981560603,0.8123079229443071,0.7778277490442995,0.737351023161682,0.6911775728955851,0.6402068810434001,0.6249156734877446,0.6088748969342628,0.5989805861629562,0.37373510231616835,3.0
0.9311895659995502,0.8772205981560603,0.8123079229443071,0.7778277490442995,0.737351023161682,0.6911775728955851,0.6402068810434001,0.6249156734877446,0.6088748969342628,0.5989805861629562,0.5595532568772956,0.37163630912225454,3.0
0.8772205981560603,0.8123079229443071,0.7778277490442995,0.737351023161682,0.6911775728955851,0.6402068810434001,0.6249156734877446,0.6088748969342628,0.5989805861629562,0.5595532568772956,0.526872048572071,0.3503485495839893,3.0
0.8123079229443071,0.7778277490442995,0.737351023161682,0.6911775728955851,0.6402068810434001,0.6249156734877446,0.6088748969342628,0.5989805861629562,0.5595532568772956,0.526872048572071,0.5378157559403343,0.28543587437223605,3.0
0.7778277490442995,0.737351023161682,0.6911775728955851,0.6402068810434001,0.6249156734877446,0.6088748969342628,0.5989805861629562,0.5595532568772956,0.526872048572071,0.5378157559403343,0.5516078255003374,0.2509557004722285,3.0
0.737351023161682,0.6911775728955851,0.6402068810434001,0.6249156734877446,0.6088748969342628,0.5989805861629562,0.5595532568772956,0.526872048572071,0.5378157559403343,0.5516078255003374,0.5691477400494716,0.21047897458961096,3.0
0.6911775728955851,0.6402068810434001,0.6249156734877446,0.6088748969342628,0.5989805861629562,0.5595532568772956,0.526872048572071,0.5378157559403343,0.5516078255003374,0.5691477400494716,0.5887864477925193,0.16430552432351408,3.0
0.6402068810434001,0.6249156734877446,0.6088748969342628,0.5989805861629562,0.5595532568772956,0.526872048572071,0.5378157559403343,0.5516078255003374,0.5691477400494716,0.5887864477925193,0.6087249831346975,0.11333483247132903,3.0
0.6249156734877446,0.6088748969342628,0.5989805861629562,0.5595532568772956,0.526872048572071,0.5378157559403343,0.5516078255003374,0.5691477400494716,0.5887864477925193,0.6087249831346975,0.6289633460760062,0.1020912975039352,3.0
0.6088748969342628,0.5989805861629562,0.5595532568772956,0.526872048572071,0.5378157559403343,0.5516078255003374,0.5691477400494716,0.5887864477925193,0.6087249831346975,0.6289633460760062,0.6514504160107939,0.12457836743872286,3.0
0.5989805861629562,0.5595532568772956,0.526872048572071,0.5378157559403343,0.5516078255003374,0.5691477400494716,0.5887864477925193,0.6087249831346975,0.6289633460760062,0.6514504160107939,0.6382580016490518,0.12457836743872286,3.0
0.5595532568772956,0.526872048572071,0.5378157559403343,0.5516078255003374,0.5691477400494716,0.5887864477925193,0.6087249831346975,0.6289633460760062,0.6514504160107939,0.6382580016490518,0.6268645528820929,0.12457836743872286,3.0
0.526872048572071,0.5378157559403343,0.5516078255003374,0.5691477400494716,0.5887864477925193,0.6087249831346975,0.6289633460760062,0.6514504160107939,0.6382580016490518,0.6268645528820929,0.6163705869125253,0.12457836743872286,3.0
0.5378157559403343,0.5516078255003374,0.5691477400494716,0.5887864477925193,0.6087249831346975,0.6289633460760062,0.6514504160107939,0.6382580016490518,0.6268645528820929,0.6163705869125253,0.6060265347425231,0.11363466007045964,3.0
0.5516078255003374,0.5691477400494716,0.5887864477925193,0.6087249831346975,0.6289633460760062,0.6514504160107939,0.6382580016490518,0.6268645528820929,0.6163705869125253,0.6060265347425231,0.5505584289033805,0.10089198710741343,3.0
0.5691477400494716,0.5887864477925193,0.6087249831346975,0.6289633460760062,0.6514504160107939,0.6382580016490518,0.6268645528820929,0.6163705869125253,0.6060265347425231,0.5505584289033805,0.4865452364890188,0.16490517952177508,3.0
0.5887864477925193,0.6087249831346975,0.6289633460760062,0.6514504160107939,0.6382580016490518,0.6268645528820929,0.6163705869125253,0.6060265347425231,0.5505584289033805,0.4865452364890188,0.4588111835694475,0.1926392324413464,0.0
0.6087249831346975,0.6289633460760062,0.6514504160107939,0.6382580016490518,0.6268645528820929,0.6163705869125253,0.6060265347425231,0.5505584289033805,0.4865452364890188,0.4588111835694475,0.4312270444494415,0.2202233715613524,0.0
0.6289633460760062,0.6514504160107939,0.6382580016490518,0.6268645528820929,0.6163705869125253,0.6060265347425231,0.5505584289033805,0.4865452364890188,0.4588111835694475,0.4312270444494415,0.4028933363316094,0.2485570796791845,0.0
0.6514504160107939,0.6382580016490518,0.6268645528820929,0.6163705869125253,0.6060265347425231,0.5505584289033805,0.4865452364890188,0.4588111835694475,0.4312270444494415,0.4028933363316094,0.3744097144142118,0.2770407015965821,0.0
0.6382580016490518,0.6268645528820929,0.6163705869125253,0.6060265347425231,0.5505584289033805,0.4865452364890188,0.4588111835694475,0.4312270444494415,0.4028933363316094,0.3744097144142118,0.3460760062963797,0.2921819953526721,0.0
0.6268645528820929,0.6163705869125253,0.6060265347425231,0.5505584289033805,0.4865452364890188,0.4588111835694475,0.4312270444494415,0.4028933363316094,0.3744097144142118,0.3460760062963797,0.32029083277115666,0.3065737201109362,0.0
0.6163705869125253,0.6060265347425231,0.5505584289033805,0.4865452364890188,0.4588111835694475,0.4312270444494415,0.4028933363316094,0.3744097144142118,0.3460760062963797,0.32029083277115666,0.29495540064462933,0.321415186267896,0.0
0.6060265347425231,0.5505584289033805,0.4865452364890188,0.4588111835694475,0.4312270444494415,0.4028933363316094,0.3744097144142118,0.3460760062963797,0.32029083277115666,0.29495540064462933,0.2703695375159283,0.3356569972265948,0.0
0.5505584289033805,0.4865452364890188,0.4588111835694475,0.4312270444494415,0.4028933363316094,0.3744097144142118,0.3460760062963797,0.32029083277115666,0.29495540064462933,0.2703695375159283,0.24593358818679256,0.3046248407165879,0.0
0.4865452364890188,0.4588111835694475,0.4312270444494415,0.4028933363316094,0.3744097144142118,0.3460760062963797,0.32029083277115666,0.29495540064462933,0.2703695375159283,0.24593358818679256,0.22194738025635252,0.2645978562326663,0.0
0.4588111835694475,0.4312270444494415,0.4028933363316094,0.3744097144142118,0.3460760062963797,0.32029083277115666,0.29495540064462933,0.2703695375159283,0.24593358818679256,0.22194738025635252,0.24413462259200958,0.23686380331309498,0.0
0.4312270444494415,0.4028933363316094,0.3744097144142118,0.3460760062963797,0.32029083277115666,0.29495540064462933,0.2703695375159283,0.24593358818679256,0.22194738025635252,0.24413462259200958,0.27486695150288587,0.20927966419308897,0.0
0.4028933363316094,0.3744097144142118,0.3460760062963797,0.32029083277115666,0.29495540064462933,0.2703695375159283,0.24593358818679256,0.22194738025635252,0.24413462259200958,0.27486695150288587,0.2699197961172326,0.18094595607525688,0.0
0.3744097144142118,0.3460760062963797,0.32029083277115666,0.29495540064462933,0.2703695375159283,0.24593358818679256,0.22194738025635252,0.24413462259200958,0.27486695150288587,0.2699197961172326,0.26572220972940563,0.15246233415785926,1.0
0.3460760062963797,0.32029083277115666,0.29495540064462933,0.2703695375159283,0.24593358818679256,0.22194738025635252,0.24413462259200958,0.27486695150288587,0.2699197961172326,0.26572220972940563,0.26407315793418795,0.12412862604002717,1.0
0.32029083277115666,0.29495540064462933,0.2703695375159283,0.24593358818679256,0.22194738025635252,0.24413462259200958,0.27486695150288587,0.2699197961172326,0.26572220972940563,0.26407315793418795,0.26407315793418795,0.09834345251480414,1.0
0.29495540064462933,0.2703695375159283,0.24593358818679256,0.22194738025635252,0.24413462259200958,0.27486695150288587,0.2699197961172326,0.26572220972940563,0.26407315793418795,0.26407315793418795,0.26422307173375303,0.0730080203882768,1.0
0.2703695375159283,0.24593358818679256,0.22194738025635252,0.24413462259200958,0.27486695150288587,0.2699197961172326,0.26572220972940563,0.26407315793418795,0.26407315793418795,0.26422307173375303,0.2590307043949429,0.05291957124653335,1.0
0.24593358818679256,0.22194738025635252,0.24413462259200958,0.27486695150288587,0.2699197961172326,0.26572220972940563,0.26407315793418795,0.26407315793418795,0.26422307173375303,0.2590307043949429,0.22981076240168208,0.05291957124653335,1.0
0.22194738025635252,0.24413462259200958,0.27486695150288587,0.2699197961172326,0.26572220972940563,0.26407315793418795,0.26407315793418795,0.26422307173375303,0.2590307043949429,0.22981076240168208,0.20605095541401264,0.06881599608887323,1.0
0.24413462259200958,0.27486695150288587,0.2699197961172326,0.26572220972940563,0.26407315793418795,0.26407315793418795,0.26422307173375303,0.2590307043949429,0.22981076240168208,0.20605095541401264,0.18812675491375863,0.08674019658912724,1.0
0.27486695150288587,0.2699197961172326,0.26572220972940563,0.26407315793418795,0.26407315793418795,0.26422307173375303,0.2590307043949429,0.22981076240168208,0.20605095541401264,0.18812675491375863,0.12603289209787394,0.14883405940501193,1.0
0.2699197961172326,0.26572220972940563,0.26407315793418795,0.26407315793418795,0.26422307173375303,0.2590307043949429,0.22981076240168208,0.20605095541401264,0.18812675491375863,0.12603289209787394,0.05527476935419173,0.21464502676304087,1.0
0.26572220972940563,0.26407315793418795,0.26407315793418795,0.26422307173375303,0.2590307043949429,0.22981076240168208,0.20605095541401264,0.18812675491375863,0.12603289209787394,0.05527476935419173,-0.019013237063778554,0.2847354467931842,1.0
0.26407315793418795,0.26407315793418795,0.26422307173375303,0.2590307043949429,0.22981076240168208,0.20605095541401264,0.18812675491375863,0.12603289209787394,0.05527476935419173,-0.019013237063778554,-0.06169273967107902,0.32591581140483206,1.0
0.26407315793418795,0.26422307173375303,0.2590307043949429,0.22981076240168208,0.20605095541401264,0.18812675491375863,0.12603289209787394,0.05527476935419173,-0.019013237063778554,-0.06169273967107902,-0.10934616927396712,0.37356924100772015,1.0
0.26422307173375303,0.2590307043949429,0.22981076240168208,0.20605095541401264,0.18812675491375863,0.12603289209787394,0.05527476935419173,-0.019013237063778554,-0.06169273967107902,-0.10934616927396712,-0.16213397513036498,0.426357046864118,0.0
0.2590307043949429,0.22981076240168208,0.20605095541401264,0.18812675491375863,0.12603289209787394,0.05527476935419173,-0.019013237063778554,-0.06169273967107902,-0.10934616927396712,-0.16213397513036498,-0.26129161652627353,0.5203223209212164,0.0
0.22981076240168208,0.20605095541401264,0.18812675491375863,0.12603289209787394,0.05527476935419173,-0.019013237063778554,-0.06169273967107902,-0.10934616927396712,-0.16213397513036498,-0.26129161652627353,-0.3636582430806258,0.5934690054823079,0.0
0.20605095541401264,0.18812675491375863,0.12603289209787394,0.05527476935419173,-0.019013237063778554,-0.06169273967107902,-0.10934616927396712,-0.16213397513036498,-0.26129161652627353,-0.3636582430806258,-0.4676293622141997,0.6736803176282123,0.0
0.18812675491375863,0.12603289209787394,0.05527476935419173,-0.019013237063778554,-0.06169273967107902,-0.10934616927396712,-0.16213397513036498,-0.26129161652627353,-0.3636582430806258,-0.4676293622141997,-0.5724027276373846,0.7605294825511433,0.0
0.12603289209787394,0.05527476935419173,-0.019013237063778554,-0.06169273967107902,-0.10934616927396712,-0.16213397513036498,-0.26129161652627353,-0.3636582430806258,-0.4676293622141997,-0.5724027276373846,-0.6744484556758925,0.8004813477737664,0.0
0.05527476935419173,-0.019013237063778554,-0.06169273967107902,-0.10934616927396712,-0.16213397513036498,-0.26129161652627353,-0.3636582430806258,-0.4676293622141997,-0.5724027276373846,-0.6744484556758925,-0.7692739671079021,0.8245487364620938,0.0
-0.019013237063778554,-0.06169273967107902,-0.10934616927396712,-0.16213397513036498,-0.26129161652627353,-0.3636582430806258,-0.4676293622141997,-0.5724027276373846,-0.6744484556758925,-0.7692739671079021,-0.8148415563578019,0.7958283192940233,0.0
-0.06169273967107902,-0.10934616927396712,-0.16213397513036498,-0.26129161652627353,-0.3636582430806258,-0.4676293622141997,-0.5724027276373846,-0.6744484556758925,-0.7692739671079021,-0.8148415563578019,-0.8512635379061372,0.7895707982350582,0.0
-0.10934616927396712,-0.16213397513036498,-0.26129161652627353,-0.3636582430806258,-0.4676293622141997,-0.5724027276373846,-0.6744484556758925,-0.7692739671079021,-0.8148415563578019,-0.8512635379061372,-0.8839951865222624,0.7746490172482953,0.0
-0.16213397513036498,-0.26129161652627353,-0.3636582430806258,-0.4676293622141997,-0.5724027276373846,-0.6744484556758925,-0.7692739671079021,-0.8148415563578019,-0.8512635379061372,-0.8839951865222624,-0.9470517448856799,0.7849177697553149,0.0
-0.26129161652627353,-0.3636582430806258,-0.4676293622141997,-0.5724027276373846,-0.6744484556758925,-0.7692739671079021,-0.8148415563578019,-0.8512635379061372,-0.8839951865222624,-0.9470517448856799,-0.9998395507420779,0.7385479342158043,0.0
-0.3636582430806258,-0.4676293622141997,-0.5724027276373846,-0.6744484556758925,-0.7692739671079021,-0.8148415563578019,-0.8512635379061372,-0.8839951865222624,-0.9470517448856799,-0.9998395507420779,-0.9927797833935018,0.6361813076614521,0.0
-0.4676293622141997,-0.5724027276373846,-0.6744484556758925,-0.7692739671079021,-0.8148415563578019,-0.8512635379061372,-0.8839951865222624,-0.9470517448856799,-0.9998395507420779,-0.9927797833935018,-0.9658243080625752,0.5322101885278782,0.0
-0.5724027276373846,-0.6744484556758925,-0.7692739671079021,-0.8148415563578019,-0.8512635379061372,-0.8839951865222624,-0.9470517448856799,-0.9998395507420779,-0.9927797833935018,-0.9658243080625752,-0.923775830184128,0.4274368231046932,0.0
-0.6744484556758925,-0.7692739671079021,-0.8148415563578019,-0.8512635379061372,-0.8839951865222624,-0.9470517448856799,-0.9998395507420779,-0.9927797833935018,-0.9658243080625752,-0.923775830184128,-0.8264267687047138,0.32539109506618535,0.0
-0.7692739671079021,-0.8148415563578019,-0.8512635379061372,-0.8839951865222624,-0.9470517448856799,-0.9998395507420779,-0.9927797833935018,-0.9658243080625752,-0.923775830184128,-0.8264267687047138,-0.7168444191158512,0.2829951316262267,2.0
-0.8148415563578019,-0.8512635379061372,-0.8839951865222624,-0.9470517448856799,-0.9998395507420779,-0.9927797833935018,-0.9658243080625752,-0.923775830184128,-0.8264267687047138,-0.7168444191158512,-0.6372221769925914,0.36261737374948644,2.0
-0.8512635379061372,-0.8839951865222624,-0.9470517448856799,-0.9998395507420779,-0.9927797833935018,-0.9658243080625752,-0.923775830184128,-0.8264267687047138,-0.7168444191158512,-0.6372221769925914,-0.5499470813319222,0.4498924694101557,2.0
-0.8839951865222624,-0.9470517448856799,-0.9998395507420779,-0.9927797833935018,-0.9658243080625752,-0.923775830184128,-0.8264267687047138,-0.7168444191158512,-0.6372221769925914,-0.5499470813319222,-0.40959049092241306,0.5902490598196648,2.0
-0.9470517448856799,-0.9998395507420779,-0.9927797833935018,-0.9658243080625752,-0.923775830184128,-0.8264267687047138,-0.7168444191158512,-0.6372221769925914,-0.5499470813319222,-0.40959049092241306,-0.2610925669624684,0.7387469837796095,2.0
-0.9998395507420779,-0.9927797833935018,-0.9658243080625752,-0.923775830184128,-0.8264267687047138,-0.7168444191158512,-0.6372221769925914,-0.5499470813319222,-0.40959049092241306,-0.2610925669624684,-0.1448343238622486,0.8550052268798293,2.0
-0.9927797833935018,-0.9658243080625752,-0.923775830184128,-0.8264267687047138,-0.7168444191158512,-0.6372221769925914,-0.5499470813319222,-0.40959049092241306,-0.2610925669624684,-0.1448343238622486,-0.021900187250671665,0.9708795961428301,2.0
-0.9658243080625752,-0.923775830184128,-0.8264267687047138,-0.7168444191158512,-0.6372221769925914,-0.5499470813319222,-0.40959049092241306,-0.2610925669624684,-0.1448343238622486,-0.021900187250671665,0.10298786941300975,1.068812177475585,2.0
-0.923775830184128,-0.8264267687047138,-0.7168444191158512,-0.6372221769925914,-0.5499470813319222,-0.40959049092241306,-0.2610925669624684,-0.1448343238622486,-0.021900187250671665,0.10298786941300975,0.22217699259138657,1.1459528227755147,2.0
-0.8264267687047138,-0.7168444191158512,-0.6372221769925914,-0.5499470813319222,-0.40959049092241306,-0.2610925669624684,-0.1448343238622486,-0.021900187250671665,0.10298786941300975,0.22217699259138657,0.3745827566555402,1.201009525360254,2.0
-0.7168444191158512,-0.6372221769925914,-0.5499470813319222,-0.40959049092241306,-0.2610925669624684,-0.1448343238622486,-0.021900187250671665,0.10298786941300975,0.22217699259138657,0.3745827566555402,0.5222665472604413,1.2391109663762925,2.0
-0.6372221769925914,-0.5499470813319222,-0.40959049092241306,-0.2610925669624684,-0.1448343238622486,-0.021900187250671665,0.10298786941300975,0.22217699259138657,0.3745827566555402,0.5222665472604413,0.582186762191647,1.2194089391842384,2.0
-0.5499470813319222,-0.40959049092241306,-0.2610925669624684,-0.1448343238622486,-0.021900187250671665,0.10298786941300975,0.22217699259138657,0.3745827566555402,0.5222665472604413,0.582186762191647,0.6338028169014085,1.1837498982333305,2.0
-0.40959049092241306,-0.2610925669624684,-0.1448343238622486,-0.021900187250671665,0.10298786941300975,0.22217699259138657,0.3745827566555402,0.5222665472604413,0.582186762191647,0.6338028169014085,0.7155418057477816,1.1251322966701947,2.0
-0.2610925669624684,-0.1448343238622486,-0.021900187250671665,0.10298786941300975,0.22217699259138657,0.3745827566555402,0.5222665472604413,0.582186762191647,0.6338028169014085,0.7155418057477816,0.7865342343075796,1.047626801270048,2.0
-0.1448343238622486,-0.021900187250671665,0.10298786941300975,0.22217699259138657,0.3745827566555402,0.5222665472604413,0.582186762191647,0.6338028169014085,0.7155418057477816,0.7865342343075796,0.8039566881055116,0.9487910119677602,2.0
-0.021900187250671665,0.10298786941300975,0.22217699259138657,0.3745827566555402,0.5222665472604413,0.582186762191647,0.6338028169014085,0.7155418057477816,0.7865342343075796,0.8039566881055116,0.8119351949849385,0.8338353822356102,2.0
0.10298786941300975,0.22217699259138657,0.3745827566555402,0.5222665472604413,0.582186762191647,0.6338028169014085,0.7155418057477816,0.7865342343075796,0.8039566881055116,0.8119351949849385,0.8925343971342505,0.7895465277212408,2.0
0.22217699259138657,0.3745827566555402,0.5222665472604413,0.582186762191647,0.6338028169014085,0.7155418057477816,0.7865342343075796,0.8039566881055116,0.8119351949849385,0.8925343971342505,0.9614100789709354,0.7392330863795489,2.0
0.3745827566555402,0.5222665472604413,0.582186762191647,0.6338028169014085,0.7155418057477816,0.7865342343075796,0.8039566881055116,0.8119351949849385,0.8925343971342505,0.9614100789709354,1.0,0.6254172433444598,2.0
0.5222665472604413,0.582186762191647,0.6338028169014085,0.7155418057477816,0.7865342343075796,0.8039566881055116,0.8119351949849385,0.8925343971342505,0.9614100789709354,1.0,0.996931028912938,0.4777334527395587,2.0
0.582186762191647,0.6338028169014085,0.7155418057477816,0.7865342343075796,0.8039566881055116,0.8119351949849385,0.8925343971342505,0.9614100789709354,1.0,0.996931028912938,0.9402358261993216,0.417813237808353,2.0
0.6338028169014085,0.7155418057477816,0.7865342343075796,0.8039566881055116,0.8119351949849385,0.8925343971342505,0.9614100789709354,1.0,0.996931028912938,0.9402358261993216,0.8730415118720725,0.3661971830985915,2.0
0.7155418057477816,0.7865342343075796,0.8039566881055116,0.8119351949849385,0.8925343971342505,0.9614100789709354,1.0,0.996931028912938,0.9402358261993216,0.8730415118720725,0.8404135034727831,0.2844581942522184,2.0
0.7865342343075796,0.8039566881055116,0.8119351949849385,0.8925343971342505,0.9614100789709354,1.0,0.996931028912938,0.9402358261993216,0.8730415118720725,0.8404135034727831,0.8035858504280406,0.21346576569242037,3.0
0.8039566881055116,0.8119351949849385,0.8925343971342505,0.9614100789709354,1.0,0.996931028912938,0.9402358261993216,0.8730415118720725,0.8404135034727831,0.8035858504280406,0.7638507510902923,0.23614924890970768,3.0
0.8119351949849385,0.8925343971342505,0.9614100789709354,1.0,0.996931028912938,0.9402358261993216,0.8730415118720725,0.8404135034727831,0.8035858504280406,0.7638507510902923,0.7229849781941529,0.27701502180584714,3.0
0.8925343971342505,0.9614100789709354,1.0,0.996931028912938,0.9402358261993216,0.8730415118720725,0.8404135034727831,0.8035858504280406,0.7638507510902923,0.7229849781941529,0.6827653044742368,0.3172346955257632,3.0
0.9614100789709354,1.0,0.996931028912938,0.9402358261993216,0.8730415118720725,0.8404135034727831,0.8035858504280406,0.7638507510902923,0.7229849781941529,0.6827653044742368,0.6414149571959296,0.35858504280407044,3.0
1.0,0.996931028912938,0.9402358261993216,0.8730415118720725,0.8404135034727831,0.8035858504280406,0.7638507510902923,0.7229849781941529,0.6827653044742368,0.6414149571959296,0.5999030851235665,0.4000969148764335,3.0
0.996931028912938,0.9402358261993216,0.8730415118720725,0.8404135034727831,0.8035858504280406,0.7638507510902923,0.7229849781941529,0.6827653044742368,0.6414149571959296,0.5999030851235665,0.5608140849620418,0.4361169439508963,3.0
0.9402358261993216,0.8730415118720725,0.8404135034727831,0.8035858504280406,0.7638507510902923,0.7229849781941529,0.6827653044742368,0.6414149571959296,0.5999030851235665,0.5608140849620418,0.5270554030043613,0.4131804231949603,3.0
0.8730415118720725,0.8404135034727831,0.8035858504280406,0.7638507510902923,0.7229849781941529,0.6827653044742368,0.6414149571959296,0.5999030851235665,0.5608140849620418,0.5270554030043613,0.5008883863673075,0.372153125504765,3.0
0.8404135034727831,0.8035858504280406,0.7638507510902923,0.7229849781941529,0.6827653044742368,0.6414149571959296,0.5999030851235665,0.5608140849620418,0.5270554030043613,0.5008883863673075,0.5204328864480698,0.3395251171054756,3.0
0.8035858504280406,0.7638507510902923,0.7229849781941529,0.6827653044742368,0.6414149571959296,0.5999030851235665,0.5608140849620418,0.5270554030043613,0.5008883863673075,0.5204328864480698,0.5424002584396705,0.30269746406073317,3.0
0.7638507510902923,0.7229849781941529,0.6827653044742368,0.6414149571959296,0.5999030851235665,0.5608140849620418,0.5270554030043613,0.5008883863673075,0.5204328864480698,0.5424002584396705,0.5651752544015507,0.26296236472298484,3.0
0.7229849781941529,0.6827653044742368,0.6414149571959296,0.5999030851235665,0.5608140849620418,0.5270554030043613,0.5008883863673075,0.5204328864480698,0.5424002584396705,0.5651752544015507,0.5881117751574867,0.22209659182684538,3.0
0.6827653044742368,0.6414149571959296,0.5999030851235665,0.5608140849620418,0.5270554030043613,0.5008883863673075,0.5204328864480698,0.5424002584396705,0.5651752544015507,0.5881117751574867,0.6123404942658699,0.1818769181069293,3.0
0.6414149571959296,0.5999030851235665,0.5608140849620418,0.5270554030043613,0.5008883863673075,0.5204328864480698,0.5424002584396705,0.5651752544015507,0.5881117751574867,0.6123404942658699,0.6378614117267001,0.14052657082862208,3.0
0.5999030851235665,0.5608140849620418,0.5270554030043613,0.5008883863673075,0.5204328864480698,0.5424002584396705,0.5651752544015507,0.5881117751574867,0.6123404942658699,0.6378614117267001,0.6648360523340333,0.16394766596672583,3.0
0.5608140849620418,0.5270554030043613,0.5008883863673075,0.5204328864480698,0.5424002584396705,0.5651752544015507,0.5881117751574867,0.6123404942658699,0.6378614117267001,0.6648360523340333,0.6927798417057018,0.19189145533839436,3.0
0.5270554030043613,0.5008883863673075,0.5204328864480698,0.5424002584396705,0.5651752544015507,0.5881117751574867,0.6123404942658699,0.6378614117267001,0.6648360523340333,0.6927798417057018,0.680988531739622,0.19189145533839436,3.0
0.5008883863673075,0.5204328864480698,0.5424002584396705,0.5651752544015507,0.5881117751574867,0.6123404942658699,0.6378614117267001,0.6648360523340333,0.6927798417057018,0.680988531739622,0.6202552091746083,0.19189145533839436,3.0
0.5204328864480698,0.5424002584396705,0.5651752544015507,0.5881117751574867,0.6123404942658699,0.6378614117267001,0.6648360523340333,0.6927798417057018,0.680988531739622,0.6202552091746083,0.5769665643676305,0.172346955257632,3.0
0.5424002584396705,0.5651752544015507,0.5881117751574867,0.6123404942658699,0.6378614117267001,0.6648360523340333,0.6927798417057018,0.680988531739622,0.6202552091746083,0.5769665643676305,0.5283476013568082,0.1644322403488936,3.0
0.5651752544015507,0.5881117751574867,0.6123404942658699,0.6378614117267001,0.6648360523340333,0.6927798417057018,0.680988531739622,0.6202552091746083,0.5769665643676305,0.5283476013568082,0.48279760943304795,0.2099822322726539,3.0
0.5881117751574867,0.6123404942658699,0.6378614117267001,0.6648360523340333,0.6927798417057018,0.680988531739622,0.6202552091746083,0.5769665643676305,0.5283476013568082,0.48279760943304795,0.4364399935390082,0.25633984816669364,0.0
0.6123404942658699,0.6378614117267001,0.6648360523340333,0.6927798417057018,0.680988531739622,0.6202552091746083,0.5769665643676305,0.5283476013568082,0.48279760943304795,0.4364399935390082,0.38943627846874485,0.303343563236957,0.0
0.6378614117267001,0.6648360523340333,0.6927798417057018,0.680988531739622,0.6202552091746083,0.5769665643676305,0.5283476013568082,0.48279760943304795,0.4364399935390082,0.38943627846874485,0.34517848489743175,0.3476013568082701,0.0
0.6648360523340333,0.6927798417057018,0.680988531739622,0.6202552091746083,0.5769665643676305,0.5283476013568082,0.48279760943304795,0.4364399935390082,0.38943627846874485,0.34517848489743175,0.3031820384429009,0.3895978032628009,0.0
0.6927798417057018,0.680988531739622,0.6202552091746083,0.5769665643676305,0.5283476013568082,0.48279760943304795,0.4364399935390082,0.38943627846874485,0.34517848489743175,0.3031820384429009,0.2634469391051526,0.42933290260054924,0.0
0.680988531739622,0.6202552091746083,0.5769665643676305,0.5283476013568082,0.48279760943304795,0.4364399935390082,0.38943627846874485,0.34517848489743175,0.3031820384429009,0.2634469391051526,0.22355031497334843,0.4574382167662736,0.0
0.6202552091746083,0.5769665643676305,0.5283476013568082,0.48279760943304795,0.4364399935390082,0.38943627846874485,0.34517848489743175,0.3031820384429009,0.2634469391051526,0.22355031497334843,0.18300759166532066,0.43724761750928764,0.0
0.5769665643676305,0.5283476013568082,0.48279760943304795,0.4364399935390082,0.38943627846874485,0.34517848489743175,0.3031820384429009,0.2634469391051526,0.22355031497334843,0.18300759166532066,0.14278791794540457,0.4341786464222259,0.0
0.5283476013568082,0.48279760943304795,0.4364399935390082,0.38943627846874485,0.34517848489743175,0.3031820384429009,0.2634469391051526,0.22355031497334843,0.18300759166532066,0.14278791794540457,0.15247940558875794,0.3855596834114037,0.0
0.48279760943304795,0.4364399935390082,0.38943627846874485,0.34517848489743175,0.3031820384429009,0.2634469391051526,0.22355031497334843,0.18300759166532066,0.14278791794540457,0.15247940558875794,0.14504926506218707,0.3400096914876434,0.0
0.4364399935390082,0.38943627846874485,0.34517848489743175,0.3031820384429009,0.2634469391051526,0.22355031497334843,0.18300759166532066,0.14278791794540457,0.15247940558875794,0.14504926506218707,0.14294944273946042,0.2936520755936036,0.0
0.38943627846874485,0.34517848489743175,0.3031820384429009,0.2634469391051526,0.22355031497334843,0.18300759166532066,0.14278791794540457,0.15247940558875794,0.14504926506218707,0.14294944273946042,0.14004199644645454,0.2493942820222903,0.0
0.34517848489743175,0.3031820384429009,0.2634469391051526,0.22355031497334843,0.18300759166532066,0.14278791794540457,0.15247940558875794,0.14504926506218707,0.14294944273946042,0.14004199644645454,0.13842674850589565,0.2067517363915361,1.0
0.3031820384429009,0.2634469391051526,0.22355031497334843,0.18300759166532066,0.14278791794540457,0.15247940558875794,0.14504926506218707,0.14294944273946042,0.14004199644645454,0.13842674850589565,0.1382652237118398,0.16491681473106112,1.0
0.2634469391051526,0.22355031497334843,0.18300759166532066,0.14278791794540457,0.15247940558875794,0.14504926506218707,0.14294944273946042,0.14004199644645454,0.13842674850589565,0.1382652237118398,0.13625716824166068,0.12718977086349192,1.0
0.22355031497334843,0.18300759166532066,0.14278791794540457,0.15247940558875794,0.14504926506218707,0.14294944273946042,0.14004199644645454,0.13842674850589565,0.1382652237118398,0.13625716824166068,0.13205718439544456,0.09149313057790387,1.0
0.18300759166532066,0.14278791794540457,0.15247940558875794,0.14504926506218707,0.14294944273946042,0.14004199644645454,0.13842674850589565,0.1382652237118398,0.13625716824166068,0.13205718439544456,0.12188030046038278,0.06112729120493787,1.0
0.14278791794540457,0.15247940558875794,0.14504926506218707,0.14294944273946042,0.14004199644645454,0.13842674850589565,0.1382652237118398,0.13625716824166068,0.13205718439544456,0.12188030046038278,0.06017284548905577,0.09230656009970217,1.0
0.15247940558875794,0.14504926506218707,0.14294944273946042,0.14004199644645454,0.13842674850589565,0.1382652237118398,0.13625716824166068,0.13205718439544456,0.12188030046038278,0.06017284548905577,-0.007511509571117014,0.15999091515987496,1.0
0.14504926506218707,0.14294944273946042,0.14004199644645454,0.13842674850589565,0.1382652237118398,0.13625716824166068,0.13205718439544456,0.12188030046038278,0.06017284548905577,-0.007511509571117014,-0.03917292625797597,0.18422219132016304,1.0
0.14294944273946042,0.14004199644645454,0.13842674850589565,0.1382652237118398,0.13625716824166068,0.13205718439544456,0.12188030046038278,0.06017284548905577,-0.007511509571117014,-0.03917292625797597,-0.07519586463128991,0.21814530737075033,1.0
0.14004199644645454,0.13842674850589565,0.1382652237118398,0.13625716824166068,0.13205718439544456,0.12188030046038278,0.06017284548905577,-0.007511509571117014,-0.03917292625797597,-0.07519586463128991,-0.11687262741297144,0.256914623859426,1.0
0.13842674850589565,0.1382652237118398,0.13625716824166068,0.13205718439544456,0.12188030046038278,0.06017284548905577,-0.007511509571117014,-0.03917292625797597,-0.07519586463128991,-0.11687262741297144,-0.16258783620063,0.30101458470652565,0.0
0.1382652237118398,0.13625716824166068,0.13205718439544456,0.12188030046038278,0.06017284548905577,-0.007511509571117014,-0.03917292625797597,-0.07519586463128991,-0.11687262741297144,-0.16258783620063,-0.2118568774735482,0.350122101185388,0.0
0.13625716824166068,0.13205718439544456,0.12188030046038278,0.06017284548905577,-0.007511509571117014,-0.03917292625797597,-0.07519586463128991,-0.11687262741297144,-0.16258783620063,-0.2118568774735482,-0.3060334383329295,0.4422906065745902,0.0
0.13205718439544456,0.12188030046038278,0.06017284548905577,-0.007511509571117014,-0.03917292625797597,-0.07519586463128991,-0.11687262741297144,-0.16258783620063,-0.2118568774735482,-0.3060334383329295,-0.40230999111541876,0.5343671755108633,0.0
0.12188030046038278,0.06017284548905577,-0.007511509571117014,-0.03917292625797597,-0.07519586463128991,-0.11687262741297144,-0.16258783620063,-0.2118568774735482,-0.3060334383329295,-0.40230999111541876,-0.49971730877958165,0.6215976092399644,0.0
0.06017284548905577,-0.007511509571117014,-0.03917292625797597,-0.07519586463128991,-0.11687262741297144,-0.16258783620063,-0.2118568774735482,-0.3060334383329295,-0.40230999111541876,-0.49971730877958165,-0.5966400129230272,0.6568128584120829,0.0
-0.007511509571117014,-0.03917292625797597,-0.07519586463128991,-0.11687262741297144,-0.16258783620063,-0.2118568774735482,-0.3060334383329295,-0.40230999111541876,-0.49971730877958165,-0.5966400129230272,-0.6888781196995396,0.6813666101284226,0.0
-0.03917292625797597,-0.07519586463128991,-0.11687262741297144,-0.16258783620063,-0.2118568774735482,-0.3060334383329295,-0.40230999111541876,-0.49971730877958165,-0.5966400129230272,-0.6888781196995396,-0.7278087391971569,0.688635812939181,0.0
-0.07519586463128991,-0.11687262741297144,-0.16258783620063,-0.2118568774735482,-0.3060334383329295,-0.40230999111541876,-0.49971730877958165,-0.5966400129230272,-0.6888781196995396,-0.7278087391971569,-0.759954769404733,0.6847589047734431,0.0
-0.11687262741297144,-0.16258783620063,-0.2118568774735482,-0.3060334383329295,-0.40230999111541876,-0.49971730877958165,-0.5966400129230272,-0.6888781196995396,-0.7278087391971569,-0.759954769404733,-0.8268314352637105,0.7099588078507391,0.0
-0.16258783620063,-0.2118568774735482,-0.3060334383329295,-0.40230999111541876,-0.49971730877958165,-0.5966400129230272,-0.6888781196995396,-0.7278087391971569,-0.759954769404733,-0.8268314352637105,-0.8840158307083434,0.7214279945077134,0.0
-0.2118568774735482,-0.3060334383329295,-0.40230999111541876,-0.49971730877958165,-0.5966400129230272,-0.6888781196995396,-0.7278087391971569,-0.759954769404733,-0.8268314352637105,-0.8840158307083434,-0.8756158630159114,0.6721589532347952,0.0
-0.3060334383329295,-0.40230999111541876,-0.49971730877958165,-0.5966400129230272,-0.6888781196995396,-0.7278087391971569,-0.759954769404733,-0.8268314352637105,-0.8840158307083434,-0.8756158630159114,-0.8872465875131249,0.5812131491801954,0.0
-0.40230999111541876,-0.49971730877958165,-0.5966400129230272,-0.6888781196995396,-0.7278087391971569,-0.759954769404733,-0.8268314352637105,-0.8840158307083434,-0.8756158630159114,-0.8872465875131249,-0.8404006138437929,0.48493659639770614,0.0
-0.49971730877958165,-0.5966400129230272,-0.6888781196995396,-0.7278087391971569,-0.759954769404733,-0.8268314352637105,-0.8840158307083434,-0.8756158630159114,-0.8872465875131249,-0.8404006138437929,-0.7344317906469591,0.38752927873354326,0.0
-0.5966400129230272,-0.6888781196995396,-0.7278087391971569,-0.759954769404733,-0.8268314352637105,-0.8840158307083434,-0.8756158630159114,-0.8872465875131249,-0.8404006138437929,-0.7344317906469591,-0.6552782489298118,0.29060657459009775,0.0
-0.6888781196995396,-0.7278087391971569,-0.759954769404733,-0.8268314352637105,-0.8840158307083434,-0.8756158630159114,-0.8872465875131249,-0.8404006138437929,-0.7344317906469591,-0.6552782489298118,-0.5203941523301834,0.3668524351829415,2.0
-0.7278087391971569,-0.759954769404733,-0.8268314352637105,-0.8840158307083434,-0.8756158630159114,-0.8872465875131249,-0.8404006138437929,-0.7344317906469591,-0.6552782489298118,-0.5203941523301834,-0.3725870285114288,0.5146595590016961,2.0
-0.759954769404733,-0.8268314352637105,-0.8840158307083434,-0.8756158630159114,-0.8872465875131249,-0.8404006138437929,-0.7344317906469591,-0.6552782489298118,-0.5203941523301834,-0.3725870285114288,-0.2567643970600113,0.6304821904531136,2.0
-0.8268314352637105,-0.8840158307083434,-0.8756158630159114,-0.8872465875131249,-0.8404006138437929,-0.7344317906469591,-0.6552782489298118,-0.5203941523301834,-0.3725870285114288,-0.2567643970600113,-0.13399563847831353,0.7532509490348114,2.0
-0.8840158307083434,-0.8756158630159114,-0.8872465875131249,-0.8404006138437929,-0.7344317906469591,-0.6552782489298118,-0.5203941523301834,-0.3725870285114288,-0.2567643970600113,-0.13399563847831353,-0.002988450044422941,0.884258137468702,2.0
-0.8756158630159114,-0.8872465875131249,-0.8404006138437929,-0.7344317906469591,-0.6552782489298118,-0.5203941523301834,-0.3725870285114288,-0.2567643970600113,-0.13399563847831353,-0.002988450044422941,0.175187787739278,1.062434375252403,2.0
-0.8872465875131249,-0.8404006138437929,-0.7344317906469591,-0.6552782489298118,-0.5203941523301834,-0.3725870285114288,-0.2567643970600113,-0.13399563847831353,-0.002988450044422941,0.175187787739278,0.35449479040465226,1.2417413779177773,2.0
-0.8404006138437929,-0.7344317906469591,-0.6552782489298118,-0.5203941523301834,-0.3725870285114288,-0.2567643970600113,-0.13399563847831353,-0.002988450044422941,0.175187787739278,0.35449479040465226,0.4779097003473063,1.3183103141910992,2.0
-0.7344317906469591,-0.6552782489298118,-0.5203941523301834,-0.3725870285114288,-0.2567643970600113,-0.13399563847831353,-0.002988450044422941,0.175187787739278,0.35449479040465226,0.4779097003473063,0.5905015749939424,1.3249333656409015,2.0
-0.6552782489298118,-0.5203941523301834,-0.3725870285114288,-0.2567643970600113,-0.13399563847831353,-0.002988450044422941,0.175187787739278,0.35449479040465226,0.4779097003473063,0.5905015749939424,0.6531782570067037,1.3084565059365154,2.0
-0.5203941523301834,-0.3725870285114288,-0.2567643970600113,-0.13399563847831353,-0.002988450044422941,0.175187787739278,0.35449479040465226,0.4779097003473063,0.5905015749939424,0.6531782570067037,0.7040626766820128,1.2244568290121962,2.0
-0.3725870285114288,-0.2567643970600113,-0.13399563847831353,-0.002988450044422941,0.175187787739278,0.35449479040465226,0.4779097003473063,0.5905015749939424,0.6531782570067037,0.7040626766820128,0.7824085291979646,1.1549955577093933,2.0
-0.2567643970600113,-0.13399563847831353,-0.002988450044422941,0.175187787739278,0.35449479040465226,0.4779097003473063,0.5905015749939424,0.6531782570067037,0.7040626766820128,0.7824085291979646,0.8032469105888054,1.0600113076488167,2.0
-0.13399563847831353,-0.002988450044422941,0.175187787739278,0.35449479040465226,0.4779097003473063,0.5905015749939424,0.6531782570067037,0.7040626766820128,0.7824085291979646,0.8032469105888054,0.8486390436959859,0.9826346821742994,2.0
-0.002988450044422941,0.175187787739278,0.35449479040465226,0.4779097003473063,0.5905015749939424,0.6531782570067037,0.7040626766820128,0.7824085291979646,0.8032469105888054,0.8486390436959859,0.9182618528390276,0.9212503028834506,2.0
0.175187787739278,0.35449479040465226,0.4779097003473063,0.5905015749939424,0.6531782570067037,0.7040626766820128,0.7824085291979646,0.8032469105888054,0.8486390436959859,0.9182618528390276,0.9712462644374444,0.7960584766981664,2.0
0.35449479040465226,0.4779097003473063,0.5905015749939424,0.6531782570067037,0.7040626766820128,0.7824085291979646,0.8032469105888054,0.8486390436959859,0.9182618528390276,0.9712462644374444,0.9693078103545756,0.6167514740327922,2.0
0.4779097003473063,0.5905015749939424,0.6531782570067037,0.7040626766820128,0.7824085291979646,0.8032469105888054,0.8486390436959859,0.9182618528390276,0.9712462644374444,0.9693078103545756,0.9155157095549633,0.49333656409013815,2.0
0.5905015749939424,0.6531782570067037,0.7040626766820128,0.7824085291979646,0.8032469105888054,0.8486390436959859,0.9182618528390276,0.9712462644374444,0.9693078103545756,0.9155157095549633,0.8520313383410063,0.38074468944350204,2.0
0.6531782570067037,0.7040626766820128,0.7824085291979646,0.8032469105888054,0.8486390436959859,0.9182618528390276,0.9712462644374444,0.9693078103545756,0.9155157095549633,0.8520313383410063,0.7814393021565302,0.3180680074307407,2.0
0.7040626766820128,0.7824085291979646,0.8032469105888054,0.8486390436959859,0.9182618528390276,0.9712462644374444,0.9693078103545756,0.9155157095549633,0.8520313383410063,0.7814393021565302,0.7428317583393911,0.2671835877554316,3.0
0.7824085291979646,0.8032469105888054,0.8486390436959859,0.9182618528390276,0.9712462644374444,0.9693078103545756,0.9155157095549633,0.8520313383410063,0.7814393021565302,0.7428317583393911,0.6963088603505372,0.27493740408690726,3.0
0.8032469105888054,0.8486390436959859,0.9182618528390276,0.9712462644374444,0.9693078103545756,0.9155157095549633,0.8520313383410063,0.7814393021565302,0.7428317583393911,0.6963088603505372,0.6864550520959534,0.2847912123414911,3.0
0.8486390436959859,0.9182618528390276,0.9712462644374444,0.9693078103545756,0.9155157095549633,0.8520313383410063,0.7814393021565302,0.7428317583393911,0.6963088603505372,0.6864550520959534,0.6762781681608916,0.29496809627655285,3.0
0.9182618528390276,0.9712462644374444,0.9693078103545756,0.9155157095549633,0.8520313383410063,0.7814393021565302,0.7428317583393911,0.6963088603505372,0.6864550520959534,0.6762781681608916,0.668685889669655,0.3025603747677894,3.0
0.9712462644374444,0.9693078103545756,0.9155157095549633,0.8520313383410063,0.7814393021565302,0.7428317583393911,0.6963088603505372,0.6864550520959534,0.6762781681608916,0.668685889669655,0.623778370083192,0.3474678943542524,3.0
0.9693078103545756,0.9155157095549633,0.8520313383410063,0.7814393021565302,0.7428317583393911,0.6963088603505372,0.6864550520959534,0.6762781681608916,0.668685889669655,0.623778370083192,0.5845246749050965,0.38478313544947906,3.0
0.9155157095549633,0.8520313383410063,0.7814393021565302,0.7428317583393911,0.6963088603505372,0.6864550520959534,0.6762781681608916,0.668685889669655,0.623778370083192,0.5845246749050965,0.5515709554963251,0.36394475405863824,3.0
0.8520313383410063,0.7814393021565302,0.7428317583393911,0.6963088603505372,0.6864550520959534,0.6762781681608916,0.668685889669655,0.623778370083192,0.5845246749050965,0.5515709554963251,0.5648170583959293,0.30046038284468124,3.0
0.7814393021565302,0.7428317583393911,0.6963088603505372,0.6864550520959534,0.6762781681608916,0.668685889669655,0.623778370083192,0.5845246749050965,0.5515709554963251,0.5648170583959293,0.5803246910588806,0.22986834666020517,3.0
0.7428317583393911,0.6963088603505372,0.6864550520959534,0.6762781681608916,0.668685889669655,0.623778370083192,0.5845246749050965,0.5515709554963251,0.5648170583959293,0.5803246910588806,0.5984169291656571,0.191260802843066,3.0
0.6963088603505372,0.6864550520959534,0.6762781681608916,0.668685889669655,0.623778370083192,0.5845246749050965,0.5515709554963251,0.5648170583959293,0.5803246910588806,0.5984169291656571,0.6186091591955416,0.14473790485421212,3.0
0.6864550520959534,0.6762781681608916,0.668685889669655,0.623778370083192,0.5845246749050965,0.5515709554963251,0.5648170583959293,0.5803246910588806,0.5984169291656571,0.6186091591955416,0.6410629189887731,0.1348840965996283,3.0
0.6762781681608916,0.668685889669655,0.623778370083192,0.5845246749050965,0.5515709554963251,0.5648170583959293,0.5803246910588806,0.5984169291656571,0.6186091591955416,0.6410629189887731,0.6640012923027219,0.12470721266456652,3.0
0.668685889669655,0.623778370083192,0.5845246749050965,0.5515709554963251,0.5648170583959293,0.5803246910588806,0.5984169291656571,0.6186091591955416,0.6410629189887731,0.6640012923027219,0.6481705839592924,0.11711493417332997,3.0
0.623778370083192,0.5845246749050965,0.5515709554963251,0.5648170583959293,0.5803246910588806,0.5984169291656571,0.6186091591955416,0.6410629189887731,0.6640012923027219,0.6481705839592924,0.6326629512963411,0.1124303368063968,3.0
0.5845246749050965,0.5515709554963251,0.5648170583959293,0.5803246910588806,0.5984169291656571,0.6186091591955416,0.6410629189887731,0.6640012923027219,0.6481705839592924,0.6326629512963411,0.6160245537517164,0.1124303368063968,3.0
0.5515709554963251,0.5648170583959293,0.5803246910588806,0.5984169291656571,0.6186091591955416,0.6410629189887731,0.6640012923027219,0.6481705839592924,0.6326629512963411,0.6160245537517164,0.558032469105888,0.1124303368063968,3.0
0.5648170583959293,0.5803246910588806,0.5984169291656571,0.6186091591955416,0.6410629189887731,0.6640012923027219,0.6481705839592924,0.6326629512963411,0.6160245537517164,0.558032469105888,0.5013326871819723,0.16266860512074954,3.0
0.5803246910588806,0.5984169291656571,0.6186091591955416,0.6410629189887731,0.6640012923027219,0.6481705839592924,0.6326629512963411,0.6160245537517164,0.558032469105888,0.5013326871819723,0.4457636701397303,0.21823762216299158,0.0
0.5984169291656571,0.6186091591955416,0.6410629189887731,0.6640012923027219,0.6481705839592924,0.6326629512963411,0.6160245537517164,0.558032469105888,0.5013326871819723,0.4457636701397303,0.39132541797916165,0.2726758743235602,0.0
0.6186091591955416,0.6410629189887731,0.6640012923027219,0.6481705839592924,0.6326629512963411,0.6160245537517164,0.558032469105888,0.5013326871819723,0.4457636701397303,0.39132541797916165,0.3385025442209837,0.3254987480817382,0.0
0.6410629189887731,0.6640012923027219,0.6481705839592924,0.6326629512963411,0.6160245537517164,0.558032469105888,0.5013326871819723,0.4457636701397303,0.39132541797916165,0.3385025442209837,0.2861642839835232,0.37783700831919864,0.0
0.6640012923027219,0.6481705839592924,0.6326629512963411,0.6160245537517164,0.558032469105888,0.5013326871819723,0.4457636701397303,0.39132541797916165,0.3385025442209837,0.2861642839835232,0.2356029399886923,0.42839835231402956,0.0
0.6481705839592924,0.6326629512963411,0.6160245537517164,0.558032469105888,0.5013326871819723,0.4457636701397303,0.39132541797916165,0.3385025442209837,0.2861642839835232,0.2356029399886923,0.18471852031338343,0.46345206364590896,0.0
0.6326629512963411,0.6160245537517164,0.558032469105888,0.5013326871819723,0.4457636701397303,0.39132541797916165,0.3385025442209837,0.2861642839835232,0.2356029399886923,0.18471852031338343,0.1344802519990307,0.4981826992973104,0.0
0.6160245537517164,0.558032469105888,0.5013326871819723,0.4457636701397303,0.39132541797916165,0.3385025442209837,0.2861642839835232,0.2356029399886923,0.18471852031338343,0.1344802519990307,0.08408044584443908,0.5319441079072773,0.0
0.558032469105888,0.5013326871819723,0.4457636701397303,0.39132541797916165,0.3385025442209837,0.2861642839835232,0.2356029399886923,0.18471852031338343,0.1344802519990307,0.08408044584443908,0.03368063968984725,0.5243518294160407,0.0
0.5013326871819723,0.4457636701397303,0.39132541797916165,0.3385025442209837,0.2861642839835232,0.2356029399886923,0.18471852031338343,0.1344802519990307,0.08408044584443908,0.03368063968984725,-0.01704224214522254,0.5183749293271949,0.0
0.4457636701397303,0.39132541797916165,0.3385025442209837,0.2861642839835232,0.2356029399886923,0.18471852031338343,0.1344802519990307,0.08408044584443908,0.03368063968984725,-0.01704224214522254,-0.036588320814150754,0.48235199095388104,0.0
0.39132541797916165,0.3385025442209837,0.2861642839835232,0.2356029399886923,0.18471852031338343,0.1344802519990307,0.08408044584443908,0.03368063968984725,-0.01704224214522254,-0.036588320814150754,-0.022049915192633884,0.4279137387933124,0.0
0.3385025442209837,0.2861642839835232,0.2356029399886923,0.18471852031338343,0.1344802519990307,0.08408044584443908,0.03368063968984725,-0.01704224214522254,-0.036588320814150754,-0.022049915192633884,-0.008319198772312464,0.37509086503513445,0.0
0.2861642839835232,0.2356029399886923,0.18471852031338343,0.1344802519990307,0.08408044584443908,0.03368063968984725,-0.01704224214522254,-0.036588320814150754,-0.022049915192633884,-0.008319198772312464,0.005734593328487136,0.322752604797674,0.0
0.2356029399886923,0.18471852031338343,0.1344802519990307,0.08408044584443908,0.03368063968984725,-0.01704224214522254,-0.036588320814150754,-0.022049915192633884,-0.008319198772312464,0.005734593328487136,0.01784993134641799,0.27219126080284306,1.0
0.18471852031338343,0.1344802519990307,0.08408044584443908,0.03368063968984725,-0.01704224214522254,-0.036588320814150754,-0.022049915192633884,-0.008319198772312464,0.005734593328487136,0.01784993134641799,0.028511428802196814,0.22130684112753418,1.0
0.1344802519990307,0.08408044584443908,0.03368063968984725,-0.01704224214522254,-0.036588320814150754,-0.022049915192633884,-0.008319198772312464,0.005734593328487136,0.01784993134641799,0.028511428802196814,0.03884985057749768,0.17106857281318144,1.0
0.08408044584443908,0.03368063968984725,-0.01704224214522254,-0.036588320814150754,-0.022049915192633884,-0.008319198772312464,0.005734593328487136,0.01784993134641799,0.028511428802196814,0.03884985057749768,0.049995961553993995,0.12066876665858983,1.0
0.03368063968984725,-0.01704224214522254,-0.036588320814150754,-0.022049915192633884,-0.008319198772312464,0.005734593328487136,0.01784993134641799,0.028511428802196814,0.03884985057749768,0.049995961553993995,0.06178822389144667,0.09837654470559742,1.0
-0.01704224214522254,-0.036588320814150754,-0.022049915192633884,-0.008319198772312464,0.005734593328487136,0.01784993134641799,0.028511428802196814,0.03884985057749768,0.049995961553993995,0.06178822389144667,0.07341894838866003,0.11000726920281079,1.0
-0.036588320814150754,-0.022049915192633884,-0.008319198772312464,0.005734593328487136,0.01784993134641799,0.028511428802196814,0.03884985057749768,0.049995961553993995,0.06178822389144667,0.07341894838866003,0.08408044584443908,0.12066876665858983,1.0
-0.022049915192633884,-0.008319198772312464,0.005734593328487136,0.01784993134641799,0.028511428802196814,0.03884985057749768,0.049995961553993995,0.06178822389144667,0.07341894838866003,0.08408044584443908,0.043695985784670155,0.10613036103707296,1.0
-0.008319198772312464,0.005734593328487136,0.01784993134641799,0.028511428802196814,0.03884985057749768,0.049995961553993995,0.06178822389144667,0.07341894838866003,0.08408044584443908,0.043695985784670155,0.002836994407068083,0.09239964461675154,1.0
0.005734593328487136,0.01784993134641799,0.028511428802196814,0.03884985057749768,0.049995961553993995,0.06178822389144667,0.07341894838866003,0.08408044584443908,0.043695985784670155,0.002836994407068083,-0.08768181444654455,0.17176226029098363,1.0
0.01784993134641799,0.028511428802196814,0.03884985057749768,0.049995961553993995,0.06178822389144667,0.07341894838866003,0.08408044584443908,0.043695985784670155,0.002836994407068083,-0.08768181444654455,-0.1531743365804501,0.23725478242488918,1.0
0.028511428802196814,0.03884985057749768,0.049995961553993995,0.06178822389144667,0.07341894838866003,0.08408044584443908,0.043695985784670155,0.002836994407068083,-0.08768181444654455,-0.1531743365804501,-0.22331592912779252,0.3073963749722316,0.0
0.03884985057749768,0.049995961553993995,0.06178822389144667,0.07341894838866003,0.08408044584443908,0.043695985784670155,0.002836994407068083,-0.08768181444654455,-0.1531743365804501,-0.22331592912779252,-0.2750149790293589,0.359095424873798,0.0
0.049995961553993995,0.06178822389144667,0.07341894838866003,0.08408044584443908,0.043695985784670155,0.002836994407068083,-0.08768181444654455,-0.1531743365804501,-0.22331592912779252,-0.2750149790293589,-0.372079089275015,0.45615953511945406,0.0
0.06178822389144667,0.07341894838866003,0.08408044584443908,0.043695985784670155,0.002836994407068083,-0.08768181444654455,-0.1531743365804501,-0.22331592912779252,-0.2750149790293589,-0.372079089275015,-0.47102627749721815,0.5551067233416572,0.0
0.07341894838866003,0.08408044584443908,0.043695985784670155,0.002836994407068083,-0.08768181444654455,-0.1531743365804501,-0.22331592912779252,-0.2750149790293589,-0.372079089275015,-0.47102627749721815,-0.5694598989985449,0.653540344842984,0.0
0.08408044584443908,0.043695985784670155,0.002836994407068083,-0.08768181444654455,-0.1531743365804501,-0.22331592912779252,-0.2750149790293589,-0.372079089275015,-0.47102627749721815,-0.5694598989985449,-0.6706325430112129,0.754712988855652,0.0
0.043695985784670155,0.002836994407068083,-0.08768181444654455,-0.1531743365804501,-0.22331592912779252,-0.2750149790293589,-0.372079089275015,-0.47102627749721815,-0.5694598989985449,-0.6706325430112129,-0.7719763759308397,0.8156723617155098,0.0
0.002836994407068083,-0.08768181444654455,-0.1531743365804501,-0.22331592912779252,-0.2750149790293589,-0.372079089275015,-0.47102627749721815,-0.5694598989985449,-0.6706325430112129,-0.7719763759308397,-0.8731490199435077,0.8759860143505758,0.0
-0.08768181444654455,-0.1531743365804501,-0.22331592912779252,-0.2750149790293589,-0.372079089275015,-0.47102627749721815,-0.5694598989985449,-0.6706325430112129,-0.7719763759308397,-0.8731490199435077,-0.9190276470084738,0.8313458325619293,0.0
-0.1531743365804501,-0.22331592912779252,-0.2750149790293589,-0.372079089275015,-0.47102627749721815,-0.5694598989985449,-0.6706325430112129,-0.7719763759308397,-0.8731490199435077,-0.9190276470084738,-0.9541213729350339,0.8009470363545838,0.0
-0.22331592912779252,-0.2750149790293589,-0.372079089275015,-0.47102627749721815,-0.5694598989985449,-0.6706325430112129,-0.7719763759308397,-0.8731490199435077,-0.9190276470084738,-0.9541213729350339,-0.9821963536762818,0.7588804245484893,0.0
-0.2750149790293589,-0.372079089275015,-0.47102627749721815,-0.5694598989985449,-0.6706325430112129,-0.7719763759308397,-0.8731490199435077,-0.9190276470084738,-0.9541213729350339,-0.9821963536762818,-0.9888727210476761,0.7138577420183172,0.0
-0.372079089275015,-0.47102627749721815,-0.5694598989985449,-0.6706325430112129,-0.7719763759308397,-0.8731490199435077,-0.9190276470084738,-0.9541213729350339,-0.9821963536762818,-0.9888727210476761,-1.0,0.627920910724985,0.0
-0.47102627749721815,-0.5694598989985449,-0.6706325430112129,-0.7719763759308397,-0.8731490199435077,-0.9190276470084738,-0.9541213729350339,-0.9821963536762818,-0.9888727210476761,-1.0,-1.0,0.5289737225027819,0.0
-0.5694598989985449,-0.6706325430112129,-0.7719763759308397,-0.8731490199435077,-0.9190276470084738,-0.9541213729350339,-0.9821963536762818,-0.9888727210476761,-1.0,-1.0,-0.9042301184433164,0.4305401010014551,0.0
-0.6706325430112129,-0.7719763759308397,-0.8731490199435077,-0.9190276470084738,-0.9541213729350339,-0.9821963536762818,-0.9888727210476761,-1.0,-1.0,-0.9042301184433164,-0.8357021996615905,0.3293674569887871,0.0
-0.7719763759308397,-0.8731490199435077,-0.9190276470084738,-0.9541213729350339,-0.9821963536762818,-0.9888727210476761,-1.0,-1.0,-0.9042301184433164,-0.8357021996615905,-0.7558375634517767,0.24416243654822334,0.0
-0.8731490199435077,-0.9190276470084738,-0.9541213729350339,-0.9821963536762818,-0.9888727210476761,-1.0,-1.0,-0.9042301184433164,-0.8357021996615905,-0.7558375634517767,-0.6175972927241963,0.3824027072758037,0.0
-0.9190276470084738,-0.9541213729350339,-0.9821963536762818,-0.9888727210476761,-1.0,-1.0,-0.9042301184433164,-0.8357021996615905,-0.7558375634517767,-0.6175972927241963,-0.4678510998307953,0.5321489001692047,2.0
-0.9541213729350339,-0.9821963536762818,-0.9888727210476761,-1.0,-1.0,-0.9042301184433164,-0.8357021996615905,-0.7558375634517767,-0.6175972927241963,-0.4678510998307953,-0.34991539763113366,0.6500846023688663,2.0
-0.9821963536762818,-0.9888727210476761,-1.0,-1.0,-0.9042301184433164,-0.8357021996615905,-0.7558375634517767,-0.6175972927241963,-0.4678510998307953,-0.34991539763113366,-0.2223350253807107,0.7776649746192893,2.0
-0.9888727210476761,-1.0,-1.0,-0.9042301184433164,-0.8357021996615905,-0.7558375634517767,-0.6175972927241963,-0.4678510998307953,-0.34991539763113366,-0.2223350253807107,-0.08550122870943144,0.9144987712905686,2.0
-1.0,-1.0,-0.9042301184433164,-0.8357021996615905,-0.7558375634517767,-0.6175972927241963,-0.4678510998307953,-0.34991539763113366,-0.2223350253807107,-0.08550122870943144,0.11956708469335164,1.1195670846933516,2.0
-1.0,-0.9042301184433164,-0.8357021996615905,-0.7558375634517767,-0.6175972927241963,-0.4678510998307953,-0.34991539763113366,-0.2223350253807107,-0.08550122870943144,0.11956708469335164,0.26266964439099816,1.2626696443909982,2.0
-0.9042301184433164,-0.8357021996615905,-0.7558375634517767,-0.6175972927241963,-0.4678510998307953,-0.34991539763113366,-0.2223350253807107,-0.08550122870943144,0.11956708469335164,0.26266964439099816,0.39323140353891084,1.2974615219822272,2.0
-0.8357021996615905,-0.7558375634517767,-0.6175972927241963,-0.4678510998307953,-0.34991539763113366,-0.2223350253807107,-0.08550122870943144,0.11956708469335164,0.26266964439099816,0.39323140353891084,0.512283112867205,1.3479853125287955,2.0
-0.7558375634517767,-0.6175972927241963,-0.4678510998307953,-0.34991539763113366,-0.2223350253807107,-0.08550122870943144,0.11956708469335164,0.26266964439099816,0.39323140353891084,0.512283112867205,0.5785947431712763,1.334432306623053,2.0
-0.6175972927241963,-0.4678510998307953,-0.34991539763113366,-0.2223350253807107,-0.08550122870943144,0.11956708469335164,0.26266964439099816,0.39323140353891084,0.512283112867205,0.5785947431712763,0.676859646108916,1.2944569388331124,2.0
-0.4678510998307953,-0.34991539763113366,-0.2223350253807107,-0.08550122870943144,0.11956708469335164,0.26266964439099816,0.39323140353891084,0.512283112867205,0.5785947431712763,0.676859646108916,0.7649888335337571,1.2328399333645526,2.0
-0.34991539763113366,-0.2223350253807107,-0.08550122870943144,0.11956708469335164,0.26266964439099816,0.39323140353891084,0.512283112867205,0.5785947431712763,0.676859646108916,0.7649888335337571,0.799862566569318,1.1497779642004518,2.0
-0.2223350253807107,-0.08550122870943144,0.11956708469335164,0.26266964439099816,0.39323140353891084,0.512283112867205,0.5785947431712763,0.676859646108916,0.7649888335337571,0.799862566569318,0.8244287923037279,1.0467638176844387,2.0
-0.08550122870943144,0.11956708469335164,0.26266964439099816,0.39323140353891084,0.512283112867205,0.5785947431712763,0.676859646108916,0.7649888335337571,0.799862566569318,0.8244287923037279,0.878371413846418,0.9638726425558495,2.0
0.11956708469335164,0.26266964439099816,0.39323140353891084,0.512283112867205,0.5785947431712763,0.676859646108916,0.7649888335337571,0.799862566569318,0.8244287923037279,0.878371413846418,0.9159938154956193,0.7964267308022677,2.0
0.26266964439099816,0.39323140353891084,0.512283112867205,0.5785947431712763,0.676859646108916,0.7649888335337571,0.799862566569318,0.8244287923037279,0.878371413846418,0.9159938154956193,0.9745748153238276,0.7119051709328295,2.0
0.39323140353891084,0.512283112867205,0.5785947431712763,0.676859646108916,0.7649888335337571,0.799862566569318,0.8244287923037279,0.878371413846418,0.9159938154956193,0.9745748153238276,0.9654698505411441,0.5813434117849168,2.0
0.512283112867205,0.5785947431712763,0.676859646108916,0.7649888335337571,0.799862566569318,0.8244287923037279,0.878371413846418,0.9159938154956193,0.9745748153238276,0.9654698505411441,0.89692492698849,0.46229170245662266,2.0
0.5785947431712763,0.676859646108916,0.7649888335337571,0.799862566569318,0.8244287923037279,0.878371413846418,0.9159938154956193,0.9745748153238276,0.9654698505411441,0.89692492698849,0.8587871499742312,0.39598007215255127,2.0
0.676859646108916,0.7649888335337571,0.799862566569318,0.8244287923037279,0.878371413846418,0.9159938154956193,0.9745748153238276,0.9654698505411441,0.89692492698849,0.8587871499742312,0.8122315753306992,0.2977151692149116,2.0
0.7649888335337571,0.799862566569318,0.8244287923037279,0.878371413846418,0.9159938154956193,0.9745748153238276,0.9654698505411441,0.89692492698849,0.8587871499742312,0.8122315753306992,0.7598350798831817,0.21473973544064595,3.0
0.799862566569318,0.8244287923037279,0.878371413846418,0.9159938154956193,0.9745748153238276,0.9654698505411441,0.89692492698849,0.8587871499742312,0.8122315753306992,0.7598350798831817,0.7462635286033328,0.22831128672049483,3.0
0.8244287923037279,0.878371413846418,0.9159938154956193,0.9745748153238276,0.9654698505411441,0.89692492698849,0.8587871499742312,0.8122315753306992,0.7598350798831817,0.7462635286033328,0.7275382236729084,0.24703659165091918,3.0
0.878371413846418,0.9159938154956193,0.9745748153238276,0.9654698505411441,0.89692492698849,0.8587871499742312,0.8122315753306992,0.7598350798831817,0.7462635286033328,0.7275382236729084,0.7038309568802612,0.2707438584435664,3.0
0.9159938154956193,0.9745748153238276,0.9654698505411441,0.89692492698849,0.8587871499742312,0.8122315753306992,0.7598350798831817,0.7462635286033328,0.7275382236729084,0.7038309568802612,0.6780621886273837,0.29651262669644396,3.0
0.9745748153238276,0.9654698505411441,0.89692492698849,0.8587871499742312,0.8122315753306992,0.7598350798831817,0.7462635286033328,0.7275382236729084,0.7038309568802612,0.6780621886273837,0.654870297199794,0.31970451812403367,3.0
0.9654698505411441,0.89692492698849,0.8587871499742312,0.8122315753306992,0.7598350798831817,0.7462635286033328,0.7275382236729084,0.7038309568802612,0.6780621886273837,0.654870297199794,0.6376911183645422,0.3277787321766019,3.0
0.89692492698849,0.8587871499742312,0.8122315753306992,0.7598350798831817,0.7462635286033328,0.7275382236729084,0.7038309568802612,0.6780621886273837,0.654870297199794,0.6376911183645422,0.5890740422607799,0.30785088472771016,3.0
0.8587871499742312,0.8122315753306992,0.7598350798831817,0.7462635286033328,0.7275382236729084,0.7038309568802612,0.6780621886273837,0.654870297199794,0.6376911183645422,0.5890740422607799,0.549905514516406,0.3088816354578252,3.0
0.8122315753306992,0.7598350798831817,0.7462635286033328,0.7275382236729084,0.7038309568802612,0.6780621886273837,0.654870297199794,0.6376911183645422,0.5890740422607799,0.549905514516406,0.5614155643360248,0.2623260608142932,3.0
0.7598350798831817,0.7462635286033328,0.7275382236729084,0.7038309568802612,0.6780621886273837,0.654870297199794,0.6376911183645422,0.5890740422607799,0.549905514516406,0.5614155643360248,0.5789383267479815,0.20992956536677565,3.0
0.7462635286033328,0.7275382236729084,0.7038309568802612,0.6780621886273837,0.654870297199794,0.6376911183645422,0.5890740422607799,0.549905514516406,0.5614155643360248,0.5789383267479815,0.6012712592338085,0.19635801408692677,3.0
0.7275382236729084,0.7038309568802612,0.6780621886273837,0.654870297199794,0.6376911183645422,0.5890740422607799,0.549905514516406,0.5614155643360248,0.5789383267479815,0.6012712592338085,0.6244631506613985,0.17763270915650242,3.0
0.7038309568802612,0.6780621886273837,0.654870297199794,0.6376911183645422,0.5890740422607799,0.549905514516406,0.5614155643360248,0.5789383267479815,0.6012712592338085,0.6244631506613985,0.605394262154269,0.1539254423638552,3.0
0.6780621886273837,0.654870297199794,0.6376911183645422,0.5890740422607799,0.549905514516406,0.5614155643360248,0.5789383267479815,0.6012712592338085,0.6244631506613985,0.605394262154269,0.5445799690774782,0.13348221954990547,3.0
0.654870297199794,0.6376911183645422,0.5890740422607799,0.549905514516406,0.5614155643360248,0.5789383267479815,0.6012712592338085,0.6244631506613985,0.605394262154269,0.5445799690774782,0.48565538567256494,0.169214911527229,3.0
0.6376911183645422,0.5890740422607799,0.549905514516406,0.5614155643360248,0.5789383267479815,0.6012712592338085,0.6244631506613985,0.605394262154269,0.5445799690774782,0.48565538567256494,0.42827692836282427,0.2094141900017179,3.0
0.5890740422607799,0.549905514516406,0.5614155643360248,0.5789383267479815,0.6012712592338085,0.6244631506613985,0.605394262154269,0.5445799690774782,0.48565538567256494,0.42827692836282427,0.37330355609001886,0.2511595945713796,3.0
0.549905514516406,0.5614155643360248,0.5789383267479815,0.6012712592338085,0.6244631506613985,0.605394262154269,0.5445799690774782,0.48565538567256494,0.42827692836282427,0.37330355609001886,0.31987630991238625,0.3045868407490122,3.0
0.5614155643360248,0.5789383267479815,0.6012712592338085,0.6244631506613985,0.605394262154269,0.5445799690774782,0.48565538567256494,0.42827692836282427,0.37330355609001886,0.31987630991238625,0.26541831300463836,0.3590448376567601,0.0
0.5789383267479815,0.6012712592338085,0.6244631506613985,0.605394262154269,0.5445799690774782,0.48565538567256494,0.42827692836282427,0.37330355609001886,0.31987630991238625,0.26541831300463836,0.21164748325030058,0.4128156674110979,0.0
0.6012712592338085,0.6244631506613985,0.605394262154269,0.5445799690774782,0.48565538567256494,0.42827692836282427,0.37330355609001886,0.31987630991238625,0.26541831300463836,0.21164748325030058,0.15839202886102055,0.4660711218003779,0.0
0.6244631506613985,0.605394262154269,0.5445799690774782,0.48565538567256494,0.42827692836282427,0.37330355609001886,0.31987630991238625,0.26541831300463836,0.21164748325030058,0.15839202886102055,0.10599553341350276,0.5184676172478957,0.0
0.605394262154269,0.5445799690774782,0.48565538567256494,0.42827692836282427,0.37330355609001886,0.31987630991238625,0.26541831300463836,0.21164748325030058,0.15839202886102055,0.10599553341350276,0.054457996907747885,0.5509362652465211,0.0
0.5445799690774782,0.48565538567256494,0.42827692836282427,0.37330355609001886,0.31987630991238625,0.26541831300463836,0.21164748325030058,0.15839202886102055,0.10599553341350276,0.054457996907747885,0.000515375365057524,0.5440645937124207,0.0
0.48565538567256494,0.42827692836282427,0.37330355609001886,0.31987630991238625,0.26541831300463836,0.21164748325030058,0.15839202886102055,0.10599553341350276,0.054457996907747885,0.000515375365057524,-0.06390654526713624,0.5495619309397012,0.0
0.42827692836282427,0.37330355609001886,0.31987630991238625,0.26541831300463836,0.21164748325030058,0.15839202886102055,0.10599553341350276,0.054457996907747885,0.000515375365057524,-0.06390654526713624,-0.04518124033671189,0.4921834736299605,0.0
0.37330355609001886,0.31987630991238625,0.26541831300463836,0.21164748325030058,0.15839202886102055,0.10599553341350276,0.054457996907747885,0.000515375365057524,-0.06390654526713624,-0.04518124033671189,-0.02714310255969765,0.4372101013571551,0.0
0.31987630991238625,0.26541831300463836,0.21164748325030058,0.15839202886102055,0.10599553341350276,0.054457996907747885,0.000515375365057524,-0.06390654526713624,-0.04518124033671189,-0.02714310255969765,-0.01236900876138125,0.3837828551795225,0.0
0.26541831300463836,0.21164748325030058,0.15839202886102055,0.10599553341350276,0.054457996907747885,0.000515375365057524,-0.06390654526713624,-0.04518124033671189,-0.02714310255969765,-0.01236900876138125,0.000858958941762689,0.3293248582717746,0.0
0.21164748325030058,0.15839202886102055,0.10599553341350276,0.054457996907747885,0.000515375365057524,-0.06390654526713624,-0.04518124033671189,-0.02714310255969765,-0.01236900876138125,0.000858958941762689,0.012540800549733833,0.2755540285174368,1.0
0.15839202886102055,0.10599553341350276,0.054457996907747885,0.000515375365057524,-0.06390654526713624,-0.04518124033671189,-0.02714310255969765,-0.01236900876138125,0.000858958941762689,0.012540800549733833,0.025081601099467443,0.2222985741281568,1.0
0.10599553341350276,0.054457996907747885,0.000515375365057524,-0.06390654526713624,-0.04518124033671189,-0.02714310255969765,-0.01236900876138125,0.000858958941762689,0.012540800549733833,0.025081601099467443,0.03848136059096374,0.169902078680639,1.0
0.054457996907747885,0.000515375365057524,-0.06390654526713624,-0.04518124033671189,-0.02714310255969765,-0.01236900876138125,0.000858958941762689,0.012540800549733833,0.025081601099467443,0.03848136059096374,0.052396495447517566,0.11836454217488412,1.0
0.000515375365057524,-0.06390654526713624,-0.04518124033671189,-0.02714310255969765,-0.01236900876138125,0.000858958941762689,0.012540800549733833,0.025081601099467443,0.03848136059096374,0.052396495447517566,0.06613983851571903,0.13004638378285527,1.0
-0.06390654526713624,-0.04518124033671189,-0.02714310255969765,-0.01236900876138125,0.000858958941762689,0.012540800549733833,0.025081601099467443,0.03848136059096374,0.052396495447517566,0.06613983851571903,0.07953959800721533,0.14344614327435157,1.0
-0.04518124033671189,-0.02714310255969765,-0.01236900876138125,0.000858958941762689,0.012540800549733833,0.025081601099467443,0.03848136059096374,0.052396495447517566,0.06613983851571903,0.07953959800721533,0.09585981790070441,0.1410410582374163,1.0
-0.02714310255969765,-0.01236900876138125,0.000858958941762689,0.012540800549733833,0.025081601099467443,0.03848136059096374,0.052396495447517566,0.06613983851571903,0.07953959800721533,0.09585981790070441,0.1176773750214739,0.14482047758117156,1.0
-0.01236900876138125,0.000858958941762689,0.012540800549733833,0.025081601099467443,0.03848136059096374,0.052396495447517566,0.06613983851571903,0.07953959800721533,0.09585981790070441,0.1176773750214739,0.04689915822023716,0.13004638378285516,1.0
0.000858958941762689,0.012540800549733833,0.025081601099467443,0.03848136059096374,0.052396495447517566,0.06613983851571903,0.07953959800721533,0.09585981790070441,0.1176773750214739,0.04689915822023716,-0.03126610548015807,0.14894348050163198,1.0
0.012540800549733833,0.025081601099467443,0.03848136059096374,0.052396495447517566,0.06613983851571903,0.07953959800721533,0.09585981790070441,0.1176773750214739,0.04689915822023716,-0.03126610548015807,-0.06751417282253913,0.18519154784401304,1.0
0.025081601099467443,0.03848136059096374,0.052396495447517566,0.06613983851571903,0.07953959800721533,0.09585981790070441,0.1176773750214739,0.04689915822023716,-0.03126610548015807,-0.06751417282253913,-0.10702628414361792,0.22470365916509183,1.0
0.03848136059096374,0.052396495447517566,0.06613983851571903,0.07953959800721533,0.09585981790070441,0.1176773750214739,0.04689915822023716,-0.03126610548015807,-0.06751417282253913,-0.10702628414361792,-0.15066139838515724,0.26833877340663115,0.0
0.052396495447517566,0.06613983851571903,0.07953959800721533,0.09585981790070441,0.1176773750214739,0.04689915822023716,-0.03126610548015807,-0.06751417282253913,-0.10702628414361792,-0.15066139838515724,-0.1996220580656245,0.3172994330870984,0.0
0.06613983851571903,0.07953959800721533,0.09585981790070441,0.1176773750214739,0.04689915822023716,-0.03126610548015807,-0.06751417282253913,-0.10702628414361792,-0.15066139838515724,-0.1996220580656245,-0.251674969936437,0.3693523449579109,0.0
0.07953959800721533,0.09585981790070441,0.1176773750214739,0.04689915822023716,-0.03126610548015807,-0.06751417282253913,-0.10702628414361792,-0.15066139838515724,-0.1996220580656245,-0.251674969936437,-0.3520013743343068,0.4696787493557807,0.0
0.09585981790070441,0.1176773750214739,0.04689915822023716,-0.03126610548015807,-0.06751417282253913,-0.10702628414361792,-0.15066139838515724,-0.1996220580656245,-0.251674969936437,-0.3520013743343068,-0.45249957052052914,0.570176945542003,0.0
0.1176773750214739,0.04689915822023716,-0.03126610548015807,-0.06751417282253913,-0.10702628414361792,-0.15066139838515724,-0.1996220580656245,-0.251674969936437,-0.3520013743343068,-0.45249957052052914,-0.5545438928019241,0.672221267823398,0.0
0.04689915822023716,-0.03126610548015807,-0.06751417282253913,-0.10702628414361792,-0.15066139838515724,-0.1996220580656245,-0.251674969936437,-0.3520013743343068,-0.45249957052052914,-0.5545438928019241,-0.6591650919086067,0.7060642501288439,0.0
-0.03126610548015807,-0.06751417282253913,-0.10702628414361792,-0.15066139838515724,-0.1996220580656245,-0.251674969936437,-0.3520013743343068,-0.45249957052052914,-0.5545438928019241,-0.6591650919086067,-0.7591479127297716,0.7278818072496135,0.0
-0.06751417282253913,-0.10702628414361792,-0.15066139838515724,-0.1996220580656245,-0.251674969936437,-0.3520013743343068,-0.45249957052052914,-0.5545438928019241,-0.6591650919086067,-0.7591479127297716,-0.8043291530664834,0.7368149802439443,0.0
-0.10702628414361792,-0.15066139838515724,-0.1996220580656245,-0.251674969936437,-0.3520013743343068,-0.45249957052052914,-0.5545438928019241,-0.6591650919086067,-0.7591479127297716,-0.8043291530664834,-0.8431540972341522,0.7361278130905343,0.0
-0.15066139838515724,-0.1996220580656245,-0.251674969936437,-0.3520013743343068,-0.45249957052052914,-0.5545438928019241,-0.6591650919086067,-0.7591479127297716,-0.8043291530664834,-0.8431540972341522,-0.9201168184160797,0.7694554200309225,0.0
-0.1996220580656245,-0.251674969936437,-0.3520013743343068,-0.45249957052052914,-0.5545438928019241,-0.6591650919086067,-0.7591479127297716,-0.8043291530664834,-0.8431540972341522,-0.9201168184160797,-0.9915822023707267,0.7919601443051022,0.0
-0.251674969936437,-0.3520013743343068,-0.45249957052052914,-0.5545438928019241,-0.6591650919086067,-0.7591479127297716,-0.8043291530664834,-0.8431540972341522,-0.9201168184160797,-0.9915822023707267,-1.0,0.748325030063563,0.0
-0.3520013743343068,-0.45249957052052914,-0.5545438928019241,-0.6591650919086067,-0.7591479127297716,-0.8043291530664834,-0.8431540972341522,-0.9201168184160797,-0.9915822023707267,-1.0,-1.0,0.6479986256656932,0.0
-0.45249957052052914,-0.5545438928019241,-0.6591650919086067,-0.7591479127297716,-0.8043291530664834,-0.8431540972341522,-0.9201168184160797,-0.9915822023707267,-1.0,-1.0,-0.9891039193364775,0.5475004294794709,0.0
-0.5545438928019241,-0.6591650919086067,-0.7591479127297716,-0.8043291530664834,-0.8431540972341522,-0.9201168184160797,-0.9915822023707267,-1.0,-1.0,-0.9891039193364775,-0.955439908928281,0.44545610719807593,0.0
-0.6591650919086067,-0.7591479127297716,-0.8043291530664834,-0.8431540972341522,-0.9201168184160797,-0.9915822023707267,-1.0,-1.0,-0.9891039193364775,-0.955439908928281,-0.8622540250447227,0.3408349080913933,1.0
-0.7591479127297716,-0.8043291530664834,-0.8431540972341522,-0.9201168184160797,-0.9915822023707267,-1.0,-1.0,-0.9891039193364775,-0.955439908928281,-0.8622540250447227,-0.7937876077410961,0.24085208727022844,1.0
-0.8043291530664834,-0.8431540972341522,-0.9201168184160797,-0.9915822023707267,-1.0,-1.0,-0.9891039193364775,-0.955439908928281,-0.8622540250447227,-0.7937876077410961,-0.7077573589201496,0.29224264107985043,1.0
-0.8431540972341522,-0.9201168184160797,-0.9915822023707267,-1.0,-1.0,-0.9891039193364775,-0.955439908928281,-0.8622540250447227,-0.7937876077410961,-0.7077573589201496,-0.563343633111075,0.43665636688892495,1.0
-0.9201168184160797,-0.9915822023707267,-1.0,-1.0,-0.9891039193364775,-0.955439908928281,-0.8622540250447227,-0.7937876077410961,-0.7077573589201496,-0.563343633111075,-0.448040331761262,0.551959668238738,2.0
-0.9915822023707267,-1.0,-1.0,-0.9891039193364775,-0.955439908928281,-0.8622540250447227,-0.7937876077410961,-0.7077573589201496,-0.563343633111075,-0.448040331761262,-0.3185739866514732,0.6814260133485268,2.0
-1.0,-1.0,-0.9891039193364775,-0.955439908928281,-0.8622540250447227,-0.7937876077410961,-0.7077573589201496,-0.563343633111075,-0.448040331761262,-0.3185739866514732,-0.12888888888888894,0.8711111111111111,2.0
-1.0,-0.9891039193364775,-0.955439908928281,-0.8622540250447227,-0.7937876077410961,-0.7077573589201496,-0.563343633111075,-0.448040331761262,-0.3185739866514732,-0.12888888888888894,0.062551440329218,1.062551440329218,2.0
-0.9891039193364775,-0.955439908928281,-0.8622540250447227,-0.7937876077410961,-0.7077573589201496,-0.563343633111075,-0.448040331761262,-0.3185739866514732,-0.12888888888888894,0.062551440329218,0.22189300411522628,1.2109969234517037,2.0
-0.955439908928281,-0.8622540250447227,-0.7937876077410961,-0.7077573589201496,-0.563343633111075,-0.448040331761262,-0.3185739866514732,-0.12888888888888894,0.062551440329218,0.22189300411522628,0.382716049382716,1.338155958310997,2.0
-0.8622540250447227,-0.7937876077410961,-0.7077573589201496,-0.563343633111075,-0.448040331761262,-0.3185739866514732,-0.12888888888888894,0.062551440329218,0.22189300411522628,0.382716049382716,0.49053497942386826,1.3527890044685908,2.0
-0.7937876077410961,-0.7077573589201496,-0.563343633111075,-0.448040331761262,-0.3185739866514732,-0.12888888888888894,0.062551440329218,0.22189300411522628,0.382716049382716,0.49053497942386826,0.6699588477366256,1.4637464554777218,2.0
-0.7077573589201496,-0.563343633111075,-0.448040331761262,-0.3185739866514732,-0.12888888888888894,0.062551440329218,0.22189300411522628,0.382716049382716,0.49053497942386826,0.6699588477366256,0.7934156378600823,1.5011729967802319,2.0
-0.563343633111075,-0.448040331761262,-0.3185739866514732,-0.12888888888888894,0.062551440329218,0.22189300411522628,0.382716049382716,0.49053497942386826,0.6699588477366256,0.7934156378600823,0.945843621399177,1.509187254510252,2.0
-0.448040331761262,-0.3185739866514732,-0.12888888888888894,0.062551440329218,0.22189300411522628,0.382716049382716,0.49053497942386826,0.6699588477366256,0.7934156378600823,0.945843621399177,1.0,1.448040331761262,2.0
-0.3185739866514732,-0.12888888888888894,0.062551440329218,0.22189300411522628,0.382716049382716,0.49053497942386826,0.6699588477366256,0.7934156378600823,0.945843621399177,1.0,1.0,1.3185739866514732,2.0
-0.12888888888888894,0.062551440329218,0.22189300411522628,0.382716049382716,0.49053497942386826,0.6699588477366256,0.7934156378600823,0.945843621399177,1.0,1.0,1.0,1.128888888888889,2.0
0.062551440329218,0.22189300411522628,0.382716049382716,0.49053497942386826,0.6699588477366256,0.7934156378600823,0.945843621399177,1.0,1.0,1.0,1.0,0.937448559670782,2.0
0.22189300411522628,0.382716049382716,0.49053497942386826,0.6699588477366256,0.7934156378600823,0.945843621399177,1.0,1.0,1.0,1.0,0.9895447614898716,0.7781069958847737,2.0
0.382716049382716,0.49053497942386826,0.6699588477366256,0.7934156378600823,0.945843621399177,1.0,1.0,1.0,1.0,0.9895447614898716,0.9626806069846803,0.617283950617284,3.0
0.49053497942386826,0.6699588477366256,0.7934156378600823,0.945843621399177,1.0,1.0,1.0,1.0,0.9895447614898716,0.9626806069846803,0.9944819574529877,0.5094650205761317,3.0
0.6699588477366256,0.7934156378600823,0.945843621399177,1.0,1.0,1.0,1.0,0.9895447614898716,0.9626806069846803,0.9944819574529877,1.0,0.3300411522633744,3.0
0.7934156378600823,0.945843621399177,1.0,1.0,1.0,1.0,0.9895447614898716,0.9626806069846803,0.9944819574529877,1.0,1.0,0.2065843621399177,3.0
0.945843621399177,1.0,1.0,1.0,1.0,0.9895447614898716,0.9626806069846803,0.9944819574529877,1.0,1.0,0.9216728945099166,0.07832710549008337,3.0
1.0,1.0,1.0,1.0,0.9895447614898716,0.9626806069846803,0.9944819574529877,1.0,1.0,0.9216728945099166,0.8374532911756252,0.16254670882437483,3.0
1.0,1.0,1.0,0.9895447614898716,0.9626806069846803,0.9944819574529877,1.0,1.0,0.9216728945099166,0.8374532911756252,0.7487783845932738,0.25122161540672616,3.0
1.0,1.0,0.9895447614898716,0.9626806069846803,0.9944819574529877,1.0,1.0,0.9216728945099166,0.8374532911756252,0.7487783845932738,0.6560793331417074,0.3439206668582926,3.0
1.0,0.9895447614898716,0.9626806069846803,0.9944819574529877,1.0,1.0,0.9216728945099166,0.8374532911756252,0.7487783845932738,0.6560793331417074,0.5625179649324519,0.4374820350675481,0.0
0.9895447614898716,0.9626806069846803,0.9944819574529877,1.0,1.0,0.9216728945099166,0.8374532911756252,0.7487783845932738,0.6560793331417074,0.5625179649324519,0.543690715722909,0.45630928427709105,0.0
0.9626806069846803,0.9944819574529877,1.0,1.0,0.9216728945099166,0.8374532911756252,0.7487783845932738,0.6560793331417074,0.5625179649324519,0.543690715722909,0.5252946248922103,0.47470537510778965,0.0
0.9944819574529877,1.0,1.0,0.9216728945099166,0.8374532911756252,0.7487783845932738,0.6560793331417074,0.5625179649324519,0.543690715722909,0.5252946248922103,0.5093417648749641,0.4906582351250359,0.0
1.0,1.0,0.9216728945099166,0.8374532911756252,0.7487783845932738,0.6560793331417074,0.5625179649324519,0.543690715722909,0.5252946248922103,0.5093417648749641,0.4992814027019259,0.5007185972980741,0.0
1.0,0.9216728945099166,0.8374532911756252,0.7487783845932738,0.6560793331417074,0.5625179649324519,0.543690715722909,0.5252946248922103,0.5093417648749641,0.4992814027019259,0.45875251509054316,0.5412474849094568,0.0
0.9216728945099166,0.8374532911756252,0.7487783845932738,0.6560793331417074,0.5625179649324519,0.543690715722909,0.5252946248922103,0.5093417648749641,0.4992814027019259,0.45875251509054316,0.42296636964645007,0.49870652486346656,0.0
0.8374532911756252,0.7487783845932738,0.6560793331417074,0.5625179649324519,0.543690715722909,0.5252946248922103,0.5093417648749641,0.4992814027019259,0.45875251509054316,0.42296636964645007,0.3926415636677205,0.44481172750790465,0.0
0.7487783845932738,0.6560793331417074,0.5625179649324519,0.543690715722909,0.5252946248922103,0.5093417648749641,0.4992814027019259,0.45875251509054316,0.42296636964645007,0.3926415636677205,0.4028456453003737,0.3561368209255533,0.0
0.6560793331417074,0.5625179649324519,0.543690715722909,0.5252946248922103,0.5093417648749641,0.4992814027019259,0.45875251509054316,0.42296636964645007,0.3926415636677205,0.4028456453003737,0.41491807990801965,0.2634377694739869,0.0
0.5625179649324519,0.543690715722909,0.5252946248922103,0.5093417648749641,0.4992814027019259,0.45875251509054316,0.42296636964645007,0.3926415636677205,0.4028456453003737,0.41491807990801965,0.4295774647887325,0.16987640126473136,0.0
0.543690715722909,0.5252946248922103,0.5093417648749641,0.4992814027019259,0.45875251509054316,0.42296636964645007,0.3926415636677205,0.4028456453003737,0.41491807990801965,0.4295774647887325,0.44739867778097153,0.15104915205518843,0.0
0.5252946248922103,0.5093417648749641,0.4992814027019259,0.45875251509054316,0.42296636964645007,0.3926415636677205,0.4028456453003737,0.41491807990801965,0.4295774647887325,0.44739867778097153,0.4675194021270479,0.13265306122448983,1.0
0.5093417648749641,0.4992814027019259,0.45875251509054316,0.42296636964645007,0.3926415636677205,0.4028456453003737,0.41491807990801965,0.4295774647887325,0.44739867778097153,0.4675194021270479,0.4518539810290314,0.11670020120724356,1.0
0.4992814027019259,0.45875251509054316,0.42296636964645007,0.3926415636677205,0.4028456453003737,0.41491807990801965,0.4295774647887325,0.44739867778097153,0.4675194021270479,0.4518539810290314,0.4379131934463927,0.10663983903420537,1.0
0.45875251509054316,0.42296636964645007,0.3926415636677205,0.4028456453003737,0.41491807990801965,0.4295774647887325,0.44739867778097153,0.4675194021270479,0.4518539810290314,0.4379131934463927,0.4262719172175913,0.07487783845932738,1.0
0.42296636964645007,0.3926415636677205,0.4028456453003737,0.41491807990801965,0.4295774647887325,0.44739867778097153,0.4675194021270479,0.4518539810290314,0.4379131934463927,0.4262719172175913,0.41649899396378265,0.07487783845932738,1.0
0.3926415636677205,0.4028456453003737,0.41491807990801965,0.4295774647887325,0.44739867778097153,0.4675194021270479,0.4518539810290314,0.4379131934463927,0.4262719172175913,0.41649899396378265,0.36993388904857727,0.09758551307847063,1.0
0.4028456453003737,0.41491807990801965,0.4295774647887325,0.44739867778097153,0.4675194021270479,0.4518539810290314,0.4379131934463927,0.4262719172175913,0.41649899396378265,0.36993388904857727,0.322219028456453,0.1453003736705949,1.0
0.41491807990801965,0.4295774647887325,0.44739867778097153,0.4675194021270479,0.4518539810290314,0.4379131934463927,0.4262719172175913,0.41649899396378265,0.36993388904857727,0.322219028456453,0.27364185110663986,0.19387755102040805,1.0
0.4295774647887325,0.44739867778097153,0.4675194021270479,0.4518539810290314,0.4379131934463927,0.4262719172175913,0.41649899396378265,0.36993388904857727,0.322219028456453,0.27364185110663986,0.2234837597010635,0.2440356424259844,1.0
0.44739867778097153,0.4675194021270479,0.4518539810290314,0.4379131934463927,0.4262719172175913,0.41649899396378265,0.36993388904857727,0.322219028456453,0.27364185110663986,0.2234837597010635,0.17548146018970967,0.29203794193733823,1.0
0.4675194021270479,0.4518539810290314,0.4379131934463927,0.4262719172175913,0.41649899396378265,0.36993388904857727,0.322219028456453,0.27364185110663986,0.2234837597010635,0.17548146018970967,0.12676056338028174,0.34075883874676616,0.0
0.4518539810290314,0.4379131934463927,0.4262719172175913,0.41649899396378265,0.36993388904857727,0.322219028456453,0.27364185110663986,0.2234837597010635,0.17548146018970967,0.12676056338028174,0.07574015521701649,0.3761138258120149,0.0
0.4379131934463927,0.4262719172175913,0.41649899396378265,0.36993388904857727,0.322219028456453,0.27364185110663986,0.2234837597010635,0.17548146018970967,0.12676056338028174,0.07574015521701649,0.023857430296062132,0.41405576315033055,0.0
0.4262719172175913,0.41649899396378265,0.36993388904857727,0.322219028456453,0.27364185110663986,0.2234837597010635,0.17548146018970967,0.12676056338028174,0.07574015521701649,0.023857430296062132,-0.027019258407588342,0.4532911756251796,0.0
0.41649899396378265,0.36993388904857727,0.322219028456453,0.27364185110663986,0.2234837597010635,0.17548146018970967,0.12676056338028174,0.07574015521701649,0.023857430296062132,-0.027019258407588342,-0.07933314170738714,0.4958321356711698,0.0
0.36993388904857727,0.322219028456453,0.27364185110663986,0.2234837597010635,0.17548146018970967,0.12676056338028174,0.07574015521701649,0.023857430296062132,-0.027019258407588342,-0.07933314170738714,-0.13409025582063816,0.5040241448692154,0.0
0.322219028456453,0.27364185110663986,0.2234837597010635,0.17548146018970967,0.12676056338028174,0.07574015521701649,0.023857430296062132,-0.027019258407588342,-0.07933314170738714,-0.13409025582063816,-0.18956596723196317,0.5117849956884162,0.0
0.27364185110663986,0.2234837597010635,0.17548146018970967,0.12676056338028174,0.07574015521701649,0.023857430296062132,-0.027019258407588342,-0.07933314170738714,-0.13409025582063816,-0.18956596723196317,-0.20781833860304688,0.48146018970968674,0.0
0.2234837597010635,0.17548146018970967,0.12676056338028174,0.07574015521701649,0.023857430296062132,-0.027019258407588342,-0.07933314170738714,-0.13409025582063816,-0.18956596723196317,-0.20781833860304688,-0.18784133371658518,0.43130209830411037,0.0
0.17548146018970967,0.12676056338028174,0.07574015521701649,0.023857430296062132,-0.027019258407588342,-0.07933314170738714,-0.13409025582063816,-0.18956596723196317,-0.20781833860304688,-0.18784133371658518,-0.16628341477436048,0.38329979879275655,0.0
0.12676056338028174,0.07574015521701649,0.023857430296062132,-0.027019258407588342,-0.07933314170738714,-0.13409025582063816,-0.18956596723196317,-0.20781833860304688,-0.18784133371658518,-0.16628341477436048,-0.14170738718022424,0.3345789019833286,0.0
0.07574015521701649,0.023857430296062132,-0.027019258407588342,-0.07933314170738714,-0.13409025582063816,-0.18956596723196317,-0.20781833860304688,-0.18784133371658518,-0.16628341477436048,-0.14170738718022424,-0.11856855418223633,0.2835584938200634,0.0
0.023857430296062132,-0.027019258407588342,-0.07933314170738714,-0.13409025582063816,-0.18956596723196317,-0.20781833860304688,-0.18784133371658518,-0.16628341477436048,-0.14170738718022424,-0.11856855418223633,-0.09499856280540386,0.231675768899109,2.0
-0.027019258407588342,-0.07933314170738714,-0.13409025582063816,-0.18956596723196317,-0.20781833860304688,-0.18784133371658518,-0.16628341477436048,-0.14170738718022424,-0.11856855418223633,-0.09499856280540386,-0.0688416211555044,0.18079908019545854,2.0
-0.07933314170738714,-0.13409025582063816,-0.18956596723196317,-0.20781833860304688,-0.18784133371658518,-0.16628341477436048,-0.14170738718022424,-0.11856855418223633,-0.09499856280540386,-0.0688416211555044,-0.04167864328830129,0.1661396953147456,2.0
-0.13409025582063816,-0.18956596723196317,-0.20781833860304688,-0.18784133371658518,-0.16628341477436048,-0.14170738718022424,-0.11856855418223633,-0.09499856280540386,-0.0688416211555044,-0.04167864328830129,-0.014803104340327722,0.19301523426271916,2.0
-0.18956596723196317,-0.20781833860304688,-0.18784133371658518,-0.16628341477436048,-0.14170738718022424,-0.11856855418223633,-0.09499856280540386,-0.0688416211555044,-0.04167864328830129,-0.014803104340327722,0.013222190284564617,0.2210405288876115,2.0
-0.20781833860304688,-0.18784133371658518,-0.16628341477436048,-0.14170738718022424,-0.11856855418223633,-0.09499856280540386,-0.0688416211555044,-0.04167864328830129,-0.014803104340327722,0.013222190284564617,0.0439781546421385,0.2517964932451854,2.0
-0.18784133371658518,-0.16628341477436048,-0.14170738718022424,-0.11856855418223633,-0.09499856280540386,-0.0688416211555044,-0.04167864328830129,-0.014803104340327722,0.013222190284564617,0.0439781546421385,0.07559643575740149,0.26343776947398667,2.0
-0.16628341477436048,-0.14170738718022424,-0.11856855418223633,-0.09499856280540386,-0.0688416211555044,-0.04167864328830129,-0.014803104340327722,0.013222190284564617,0.0439781546421385,0.07559643575740149,0.1070709974130497,0.2733544121874102,2.0
-0.14170738718022424,-0.11856855418223633,-0.09499856280540386,-0.0688416211555044,-0.04167864328830129,-0.014803104340327722,0.013222190284564617,0.0439781546421385,0.07559643575740149,0.1070709974130497,0.10247197470537506,0.24877838459327395,2.0
-0.11856855418223633,-0.09499856280540386,-0.0688416211555044,-0.04167864328830129,-0.014803104340327722,0.013222190284564617,0.0439781546421385,0.07559643575740149,0.1070709974130497,0.10247197470537506,0.09772923253808563,0.22563955159528604,2.0
-0.09499856280540386,-0.0688416211555044,-0.04167864328830129,-0.014803104340327722,0.013222190284564617,0.0439781546421385,0.07559643575740149,0.1070709974130497,0.10247197470537506,0.09772923253808563,0.09241161253233687,0.20206956021845357,2.0
-0.0688416211555044,-0.04167864328830129,-0.014803104340327722,0.013222190284564617,0.0439781546421385,0.07559643575740149,0.1070709974130497,0.10247197470537506,0.09772923253808563,0.09241161253233687,0.087956309284277,0.1759126185685541,2.0
-0.04167864328830129,-0.014803104340327722,0.013222190284564617,0.0439781546421385,0.07559643575740149,0.1070709974130497,0.10247197470537506,0.09772923253808563,0.09241161253233687,0.087956309284277,0.08350100603621735,0.148749640701351,3.0
-0.014803104340327722,0.013222190284564617,0.0439781546421385,0.07559643575740149,0.1070709974130497,0.10247197470537506,0.09772923253808563,0.09241161253233687,0.087956309284277,0.08350100603621735,0.07962058062661681,0.12187410175337743,3.0
0.013222190284564617,0.0439781546421385,0.07559643575740149,0.1070709974130497,0.10247197470537506,0.09772923253808563,0.09241161253233687,0.087956309284277,0.08350100603621735,0.07962058062661681,0.0763150330554756,0.09384880712848509,3.0
0.0439781546421385,0.07559643575740149,0.1070709974130497,0.10247197470537506,0.09772923253808563,0.09241161253233687,0.087956309284277,0.08350100603621735,0.07962058062661681,0.0763150330554756,0.07372808278240872,0.0630928427709112,3.0
0.07559643575740149,0.1070709974130497,0.10247197470537506,0.09772923253808563,0.09241161253233687,0.087956309284277,0.08350100603621735,0.07962058062661681,0.0763150330554756,0.07372808278240872,0.07128485196895662,0.03578614544409309,3.0
0.1070709974130497,0.10247197470537506,0.09772923253808563,0.09241161253233687,0.087956309284277,0.08350100603621735,0.07962058062661681,0.0763150330554756,0.07372808278240872,0.07128485196895662,0.06927277953434885,0.03779821787870086,3.0
0.10247197470537506,0.09772923253808563,0.09241161253233687,0.087956309284277,0.08350100603621735,0.07962058062661681,0.0763150330554756,0.07372808278240872,0.07128485196895662,0.06927277953434885,0.06711698764012652,0.03535498706524853,3.0
0.09772923253808563,0.09241161253233687,0.087956309284277,0.08350100603621735,0.07962058062661681,0.0763150330554756,0.07372808278240872,0.07128485196895662,0.06927277953434885,0.06711698764012652,0.06453003736705942,0.03319919517102621,3.0
0.09241161253233687,0.087956309284277,0.08350100603621735,0.07962058062661681,0.0763150330554756,0.07372808278240872,0.07128485196895662,0.06927277953434885,0.06711698764012652,0.06453003736705942,0.06208680655360732,0.030324805978729552,3.0
0.087956309284277,0.08350100603621735,0.07962058062661681,0.0763150330554756,0.07372808278240872,0.07128485196895662,0.06927277953434885,0.06711698764012652,0.06453003736705942,0.06208680655360732,0.05964357574015522,0.028312733544121782,3.0
0.08350100603621735,0.07962058062661681,0.0763150330554756,0.07372808278240872,0.07128485196895662,0.06927277953434885,0.06711698764012652,0.06453003736705942,0.06208680655360732,0.05964357574015522,0.057918942224777226,0.025582063811440126,3.0
0.07962058062661681,0.0763150330554756,0.07372808278240872,0.07128485196895662,0.06927277953434885,0.06711698764012652,0.06453003736705942,0.06208680655360732,0.05964357574015522,0.057918942224777226,0.0556194308709399,0.02400114975567691,3.0
0.0763150330554756,0.07372808278240872,0.07128485196895662,0.06927277953434885,0.06711698764012652,0.06453003736705942,0.06208680655360732,0.05964357574015522,0.057918942224777226,0.0556194308709399,0.05360735843633235,0.022707674619143248,3.0
0.07372808278240872,0.07128485196895662,0.06927277953434885,0.06711698764012652,0.06453003736705942,0.06208680655360732,0.05964357574015522,0.057918942224777226,0.0556194308709399,0.05360735843633235,0.049583213567117035,0.024144869215291687,3.0
0.07128485196895662,0.06927277953434885,0.06711698764012652,0.06453003736705942,0.06208680655360732,0.05964357574015522,0.057918942224777226,0.0556194308709399,0.05360735843633235,0.049583213567117035,0.04009772923253818,0.031187122736418438,3.0
0.06927277953434885,0.06711698764012652,0.06453003736705942,0.06208680655360732,0.05964357574015522,0.057918942224777226,0.0556194308709399,0.05360735843633235,0.049583213567117035,0.04009772923253818,-0.01422822650186839,0.08350100603621724,3.0
0.06711698764012652,0.06453003736705942,0.06208680655360732,0.05964357574015522,0.057918942224777226,0.0556194308709399,0.05360735843633235,0.049583213567117035,0.04009772923253818,-0.01422822650186839,-0.07574015521701638,0.1428571428571429,3.0
0.06453003736705942,0.06208680655360732,0.05964357574015522,0.057918942224777226,0.0556194308709399,0.05360735843633235,0.049583213567117035,0.04009772923253818,-0.01422822650186839,-0.07574015521701638,-0.10592124173613104,0.17045127910319047,3.0
0.06208680655360732,0.05964357574015522,0.057918942224777226,0.0556194308709399,0.05360735843633235,0.049583213567117035,0.04009772923253818,-0.01422822650186839,-0.07574015521701638,-0.10592124173613104,-0.14228226501868357,0.2043690715722909,3.0
0.05964357574015522,0.057918942224777226,0.0556194308709399,0.05360735843633235,0.049583213567117035,0.04009772923253818,-0.01422822650186839,-0.07574015521701638,-0.10592124173613104,-0.14228226501868357,-0.18367346938775508,0.2433170451279103,0.0
0.057918942224777226,0.0556194308709399,0.05360735843633235,0.049583213567117035,0.04009772923253818,-0.01422822650186839,-0.07574015521701638,-0.10592124173613104,-0.14228226501868357,-0.18367346938775508,-0.22980741592411613,0.28772635814889336,0.0
0.0556194308709399,0.05360735843633235,0.049583213567117035,0.04009772923253818,-0.01422822650186839,-0.07574015521701638,-0.10592124173613104,-0.14228226501868357,-0.18367346938775508,-0.22980741592411613,-0.31417073871802237,0.36979016958896227,0.0
0.05360735843633235,0.049583213567117035,0.04009772923253818,-0.01422822650186839,-0.07574015521701638,-0.10592124173613104,-0.14228226501868357,-0.18367346938775508,-0.22980741592411613,-0.31417073871802237,-0.40155217016384015,0.4551595286001725,0.0
0.049583213567117035,0.04009772923253818,-0.01422822650186839,-0.07574015521701638,-0.10592124173613104,-0.14228226501868357,-0.18367346938775508,-0.22980741592411613,-0.31417073871802237,-0.40155217016384015,-0.4900833572865766,0.5396665708536936,0.0
0.04009772923253818,-0.01422822650186839,-0.07574015521701638,-0.10592124173613104,-0.14228226501868357,-0.18367346938775508,-0.22980741592411613,-0.31417073871802237,-0.40155217016384015,-0.4900833572865766,-0.5791894222477724,0.6192871514803105,0.0
-0.01422822650186839,-0.07574015521701638,-0.10592124173613104,-0.14228226501868357,-0.18367346938775508,-0.22980741592411613,-0.31417073871802237,-0.40155217016384015,-0.4900833572865766,-0.5791894222477724,-0.6685829261281977,0.6543546996263293,0.0
-0.07574015521701638,-0.10592124173613104,-0.14228226501868357,-0.18367346938775508,-0.22980741592411613,-0.31417073871802237,-0.40155217016384015,-0.4900833572865766,-0.5791894222477724,-0.6685829261281977,-0.7523713710836447,0.6766312158666283,0.0
-0.10592124173613104,-0.14228226501868357,-0.18367346938775508,-0.22980741592411613,-0.31417073871802237,-0.40155217016384015,-0.4900833572865766,-0.5791894222477724,-0.6685829261281977,-0.7523713710836447,-0.7926128197757977,0.6866915780396666,0.0
-0.14228226501868357,-0.18367346938775508,-0.22980741592411613,-0.31417073871802237,-0.40155217016384015,-0.4900833572865766,-0.5791894222477724,-0.6685829261281977,-0.7523713710836447,-0.7926128197757977,-0.8250934176487497,0.6828111526300661,0.0
-0.18367346938775508,-0.22980741592411613,-0.31417073871802237,-0.40155217016384015,-0.4900833572865766,-0.5791894222477724,-0.6685829261281977,-0.7523713710836447,-0.7926128197757977,-0.8250934176487497,-0.8858867490658235,0.7022132796780685,0.0
-0.22980741592411613,-0.31417073871802237,-0.40155217016384015,-0.4900833572865766,-0.5791894222477724,-0.6685829261281977,-0.7523713710836447,-0.7926128197757977,-0.8250934176487497,-0.8858867490658235,-0.8901983328542684,0.6603909169301523,0.0
-0.31417073871802237,-0.40155217016384015,-0.4900833572865766,-0.5791894222477724,-0.6685829261281977,-0.7523713710836447,-0.7926128197757977,-0.8250934176487497,-0.8858867490658235,-0.8901983328542684,-0.9111813739580339,0.5970106352400115,0.0
-0.40155217016384015,-0.4900833572865766,-0.5791894222477724,-0.6685829261281977,-0.7523713710836447,-0.7926128197757977,-0.8250934176487497,-0.8858867490658235,-0.8901983328542684,-0.9111813739580339,-0.9136246047714861,0.512072434607646,0.0
-0.4900833572865766,-0.5791894222477724,-0.6685829261281977,-0.7523713710836447,-0.7926128197757977,-0.8250934176487497,-0.8858867490658235,-0.8901983328542684,-0.9111813739580339,-0.9136246047714861,-0.8271054900833573,0.4235412474849095,0.0
-0.5791894222477724,-0.6685829261281977,-0.7523713710836447,-0.7926128197757977,-0.8250934176487497,-0.8858867490658235,-0.8901983328542684,-0.9111813739580339,-0.9136246047714861,-0.8271054900833573,-0.7601322219028457,0.33443518252371374,0.0
-0.6685829261281977,-0.7523713710836447,-0.7926128197757977,-0.8250934176487497,-0.8858867490658235,-0.8901983328542684,-0.9111813739580339,-0.9136246047714861,-0.8271054900833573,-0.7601322219028457,-0.6411325093417648,0.2724920954297213,0.0
-0.7523713710836447,-0.7926128197757977,-0.8250934176487497,-0.8858867490658235,-0.8901983328542684,-0.9111813739580339,-0.9136246047714861,-0.8271054900833573,-0.7601322219028457,-0.6411325093417648,-0.5084794481172751,0.405145156654211,0.0
-0.7926128197757977,-0.8250934176487497,-0.8858867490658235,-0.8901983328542684,-0.9111813739580339,-0.9136246047714861,-0.8271054900833573,-0.7601322219028457,-0.6411325093417648,-0.5084794481172751,-0.4027019258407588,0.5109226789307273,2.0
-0.8250934176487497,-0.8858867490658235,-0.8901983328542684,-0.9111813739580339,-0.9136246047714861,-0.8271054900833573,-0.7601322219028457,-0.6411325093417648,-0.5084794481172751,-0.4027019258407588,-0.28844495544696747,0.6251796493245186,2.0
-0.8858867490658235,-0.8901983328542684,-0.9111813739580339,-0.9136246047714861,-0.8271054900833573,-0.7601322219028457,-0.6411325093417648,-0.5084794481172751,-0.4027019258407588,-0.28844495544696747,-0.12532336878413342,0.7883012359873527,2.0
-0.8901983328542684,-0.9111813739580339,-0.9136246047714861,-0.8271054900833573,-0.7601322219028457,-0.6411325093417648,-0.5084794481172751,-0.4027019258407588,-0.28844495544696747,-0.12532336878413342,0.045702788157516494,0.9593273929290026,2.0
-0.9111813739580339,-0.9136246047714861,-0.8271054900833573,-0.7601322219028457,-0.6411325093417648,-0.5084794481172751,-0.4027019258407588,-0.28844495544696747,-0.12532336878413342,0.045702788157516494,0.18539810290313308,1.099022707674619,2.0
-0.9136246047714861,-0.8271054900833573,-0.7601322219028457,-0.6411325093417648,-0.5084794481172751,-0.4027019258407588,-0.28844495544696747,-0.12532336878413342,0.045702788157516494,0.18539810290313308,0.2808278240873814,1.1944524288588676,2.0
-0.8271054900833573,-0.7601322219028457,-0.6411325093417648,-0.5084794481172751,-0.4027019258407588,-0.28844495544696747,-0.12532336878413342,0.045702788157516494,0.18539810290313308,0.2808278240873814,0.443518252371371,1.2706237424547284,2.0
-0.7601322219028457,-0.6411325093417648,-0.5084794481172751,-0.4027019258407588,-0.28844495544696747,-0.12532336878413342,0.045702788157516494,0.18539810290313308,0.2808278240873814,0.443518252371371,0.5941362460477149,1.3542684679505606,2.0
-0.6411325093417648,-0.5084794481172751,-0.4027019258407588,-0.28844495544696747,-0.12532336878413342,0.045702788157516494,0.18539810290313308,0.2808278240873814,0.443518252371371,0.5941362460477149,0.6953147456165565,1.3364472549583213,2.0
-0.5084794481172751,-0.4027019258407588,-0.28844495544696747,-0.12532336878413342,0.045702788157516494,0.18539810290313308,0.2808278240873814,0.443518252371371,0.5941362460477149,0.6953147456165565,0.8207818338603048,1.3292612819775798,2.0
-0.4027019258407588,-0.28844495544696747,-0.12532336878413342,0.045702788157516494,0.18539810290313308,0.2808278240873814,0.443518252371371,0.5941362460477149,0.6953147456165565,0.8207818338603048,0.8970968669157804,1.299798792756539,2.0
-0.28844495544696747,-0.12532336878413342,0.045702788157516494,0.18539810290313308,0.2808278240873814,0.443518252371371,0.5941362460477149,0.6953147456165565,0.8207818338603048,0.8970968669157804,0.9561655648174763,1.2446105202644437,2.0
-0.12532336878413342,0.045702788157516494,0.18539810290313308,0.2808278240873814,0.443518252371371,0.5941362460477149,0.6953147456165565,0.8207818338603048,0.8970968669157804,0.9561655648174763,0.9949698189134808,1.120293187697614,2.0
0.045702788157516494,0.18539810290313308,0.2808278240873814,0.443518252371371,0.5941362460477149,0.6953147456165565,0.8207818338603048,0.8970968669157804,0.9561655648174763,0.9949698189134808,1.0,0.9542972118424835,2.0
0.18539810290313308,0.2808278240873814,0.443518252371371,0.5941362460477149,0.6953147456165565,0.8207818338603048,0.8970968669157804,0.9561655648174763,0.9949698189134808,1.0,0.9573363272752788,0.8146018970968669,2.0
0.2808278240873814,0.443518252371371,0.5941362460477149,0.6953147456165565,0.8207818338603048,0.8970968669157804,0.9561655648174763,0.9949698189134808,1.0,0.9573363272752788,0.895165251561294,0.7191721759126186,2.0
0.443518252371371,0.5941362460477149,0.6953147456165565,0.8207818338603048,0.8970968669157804,0.9561655648174763,0.9949698189134808,1.0,0.9573363272752788,0.895165251561294,0.8878675180689075,0.556481747628629,2.0
0.5941362460477149,0.6953147456165565,0.8207818338603048,0.8970968669157804,0.9561655648174763,0.9949698189134808,1.0,0.9573363272752788,0.895165251561294,0.8878675180689075,0.8669567047926461,0.40586375395228513,2.0
0.6953147456165565,0.8207818338603048,0.8970968669157804,0.9561655648174763,0.9949698189134808,1.0,0.9573363272752788,0.895165251561294,0.8878675180689075,0.8669567047926461,0.7980492597010735,0.3046852543834435,0.0
0.8207818338603048,0.8970968669157804,0.9561655648174763,0.9949698189134808,1.0,0.9573363272752788,0.895165251561294,0.8878675180689075,0.8669567047926461,0.7980492597010735,0.6873201880569784,0.31267981194302163,0.0
0.8970968669157804,0.9561655648174763,0.9949698189134808,1.0,0.9573363272752788,0.895165251561294,0.8878675180689075,0.8669567047926461,0.7980492597010735,0.6873201880569784,0.5726615676092905,0.42733843239070946,0.0
0.9561655648174763,0.9949698189134808,1.0,0.9573363272752788,0.895165251561294,0.8878675180689075,0.8669567047926461,0.7980492597010735,0.6873201880569784,0.5726615676092905,0.4544944214441091,0.5455055785558909,0.0
0.9949698189134808,1.0,0.9573363272752788,0.895165251561294,0.8878675180689075,0.8669567047926461,0.7980492597010735,0.6873201880569784,0.5726615676092905,0.4544944214441091,0.3330994316188338,0.6669005683811662,0.0
1.0,0.9573363272752788,0.895165251561294,0.8878675180689075,0.8669567047926461,0.7980492597010735,0.6873201880569784,0.5726615676092905,0.4544944214441091,0.3330994316188338,0.21507262648235215,0.7849273735176479,0.0
0.9573363272752788,0.895165251561294,0.8878675180689075,0.8669567047926461,0.7980492597010735,0.6873201880569784,0.5726615676092905,0.4544944214441091,0.3330994316188338,0.21507262648235215,0.14518279418988134,0.8121535330853975,0.0
0.895165251561294,0.8878675180689075,0.8669567047926461,0.7980492597010735,0.6873201880569784,0.5726615676092905,0.4544944214441091,0.3330994316188338,0.21507262648235215,0.14518279418988134,0.05115430496105544,0.8440109466002386,0.0
0.8878675180689075,0.8669567047926461,0.7980492597010735,0.6873201880569784,0.5726615676092905,0.4544944214441091,0.3330994316188338,0.21507262648235215,0.14518279418988134,0.05115430496105544,0.00357869623184337,0.8842888218370641,0.0
0.8669567047926461,0.7980492597010735,0.6873201880569784,0.5726615676092905,0.4544944214441091,0.3330994316188338,0.21507262648235215,0.14518279418988134,0.05115430496105544,0.00357869623184337,-0.03403269945968701,0.9009894042523331,0.0
0.7980492597010735,0.6873201880569784,0.5726615676092905,0.4544944214441091,0.3330994316188338,0.21507262648235215,0.14518279418988134,0.05115430496105544,0.00357869623184337,-0.03403269945968701,-0.09985264191986531,0.8979019016209389,0.0
0.6873201880569784,0.5726615676092905,0.4544944214441091,0.3330994316188338,0.21507262648235215,0.14518279418988134,0.05115430496105544,0.00357869623184337,-0.03403269945968701,-0.09985264191986531,-0.15851519191635677,0.8458353799733351,0.0
0.5726615676092905,0.4544944214441091,0.3330994316188338,0.21507262648235215,0.14518279418988134,0.05115430496105544,0.00357869623184337,-0.03403269945968701,-0.09985264191986531,-0.15851519191635677,-0.21310785208055572,0.7857694196898463,0.0
0.4544944214441091,0.3330994316188338,0.21507262648235215,0.14518279418988134,0.05115430496105544,0.00357869623184337,-0.03403269945968701,-0.09985264191986531,-0.15851519191635677,-0.21310785208055572,-0.22784366009402846,0.6823380815381376,0.0
0.3330994316188338,0.21507262648235215,0.14518279418988134,0.05115430496105544,0.00357869623184337,-0.03403269945968701,-0.09985264191986531,-0.15851519191635677,-0.21310785208055572,-0.22784366009402846,-0.23977264753350647,0.5728720791523403,0.0
0.21507262648235215,0.14518279418988134,0.05115430496105544,0.00357869623184337,-0.03403269945968701,-0.09985264191986531,-0.15851519191635677,-0.21310785208055572,-0.22784366009402846,-0.23977264753350647,-0.24917549645638903,0.4642481229387412,0.0
0.14518279418988134,0.05115430496105544,0.00357869623184337,-0.03403269945968701,-0.09985264191986531,-0.15851519191635677,-0.21310785208055572,-0.22784366009402846,-0.23977264753350647,-0.24917549645638903,-0.2571749350922742,0.4023577292821555,0.0
0.05115430496105544,0.00357869623184337,-0.03403269945968701,-0.09985264191986531,-0.15851519191635677,-0.21310785208055572,-0.22784366009402846,-0.23977264753350647,-0.24917549645638903,-0.2571749350922742,-0.2640516454985615,0.31520595045961697,1.0
0.00357869623184337,-0.03403269945968701,-0.09985264191986531,-0.15851519191635677,-0.21310785208055572,-0.22784366009402846,-0.23977264753350647,-0.24917549645638903,-0.2571749350922742,-0.2640516454985615,-0.27092835590484876,0.27450705213669213,1.0
-0.03403269945968701,-0.09985264191986531,-0.15851519191635677,-0.21310785208055572,-0.22784366009402846,-0.23977264753350647,-0.24917549645638903,-0.2571749350922742,-0.2640516454985615,-0.27092835590484876,-0.28299492385786806,0.24896222439818105,1.0
-0.09985264191986531,-0.15851519191635677,-0.21310785208055572,-0.22784366009402846,-0.23977264753350647,-0.24917549645638903,-0.2571749350922742,-0.2640516454985615,-0.27092835590484876,-0.28299492385786806,-0.30700436431279965,0.20715172239293433,1.0
-0.15851519191635677,-0.21310785208055572,-0.22784366009402846,-0.23977264753350647,-0.24917549645638903,-0.2571749350922742,-0.2640516454985615,-0.27092835590484876,-0.28299492385786806,-0.30700436431279965,-0.3425641025641025,0.18404891064774576,1.0
-0.21310785208055572,-0.22784366009402846,-0.23977264753350647,-0.24917549645638903,-0.2571749350922742,-0.2640516454985615,-0.27092835590484876,-0.28299492385786806,-0.30700436431279965,-0.3425641025641025,-0.34593406593406595,0.13282621385351023,1.0
-0.22784366009402846,-0.23977264753350647,-0.24917549645638903,-0.2571749350922742,-0.2640516454985615,-0.27092835590484876,-0.28299492385786806,-0.30700436431279965,-0.3425641025641025,-0.34593406593406595,-0.3487179487179487,0.12087428862392025,1.0
-0.23977264753350647,-0.24917549645638903,-0.2571749350922742,-0.2640516454985615,-0.27092835590484876,-0.28299492385786806,-0.30700436431279965,-0.3425641025641025,-0.34593406593406595,-0.3487179487179487,-0.35032967032967033,0.11055702279616386,1.0
-0.24917549645638903,-0.2571749350922742,-0.2640516454985615,-0.27092835590484876,-0.28299492385786806,-0.30700436431279965,-0.3425641025641025,-0.34593406593406595,-0.3487179487179487,-0.35032967032967033,-0.3522344322344322,0.10305893577804315,1.0
-0.2571749350922742,-0.2640516454985615,-0.27092835590484876,-0.28299492385786806,-0.30700436431279965,-0.3425641025641025,-0.34593406593406595,-0.3487179487179487,-0.35032967032967033,-0.3522344322344322,-0.35326007326007325,0.09608513816779907,1.0
-0.2640516454985615,-0.27092835590484876,-0.28299492385786806,-0.30700436431279965,-0.3425641025641025,-0.34593406593406595,-0.3487179487179487,-0.35032967032967033,-0.3522344322344322,-0.35326007326007325,-0.35531135531135527,0.09125970981279374,1.0
-0.27092835590484876,-0.28299492385786806,-0.30700436431279965,-0.3425641025641025,-0.34593406593406595,-0.3487179487179487,-0.35032967032967033,-0.3522344322344322,-0.35326007326007325,-0.35531135531135527,-0.35750915750915746,0.0865808016043087,1.0
-0.28299492385786806,-0.30700436431279965,-0.3425641025641025,-0.34593406593406595,-0.3487179487179487,-0.35032967032967033,-0.3522344322344322,-0.35326007326007325,-0.35531135531135527,-0.35750915750915746,-0.32263736263736265,0.0745142336512894,1.0
-0.30700436431279965,-0.3425641025641025,-0.34593406593406595,-0.3487179487179487,-0.35032967032967033,-0.3522344322344322,-0.35326007326007325,-0.35531135531135527,-0.35750915750915746,-0.32263736263736265,-0.2882051282051282,0.06930402930402924,1.0
-0.3425641025641025,-0.34593406593406595,-0.3487179487179487,-0.35032967032967033,-0.3522344322344322,-0.35326007326007325,-0.35531135531135527,-0.35750915750915746,-0.32263736263736265,-0.2882051282051282,-0.2533333333333333,0.10417582417582416,1.0
-0.34593406593406595,-0.3487179487179487,-0.35032967032967033,-0.3522344322344322,-0.35326007326007325,-0.35531135531135527,-0.35750915750915746,-0.32263736263736265,-0.2882051282051282,-0.2533333333333333,-0.21846153846153848,0.13904761904761898,1.0
-0.3487179487179487,-0.35032967032967033,-0.3522344322344322,-0.35326007326007325,-0.35531135531135527,-0.35750915750915746,-0.32263736263736265,-0.2882051282051282,-0.2533333333333333,-0.21846153846153848,-0.18183150183150187,0.1756776556776556,2.0
-0.35032967032967033,-0.3522344322344322,-0.35326007326007325,-0.35531135531135527,-0.35750915750915746,-0.32263736263736265,-0.2882051282051282,-0.2533333333333333,-0.21846153846153848,-0.18183150183150187,-0.14564102564102566,0.2118681318681318,2.0
-0.3522344322344322,-0.35326007326007325,-0.35531135531135527,-0.35750915750915746,-0.32263736263736265,-0.2882051282051282,-0.2533333333333333,-0.21846153846153848,-0.18183150183150187,-0.14564102564102566,-0.14622710622710622,0.2118681318681318,2.0
-0.35326007326007325,-0.35531135531135527,-0.35750915750915746,-0.32263736263736265,-0.2882051282051282,-0.2533333333333333,-0.21846153846153848,-0.18183150183150187,-0.14564102564102566,-0.14622710622710622,-0.14725274725274728,0.2118681318681318,2.0
-0.35531135531135527,-0.35750915750915746,-0.32263736263736265,-0.2882051282051282,-0.2533333333333333,-0.21846153846153848,-0.18183150183150187,-0.14564102564102566,-0.14622710622710622,-0.14725274725274728,-0.1109157509157509,0.24659340659340656,2.0
-0.35750915750915746,-0.32263736263736265,-0.2882051282051282,-0.2533333333333333,-0.21846153846153848,-0.18183150183150187,-0.14564102564102566,-0.14622710622710622,-0.14725274725274728,-0.1109157509157509,-0.07545787545787541,0.28205128205128205,2.0
-0.32263736263736265,-0.2882051282051282,-0.2533333333333333,-0.21846153846153848,-0.18183150183150187,-0.14564102564102566,-0.14622710622710622,-0.14725274725274728,-0.1109157509157509,-0.07545787545787541,-0.04014652014652009,0.28249084249084255,2.0
-0.2882051282051282,-0.2533333333333333,-0.21846153846153848,-0.18183150183150187,-0.14564102564102566,-0.14622710622710622,-0.14725274725274728,-0.1109157509157509,-0.07545787545787541,-0.04014652014652009,-0.004542124542124548,0.2836630036630037,2.0
-0.2533333333333333,-0.21846153846153848,-0.18183150183150187,-0.14564102564102566,-0.14622710622710622,-0.14725274725274728,-0.1109157509157509,-0.07545787545787541,-0.04014652014652009,-0.004542124542124548,-0.006300366300366345,0.24879120879120875,2.0
-0.21846153846153848,-0.18183150183150187,-0.14564102564102566,-0.14622710622710622,-0.14725274725274728,-0.1109157509157509,-0.07545787545787541,-0.04014652014652009,-0.004542124542124548,-0.006300366300366345,-0.006153846153846176,0.21391941391941394,2.0
-0.18183150183150187,-0.14564102564102566,-0.14622710622710622,-0.14725274725274728,-0.1109157509157509,-0.07545787545787541,-0.04014652014652009,-0.004542124542124548,-0.006300366300366345,-0.006153846153846176,-0.008205128205128198,0.17728937728937733,2.0
-0.14564102564102566,-0.14622710622710622,-0.14725274725274728,-0.1109157509157509,-0.07545787545787541,-0.04014652014652009,-0.004542124542124548,-0.006300366300366345,-0.006153846153846176,-0.008205128205128198,-0.01391941391941387,0.14271062271062274,2.0
-0.14622710622710622,-0.14725274725274728,-0.1109157509157509,-0.07545787545787541,-0.04014652014652009,-0.004542124542124548,-0.006300366300366345,-0.006153846153846176,-0.008205128205128198,-0.01391941391941387,-0.02285714285714291,0.14271062271062274,3.0
-0.14725274725274728,-0.1109157509157509,-0.07545787545787541,-0.04014652014652009,-0.004542124542124548,-0.006300366300366345,-0.006153846153846176,-0.008205128205128198,-0.01391941391941387,-0.02285714285714291,-0.0332600732600733,0.14271062271062274,3.0
-0.1109157509157509,-0.07545787545787541,-0.04014652014652009,-0.004542124542124548,-0.006300366300366345,-0.006153846153846176,-0.008205128205128198,-0.01391941391941387,-0.02285714285714291,-0.0332600732600733,-0.008644688644688592,0.10637362637362635,3.0
-0.07545787545787541,-0.04014652014652009,-0.004542124542124548,-0.006300366300366345,-0.006153846153846176,-0.008205128205128198,-0.01391941391941387,-0.02285714285714291,-0.0332600732600733,-0.008644688644688592,0.0146520146520146,0.09010989010989001,3.0
-0.04014652014652009,-0.004542124542124548,-0.006300366300366345,-0.006153846153846176,-0.008205128205128198,-0.01391941391941387,-0.02285714285714291,-0.0332600732600733,-0.008644688644688592,0.0146520146520146,0.000439560439560394,0.05479853479853469,3.0
-0.004542124542124548,-0.006300366300366345,-0.006153846153846176,-0.008205128205128198,-0.01391941391941387,-0.02285714285714291,-0.0332600732600733,-0.008644688644688592,0.0146520146520146,0.000439560439560394,-0.013333333333333308,0.0479120879120879,3.0
-0.006300366300366345,-0.006153846153846176,-0.008205128205128198,-0.01391941391941387,-0.02285714285714291,-0.0332600732600733,-0.008644688644688592,0.0146520146520146,0.000439560439560394,-0.013333333333333308,-0.025494505494505493,0.0479120879120879,3.0
-0.006153846153846176,-0.008205128205128198,-0.01391941391941387,-0.02285714285714291,-0.0332600732600733,-0.008644688644688592,0.0146520146520146,0.000439560439560394,-0.013333333333333308,-0.025494505494505493,-0.037802197802197846,0.052454212454212445,3.0
-0.008205128205128198,-0.01391941391941387,-0.02285714285714291,-0.0332600732600733,-0.008644688644688592,0.0146520146520146,0.000439560439560394,-0.013333333333333308,-0.025494505494505493,-0.037802197802197846,-0.05010989010989009,0.06476190476190469,3.0
-0.01391941391941387,-0.02285714285714291,-0.0332600732600733,-0.008644688644688592,0.0146520146520146,0.000439560439560394,-0.013333333333333308,-0.025494505494505493,-0.037802197802197846,-0.05010989010989009,-0.0647619047619048,0.0794139194139194,3.0
-0.02285714285714291,-0.0332600732600733,-0.008644688644688592,0.0146520146520146,0.000439560439560394,-0.013333333333333308,-0.025494505494505493,-0.037802197802197846,-0.05010989010989009,-0.0647619047619048,-0.07736263736263738,0.09201465201465198,3.0
-0.0332600732600733,-0.008644688644688592,0.0146520146520146,0.000439560439560394,-0.013333333333333308,-0.025494505494505493,-0.037802197802197846,-0.05010989010989009,-0.0647619047619048,-0.07736263736263738,-0.08615384615384614,0.10080586080586074,3.0
-0.008644688644688592,0.0146520146520146,0.000439560439560394,-0.013333333333333308,-0.025494505494505493,-0.037802197802197846,-0.05010989010989009,-0.0647619047619048,-0.07736263736263738,-0.08615384615384614,-0.0936263736263736,0.1082783882783882,3.0
0.0146520146520146,0.000439560439560394,-0.013333333333333308,-0.025494505494505493,-0.037802197802197846,-0.05010989010989009,-0.0647619047619048,-0.07736263736263738,-0.08615384615384614,-0.0936263736263736,-0.09978021978021978,0.11443223443223438,3.0
0.000439560439560394,-0.013333333333333308,-0.025494505494505493,-0.037802197802197846,-0.05010989010989009,-0.0647619047619048,-0.07736263736263738,-0.08615384615384614,-0.0936263736263736,-0.09978021978021978,-0.10402930402930399,0.10446886446886439,3.0
-0.013333333333333308,-0.025494505494505493,-0.037802197802197846,-0.05010989010989009,-0.0647619047619048,-0.07736263736263738,-0.08615384615384614,-0.0936263736263736,-0.09978021978021978,-0.10402930402930399,-0.10637362637362635,0.09304029304029304,3.0
-0.025494505494505493,-0.037802197802197846,-0.05010989010989009,-0.0647619047619048,-0.07736263736263738,-0.08615384615384614,-0.0936263736263736,-0.09978021978021978,-0.10402930402930399,-0.10637362637362635,-0.10989010989010994,0.08439560439560445,3.0
-0.037802197802197846,-0.05010989010989009,-0.0647619047619048,-0.07736263736263738,-0.08615384615384614,-0.0936263736263736,-0.09978021978021978,-0.10402930402930399,-0.10637362637362635,-0.10989010989010994,-0.15443223443223442,0.11663003663003657,3.0
-0.05010989010989009,-0.0647619047619048,-0.07736263736263738,-0.08615384615384614,-0.0936263736263736,-0.09978021978021978,-0.10402930402930399,-0.10637362637362635,-0.10989010989010994,-0.15443223443223442,-0.20307692307692304,0.15296703296703296,3.0
-0.0647619047619048,-0.07736263736263738,-0.08615384615384614,-0.0936263736263736,-0.09978021978021978,-0.10402930402930399,-0.10637362637362635,-0.10989010989010994,-0.15443223443223442,-0.20307692307692304,-0.2546520146520147,0.1898901098901099,3.0
-0.07736263736263738,-0.08615384615384614,-0.0936263736263736,-0.09978021978021978,-0.10402930402930399,-0.10637362637362635,-0.10989010989010994,-0.15443223443223442,-0.20307692307692304,-0.2546520146520147,-0.312967032967033,0.2356043956043956,3.0
-0.08615384615384614,-0.0936263736263736,-0.09978021978021978,-0.10402930402930399,-0.10637362637362635,-0.10989010989010994,-0.15443223443223442,-0.20307692307692304,-0.2546520146520147,-0.312967032967033,-0.3393406593406594,0.25318681318681324,0.0
-0.0936263736263736,-0.09978021978021978,-0.10402930402930399,-0.10637362637362635,-0.10989010989010994,-0.15443223443223442,-0.20307692307692304,-0.2546520146520147,-0.312967032967033,-0.3393406593406594,-0.3706959706959707,0.2770695970695971,0.0
-0.09978021978021978,-0.10402930402930399,-0.10637362637362635,-0.10989010989010994,-0.15443223443223442,-0.20307692307692304,-0.2546520146520147,-0.312967032967033,-0.3393406593406594,-0.3706959706959707,-0.40600732600732603,0.30622710622710625,0.0
-0.10402930402930399,-0.10637362637362635,-0.10989010989010994,-0.15443223443223442,-0.20307692307692304,-0.2546520146520147,-0.312967032967033,-0.3393406593406594,-0.3706959706959707,-0.40600732600732603,-0.4858608058608058,0.38183150183150183,0.0
-0.10637362637362635,-0.10989010989010994,-0.15443223443223442,-0.20307692307692304,-0.2546520146520147,-0.312967032967033,-0.3393406593406594,-0.3706959706959707,-0.40600732600732603,-0.4858608058608058,-0.5614652014652015,0.45509157509157516,0.0
-0.10989010989010994,-0.15443223443223442,-0.20307692307692304,-0.2546520146520147,-0.312967032967033,-0.3393406593406594,-0.3706959706959707,-0.40600732600732603,-0.4858608058608058,-0.5614652014652015,-0.6838095238095239,0.5739194139194139,0.0
-0.15443223443223442,-0.20307692307692304,-0.2546520146520147,-0.312967032967033,-0.3393406593406594,-0.3706959706959707,-0.40600732600732603,-0.4858608058608058,-0.5614652014652015,-0.6838095238095239,-0.8041025641025641,0.6496703296703297,0.0
-0.20307692307692304,-0.2546520146520147,-0.312967032967033,-0.3393406593406594,-0.3706959706959707,-0.40600732600732603,-0.4858608058608058,-0.5614652014652015,-0.6838095238095239,-0.8041025641025641,-0.8732600732600733,0.6701831501831502,0.0
-0.2546520146520147,-0.312967032967033,-0.3393406593406594,-0.3706959706959707,-0.40600732600732603,-0.4858608058608058,-0.5614652014652015,-0.6838095238095239,-0.8041025641025641,-0.8732600732600733,-0.8898168498168498,0.6351648351648351,0.0
-0.312967032967033,-0.3393406593406594,-0.3706959706959707,-0.40600732600732603,-0.4858608058608058,-0.5614652014652015,-0.6838095238095239,-0.8041025641025641,-0.8732600732600733,-0.8898168498168498,-0.9350915750915751,0.6221245421245422,0.0
-0.3393406593406594,-0.3706959706959707,-0.40600732600732603,-0.4858608058608058,-0.5614652014652015,-0.6838095238095239,-0.8041025641025641,-0.8732600732600733,-0.8898168498168498,-0.9350915750915751,-0.973919413919414,0.6345787545787546,0.0
-0.3706959706959707,-0.40600732600732603,-0.4858608058608058,-0.5614652014652015,-0.6838095238095239,-0.8041025641025641,-0.8732600732600733,-0.8898168498168498,-0.9350915750915751,-0.973919413919414,-1.0,0.6293040293040293,0.0
-0.40600732600732603,-0.4858608058608058,-0.5614652014652015,-0.6838095238095239,-0.8041025641025641,-0.8732600732600733,-0.8898168498168498,-0.9350915750915751,-0.973919413919414,-1.0,-1.0,0.593992673992674,0.0
-0.4858608058608058,-0.5614652014652015,-0.6838095238095239,-0.8041025641025641,-0.8732600732600733,-0.8898168498168498,-0.9350915750915751,-0.973919413919414,-1.0,-1.0,-1.0,0.5141391941391942,0.0
-0.5614652014652015,-0.6838095238095239,-0.8041025641025641,-0.8732600732600733,-0.8898168498168498,-0.9350915750915751,-0.973919413919414,-1.0,-1.0,-1.0,-1.0,0.4385347985347985,0.0
-0.6838095238095239,-0.8041025641025641,-0.8732600732600733,-0.8898168498168498,-0.9350915750915751,-0.973919413919414,-1.0,-1.0,-1.0,-1.0,-0.9590506553312079,0.31619047619047613,1.0
-0.8041025641025641,-0.8732600732600733,-0.8898168498168498,-0.9350915750915751,-0.973919413919414,-1.0,-1.0,-1.0,-1.0,-0.9590506553312079,-0.9223521076868579,0.1958974358974359,1.0
-0.8732600732600733,-0.8898168498168498,-0.9350915750915751,-0.973919413919414,-1.0,-1.0,-1.0,-1.0,-0.9590506553312079,-0.9223521076868579,-0.836627701027276,0.16337229897272398,1.0
-0.8898168498168498,-0.9350915750915751,-0.973919413919414,-1.0,-1.0,-1.0,-1.0,-0.9590506553312079,-0.9223521076868579,-0.836627701027276,-0.7414098476797732,0.25859015232022675,1.0
-0.9350915750915751,-0.973919413919414,-1.0,-1.0,-1.0,-1.0,-0.9590506553312079,-0.9223521076868579,-0.836627701027276,-0.7414098476797732,-0.716330145235565,0.28366985476443496,1.0
-0.973919413919414,-1.0,-1.0,-1.0,-1.0,-0.9590506553312079,-0.9223521076868579,-0.836627701027276,-0.7414098476797732,-0.716330145235565,-0.6514346439957492,0.34856535600425076,2.0
-1.0,-1.0,-1.0,-1.0,-0.9590506553312079,-0.9223521076868579,-0.836627701027276,-0.7414098476797732,-0.716330145235565,-0.6514346439957492,-0.5767623095997166,0.42323769040028336,2.0
-1.0,-1.0,-1.0,-0.9590506553312079,-0.9223521076868579,-0.836627701027276,-0.7414098476797732,-0.716330145235565,-0.6514346439957492,-0.5767623095997166,-0.4522139567835636,0.5477860432164364,2.0
-1.0,-1.0,-0.9590506553312079,-0.9223521076868579,-0.836627701027276,-0.7414098476797732,-0.716330145235565,-0.6514346439957492,-0.5767623095997166,-0.4522139567835636,-0.3517534537725824,0.6482465462274176,2.0
-1.0,-0.9590506553312079,-0.9223521076868579,-0.836627701027276,-0.7414098476797732,-0.716330145235565,-0.6514346439957492,-0.5767623095997166,-0.4522139567835636,-0.3517534537725824,-0.204109103790294,0.795890896209706,2.0
-0.9590506553312079,-0.9223521076868579,-0.836627701027276,-0.7414098476797732,-0.716330145235565,-0.6514346439957492,-0.5767623095997166,-0.4522139567835636,-0.3517534537725824,-0.204109103790294,-0.0852284803400638,0.8738221749911441,2.0
-0.9223521076868579,-0.836627701027276,-0.7414098476797732,-0.716330145235565,-0.6514346439957492,-0.5767623095997166,-0.4522139567835636,-0.3517534537725824,-0.204109103790294,-0.0852284803400638,0.006872121856181357,0.9292242295430393,2.0
-0.836627701027276,-0.7414098476797732,-0.716330145235565,-0.6514346439957492,-0.5767623095997166,-0.4522139567835636,-0.3517534537725824,-0.204109103790294,-0.0852284803400638,0.006872121856181357,0.10563230605738583,0.9422600070846618,2.0
-0.7414098476797732,-0.716330145235565,-0.6514346439957492,-0.5767623095997166,-0.4522139567835636,-0.3517534537725824,-0.204109103790294,-0.0852284803400638,0.006872121856181357,0.10563230605738583,0.21048529932695703,0.9518951470067303,2.0
-0.716330145235565,-0.6514346439957492,-0.5767623095997166,-0.4522139567835636,-0.3517534537725824,-0.204109103790294,-0.0852284803400638,0.006872121856181357,0.10563230605738583,0.21048529932695703,0.35047821466524964,1.0668083599008147,2.0
-0.6514346439957492,-0.5767623095997166,-0.4522139567835636,-0.3517534537725824,-0.204109103790294,-0.0852284803400638,0.006872121856181357,0.10563230605738583,0.21048529932695703,0.35047821466524964,0.4846617074034716,1.1360963513992208,2.0
-0.5767623095997166,-0.4522139567835636,-0.3517534537725824,-0.204109103790294,-0.0852284803400638,0.006872121856181357,0.10563230605738583,0.21048529932695703,0.35047821466524964,0.4846617074034716,0.6439249025859015,1.2206872121856183,2.0
-0.4522139567835636,-0.3517534537725824,-0.204109103790294,-0.0852284803400638,0.006872121856181357,0.10563230605738583,0.21048529932695703,0.35047821466524964,0.4846617074034716,0.6439249025859015,0.7504782146652498,1.2026921714488132,2.0
-0.3517534537725824,-0.204109103790294,-0.0852284803400638,0.006872121856181357,0.10563230605738583,0.21048529932695703,0.35047821466524964,0.4846617074034716,0.6439249025859015,0.7504782146652498,0.8758767268862913,1.2276301806588736,2.0
-0.204109103790294,-0.0852284803400638,0.006872121856181357,0.10563230605738583,0.21048529932695703,0.35047821466524964,0.4846617074034716,0.6439249025859015,0.7504782146652498,0.8758767268862913,0.9451647183846972,1.1492738221749912,2.0
-0.0852284803400638,0.006872121856181357,0.10563230605738583,0.21048529932695703,0.35047821466524964,0.4846617074034716,0.6439249025859015,0.7504782146652498,0.8758767268862913,0.9451647183846972,0.9941905773999291,1.079419057739993,2.0
0.006872121856181357,0.10563230605738583,0.21048529932695703,0.35047821466524964,0.4846617074034716,0.6439249025859015,0.7504782146652498,0.8758767268862913,0.9451647183846972,0.9941905773999291,0.9863974495217853,0.9873184555437478,2.0
0.10563230605738583,0.21048529932695703,0.35047821466524964,0.4846617074034716,0.6439249025859015,0.7504782146652498,0.8758767268862913,0.9451647183846972,0.9941905773999291,0.9863974495217853,0.9662770102727596,0.8885582713425433,2.0
0.21048529932695703,0.35047821466524964,0.4846617074034716,0.6439249025859015,0.7504782146652498,0.8758767268862913,0.9451647183846972,0.9941905773999291,0.9863974495217853,0.9662770102727596,0.967268862911796,0.7837052780729721,2.0
0.35047821466524964,0.4846617074034716,0.6439249025859015,0.7504782146652498,0.8758767268862913,0.9451647183846972,0.9941905773999291,0.9863974495217853,0.9662770102727596,0.967268862911796,0.9576337229897272,0.6437123627346795,2.0
0.4846617074034716,0.6439249025859015,0.7504782146652498,0.8758767268862913,0.9451647183846972,0.9941905773999291,0.9863974495217853,0.9662770102727596,0.967268862911796,0.9576337229897272,0.9770456960680127,0.5095288699964575,3.0
0.6439249025859015,0.7504782146652498,0.8758767268862913,0.9451647183846972,0.9941905773999291,0.9863974495217853,0.9662770102727596,0.967268862911796,0.9576337229897272,0.9770456960680127,0.9543747786043217,0.3502656748140276,3.0
0.7504782146652498,0.8758767268862913,0.9451647183846972,0.9941905773999291,0.9863974495217853,0.9662770102727596,0.967268862911796,0.9576337229897272,0.9770456960680127,0.9543747786043217,0.9227771873893023,0.24371236273467933,3.0
0.8758767268862913,0.9451647183846972,0.9941905773999291,0.9863974495217853,0.9662770102727596,0.967268862911796,0.9576337229897272,0.9770456960680127,0.9543747786043217,0.9227771873893023,0.8862203329791003,0.11831385051363785,3.0
0.9451647183846972,0.9941905773999291,0.9863974495217853,0.9662770102727596,0.967268862911796,0.9576337229897272,0.9770456960680127,0.9543747786043217,0.9227771873893023,0.8862203329791003,0.8495217853347503,0.1446687920651788,3.0
0.9941905773999291,0.9863974495217853,0.9662770102727596,0.967268862911796,0.9576337229897272,0.9770456960680127,0.9543747786043217,0.9227771873893023,0.8862203329791003,0.8495217853347503,0.812539851222104,0.18165072617782507,3.0
0.9863974495217853,0.9662770102727596,0.967268862911796,0.9576337229897272,0.9770456960680127,0.9543747786043217,0.9227771873893023,0.8862203329791003,0.8495217853347503,0.812539851222104,0.7758413035777543,0.21055614594403105,3.0
0.9662770102727596,0.967268862911796,0.9576337229897272,0.9770456960680127,0.9543747786043217,0.9227771873893023,0.8862203329791003,0.8495217853347503,0.812539851222104,0.7758413035777543,0.7418349273822176,0.23521076868579516,3.0
0.967268862911796,0.9576337229897272,0.9770456960680127,0.9543747786043217,0.9227771873893023,0.8862203329791003,0.8495217853347503,0.812539851222104,0.7758413035777543,0.7418349273822176,0.7098122564647538,0.26723343960325896,3.0
0.9576337229897272,0.9770456960680127,0.9543747786043217,0.9227771873893023,0.8862203329791003,0.8495217853347503,0.812539851222104,0.7758413035777543,0.7418349273822176,0.7098122564647538,0.675522493800921,0.30152320226709173,3.0
0.9770456960680127,0.9543747786043217,0.9227771873893023,0.8862203329791003,0.8495217853347503,0.812539851222104,0.7758413035777543,0.7418349273822176,0.7098122564647538,0.675522493800921,0.6442082890541976,0.33283740701381515,3.0
0.9543747786043217,0.9227771873893023,0.8862203329791003,0.8495217853347503,0.812539851222104,0.7758413035777543,0.7418349273822176,0.7098122564647538,0.675522493800921,0.6442082890541976,0.6136025504782148,0.34077222812610697,3.0
0.9227771873893023,0.8862203329791003,0.8495217853347503,0.812539851222104,0.7758413035777543,0.7418349273822176,0.7098122564647538,0.675522493800921,0.6442082890541976,0.6136025504782148,0.5464399574920298,0.3763372298972725,3.0
0.8862203329791003,0.8495217853347503,0.812539851222104,0.7758413035777543,0.7418349273822176,0.7098122564647538,0.675522493800921,0.6442082890541976,0.6136025504782148,0.5464399574920298,0.48097768331562163,0.40524264966347867,3.0
0.8495217853347503,0.812539851222104,0.7758413035777543,0.7418349273822176,0.7098122564647538,0.675522493800921,0.6442082890541976,0.6136025504782148,0.5464399574920298,0.48097768331562163,0.41622387530995386,0.43329791002479645,3.0
0.812539851222104,0.7758413035777543,0.7418349273822176,0.7098122564647538,0.675522493800921,0.6442082890541976,0.6136025504782148,0.5464399574920298,0.48097768331562163,0.41622387530995386,0.38802692171448805,0.424512929507616,3.0
0.7758413035777543,0.7418349273822176,0.7098122564647538,0.675522493800921,0.6442082890541976,0.6136025504782148,0.5464399574920298,0.48097768331562163,0.41622387530995386,0.38802692171448805,0.3605384342897626,0.41530286928799165,3.0
0.7418349273822176,0.7098122564647538,0.675522493800921,0.6442082890541976,0.6136025504782148,0.5464399574920298,0.48097768331562163,0.41622387530995386,0.38802692171448805,0.3605384342897626,0.3341834927382217,0.4076514346439959,3.0
0.7098122564647538,0.675522493800921,0.6442082890541976,0.6136025504782148,0.5464399574920298,0.48097768331562163,0.41622387530995386,0.38802692171448805,0.3605384342897626,0.3341834927382217,0.30981225646475385,0.3999999999999999,3.0
0.675522493800921,0.6442082890541976,0.6136025504782148,0.5464399574920298,0.48097768331562163,0.41622387530995386,0.38802692171448805,0.3605384342897626,0.3341834927382217,0.30981225646475385,0.3224229543039321,0.36571023733616714,3.0
0.6442082890541976,0.6136025504782148,0.5464399574920298,0.48097768331562163,0.41622387530995386,0.38802692171448805,0.3605384342897626,0.3341834927382217,0.30981225646475385,0.3224229543039321,0.33630889125044283,0.3343960325894437,3.0
0.6136025504782148,0.5464399574920298,0.48097768331562163,0.41622387530995386,0.38802692171448805,0.3605384342897626,0.3341834927382217,0.30981225646475385,0.3224229543039321,0.33630889125044283,0.3530286928799149,0.3037902940134609,3.0
0.5464399574920298,0.48097768331562163,0.41622387530995386,0.38802692171448805,0.3605384342897626,0.3341834927382217,0.30981225646475385,0.3224229543039321,0.33630889125044283,0.3530286928799149,0.3717321997874601,0.23662770102727593,3.0
0.48097768331562163,0.41622387530995386,0.38802692171448805,0.3605384342897626,0.3341834927382217,0.30981225646475385,0.3224229543039321,0.33630889125044283,0.3530286928799149,0.3717321997874601,0.3928444916755225,0.17116542685086777,3.0
0.41622387530995386,0.38802692171448805,0.3605384342897626,0.3341834927382217,0.30981225646475385,0.3224229543039321,0.33630889125044283,0.3530286928799149,0.3717321997874601,0.3928444916755225,0.4152320226709174,0.1064116188452,3.0
0.38802692171448805,0.3605384342897626,0.3341834927382217,0.30981225646475385,0.3224229543039321,0.33630889125044283,0.3530286928799149,0.3717321997874601,0.3928444916755225,0.4152320226709174,0.43761955366631233,0.12780729720155848,3.0
0.3605384342897626,0.3341834927382217,0.30981225646475385,0.3224229543039321,0.33630889125044283,0.3530286928799149,0.3717321997874601,0.3928444916755225,0.4152320226709174,0.43761955366631233,0.461424017003188,0.15161176053843417,3.0
0.3341834927382217,0.30981225646475385,0.3224229543039321,0.33630889125044283,0.3530286928799149,0.3717321997874601,0.3928444916755225,0.4152320226709174,0.43761955366631233,0.461424017003188,0.45008855827134253,0.15161176053843417,3.0
0.30981225646475385,0.3224229543039321,0.33630889125044283,0.3530286928799149,0.3717321997874601,0.3928444916755225,0.4152320226709174,0.43761955366631233,0.461424017003188,0.45008855827134253,0.43931987247608917,0.15161176053843417,3.0
0.3224229543039321,0.33630889125044283,0.3530286928799149,0.3717321997874601,0.3928444916755225,0.4152320226709174,0.43761955366631233,0.461424017003188,0.45008855827134253,0.43931987247608917,0.4292596528515764,0.13900106269925594,3.0
0.33630889125044283,0.3530286928799149,0.3717321997874601,0.3928444916755225,0.4152320226709174,0.43761955366631233,0.461424017003188,0.45008855827134253,0.43931987247608917,0.4292596528515764,0.4201912858660999,0.1251151257527452,3.0
0.3530286928799149,0.3717321997874601,0.3928444916755225,0.4152320226709174,0.43761955366631233,0.461424017003188,0.45008855827134253,0.43931987247608917,0.4292596528515764,0.4201912858660999,0.41211477151966003,0.10839532412327313,3.0
0.3717321997874601,0.3928444916755225,0.4152320226709174,0.43761955366631233,0.461424017003188,0.45008855827134253,0.43931987247608917,0.4292596528515764,0.4201912858660999,0.41211477151966003,0.4053134962805527,0.08969181721572794,3.0
0.3928444916755225,0.4152320226709174,0.43761955366631233,0.461424017003188,0.45008855827134253,0.43931987247608917,0.4292596528515764,0.4201912858660999,0.41211477151966003,0.4053134962805527,0.39893730074388944,0.06857952532766554,3.0
0.4152320226709174,0.43761955366631233,0.461424017003188,0.45008855827134253,0.43931987247608917,0.4292596528515764,0.4201912858660999,0.41211477151966003,0.4053134962805527,0.39893730074388944,0.3924194119730784,0.06900460503010963,3.0
0.43761955366631233,0.461424017003188,0.45008855827134253,0.43931987247608917,0.4292596528515764,0.4201912858660999,0.41211477151966003,0.4053134962805527,0.39893730074388944,0.3924194119730784,0.38561813673397105,0.07580588026921697,3.0
0.461424017003188,0.45008855827134253,0.43931987247608917,0.4292596528515764,0.4201912858660999,0.41211477151966003,0.4053134962805527,0.39893730074388944,0.3924194119730784,0.38561813673397105,0.37895855472901174,0.08246546227417628,3.0
0.45008855827134253,0.43931987247608917,0.4292596528515764,0.4201912858660999,0.41211477151966003,0.4053134962805527,0.39893730074388944,0.3924194119730784,0.38561813673397105,0.37895855472901174,0.3728657456606448,0.07722281261069774,3.0
0.43931987247608917,0.4292596528515764,0.4201912858660999,0.41211477151966003,0.4053134962805527,0.39893730074388944,0.3924194119730784,0.38561813673397105,0.37895855472901174,0.3728657456606448,0.3670563230605739,0.07226354941551527,3.0
0.4292596528515764,0.4201912858660999,0.41211477151966003,0.4053134962805527,0.39893730074388944,0.3924194119730784,0.38561813673397105,0.37895855472901174,0.3728657456606448,0.3670563230605739,0.36563876651982374,0.06362088633175267,3.0
0.4201912858660999,0.41211477151966003,0.4053134962805527,0.39893730074388944,0.3924194119730784,0.38561813673397105,0.37895855472901174,0.3728657456606448,0.3670563230605739,0.36563876651982374,0.3606650561318743,0.05952622973422561,3.0
0.41211477151966003,0.4053134962805527,0.39893730074388944,0.3924194119730784,0.38561813673397105,0.37895855472901174,0.3728657456606448,0.3670563230605739,0.36563876651982374,0.3606650561318743,0.31860167685093077,0.09351309466872926,3.0
0.4053134962805527,0.39893730074388944,0.3924194119730784,0.38561813673397105,0.37895855472901174,0.3728657456606448,0.3670563230605739,0.36563876651982374,0.3606650561318743,0.31860167685093077,0.31448060252948706,0.09083289375106562,3.0
0.39893730074388944,0.3924194119730784,0.38561813673397105,0.37895855472901174,0.3728657456606448,0.3670563230605739,0.36563876651982374,0.3606650561318743,0.31860167685093077,0.31448060252948706,0.2646013926389086,0.13433590810498086,3.0
0.3924194119730784,0.38561813673397105,0.37895855472901174,0.3728657456606448,0.3670563230605739,0.36563876651982374,0.3606650561318743,0.31860167685093077,0.31448060252948706,0.2646013926389086,0.24200653687650986,0.15041287509656853,3.0
0.38561813673397105,0.37895855472901174,0.3728657456606448,0.3670563230605739,0.36563876651982374,0.3606650561318743,0.31860167685093077,0.31448060252948706,0.2646013926389086,0.24200653687650986,0.21472218274833033,0.17089595398564073,3.0
0.37895855472901174,0.3728657456606448,0.3670563230605739,0.36563876651982374,0.3606650561318743,0.31860167685093077,0.31448060252948706,0.2646013926389086,0.24200653687650986,0.21472218274833033,0.1857325564871395,0.19322599824187225,3.0
0.3728657456606448,0.3670563230605739,0.36563876651982374,0.3606650561318743,0.31860167685093077,0.31448060252948706,0.2646013926389086,0.24200653687650986,0.21472218274833033,0.1857325564871395,0.1553218701151058,0.217543875545539,3.0
0.3670563230605739,0.36563876651982374,0.3606650561318743,0.31860167685093077,0.31448060252948706,0.2646013926389086,0.24200653687650986,0.21472218274833033,0.1857325564871395,0.1553218701151058,0.12363222964331388,0.24342409341726,3.0
0.36563876651982374,0.3606650561318743,0.31860167685093077,0.31448060252948706,0.2646013926389086,0.24200653687650986,0.21472218274833033,0.1857325564871395,0.1553218701151058,0.12363222964331388,0.0920846951826062,0.27355407133721754,3.0
0.3606650561318743,0.31860167685093077,0.31448060252948706,0.2646013926389086,0.24200653687650986,0.21472218274833033,0.1857325564871395,0.1553218701151058,0.12363222964331388,0.0920846951826062,0.06067926673298274,0.29998578939889153,3.0
0.31860167685093077,0.31448060252948706,0.2646013926389086,0.24200653687650986,0.21472218274833033,0.1857325564871395,0.1553218701151058,0.12363222964331388,0.0920846951826062,0.06067926673298274,0.02984226232769638,0.2887594145232344,3.0
0.31448060252948706,0.2646013926389086,0.24200653687650986,0.21472218274833033,0.1857325564871395,0.1553218701151058,0.12363222964331388,0.0920846951826062,0.06067926673298274,0.02984226232769638,-0.001705272133011193,0.31618587466249826,3.0
0.2646013926389086,0.24200653687650986,0.21472218274833033,0.1857325564871395,0.1553218701151058,0.12363222964331388,0.0920846951826062,0.06067926673298274,0.02984226232769638,-0.001705272133011193,0.002842120221685285,0.2663066647719198,3.0
0.24200653687650986,0.21472218274833033,0.1857325564871395,0.1553218701151058,0.12363222964331388,0.0920846951826062,0.06067926673298274,0.02984226232769638,-0.001705272133011193,0.002842120221685285,-0.03041068637203359,0.27241722324854345,3.0
0.21472218274833033,0.1857325564871395,0.1553218701151058,0.12363222964331388,0.0920846951826062,0.06067926673298274,0.02984226232769638,-0.001705272133011193,0.002842120221685285,-0.03041068637203359,-0.018615887452039237,0.24513286912036392,3.0
0.1857325564871395,0.1553218701151058,0.12363222964331388,0.0920846951826062,0.06067926673298274,0.02984226232769638,-0.001705272133011193,0.002842120221685285,-0.03041068637203359,-0.018615887452039237,-0.03481597271564585,0.22054852920278534,3.0
0.1553218701151058,0.12363222964331388,0.0920846951826062,0.06067926673298274,0.02984226232769638,-0.001705272133011193,0.002842120221685285,-0.03041068637203359,-0.018615887452039237,-0.03481597271564585,-0.04646866562455587,0.20179053573966166,3.0
0.12363222964331388,0.0920846951826062,0.06067926673298274,0.02984226232769638,-0.001705272133011193,0.002842120221685285,-0.03041068637203359,-0.018615887452039237,-0.03481597271564585,-0.04646866562455587,-0.05598976836720193,0.17962199801051582,3.0
0.0920846951826062,0.06067926673298274,0.02984226232769638,-0.001705272133011193,0.002842120221685285,-0.03041068637203359,-0.018615887452039237,-0.03481597271564585,-0.04646866562455587,-0.05598976836720193,-0.10075316185874661,0.1928378570413528,3.0
0.06067926673298274,0.02984226232769638,-0.001705272133011193,0.002842120221685285,-0.03041068637203359,-0.018615887452039237,-0.03481597271564585,-0.04646866562455587,-0.05598976836720193,-0.10075316185874661,-0.14452181327270142,0.20520108000568416,3.0
0.02984226232769638,-0.001705272133011193,0.002842120221685285,-0.03041068637203359,-0.018615887452039237,-0.03481597271564585,-0.04646866562455587,-0.05598976836720193,-0.10075316185874661,-0.14452181327270142,-0.18999573681966753,0.2198379991473639,3.0
-0.001705272133011193,0.002842120221685285,-0.03041068637203359,-0.018615887452039237,-0.03481597271564585,-0.04646866562455587,-0.05598976836720193,-0.10075316185874661,-0.14452181327270142,-0.18999573681966753,-0.23689072047747617,0.23973284069916145,3.0
0.002842120221685285,-0.03041068637203359,-0.018615887452039237,-0.03481597271564585,-0.04646866562455587,-0.05598976836720193,-0.10075316185874661,-0.14452181327270142,-0.18999573681966753,-0.23689072047747617,-0.2913173227227511,0.2941594429444364,0.0
-0.03041068637203359,-0.018615887452039237,-0.03481597271564585,-0.04646866562455587,-0.05598976836720193,-0.10075316185874661,-0.14452181327270142,-0.18999573681966753,-0.23689072047747617,-0.2913173227227511,-0.31618587466249826,0.297569987210459,0.0
-0.018615887452039237,-0.03481597271564585,-0.04646866562455587,-0.05598976836720193,-0.10075316185874661,-0.14452181327270142,-0.18999573681966753,-0.23689072047747617,-0.2913173227227511,-0.31618587466249826,-0.3447491828904362,0.326133295438397,0.0
-0.03481597271564585,-0.04646866562455587,-0.05598976836720193,-0.10075316185874661,-0.14452181327270142,-0.18999573681966753,-0.23689072047747617,-0.2913173227227511,-0.31618587466249826,-0.3447491828904362,-0.37757567145090243,0.3427596987352566,0.0
-0.04646866562455587,-0.05598976836720193,-0.10075316185874661,-0.14452181327270142,-0.18999573681966753,-0.23689072047747617,-0.2913173227227511,-0.31618587466249826,-0.3447491828904362,-0.37757567145090243,-0.4118232201222112,0.3653545544976553,0.0
-0.05598976836720193,-0.10075316185874661,-0.14452181327270142,-0.18999573681966753,-0.23689072047747617,-0.2913173227227511,-0.31618587466249826,-0.3447491828904362,-0.37757567145090243,-0.4118232201222112,-0.44962341907062664,0.3936336507034247,0.0
-0.10075316185874661,-0.14452181327270142,-0.18999573681966753,-0.23689072047747617,-0.2913173227227511,-0.31618587466249826,-0.3447491828904362,-0.37757567145090243,-0.4118232201222112,-0.44962341907062664,-0.5293448912889015,0.4285917294301549,0.0
-0.14452181327270142,-0.18999573681966753,-0.23689072047747617,-0.2913173227227511,-0.31618587466249826,-0.3447491828904362,-0.37757567145090243,-0.4118232201222112,-0.44962341907062664,-0.5293448912889015,-0.6123348017621145,0.4678129884894131,0.0
-0.18999573681966753,-0.23689072047747617,-0.2913173227227511,-0.31618587466249826,-0.3447491828904362,-0.37757567145090243,-0.4118232201222112,-0.44962341907062664,-0.5293448912889015,-0.6123348017621145,-0.6620719056416087,0.47207616882194114,0.0
-0.23689072047747617,-0.2913173227227511,-0.31618587466249826,-0.3447491828904362,-0.37757567145090243,-0.4118232201222112,-0.44962341907062664,-0.5293448912889015,-0.6123348017621145,-0.6620719056416087,-0.7122353275543556,0.4753446070768794,0.0
-0.2913173227227511,-0.31618587466249826,-0.3447491828904362,-0.37757567145090243,-0.4118232201222112,-0.44962341907062664,-0.5293448912889015,-0.6123348017621145,-0.6620719056416087,-0.7122353275543556,-0.760551371323007,0.46923404860025586,0.0
-0.31618587466249826,-0.3447491828904362,-0.37757567145090243,-0.4118232201222112,-0.44962341907062664,-0.5293448912889015,-0.6123348017621145,-0.6620719056416087,-0.7122353275543556,-0.760551371323007,-0.8077305670029842,0.4915446923404859,0.0
-0.3447491828904362,-0.37757567145090243,-0.4118232201222112,-0.44962341907062664,-0.5293448912889015,-0.6123348017621145,-0.6620719056416087,-0.7122353275543556,-0.760551371323007,-0.8077305670029842,-0.8473781440954953,0.5026289612050591,0.0
-0.37757567145090243,-0.4118232201222112,-0.44962341907062664,-0.5293448912889015,-0.6123348017621145,-0.6620719056416087,-0.7122353275543556,-0.760551371323007,-0.8077305670029842,-0.8473781440954953,-0.9140258632940174,0.5364501918431149,0.0
-0.4118232201222112,-0.44962341907062664,-0.5293448912889015,-0.6123348017621145,-0.6620719056416087,-0.7122353275543556,-0.760551371323007,-0.8077305670029842,-0.8473781440954953,-0.9140258632940174,-0.9755577660935058,0.5637345459712946,0.0
-0.44962341907062664,-0.5293448912889015,-0.6123348017621145,-0.6620719056416087,-0.7122353275543556,-0.760551371323007,-0.8077305670029842,-0.8473781440954953,-0.9140258632940174,-0.9755577660935058,-1.0,0.5503765809293734,0.0
-0.5293448912889015,-0.6123348017621145,-0.6620719056416087,-0.7122353275543556,-0.760551371323007,-0.8077305670029842,-0.8473781440954953,-0.9140258632940174,-0.9755577660935058,-1.0,-1.0,0.4706551087110985,0.0
-0.6123348017621145,-0.6620719056416087,-0.7122353275543556,-0.760551371323007,-0.8077305670029842,-0.8473781440954953,-0.9140258632940174,-0.9755577660935058,-1.0,-1.0,-1.0,0.3876651982378855,0.0
-0.6620719056416087,-0.7122353275543556,-0.760551371323007,-0.8077305670029842,-0.8473781440954953,-0.9140258632940174,-0.9755577660935058,-1.0,-1.0,-1.0,-1.0,0.33792809435839133,0.0
-0.7122353275543556,-0.760551371323007,-0.8077305670029842,-0.8473781440954953,-0.9140258632940174,-0.9755577660935058,-1.0,-1.0,-1.0,-1.0,-0.9545454545454546,0.2877646724456444,1.0
-0.760551371323007,-0.8077305670029842,-0.8473781440954953,-0.9140258632940174,-0.9755577660935058,-1.0,-1.0,-1.0,-1.0,-0.9545454545454546,-0.9244632918102306,0.23944862867699301,1.0
-0.8077305670029842,-0.8473781440954953,-0.9140258632940174,-0.9755577660935058,-1.0,-1.0,-1.0,-1.0,-0.9545454545454546,-0.9244632918102306,-0.8802014312218394,0.19226943299701582,1.0
-0.8473781440954953,-0.9140258632940174,-0.9755577660935058,-1.0,-1.0,-1.0,-1.0,-0.9545454545454546,-0.9244632918102306,-0.8802014312218394,-0.7871720116618076,0.2128279883381924,1.0
-0.9140258632940174,-0.9755577660935058,-1.0,-1.0,-1.0,-1.0,-0.9545454545454546,-0.9244632918102306,-0.8802014312218394,-0.7871720116618076,-0.7149483169891333,0.2850516830108667,1.0
-0.9755577660935058,-1.0,-1.0,-1.0,-1.0,-0.9545454545454546,-0.9244632918102306,-0.8802014312218394,-0.7871720116618076,-0.7149483169891333,-0.5940895838855023,0.40591041611449774,2.0
-1.0,-1.0,-1.0,-1.0,-0.9545454545454546,-0.9244632918102306,-0.8802014312218394,-0.7871720116618076,-0.7149483169891333,-0.5940895838855023,-0.49416909620991256,0.5058309037900874,2.0
-1.0,-1.0,-1.0,-0.9545454545454546,-0.9244632918102306,-0.8802014312218394,-0.7871720116618076,-0.7149483169891333,-0.5940895838855023,-0.49416909620991256,-0.3825868009541479,0.6174131990458521,2.0
-1.0,-1.0,-0.9545454545454546,-0.9244632918102306,-0.8802014312218394,-0.7871720116618076,-0.7149483169891333,-0.5940895838855023,-0.49416909620991256,-0.3825868009541479,-0.2279353299761463,0.7720646700238537,2.0
-1.0,-0.9545454545454546,-0.9244632918102306,-0.8802014312218394,-0.7871720116618076,-0.7149483169891333,-0.5940895838855023,-0.49416909620991256,-0.3825868009541479,-0.2279353299761463,-0.06546514709780016,0.9345348529021998,2.0
-0.9545454545454546,-0.9244632918102306,-0.8802014312218394,-0.7871720116618076,-0.7149483169891333,-0.5940895838855023,-0.49416909620991256,-0.3825868009541479,-0.2279353299761463,-0.06546514709780016,0.07315133845746091,1.0276967930029155,2.0
-0.9244632918102306,-0.8802014312218394,-0.7871720116618076,-0.7149483169891333,-0.5940895838855023,-0.49416909620991256,-0.3825868009541479,-0.2279353299761463,-0.06546514709780016,0.07315133845746091,0.2125629472568249,1.1370262390670556,2.0
-0.8802014312218394,-0.7871720116618076,-0.7149483169891333,-0.5940895838855023,-0.49416909620991256,-0.3825868009541479,-0.2279353299761463,-0.06546514709780016,0.07315133845746091,0.2125629472568249,0.3116883116883118,1.1918897429101512,2.0
-0.7871720116618076,-0.7149483169891333,-0.5940895838855023,-0.49416909620991256,-0.3825868009541479,-0.2279353299761463,-0.06546514709780016,0.07315133845746091,0.2125629472568249,0.3116883116883118,0.467930029154519,1.2551020408163267,2.0
-0.7149483169891333,-0.5940895838855023,-0.49416909620991256,-0.3825868009541479,-0.2279353299761463,-0.06546514709780016,0.07315133845746091,0.2125629472568249,0.3116883116883118,0.467930029154519,0.6122448979591837,1.327193214948317,2.0
-0.5940895838855023,-0.49416909620991256,-0.3825868009541479,-0.2279353299761463,-0.06546514709780016,0.07315133845746091,0.2125629472568249,0.3116883116883118,0.467930029154519,0.6122448979591837,0.7083222899549431,1.3024118738404453,2.0
-0.49416909620991256,-0.3825868009541479,-0.2279353299761463,-0.06546514709780016,0.07315133845746091,0.2125629472568249,0.3116883116883118,0.467930029154519,0.6122448979591837,0.7083222899549431,0.8248078452160086,1.3189769414259211,2.0
-0.3825868009541479,-0.2279353299761463,-0.06546514709780016,0.07315133845746091,0.2125629472568249,0.3116883116883118,0.467930029154519,0.6122448979591837,0.7083222899549431,0.8248078452160086,0.890007951232441,1.2725947521865888,2.0
-0.2279353299761463,-0.06546514709780016,0.07315133845746091,0.2125629472568249,0.3116883116883118,0.467930029154519,0.6122448979591837,0.7083222899549431,0.8248078452160086,0.890007951232441,0.9725682480784521,1.2005035780545983,2.0
-0.06546514709780016,0.07315133845746091,0.2125629472568249,0.3116883116883118,0.467930029154519,0.6122448979591837,0.7083222899549431,0.8248078452160086,0.890007951232441,0.9725682480784521,1.0,1.0654651470978003,2.0
0.07315133845746091,0.2125629472568249,0.3116883116883118,0.467930029154519,0.6122448979591837,0.7083222899549431,0.8248078452160086,0.890007951232441,0.9725682480784521,1.0,0.9899689830396621,0.9268486615425391,2.0
0.2125629472568249,0.3116883116883118,0.467930029154519,0.6122448979591837,0.7083222899549431,0.8248078452160086,0.890007951232441,0.9725682480784521,1.0,0.9899689830396621,0.9664752854220287,0.7874370527431751,2.0
0.3116883116883118,0.467930029154519,0.6122448979591837,0.7083222899549431,0.8248078452160086,0.890007951232441,0.9725682480784521,1.0,0.9899689830396621,0.9664752854220287,0.962383686398733,0.6883116883116882,2.0
0.467930029154519,0.6122448979591837,0.7083222899549431,0.8248078452160086,0.890007951232441,0.9725682480784521,1.0,0.9899689830396621,0.9664752854220287,0.962383686398733,0.9817857849930707,0.532069970845481,3.0
0.6122448979591837,0.7083222899549431,0.8248078452160086,0.890007951232441,0.9725682480784521,1.0,0.9899689830396621,0.9664752854220287,0.962383686398733,0.9817857849930707,0.9908928924965354,0.3877551020408163,3.0
0.7083222899549431,0.8248078452160086,0.890007951232441,0.9725682480784521,1.0,0.9899689830396621,0.9664752854220287,0.962383686398733,0.9817857849930707,0.9908928924965354,0.9582920873754373,0.29167771004505694,3.0
0.8248078452160086,0.890007951232441,0.9725682480784521,1.0,0.9899689830396621,0.9664752854220287,0.962383686398733,0.9817857849930707,0.9908928924965354,0.9582920873754373,0.921731670296311,0.17519215478399142,3.0
0.890007951232441,0.9725682480784521,1.0,0.9899689830396621,0.9664752854220287,0.962383686398733,0.9817857849930707,0.9908928924965354,0.9582920873754373,0.921731670296311,0.84742295255065,0.15257704744934997,3.0
0.9725682480784521,1.0,0.9899689830396621,0.9664752854220287,0.962383686398733,0.9817857849930707,0.9908928924965354,0.9582920873754373,0.921731670296311,0.84742295255065,0.7695505840427639,0.23044941595723611,3.0
1.0,0.9899689830396621,0.9664752854220287,0.962383686398733,0.9817857849930707,0.9908928924965354,0.9582920873754373,0.921731670296311,0.84742295255065,0.7695505840427639,0.6912822543390749,0.30871774566092514,3.0
0.9899689830396621,0.9664752854220287,0.962383686398733,0.9817857849930707,0.9908928924965354,0.9582920873754373,0.921731670296311,0.84742295255065,0.7695505840427639,0.6912822543390749,0.6124859763743153,0.3784069161222201,3.0
0.9664752854220287,0.962383686398733,0.9817857849930707,0.9908928924965354,0.9582920873754373,0.921731670296311,0.84742295255065,0.7695505840427639,0.6912822543390749,0.6124859763743153,0.5664224905959216,0.4244704019006138,0.0
0.962383686398733,0.9817857849930707,0.9908928924965354,0.9582920873754373,0.921731670296311,0.84742295255065,0.7695505840427639,0.6912822543390749,0.6124859763743153,0.5664224905959216,0.5212829142744011,0.46960997822213435,0.0
0.9817857849930707,0.9908928924965354,0.9582920873754373,0.921731670296311,0.84742295255065,0.7695505840427639,0.6912822543390749,0.6124859763743153,0.5664224905959216,0.5212829142744011,0.5136276644888802,0.47726522800765525,0.0
0.9908928924965354,0.9582920873754373,0.921731670296311,0.84742295255065,0.7695505840427639,0.6912822543390749,0.6124859763743153,0.5664224905959216,0.5212829142744011,0.5136276644888802,0.5096680525308519,0.48122483996568355,0.0
0.9582920873754373,0.921731670296311,0.84742295255065,0.7695505840427639,0.6912822543390749,0.6124859763743153,0.5664224905959216,0.5212829142744011,0.5136276644888802,0.5096680525308519,0.4764073120834158,0.48188477529202145,0.0
0.921731670296311,0.84742295255065,0.7695505840427639,0.6912822543390749,0.6124859763743153,0.5664224905959216,0.5212829142744011,0.5136276644888802,0.5096680525308519,0.4764073120834158,0.44578631294133175,0.4759453573549792,0.0
0.84742295255065,0.7695505840427639,0.6912822543390749,0.6124859763743153,0.5664224905959216,0.5212829142744011,0.5136276644888802,0.5096680525308519,0.4764073120834158,0.44578631294133175,0.41714511977826163,0.4302778327723884,0.0
0.7695505840427639,0.6912822543390749,0.6124859763743153,0.5664224905959216,0.5212829142744011,0.5136276644888802,0.5096680525308519,0.4764073120834158,0.44578631294133175,0.41714511977826163,0.39021975846367063,0.37933082557909326,0.0
0.6912822543390749,0.6124859763743153,0.5664224905959216,0.5212829142744011,0.5136276644888802,0.5096680525308519,0.4764073120834158,0.44578631294133175,0.41714511977826163,0.39021975846367063,0.3998548142282057,0.30106249587540423,0.0
0.6124859763743153,0.5664224905959216,0.5212829142744011,0.5136276644888802,0.5096680525308519,0.4764073120834158,0.44578631294133175,0.41714511977826163,0.39021975846367063,0.3998548142282057,0.4126575595591633,0.22226621791064471,0.0
0.5664224905959216,0.5212829142744011,0.5136276644888802,0.5096680525308519,0.4764073120834158,0.44578631294133175,0.41714511977826163,0.39021975846367063,0.3998548142282057,0.4126575595591633,0.4274401108691348,0.17620273213225102,0.0
0.5212829142744011,0.5136276644888802,0.5096680525308519,0.4764073120834158,0.44578631294133175,0.41714511977826163,0.39021975846367063,0.3998548142282057,0.4126575595591633,0.4274401108691348,0.44367451989705,0.13106315581073047,0.0
0.5136276644888802,0.5096680525308519,0.4764073120834158,0.44578631294133175,0.41714511977826163,0.39021975846367063,0.3998548142282057,0.4126575595591633,0.4274401108691348,0.44367451989705,0.46268065729558505,0.12340790602520957,0.0
0.5096680525308519,0.4764073120834158,0.44578631294133175,0.41714511977826163,0.39021975846367063,0.3998548142282057,0.4126575595591633,0.4274401108691348,0.44367451989705,0.46268065729558505,0.4828746782815283,0.11944829406718127,1.0
0.4764073120834158,0.44578631294133175,0.41714511977826163,0.39021975846367063,0.3998548142282057,0.4126575595591633,0.4274401108691348,0.44367451989705,0.46268065729558505,0.4828746782815283,0.4707318682769088,0.09265491981785767,1.0
0.44578631294133175,0.41714511977826163,0.39021975846367063,0.3998548142282057,0.4126575595591633,0.4274401108691348,0.44367451989705,0.46268065729558505,0.4828746782815283,0.4707318682769088,0.4589850194680922,0.09265491981785767,1.0
0.41714511977826163,0.39021975846367063,0.3998548142282057,0.4126575595591633,0.4274401108691348,0.44367451989705,0.46268065729558505,0.4828746782815283,0.4707318682769088,0.4589850194680922,0.4490859895730219,0.09265491981785767,1.0
0.39021975846367063,0.3998548142282057,0.4126575595591633,0.4274401108691348,0.44367451989705,0.46268065729558505,0.4828746782815283,0.4707318682769088,0.4589850194680922,0.4490859895730219,0.4424866363096416,0.09265491981785767,1.0
0.3998548142282057,0.4126575595591633,0.4274401108691348,0.44367451989705,0.46268065729558505,0.4828746782815283,0.4707318682769088,0.4589850194680922,0.4490859895730219,0.4424866363096416,0.3948393057480366,0.0880353725334917,1.0
0.4126575595591633,0.4274401108691348,0.44367451989705,0.46268065729558505,0.4828746782815283,0.4707318682769088,0.4589850194680922,0.4490859895730219,0.4424866363096416,0.3948393057480366,0.33782089355243183,0.14505378472909647,1.0
0.4274401108691348,0.44367451989705,0.46268065729558505,0.4828746782815283,0.4707318682769088,0.4589850194680922,0.4490859895730219,0.4424866363096416,0.3948393057480366,0.33782089355243183,0.2798785718999539,0.2029961063815744,1.0
0.44367451989705,0.46268065729558505,0.4828746782815283,0.4707318682769088,0.4589850194680922,0.4490859895730219,0.4424866363096416,0.3948393057480366,0.33782089355243183,0.2798785718999539,0.2233881079654194,0.2594865703161089,1.0
0.46268065729558505,0.4828746782815283,0.4707318682769088,0.4589850194680922,0.4490859895730219,0.4424866363096416,0.3948393057480366,0.33782089355243183,0.2798785718999539,0.2233881079654194,0.20029037154358864,0.28258430673793966,0.0
0.4828746782815283,0.4707318682769088,0.4589850194680922,0.4490859895730219,0.4424866363096416,0.3948393057480366,0.33782089355243183,0.2798785718999539,0.2233881079654194,0.20029037154358864,0.17798455751336362,0.3048901207681647,0.0
0.4707318682769088,0.4589850194680922,0.4490859895730219,0.4424866363096416,0.3948393057480366,0.33782089355243183,0.2798785718999539,0.2233881079654194,0.20029037154358864,0.17798455751336362,0.15435887283046257,0.31637299544644626,0.0
0.4589850194680922,0.4490859895730219,0.4424866363096416,0.3948393057480366,0.33782089355243183,0.2798785718999539,0.2233881079654194,0.20029037154358864,0.17798455751336362,0.15435887283046257,0.13073318814756152,0.3282518313205307,0.0
0.4490859895730219,0.4424866363096416,0.3948393057480366,0.33782089355243183,0.2798785718999539,0.2233881079654194,0.20029037154358864,0.17798455751336362,0.15435887283046257,0.13073318814756152,0.10684352933412522,0.3422424602388967,0.0
0.4424866363096416,0.3948393057480366,0.33782089355243183,0.2798785718999539,0.2233881079654194,0.20029037154358864,0.17798455751336362,0.15435887283046257,0.13073318814756152,0.10684352933412522,0.08348181878175942,0.35900481752788216,0.0
0.3948393057480366,0.33782089355243183,0.2798785718999539,0.2233881079654194,0.20029037154358864,0.17798455751336362,0.15435887283046257,0.13073318814756152,0.10684352933412522,0.08348181878175942,0.058536263446182346,0.33630304230185426,0.0
0.33782089355243183,0.2798785718999539,0.2233881079654194,0.20029037154358864,0.17798455751336362,0.15435887283046257,0.13073318814756152,0.10684352933412522,0.08348181878175942,0.058536263446182346,0.0314789150663235,0.30634197848610834,0.0
0.2798785718999539,0.2233881079654194,0.20029037154358864,0.17798455751336362,0.15435887283046257,0.13073318814756152,0.10684352933412522,0.08348181878175942,0.058536263446182346,0.0314789150663235,0.04758133702897127,0.2483996568336304,0.0
0.2233881079654194,0.20029037154358864,0.17798455751336362,0.15435887283046257,0.13073318814756152,0.10684352933412522,0.08348181878175942,0.058536263446182346,0.0314789150663235,0.04758133702897127,0.07318682769088625,0.19190919289909592,0.0
0.20029037154358864,0.17798455751336362,0.15435887283046257,0.13073318814756152,0.10684352933412522,0.08348181878175942,0.058536263446182346,0.0314789150663235,0.04758133702897127,0.07318682769088625,0.10037616313601272,0.16881145647726514,0.0
0.17798455751336362,0.15435887283046257,0.13073318814756152,0.10684352933412522,0.08348181878175942,0.058536263446182346,0.0314789150663235,0.04758133702897127,0.07318682769088625,0.10037616313601272,0.12624562792846294,0.14650564244704012,0.0
0.15435887283046257,0.13073318814756152,0.10684352933412522,0.08348181878175942,0.058536263446182346,0.0314789150663235,0.04758133702897127,0.07318682769088625,0.10037616313601272,0.12624562792846294,0.11859037814294204,0.12287995776413907,0.0
0.13073318814756152,0.10684352933412522,0.08348181878175942,0.058536263446182346,0.0314789150663235,0.04758133702897127,0.07318682769088625,0.10037616313601272,0.12624562792846294,0.11859037814294204,0.11093512835742092,0.09925427308123802,1.0
0.10684352933412522,0.08348181878175942,0.058536263446182346,0.0314789150663235,0.04758133702897127,0.07318682769088625,0.10037616313601272,0.12624562792846294,0.11859037814294204,0.11093512835742092,0.10393981389823792,0.09476671286213945,1.0
0.08348181878175942,0.058536263446182346,0.0314789150663235,0.04758133702897127,0.07318682769088625,0.10037616313601272,0.12624562792846294,0.11859037814294204,0.11093512835742092,0.10393981389823792,0.09760443476539304,0.09476671286213945,1.0
0.058536263446182346,0.0314789150663235,0.04758133702897127,0.07318682769088625,0.10037616313601272,0.12624562792846294,0.11859037814294204,0.11093512835742092,0.10393981389823792,0.09760443476539304,0.09179700389361845,0.09476671286213945,1.0
0.0314789150663235,0.04758133702897127,0.07318682769088625,0.10037616313601272,0.12624562792846294,0.11859037814294204,0.11093512835742092,0.10393981389823792,0.09760443476539304,0.09179700389361845,0.08704546954398462,0.09476671286213945,1.0
0.04758133702897127,0.07318682769088625,0.10037616313601272,0.12624562792846294,0.11859037814294204,0.11093512835742092,0.10393981389823792,0.09760443476539304,0.09179700389361845,0.08704546954398462,0.0821619481290834,0.07866429089949167,1.0
0.07318682769088625,0.10037616313601272,0.12624562792846294,0.11859037814294204,0.11093512835742092,0.10393981389823792,0.09760443476539304,0.09179700389361845,0.08704546954398462,0.0821619481290834,0.0775424008447172,0.0530588002375767,1.0
0.10037616313601272,0.12624562792846294,0.11859037814294204,0.11093512835742092,0.10393981389823792,0.09760443476539304,0.09179700389361845,0.08704546954398462,0.0821619481290834,0.0775424008447172,0.0722629182340131,0.05398270969444985,1.0
0.12624562792846294,0.11859037814294204,0.11093512835742092,0.10393981389823792,0.09760443476539304,0.09179700389361845,0.08704546954398462,0.0821619481290834,0.0775424008447172,0.0722629182340131,0.06724740975384402,0.05899821817461892,1.0
0.11859037814294204,0.11093512835742092,0.10393981389823792,0.09760443476539304,0.09179700389361845,0.08704546954398462,0.0821619481290834,0.0775424008447172,0.0722629182340131,0.06724740975384402,0.06262786246947805,0.055962515673464,1.0
0.11093512835742092,0.10393981389823792,0.09760443476539304,0.09179700389361845,0.08704546954398462,0.0821619481290834,0.0775424008447172,0.0722629182340131,0.06724740975384402,0.06262786246947805,0.05840427638091472,0.0525308519765062,1.0
0.10393981389823792,0.09760443476539304,0.09179700389361845,0.08704546954398462,0.0821619481290834,0.0775424008447172,0.0722629182340131,0.06724740975384402,0.06262786246947805,0.05840427638091472,0.05523658681449217,0.04870322708374575,1.0
0.09760443476539304,0.09179700389361845,0.08704546954398462,0.0821619481290834,0.0775424008447172,0.0722629182340131,0.06724740975384402,0.06262786246947805,0.05840427638091472,0.05523658681449217,0.05233287137860487,0.04527156338678817,1.0
0.09179700389361845,0.08704546954398462,0.0821619481290834,0.0775424008447172,0.0722629182340131,0.06724740975384402,0.06262786246947805,0.05840427638091472,0.05523658681449217,0.05233287137860487,0.0507490265953936,0.04104797729822485,1.0
0.08704546954398462,0.0821619481290834,0.0775424008447172,0.0722629182340131,0.06724740975384402,0.06262786246947805,0.05840427638091472,0.05523658681449217,0.05233287137860487,0.0507490265953936,0.0490331947469147,0.03801227479706992,1.0
0.0821619481290834,0.0775424008447172,0.0722629182340131,0.06724740975384402,0.06262786246947805,0.05840427638091472,0.05523658681449217,0.05233287137860487,0.0507490265953936,0.0490331947469147,0.047449349963703646,0.03471259816537975,1.0
0.0775424008447172,0.0722629182340131,0.06724740975384402,0.06262786246947805,0.05840427638091472,0.05523658681449217,0.05233287137860487,0.0507490265953936,0.0490331947469147,0.047449349963703646,0.04520556985415425,0.03233683099056295,1.0
0.0722629182340131,0.06724740975384402,0.06262786246947805,0.05840427638091472,0.05523658681449217,0.05233287137860487,0.0507490265953936,0.0490331947469147,0.047449349963703646,0.04520556985415425,0.04296178974460507,0.029301128489408024,1.0
0.06724740975384402,0.06262786246947805,0.05840427638091472,0.05523658681449217,0.05233287137860487,0.0507490265953936,0.0490331947469147,0.047449349963703646,0.04520556985415425,0.04296178974460507,0.0408499967003233,0.026397413053520724,1.0
0.06262786246947805,0.05840427638091472,0.05523658681449217,0.05233287137860487,0.0507490265953936,0.0490331947469147,0.047449349963703646,0.04520556985415425,0.04296178974460507,0.0408499967003233,0.0384742295255065,0.024153632943971548,1.0
0.05840427638091472,0.05523658681449217,0.05233287137860487,0.0507490265953936,0.0490331947469147,0.047449349963703646,0.04520556985415425,0.04296178974460507,0.0408499967003233,0.0384742295255065,0.03649442354649235,0.021909852834422372,1.0
0.05523658681449217,0.05233287137860487,0.0507490265953936,0.0490331947469147,0.047449349963703646,0.04520556985415425,0.04296178974460507,0.0408499967003233,0.0384742295255065,0.03649442354649235,0.03359070811060505,0.021645878703887123,1.0
0.05233287137860487,0.0507490265953936,0.0490331947469147,0.047449349963703646,0.04520556985415425,0.04296178974460507,0.0408499967003233,0.0384742295255065,0.03649442354649235,0.03359070811060505,-0.007985217448690074,0.06031808882729495,1.0
0.0507490265953936,0.0490331947469147,0.047449349963703646,0.04520556985415425,0.04296178974460507,0.0408499967003233,0.0384742295255065,0.03649442354649235,0.03359070811060505,-0.007985217448690074,-0.057348379858773835,0.10809740645416743,1.0
0.0490331947469147,0.047449349963703646,0.04520556985415425,0.04296178974460507,0.0408499967003233,0.0384742295255065,0.03649442354649235,0.03359070811060505,-0.007985217448690074,-0.057348379858773835,-0.11106711542268854,0.16010031016960324,1.0
0.047449349963703646,0.04520556985415425,0.04296178974460507,0.0408499967003233,0.0384742295255065,0.03649442354649235,0.03359070811060505,-0.007985217448690074,-0.057348379858773835,-0.11106711542268854,-0.13720055434567413,0.18464990430937778,1.0
0.04520556985415425,0.04296178974460507,0.0408499967003233,0.0384742295255065,0.03649442354649235,0.03359070811060505,-0.007985217448690074,-0.057348379858773835,-0.11106711542268854,-0.13720055434567413,-0.16993334653203984,0.2151389163861941,0.0
0.04296178974460507,0.0408499967003233,0.0384742295255065,0.03649442354649235,0.03359070811060505,-0.007985217448690074,-0.057348379858773835,-0.11106711542268854,-0.13720055434567413,-0.16993334653203984,-0.20781363426384214,0.2507754240084472,0.0
0.0408499967003233,0.0384742295255065,0.03649442354649235,0.03359070811060505,-0.007985217448690074,-0.057348379858773835,-0.11106711542268854,-0.13720055434567413,-0.16993334653203984,-0.20781363426384214,-0.2841021579885171,0.3249521546888404,0.0
0.0384742295255065,0.03649442354649235,0.03359070811060505,-0.007985217448690074,-0.057348379858773835,-0.11106711542268854,-0.13720055434567413,-0.16993334653203984,-0.20781363426384214,-0.2841021579885171,-0.362766448888009,0.4012406784135155,0.0
0.03649442354649235,0.03359070811060505,-0.007985217448690074,-0.057348379858773835,-0.11106711542268854,-0.13720055434567413,-0.16993334653203984,-0.20781363426384214,-0.2841021579885171,-0.362766448888009,-0.4419586880485712,0.47845311159506354,0.0
0.03359070811060505,-0.007985217448690074,-0.057348379858773835,-0.11106711542268854,-0.13720055434567413,-0.16993334653203984,-0.20781363426384214,-0.2841021579885171,-0.362766448888009,-0.4419586880485712,-0.5215468884049363,0.5551375965155414,0.0
-0.007985217448690074,-0.057348379858773835,-0.11106711542268854,-0.13720055434567413,-0.16993334653203984,-0.20781363426384214,-0.2841021579885171,-0.362766448888009,-0.4419586880485712,-0.5215468884049363,-0.6024549594139774,0.5944697419652873,0.0
-0.057348379858773835,-0.11106711542268854,-0.13720055434567413,-0.16993334653203984,-0.20781363426384214,-0.2841021579885171,-0.362766448888009,-0.4419586880485712,-0.5215468884049363,-0.6024549594139774,-0.6829670692272157,0.6256186893684419,0.0
-0.11106711542268854,-0.13720055434567413,-0.16993334653203984,-0.20781363426384214,-0.2841021579885171,-0.362766448888009,-0.4419586880485712,-0.5215468884049363,-0.6024549594139774,-0.6829670692272157,-0.725862865439187,0.6147957500164984,0.0
-0.13720055434567413,-0.16993334653203984,-0.20781363426384214,-0.2841021579885171,-0.362766448888009,-0.4419586880485712,-0.5215468884049363,-0.6024549594139774,-0.6829670692272157,-0.725862865439187,-0.7603114894740315,0.6231109351283574,0.0
-0.16993334653203984,-0.20781363426384214,-0.2841021579885171,-0.362766448888009,-0.4419586880485712,-0.5215468884049363,-0.6024549594139774,-0.6829670692272157,-0.725862865439187,-0.7603114894740315,-0.787500824919158,0.6175674783871181,0.0
-0.20781363426384214,-0.2841021579885171,-0.362766448888009,-0.4419586880485712,-0.5215468884049363,-0.6024549594139774,-0.6829670692272157,-0.725862865439187,-0.7603114894740315,-0.787500824919158,-0.8000395961195803,0.5922259618557382,0.0
-0.2841021579885171,-0.362766448888009,-0.4419586880485712,-0.5215468884049363,-0.6024549594139774,-0.6829670692272157,-0.725862865439187,-0.7603114894740315,-0.787500824919158,-0.8000395961195803,-0.7941001781825381,0.5159374381310632,0.0
-0.362766448888009,-0.4419586880485712,-0.5215468884049363,-0.6024549594139774,-0.6829670692272157,-0.725862865439187,-0.7603114894740315,-0.787500824919158,-0.8000395961195803,-0.7941001781825381,-0.8059790140566224,0.4432125651686134,0.0
-0.4419586880485712,-0.5215468884049363,-0.6024549594139774,-0.6829670692272157,-0.725862865439187,-0.7603114894740315,-0.787500824919158,-0.8000395961195803,-0.7941001781825381,-0.8059790140566224,-0.735497921203722,0.36402032600805123,0.0
-0.5215468884049363,-0.6024549594139774,-0.6829670692272157,-0.725862865439187,-0.7603114894740315,-0.787500824919158,-0.8000395961195803,-0.7941001781825381,-0.8059790140566224,-0.735497921203722,-0.6494423546492444,0.2844321256516861,0.0
-0.6024549594139774,-0.6829670692272157,-0.725862865439187,-0.7603114894740315,-0.787500824919158,-0.8000395961195803,-0.7941001781825381,-0.8059790140566224,-0.735497921203722,-0.6494423546492444,-0.585956576255527,0.22002243780109543,0.0
-0.6829670692272157,-0.725862865439187,-0.7603114894740315,-0.787500824919158,-0.8000395961195803,-0.7941001781825381,-0.8059790140566224,-0.735497921203722,-0.6494423546492444,-0.585956576255527,-0.4764073120834158,0.3295717019732066,0.0
-0.725862865439187,-0.7603114894740315,-0.787500824919158,-0.8000395961195803,-0.7941001781825381,-0.8059790140566224,-0.735497921203722,-0.6494423546492444,-0.585956576255527,-0.4764073120834158,-0.35537517323302314,0.4506038408235993,2.0
-0.7603114894740315,-0.787500824919158,-0.8000395961195803,-0.7941001781825381,-0.8059790140566224,-0.735497921203722,-0.6494423546492444,-0.585956576255527,-0.4764073120834158,-0.35537517323302314,-0.2594205767834752,0.5465584372731472,2.0
-0.787500824919158,-0.8000395961195803,-0.7941001781825381,-0.8059790140566224,-0.735497921203722,-0.6494423546492444,-0.585956576255527,-0.4764073120834158,-0.35537517323302314,-0.2594205767834752,-0.15383092456939218,0.6521480894872302,2.0
-0.8000395961195803,-0.7941001781825381,-0.8059790140566224,-0.735497921203722,-0.6494423546492444,-0.585956576255527,-0.4764073120834158,-0.35537517323302314,-0.2594205767834752,-0.15383092456939218,-0.005213489078070399,0.800765524978552,2.0
-0.7941001781825381,-0.8059790140566224,-0.735497921203722,-0.6494423546492444,-0.585956576255527,-0.4764073120834158,-0.35537517323302314,-0.2594205767834752,-0.15383092456939218,-0.005213489078070399,0.15303900217778654,0.959018016234409,2.0
-0.8059790140566224,-0.735497921203722,-0.6494423546492444,-0.585956576255527,-0.4764073120834158,-0.35537517323302314,-0.2594205767834752,-0.15383092456939218,-0.005213489078070399,0.15303900217778654,0.2414703359070811,1.0474493499637036,2.0
-0.735497921203722,-0.6494423546492444,-0.585956576255527,-0.4764073120834158,-0.35537517323302314,-0.2594205767834752,-0.15383092456939218,-0.005213489078070399,0.15303900217778654,0.2414703359070811,0.3240942387646011,1.0595921599683231,2.0
-0.6494423546492444,-0.585956576255527,-0.4764073120834158,-0.35537517323302314,-0.2594205767834752,-0.15383092456939218,-0.005213489078070399,0.15303900217778654,0.2414703359070811,0.3240942387646011,0.43456741239358543,1.0840097670428297,2.0
-0.585956576255527,-0.4764073120834158,-0.35537517323302314,-0.2594205767834752,-0.15383092456939218,-0.005213489078070399,0.15303900217778654,0.2414703359070811,0.3240942387646011,0.43456741239358543,0.5384412327591896,1.1243978090147166,2.0
-0.4764073120834158,-0.35537517323302314,-0.2594205767834752,-0.15383092456939218,-0.005213489078070399,0.15303900217778654,0.2414703359070811,0.3240942387646011,0.43456741239358543,0.5384412327591896,0.6289843595327658,1.1053916716161816,2.0
-0.35537517323302314,-0.2594205767834752,-0.15383092456939218,-0.005213489078070399,0.15303900217778654,0.2414703359070811,0.3240942387646011,0.43456741239358543,0.5384412327591896,0.6289843595327658,0.7054048703227083,1.0607800435557313,2.0
-0.2594205767834752,-0.15383092456939218,-0.005213489078070399,0.15303900217778654,0.2414703359070811,0.3240942387646011,0.43456741239358543,0.5384412327591896,0.6289843595327658,0.7054048703227083,0.7294265162014122,0.9888470929848874,2.0
-0.15383092456939218,-0.005213489078070399,0.15303900217778654,0.2414703359070811,0.3240942387646011,0.43456741239358543,0.5384412327591896,0.6289843595327658,0.7054048703227083,0.7294265162014122,0.7358938823995249,0.8897248069689171,2.0
-0.005213489078070399,0.15303900217778654,0.2414703359070811,0.3240942387646011,0.43456741239358543,0.5384412327591896,0.6289843595327658,0.7054048703227083,0.7294265162014122,0.7358938823995249,0.7946281264436086,0.799841615521679,2.0
0.15303900217778654,0.2414703359070811,0.3240942387646011,0.43456741239358543,0.5384412327591896,0.6289843595327658,0.7054048703227083,0.7294265162014122,0.7358938823995249,0.7946281264436086,0.8373919355903121,0.6843529334125256,2.0
0.2414703359070811,0.3240942387646011,0.43456741239358543,0.5384412327591896,0.6289843595327658,0.7054048703227083,0.7294265162014122,0.7358938823995249,0.7946281264436086,0.8373919355903121,0.795816010031017,0.595921599683231,2.0
0.3240942387646011,0.43456741239358543,0.5384412327591896,0.6289843595327658,0.7054048703227083,0.7294265162014122,0.7358938823995249,0.7946281264436086,0.8373919355903121,0.795816010031017,0.7369497789216657,0.513297696825711,2.0
0.43456741239358543,0.5384412327591896,0.6289843595327658,0.7054048703227083,0.7294265162014122,0.7358938823995249,0.7946281264436086,0.8373919355903121,0.795816010031017,0.7369497789216657,0.7013132712994126,0.4028245231967267,2.0
0.5384412327591896,0.6289843595327658,0.7054048703227083,0.7294265162014122,0.7358938823995249,0.7946281264436086,0.8373919355903121,0.795816010031017,0.7369497789216657,0.7013132712994126,0.6588134362832443,0.29895070283112246,2.0
0.6289843595327658,0.7054048703227083,0.7294265162014122,0.7358938823995249,0.7946281264436086,0.8373919355903121,0.795816010031017,0.7369497789216657,0.7013132712994126,0.6588134362832443,0.610242196264766,0.22714973932554616,3.0
0.7054048703227083,0.7294265162014122,0.7358938823995249,0.7946281264436086,0.8373919355903121,0.795816010031017,0.7369497789216657,0.7013132712994126,0.6588134362832443,0.610242196264766,0.5563914736355837,0.2810004619547284,3.0
0.7294265162014122,0.7358938823995249,0.7946281264436086,0.8373919355903121,0.795816010031017,0.7369497789216657,0.7013132712994126,0.6588134362832443,0.610242196264766,0.5563914736355837,0.500692932092655,0.33669900349765713,3.0
0.7358938823995249,0.7946281264436086,0.8373919355903121,0.795816010031017,0.7369497789216657,0.7013132712994126,0.6588134362832443,0.610242196264766,0.5563914736355837,0.500692932092655,0.4806308981719791,0.356761037418333,3.0
0.7946281264436086,0.8373919355903121,0.795816010031017,0.7369497789216657,0.7013132712994126,0.6588134362832443,0.610242196264766,0.5563914736355837,0.500692932092655,0.4806308981719791,0.4665082821883455,0.3708836534019666,3.0
0.8373919355903121,0.795816010031017,0.7369497789216657,0.7013132712994126,0.6588134362832443,0.610242196264766,0.5563914736355837,0.500692932092655,0.4806308981719791,0.4665082821883455,0.458721045337557,0.37867089025275513,3.0
0.795816010031017,0.7369497789216657,0.7013132712994126,0.6588134362832443,0.610242196264766,0.5563914736355837,0.500692932092655,0.4806308981719791,0.4665082821883455,0.458721045337557,0.4228205635847686,0.3729954464462484,3.0
0.7369497789216657,0.7013132712994126,0.6588134362832443,0.610242196264766,0.5563914736355837,0.500692932092655,0.4806308981719791,0.4665082821883455,0.458721045337557,0.4228205635847686,0.39431135748696633,0.34263842143469936,3.0
0.7013132712994126,0.6588134362832443,0.610242196264766,0.5563914736355837,0.500692932092655,0.4806308981719791,0.4665082821883455,0.458721045337557,0.4228205635847686,0.39431135748696633,0.4056622450999803,0.30700191381244624,3.0
0.6588134362832443,0.610242196264766,0.5563914736355837,0.500692932092655,0.4806308981719791,0.4665082821883455,0.458721045337557,0.4228205635847686,0.39431135748696633,0.4056622450999803,0.4208407576057547,0.26450207879627796,3.0
0.610242196264766,0.5563914736355837,0.500692932092655,0.4806308981719791,0.4665082821883455,0.458721045337557,0.4228205635847686,0.39431135748696633,0.4056622450999803,0.4208407576057547,0.43813106315581063,0.21593083877779962,3.0
0.5563914736355837,0.500692932092655,0.4806308981719791,0.4665082821883455,0.458721045337557,0.4228205635847686,0.39431135748696633,0.4056622450999803,0.4208407576057547,0.43813106315581063,0.4559493169669373,0.1620801161486174,3.0
0.500692932092655,0.4806308981719791,0.4665082821883455,0.458721045337557,0.4228205635847686,0.39431135748696633,0.4056622450999803,0.4208407576057547,0.43813106315581063,0.4559493169669373,0.4744275061044019,0.10638157460568864,3.0
0.4806308981719791,0.4665082821883455,0.458721045337557,0.4228205635847686,0.39431135748696633,0.4056622450999803,0.4208407576057547,0.43813106315581063,0.4559493169669373,0.4744275061044019,0.460040915990233,0.0863195406850128,3.0
0.4665082821883455,0.458721045337557,0.4228205635847686,0.39431135748696633,0.4056622450999803,0.4208407576057547,0.43813106315581063,0.4559493169669373,0.4744275061044019,0.460040915990233,0.4477661189203459,0.08011614861743555,3.0
0.458721045337557,0.4228205635847686,0.39431135748696633,0.4056622450999803,0.4208407576057547,0.43813106315581063,0.4559493169669373,0.4744275061044019,0.460040915990233,0.4477661189203459,0.43641523130733195,0.08011614861743555,3.0
0.4228205635847686,0.39431135748696633,0.4056622450999803,0.4208407576057547,0.43813106315581063,0.4559493169669373,0.4744275061044019,0.460040915990233,0.4477661189203459,0.43641523130733195,0.42651620141226165,0.08011614861743555,3.0
0.39431135748696633,0.4056622450999803,0.4208407576057547,0.43813106315581063,0.4559493169669373,0.4744275061044019,0.460040915990233,0.4477661189203459,0.43641523130733195,0.42651620141226165,0.41833300336567025,0.08011614861743555,3.0
0.4056622450999803,0.4208407576057547,0.43813106315581063,0.4559493169669373,0.4744275061044019,0.460040915990233,0.4477661189203459,0.43641523130733195,0.42651620141226165,0.41833300336567025,0.4116016630370223,0.0687652610044216,3.0
0.4208407576057547,0.43813106315581063,0.4559493169669373,0.4744275061044019,0.460040915990233,0.4477661189203459,0.43641523130733195,0.42651620141226165,0.41833300336567025,0.4116016630370223,0.404078400316769,0.07034910578763287,3.0
0.43813106315581063,0.4559493169669373,0.4744275061044019,0.460040915990233,0.4477661189203459,0.43641523130733195,0.42651620141226165,0.41833300336567025,0.4116016630370223,0.404078400316769,0.3485482781904119,0.12587922791398998,3.0
0.4559493169669373,0.4744275061044019,0.460040915990233,0.4477661189203459,0.43641523130733195,0.42651620141226165,0.41833300336567025,0.4116016630370223,0.404078400316769,0.3485482781904119,0.2965782075018857,0.1778492986025162,3.0
0.4744275061044019,0.460040915990233,0.4477661189203459,0.43641523130733195,0.42651620141226165,0.41833300336567025,0.4116016630370223,0.404078400316769,0.3485482781904119,0.2965782075018857,0.2381219734718225,0.23630553263257936,3.0
0.460040915990233,0.4477661189203459,0.43641523130733195,0.42651620141226165,0.41833300336567025,0.4116016630370223,0.404078400316769,0.3485482781904119,0.2965782075018857,0.2381219734718225,0.16392603961119634,0.29611487637903666,3.0
0.4477661189203459,0.43641523130733195,0.42651620141226165,0.41833300336567025,0.4116016630370223,0.404078400316769,0.3485482781904119,0.2965782075018857,0.2381219734718225,0.16392603961119634,0.12183000803917277,0.32593611088117314,0.0
0.43641523130733195,0.42651620141226165,0.41833300336567025,0.4116016630370223,0.404078400316769,0.3485482781904119,0.2965782075018857,0.2381219734718225,0.16392603961119634,0.12183000803917277,0.08017247679602435,0.3562427545113076,0.0
0.42651620141226165,0.41833300336567025,0.4116016630370223,0.404078400316769,0.3485482781904119,0.2965782075018857,0.2381219734718225,0.16392603961119634,0.12183000803917277,0.08017247679602435,0.039245779434334604,0.38727042197792705,0.0
0.41833300336567025,0.4116016630370223,0.404078400316769,0.3485482781904119,0.2965782075018857,0.2381219734718225,0.16392603961119634,0.12183000803917277,0.08017247679602435,0.039245779434334604,-0.00211941825623041,0.42045242162190066,0.0
0.4116016630370223,0.404078400316769,0.3485482781904119,0.2965782075018857,0.2381219734718225,0.16392603961119634,0.12183000803917277,0.08017247679602435,0.039245779434334604,-0.00211941825623041,-0.044507783380837496,0.4561094464178598,0.0
0.404078400316769,0.3485482781904119,0.2965782075018857,0.2381219734718225,0.16392603961119634,0.12183000803917277,0.08017247679602435,0.039245779434334604,-0.00211941825623041,-0.044507783380837496,-0.08777314916319523,0.49185154947996423,0.0
0.3485482781904119,0.2965782075018857,0.2381219734718225,0.16392603961119634,0.12183000803917277,0.08017247679602435,0.039245779434334604,-0.00211941825623041,-0.044507783380837496,-0.08777314916319523,-0.13133084849813637,0.47987912668854826,0.0
0.2965782075018857,0.2381219734718225,0.16392603961119634,0.12183000803917277,0.08017247679602435,0.039245779434334604,-0.00211941825623041,-0.044507783380837496,-0.08777314916319523,-0.13133084849813637,-0.17401154717532707,0.47058975467721276,0.0
0.2381219734718225,0.16392603961119634,0.12183000803917277,0.08017247679602435,0.039245779434334604,-0.00211941825623041,-0.044507783380837496,-0.08777314916319523,-0.13133084849813637,-0.17401154717532707,-0.17898121756924656,0.4171031910410691,0.0
0.16392603961119634,0.12183000803917277,0.08017247679602435,0.039245779434334604,-0.00211941825623041,-0.044507783380837496,-0.08777314916319523,-0.13133084849813637,-0.17401154717532707,-0.17898121756924656,-0.18336622085799903,0.34729226046919537,0.0
0.12183000803917277,0.08017247679602435,0.039245779434334604,-0.00211941825623041,-0.044507783380837496,-0.08777314916319523,-0.13133084849813637,-0.17401154717532707,-0.17898121756924656,-0.18336622085799903,-0.1877512241467515,0.30958123218592426,0.0
0.08017247679602435,0.039245779434334604,-0.00211941825623041,-0.044507783380837496,-0.08777314916319523,-0.13133084849813637,-0.17401154717532707,-0.17898121756924656,-0.18336622085799903,-0.1877512241467515,-0.1919900606592122,0.27216253745523655,0.0
0.039245779434334604,-0.00211941825623041,-0.044507783380837496,-0.08777314916319523,-0.13133084849813637,-0.17401154717532707,-0.17898121756924656,-0.18336622085799903,-0.1877512241467515,-0.1919900606592122,-0.19798289848717388,0.23722867792150848,0.0
-0.00211941825623041,-0.044507783380837496,-0.08777314916319523,-0.13133084849813637,-0.17401154717532707,-0.17898121756924656,-0.18336622085799903,-0.1877512241467515,-0.1919900606592122,-0.19798289848717388,-0.20485273697288608,0.20273331871665567,1.0
-0.044507783380837496,-0.08777314916319523,-0.13133084849813637,-0.17401154717532707,-0.17898121756924656,-0.18336622085799903,-0.1877512241467515,-0.1919900606592122,-0.19798289848717388,-0.20485273697288608,-0.1857048892786669,0.1603449535920486,1.0
-0.08777314916319523,-0.13133084849813637,-0.17401154717532707,-0.17898121756924656,-0.18336622085799903,-0.1877512241467515,-0.1919900606592122,-0.19798289848717388,-0.20485273697288608,-0.1857048892786669,-0.16991887743915812,0.11707958780969085,1.0
-0.13133084849813637,-0.17401154717532707,-0.17898121756924656,-0.18336622085799903,-0.1877512241467515,-0.1919900606592122,-0.19798289848717388,-0.20485273697288608,-0.1857048892786669,-0.16991887743915812,-0.1492581166446305,0.07352188847474972,1.0
-0.17401154717532707,-0.17898121756924656,-0.18336622085799903,-0.1877512241467515,-0.1919900606592122,-0.19798289848717388,-0.20485273697288608,-0.1857048892786669,-0.16991887743915812,-0.1492581166446305,-0.1329513735860144,0.0719013633868717,1.0
-0.17898121756924656,-0.18336622085799903,-0.1877512241467515,-0.1919900606592122,-0.19798289848717388,-0.20485273697288608,-0.1857048892786669,-0.16991887743915812,-0.1492581166446305,-0.1329513735860144,-0.11723226090788896,0.08762047606499712,1.0
-0.18336622085799903,-0.1877512241467515,-0.1919900606592122,-0.19798289848717388,-0.20485273697288608,-0.1857048892786669,-0.16991887743915812,-0.1492581166446305,-0.1329513735860144,-0.11723226090788896,-0.10327603937123553,0.10157669760165056,1.0
-0.1877512241467515,-0.1919900606592122,-0.19798289848717388,-0.20485273697288608,-0.1857048892786669,-0.16991887743915812,-0.1492581166446305,-0.1329513735860144,-0.11723226090788896,-0.10327603937123553,-0.08946672542970469,0.1153860115431814,1.0
-0.1919900606592122,-0.19798289848717388,-0.20485273697288608,-0.1857048892786669,-0.16991887743915812,-0.1492581166446305,-0.1329513735860144,-0.11723226090788896,-0.10327603937123553,-0.08946672542970469,-0.05932520386025286,0.14552753311263322,1.0
-0.19798289848717388,-0.20485273697288608,-0.1857048892786669,-0.16991887743915812,-0.1492581166446305,-0.1329513735860144,-0.11723226090788896,-0.10327603937123553,-0.08946672542970469,-0.05932520386025286,-0.026279602750191033,0.17857313422269505,1.0
-0.20485273697288608,-0.1857048892786669,-0.16991887743915812,-0.1492581166446305,-0.1329513735860144,-0.11723226090788896,-0.10327603937123553,-0.08946672542970469,-0.05932520386025286,-0.026279602750191033,0.030414305100981975,0.23526704207386806,1.0
-0.1857048892786669,-0.16991887743915812,-0.1492581166446305,-0.1329513735860144,-0.11723226090788896,-0.10327603937123553,-0.08946672542970469,-0.05932520386025286,-0.026279602750191033,0.030414305100981975,0.05035740101196695,0.23606229029063386,1.0
-0.16991887743915812,-0.1492581166446305,-0.1329513735860144,-0.11723226090788896,-0.10327603937123553,-0.08946672542970469,-0.05932520386025286,-0.026279602750191033,0.030414305100981975,0.05035740101196695,0.06529596016384231,0.23521483760300044,1.0
-0.1492581166446305,-0.1329513735860144,-0.11723226090788896,-0.10327603937123553,-0.08946672542970469,-0.05932520386025286,-0.026279602750191033,0.030414305100981975,0.05035740101196695,0.06529596016384231,0.05132117902176536,0.21455407680847283,1.0
-0.1329513735860144,-0.11723226090788896,-0.10327603937123553,-0.08946672542970469,-0.05932520386025286,-0.026279602750191033,0.030414305100981975,0.05035740101196695,0.06529596016384231,0.05132117902176536,0.04280780660187933,0.1982473337498567,1.0
-0.11723226090788896,-0.10327603937123553,-0.08946672542970469,-0.05932520386025286,-0.026279602750191033,0.030414305100981975,0.05035740101196695,0.06529596016384231,0.05132117902176536,0.04280780660187933,0.03413380451369363,0.18252822107173128,1.0
-0.10327603937123553,-0.08946672542970469,-0.05932520386025286,-0.026279602750191033,0.030414305100981975,0.05035740101196695,0.06529596016384231,0.05132117902176536,0.04280780660187933,0.03413380451369363,0.026262950767006688,0.16857199953507784,1.0
-0.08946672542970469,-0.05932520386025286,-0.026279602750191033,0.030414305100981975,0.05035740101196695,0.06529596016384231,0.05132117902176536,0.04280780660187933,0.03413380451369363,0.026262950767006688,0.018873986025218947,0.154762685593547,1.0
-0.05932520386025286,-0.026279602750191033,0.030414305100981975,0.05035740101196695,0.06529596016384231,0.05132117902176536,0.04280780660187933,0.03413380451369363,0.026262950767006688,0.018873986025218947,0.01277005862982894,0.12462116402409518,1.0
-0.026279602750191033,0.030414305100981975,0.05035740101196695,0.06529596016384231,0.05132117902176536,0.04280780660187933,0.03413380451369363,0.026262950767006688,0.018873986025218947,0.01277005862982894,0.006826760902738815,0.09157556291403335,1.0
0.030414305100981975,0.05035740101196695,0.06529596016384231,0.05132117902176536,0.04280780660187933,0.03413380451369363,0.026262950767006688,0.018873986025218947,0.01277005862982894,0.006826760902738815,0.001204722512248013,0.0640912376515943,1.0
0.05035740101196695,0.06529596016384231,0.05132117902176536,0.04280780660187933,0.03413380451369363,0.026262950767006688,0.018873986025218947,0.01277005862982894,0.006826760902738815,0.001204722512248013,-0.002971648863545062,0.06826760902738738,1.0
0.06529596016384231,0.05132117902176536,0.04280780660187933,0.03413380451369363,0.026262950767006688,0.018873986025218947,0.01277005862982894,0.006826760902738815,0.001204722512248013,-0.002971648863545062,-0.005702353224640633,0.07099831338848295,1.0
0.05132117902176536,0.04280780660187933,0.03413380451369363,0.026262950767006688,0.018873986025218947,0.01277005862982894,0.006826760902738815,0.001204722512248013,-0.002971648863545062,-0.005702353224640633,-0.00907557625893507,0.06039675528070043,1.0
0.04280780660187933,0.03413380451369363,0.026262950767006688,0.018873986025218947,0.01277005862982894,0.006826760902738815,0.001204722512248013,-0.002971648863545062,-0.005702353224640633,-0.00907557625893507,-0.013251947634728145,0.05605975423660747,1.0
0.03413380451369363,0.026262950767006688,0.018873986025218947,0.01277005862982894,0.006826760902738815,0.001204722512248013,-0.002971648863545062,-0.005702353224640633,-0.00907557625893507,-0.013251947634728145,-0.0638502931491447,0.09798409766283833,1.0
0.026262950767006688,0.018873986025218947,0.01277005862982894,0.006826760902738815,0.001204722512248013,-0.002971648863545062,-0.005702353224640633,-0.00907557625893507,-0.013251947634728145,-0.0638502931491447,-0.1197494177174524,0.1460123684844591,1.0
0.018873986025218947,0.01277005862982894,0.006826760902738815,0.001204722512248013,-0.002971648863545062,-0.005702353224640633,-0.00907557625893507,-0.013251947634728145,-0.0638502931491447,-0.1197494177174524,-0.18014617299815272,0.19902015902337167,1.0
0.01277005862982894,0.006826760902738815,0.001204722512248013,-0.002971648863545062,-0.005702353224640633,-0.00907557625893507,-0.013251947634728145,-0.0638502931491447,-0.1197494177174524,-0.18014617299815272,-0.24552244799614487,0.2582925066259738,1.0
0.006826760902738815,0.001204722512248013,-0.002971648863545062,-0.005702353224640633,-0.00907557625893507,-0.013251947634728145,-0.0638502931491447,-0.1197494177174524,-0.18014617299815272,-0.24552244799614487,-0.27620271464139423,0.28302947554413305,1.0
0.001204722512248013,-0.002971648863545062,-0.005702353224640633,-0.00907557625893507,-0.013251947634728145,-0.0638502931491447,-0.1197494177174524,-0.18014617299815272,-0.24552244799614487,-0.27620271464139423,-0.31170187133563565,0.31290659384788366,0.0
-0.002971648863545062,-0.005702353224640633,-0.00907557625893507,-0.013251947634728145,-0.0638502931491447,-0.1197494177174524,-0.18014617299815272,-0.24552244799614487,-0.27620271464139423,-0.31170187133563565,-0.35041362139587184,0.3474419725323268,0.0
-0.005702353224640633,-0.00907557625893507,-0.013251947634728145,-0.0638502931491447,-0.1197494177174524,-0.18014617299815272,-0.24552244799614487,-0.27620271464139423,-0.31170187133563565,-0.35041362139587184,-0.39362300216850055,0.3879206489438599,0.0
-0.00907557625893507,-0.013251947634728145,-0.0638502931491447,-0.1197494177174524,-0.18014617299815272,-0.24552244799614487,-0.27620271464139423,-0.31170187133563565,-0.35041362139587184,-0.39362300216850055,-0.48052365271865716,0.4714480764597221,0.0
-0.013251947634728145,-0.0638502931491447,-0.1197494177174524,-0.18014617299815272,-0.24552244799614487,-0.27620271464139423,-0.31170187133563565,-0.35041362139587184,-0.39362300216850055,-0.48052365271865716,-0.56967311862501,0.5564211709902819,0.0
-0.0638502931491447,-0.1197494177174524,-0.18014617299815272,-0.24552244799614487,-0.27620271464139423,-0.31170187133563565,-0.35041362139587184,-0.39362300216850055,-0.48052365271865716,-0.56967311862501,-0.6607501405509597,0.596899847401815,0.0
-0.1197494177174524,-0.18014617299815272,-0.24552244799614487,-0.27620271464139423,-0.31170187133563565,-0.35041362139587184,-0.39362300216850055,-0.48052365271865716,-0.56967311862501,-0.6607501405509597,-0.7511846438037105,0.6314352260862581,0.0
-0.18014617299815272,-0.24552244799614487,-0.27620271464139423,-0.31170187133563565,-0.35041362139587184,-0.39362300216850055,-0.48052365271865716,-0.56967311862501,-0.6607501405509597,-0.7511846438037105,-0.7968034696008353,0.6166572966026825,0.0
-0.24552244799614487,-0.27620271464139423,-0.31170187133563565,-0.35041362139587184,-0.39362300216850055,-0.48052365271865716,-0.56967311862501,-0.6607501405509597,-0.7511846438037105,-0.7968034696008353,-0.8390490723636655,0.5935266243675207,0.0
-0.27620271464139423,-0.31170187133563565,-0.35041362139587184,-0.39362300216850055,-0.48052365271865716,-0.56967311862501,-0.6607501405509597,-0.7511846438037105,-0.7968034696008353,-0.8390490723636655,-0.8756726367360051,0.5994699220946109,0.0
-0.31170187133563565,-0.35041362139587184,-0.39362300216850055,-0.48052365271865716,-0.56967311862501,-0.6607501405509597,-0.7511846438037105,-0.7968034696008353,-0.8390490723636655,-0.8756726367360051,-0.9063529033812545,0.5946510320456189,0.0
-0.35041362139587184,-0.39362300216850055,-0.48052365271865716,-0.56967311862501,-0.6607501405509597,-0.7511846438037105,-0.7968034696008353,-0.8390490723636655,-0.8756726367360051,-0.9063529033812545,-0.9720504377158461,0.6216368163199743,0.0
-0.39362300216850055,-0.48052365271865716,-0.56967311862501,-0.6607501405509597,-0.7511846438037105,-0.7968034696008353,-0.8390490723636655,-0.8756726367360051,-0.9063529033812545,-0.9720504377158461,-1.0,0.6063769978314995,0.0
-0.48052365271865716,-0.56967311862501,-0.6607501405509597,-0.7511846438037105,-0.7968034696008353,-0.8390490723636655,-0.8756726367360051,-0.9063529033812545,-0.9720504377158461,-1.0,-1.0,0.5194763472813428,0.0
-0.56967311862501,-0.6607501405509597,-0.7511846438037105,-0.7968034696008353,-0.8390490723636655,-0.8756726367360051,-0.9063529033812545,-0.9720504377158461,-1.0,-1.0,-1.0,0.43032688137499,0.0
-0.6607501405509597,-0.7511846438037105,-0.7968034696008353,-0.8390490723636655,-0.8756726367360051,-0.9063529033812545,-0.9720504377158461,-1.0,-1.0,-1.0,-0.9510763209393347,0.3392498594490403,0.0
-0.7511846438037105,-0.7968034696008353,-0.8390490723636655,-0.8756726367360051,-0.9063529033812545,-0.9720504377158461,-1.0,-1.0,-1.0,-0.9510763209393347,-0.9251844046364595,0.24881535619628947,1.0
-0.7968034696008353,-0.8390490723636655,-0.8756726367360051,-0.9063529033812545,-0.9720504377158461,-1.0,-1.0,-1.0,-0.9510763209393347,-0.9251844046364595,-0.8821315670630739,0.20319653039916474,1.0
-0.8390490723636655,-0.8756726367360051,-0.9063529033812545,-0.9720504377158461,-1.0,-1.0,-1.0,-0.9510763209393347,-0.9251844046364595,-0.8821315670630739,-0.7863916905012795,0.21360830949872045,1.0
-0.8756726367360051,-0.9063529033812545,-0.9720504377158461,-1.0,-1.0,-1.0,-0.9510763209393347,-0.9251844046364595,-0.8821315670630739,-0.7863916905012795,-0.7126298359175072,0.28737016408249283,1.0
-0.9063529033812545,-0.9720504377158461,-1.0,-1.0,-1.0,-0.9510763209393347,-0.9251844046364595,-0.8821315670630739,-0.7863916905012795,-0.7126298359175072,-0.5836218575944603,0.4163781424055397,1.0
-0.9720504377158461,-1.0,-1.0,-1.0,-0.9510763209393347,-0.9251844046364595,-0.8821315670630739,-0.7863916905012795,-0.7126298359175072,-0.5836218575944603,-0.4425711275026344,0.5574288724973656,2.0
-1.0,-1.0,-1.0,-0.9510763209393347,-0.9251844046364595,-0.8821315670630739,-0.7863916905012795,-0.7126298359175072,-0.5836218575944603,-0.4425711275026344,-0.3325304832154147,0.6674695167845853,2.0
-1.0,-1.0,-0.9510763209393347,-0.9251844046364595,-0.8821315670630739,-0.7863916905012795,-0.7126298359175072,-0.5836218575944603,-0.4425711275026344,-0.3325304832154147,-0.21330724070450102,0.786692759295499,2.0
-1.0,-0.9510763209393347,-0.9251844046364595,-0.8821315670630739,-0.7863916905012795,-0.7126298359175072,-0.5836218575944603,-0.4425711275026344,-0.3325304832154147,-0.21330724070450102,-0.048622610266445876,0.9513773897335541,2.0
-0.9510763209393347,-0.9251844046364595,-0.8821315670630739,-0.7863916905012795,-0.7126298359175072,-0.5836218575944603,-0.4425711275026344,-0.3325304832154147,-0.21330724070450102,-0.048622610266445876,0.12343820562998653,1.0745145265693212,2.0
-0.9251844046364595,-0.8821315670630739,-0.7863916905012795,-0.7126298359175072,-0.5836218575944603,-0.4425711275026344,-0.3325304832154147,-0.21330724070450102,-0.048622610266445876,0.12343820562998653,0.2637362637362637,1.1889206683727231,2.0
-0.8821315670630739,-0.7863916905012795,-0.7126298359175072,-0.5836218575944603,-0.4425711275026344,-0.3325304832154147,-0.21330724070450102,-0.048622610266445876,0.12343820562998653,0.2637362637362637,0.35842239951829,1.240553966581364,2.0
-0.7863916905012795,-0.7126298359175072,-0.5836218575944603,-0.4425711275026344,-0.3325304832154147,-0.21330724070450102,-0.048622610266445876,0.12343820562998653,0.2637362637362637,0.35842239951829,0.48140900195694725,1.2678006924582268,2.0
-0.7126298359175072,-0.5836218575944603,-0.4425711275026344,-0.3325304832154147,-0.21330724070450102,-0.048622610266445876,0.12343820562998653,0.2637362637362637,0.35842239951829,0.48140900195694725,0.5923528526268251,1.3049826885443323,2.0
-0.5836218575944603,-0.4425711275026344,-0.3325304832154147,-0.21330724070450102,-0.048622610266445876,0.12343820562998653,0.2637362637362637,0.35842239951829,0.48140900195694725,0.5923528526268251,0.6491043203371971,1.2327261779316574,2.0
-0.4425711275026344,-0.3325304832154147,-0.21330724070450102,-0.048622610266445876,0.12343820562998653,0.2637362637362637,0.35842239951829,0.48140900195694725,0.5923528526268251,0.6491043203371971,0.7227156405238597,1.165286768026494,2.0
-0.3325304832154147,-0.21330724070450102,-0.048622610266445876,0.12343820562998653,0.2637362637362637,0.35842239951829,0.48140900195694725,0.5923528526268251,0.6491043203371971,0.7227156405238597,0.7737468011440614,1.106277284359476,2.0
-0.21330724070450102,-0.048622610266445876,0.12343820562998653,0.2637362637362637,0.35842239951829,0.48140900195694725,0.5923528526268251,0.6491043203371971,0.7227156405238597,0.7737468011440614,0.8003913894324852,1.0136986301369864,2.0
-0.048622610266445876,0.12343820562998653,0.2637362637362637,0.35842239951829,0.48140900195694725,0.5923528526268251,0.6491043203371971,0.7227156405238597,0.7737468011440614,0.8003913894324852,0.8082191780821917,0.8568417883486376,2.0
0.12343820562998653,0.2637362637362637,0.35842239951829,0.48140900195694725,0.5923528526268251,0.6491043203371971,0.7227156405238597,0.7737468011440614,0.8003913894324852,0.8082191780821917,0.8009935270209243,0.6847809724522051,2.0
0.2637362637362637,0.35842239951829,0.48140900195694725,0.5923528526268251,0.6491043203371971,0.7227156405238597,0.7737468011440614,0.8003913894324852,0.8082191780821917,0.8009935270209243,0.7431883185307844,0.544482914345928,2.0
0.35842239951829,0.48140900195694725,0.5923528526268251,0.6491043203371971,0.7227156405238597,0.7737468011440614,0.8003913894324852,0.8082191780821917,0.8009935270209243,0.7431883185307844,0.7141351798886046,0.44979677856390166,2.0
0.48140900195694725,0.5923528526268251,0.6491043203371971,0.7227156405238597,0.7737468011440614,0.8003913894324852,0.8082191780821917,0.8009935270209243,0.7431883185307844,0.7141351798886046,0.7105223543579708,0.32681017612524443,3.0
0.5923528526268251,0.6491043203371971,0.7227156405238597,0.7737468011440614,0.8003913894324852,0.8082191780821917,0.8009935270209243,0.7431883185307844,0.7141351798886046,0.7105223543579708,0.6984796025891917,0.21586632545536655,3.0
0.6491043203371971,0.7227156405238597,0.7737468011440614,0.8003913894324852,0.8082191780821917,0.8009935270209243,0.7431883185307844,0.7141351798886046,0.7105223543579708,0.6984796025891917,0.6817702845100104,0.15911485774499456,3.0
0.7227156405238597,0.7737468011440614,0.8003913894324852,0.8082191780821917,0.8009935270209243,0.7431883185307844,0.7141351798886046,0.7105223543579708,0.6984796025891917,0.6817702845100104,0.6609965377088665,0.14722264037332522,3.0
0.7737468011440614,0.8003913894324852,0.8082191780821917,0.8009935270209243,0.7431883185307844,0.7141351798886046,0.7105223543579708,0.6984796025891917,0.6817702845100104,0.6609965377088665,0.6400722565106127,0.16814692157157896,3.0
0.8003913894324852,0.8082191780821917,0.8009935270209243,0.7431883185307844,0.7141351798886046,0.7105223543579708,0.6984796025891917,0.6817702845100104,0.6609965377088665,0.6400722565106127,0.6248682824025289,0.18335089567966278,3.0
0.8082191780821917,0.8009935270209243,0.7431883185307844,0.7141351798886046,0.7105223543579708,0.6984796025891917,0.6817702845100104,0.6609965377088665,0.6400722565106127,0.6248682824025289,0.5776004817100708,0.23061869637212085,3.0
0.8009935270209243,0.7431883185307844,0.7141351798886046,0.7105223543579708,0.6984796025891917,0.6817702845100104,0.6609965377088665,0.6400722565106127,0.6248682824025289,0.5776004817100708,0.5414722264037333,0.25952130061719103,3.0
0.7431883185307844,0.7141351798886046,0.7105223543579708,0.6984796025891917,0.6817702845100104,0.6609965377088665,0.6400722565106127,0.6248682824025289,0.5776004817100708,0.5414722264037333,0.5536655125696222,0.2017160921270511,3.0
0.7141351798886046,0.7105223543579708,0.6984796025891917,0.6817702845100104,0.6609965377088665,0.6400722565106127,0.6248682824025289,0.5776004817100708,0.5414722264037333,0.5536655125696222,0.5723317778112298,0.17266295348487137,3.0
0.7105223543579708,0.6984796025891917,0.6817702845100104,0.6609965377088665,0.6400722565106127,0.6248682824025289,0.5776004817100708,0.5414722264037333,0.5536655125696222,0.5723317778112298,0.5943097997892519,0.16905012795423757,3.0
0.6984796025891917,0.6817702845100104,0.6609965377088665,0.6400722565106127,0.6248682824025289,0.5776004817100708,0.5414722264037333,0.5536655125696222,0.5723317778112298,0.5943097997892519,0.5806111696522656,0.15700737618545846,3.0
0.6817702845100104,0.6609965377088665,0.6400722565106127,0.6248682824025289,0.5776004817100708,0.5414722264037333,0.5536655125696222,0.5723317778112298,0.5943097997892519,0.5806111696522656,0.5669125395152792,0.14029805810627716,3.0
0.6609965377088665,0.6400722565106127,0.6248682824025289,0.5776004817100708,0.5414722264037333,0.5536655125696222,0.5723317778112298,0.5943097997892519,0.5806111696522656,0.5669125395152792,0.5532139093782928,0.11952431130513319,3.0
0.6400722565106127,0.6248682824025289,0.5776004817100708,0.5414722264037333,0.5536655125696222,0.5723317778112298,0.5943097997892519,0.5806111696522656,0.5669125395152792,0.5532139093782928,0.5401174168297456,0.09995483968086716,0.0
0.6248682824025289,0.5776004817100708,0.5414722264037333,0.5536655125696222,0.5723317778112298,0.5943097997892519,0.5806111696522656,0.5669125395152792,0.5532139093782928,0.5401174168297456,0.528375733855186,0.0964925485473429,0.0
0.5776004817100708,0.5414722264037333,0.5536655125696222,0.5723317778112298,0.5943097997892519,0.5806111696522656,0.5669125395152792,0.5532139093782928,0.5401174168297456,0.528375733855186,0.47960258919163024,0.11470721059762168,0.0
0.5414722264037333,0.5536655125696222,0.5723317778112298,0.5943097997892519,0.5806111696522656,0.5669125395152792,0.5532139093782928,0.5401174168297456,0.528375733855186,0.47960258919163024,0.42932410055697723,0.16498569923227469,0.0
0.5536655125696222,0.5723317778112298,0.5943097997892519,0.5806111696522656,0.5669125395152792,0.5532139093782928,0.5401174168297456,0.528375733855186,0.47960258919163024,0.42932410055697723,0.3754327863916904,0.2188770133975615,0.0
0.5723317778112298,0.5943097997892519,0.5806111696522656,0.5669125395152792,0.5532139093782928,0.5401174168297456,0.528375733855186,0.47960258919163024,0.42932410055697723,0.3754327863916904,0.31642330272467256,0.27788649706457935,0.0
0.5943097997892519,0.5806111696522656,0.5669125395152792,0.5532139093782928,0.5401174168297456,0.528375733855186,0.47960258919163024,0.42932410055697723,0.3754327863916904,0.31642330272467256,0.25726328466054493,0.337046515128707,0.0
0.5806111696522656,0.5669125395152792,0.5532139093782928,0.5401174168297456,0.528375733855186,0.47960258919163024,0.42932410055697723,0.3754327863916904,0.31642330272467256,0.25726328466054493,0.19599578503688098,0.3846153846153846,0.0
0.5669125395152792,0.5532139093782928,0.5401174168297456,0.528375733855186,0.47960258919163024,0.42932410055697723,0.3754327863916904,0.31642330272467256,0.25726328466054493,0.19599578503688098,0.1711576095137739,0.3957549300015053,0.0
0.5532139093782928,0.5401174168297456,0.528375733855186,0.47960258919163024,0.42932410055697723,0.3754327863916904,0.31642330272467256,0.25726328466054493,0.19599578503688098,0.1711576095137739,0.14541622760800843,0.4077976817702844,0.0
0.5401174168297456,0.528375733855186,0.47960258919163024,0.42932410055697723,0.3754327863916904,0.31642330272467256,0.25726328466054493,0.19599578503688098,0.1711576095137739,0.14541622760800843,0.12102965527623066,0.4190877615535149,0.0
0.528375733855186,0.47960258919163024,0.42932410055697723,0.3754327863916904,0.31642330272467256,0.25726328466054493,0.19599578503688098,0.1711576095137739,0.14541622760800843,0.12102965527623066,0.09799789251844038,0.4303778413367456,0.0
0.47960258919163024,0.42932410055697723,0.3754327863916904,0.31642330272467256,0.25726328466054493,0.19599578503688098,0.1711576095137739,0.14541622760800843,0.12102965527623066,0.09799789251844038,0.07556826734908917,0.40403432184254107,0.0
0.42932410055697723,0.3754327863916904,0.31642330272467256,0.25726328466054493,0.19599578503688098,0.1711576095137739,0.14541622760800843,0.12102965527623066,0.09799789251844038,0.07556826734908917,0.052837573385518644,0.3764865271714586,0.0
0.3754327863916904,0.31642330272467256,0.25726328466054493,0.19599578503688098,0.1711576095137739,0.14541622760800843,0.12102965527623066,0.09799789251844038,0.07556826734908917,0.052837573385518644,0.06984796025891926,0.3225952130061718,0.0
0.31642330272467256,0.25726328466054493,0.19599578503688098,0.1711576095137739,0.14541622760800843,0.12102965527623066,0.09799789251844038,0.07556826734908917,0.052837573385518644,0.06984796025891926,0.08911636308896576,0.2635857293391539,0.0
0.25726328466054493,0.19599578503688098,0.1711576095137739,0.14541622760800843,0.12102965527623066,0.09799789251844038,0.07556826734908917,0.052837573385518644,0.06984796025891926,0.08911636308896576,0.1118470570525365,0.2044257112750263,0.0
0.19599578503688098,0.1711576095137739,0.14541622760800843,0.12102965527623066,0.09799789251844038,0.07556826734908917,0.052837573385518644,0.06984796025891926,0.08911636308896576,0.1118470570525365,0.13999698931205784,0.14315821165136233,0.0
0.1711576095137739,0.14541622760800843,0.12102965527623066,0.09799789251844038,0.07556826734908917,0.052837573385518644,0.06984796025891926,0.08911636308896576,0.1118470570525365,0.13999698931205784,0.16829745596868895,0.11832003612825526,1.0
0.14541622760800843,0.12102965527623066,0.09799789251844038,0.07556826734908917,0.052837573385518644,0.06984796025891926,0.08911636308896576,0.1118470570525365,0.13999698931205784,0.16829745596868895,0.19825380099352707,0.14541622760800843,1.0
0.12102965527623066,0.09799789251844038,0.07556826734908917,0.052837573385518644,0.06984796025891926,0.08911636308896576,0.1118470570525365,0.13999698931205784,0.16829745596868895,0.19825380099352707,0.19193135631491787,0.14541622760800843,1.0
0.09799789251844038,0.07556826734908917,0.052837573385518644,0.06984796025891926,0.08911636308896576,0.1118470570525365,0.13999698931205784,0.16829745596868895,0.19825380099352707,0.19193135631491787,0.18681318681318682,0.14541622760800843,1.0
0.07556826734908917,0.052837573385518644,0.06984796025891926,0.08911636308896576,0.1118470570525365,0.13999698931205784,0.16829745596868895,0.19825380099352707,0.19193135631491787,0.18681318681318682,0.17973807014902898,0.14541622760800843,1.0
0.052837573385518644,0.06984796025891926,0.08911636308896576,0.1118470570525365,0.13999698931205784,0.16829745596868895,0.19825380099352707,0.19193135631491787,0.18681318681318682,0.17973807014902898,0.17100707511666413,0.14541622760800843,1.0
0.06984796025891926,0.08911636308896576,0.1118470570525365,0.13999698931205784,0.16829745596868895,0.19825380099352707,0.19193135631491787,0.18681318681318682,0.17973807014902898,0.17100707511666413,0.15670630739123892,0.1284058407346078,1.0
0.08911636308896576,0.1118470570525365,0.13999698931205784,0.16829745596868895,0.19825380099352707,0.19193135631491787,0.18681318681318682,0.17973807014902898,0.17100707511666413,0.15670630739123892,0.09739575493000152,0.10913743790456132,1.0
0.1118470570525365,0.13999698931205784,0.16829745596868895,0.19825380099352707,0.19193135631491787,0.18681318681318682,0.17973807014902898,0.17100707511666413,0.15670630739123892,0.09739575493000152,0.05897771952817821,0.13927608146534887,1.0
0.13999698931205784,0.16829745596868895,0.19825380099352707,0.19193135631491787,0.18681318681318682,0.17973807014902898,0.17100707511666413,0.15670630739123892,0.09739575493000152,0.05897771952817821,0.023233532934131773,0.1750202680593953,1.0
0.16829745596868895,0.19825380099352707,0.19193135631491787,0.18681318681318682,0.17973807014902898,0.17100707511666413,0.15670630739123892,0.09739575493000152,0.05897771952817821,0.023233532934131773,0.007262341901264735,0.19099145909226234,1.0
0.19825380099352707,0.19193135631491787,0.18681318681318682,0.17973807014902898,0.17100707511666413,0.15670630739123892,0.09739575493000152,0.05897771952817821,0.023233532934131773,0.007262341901264735,-0.01631701631701632,0.2145708173105434,0.0
0.19193135631491787,0.18681318681318682,0.17973807014902898,0.17100707511666413,0.15670630739123892,0.09739575493000152,0.05897771952817821,0.023233532934131773,0.007262341901264735,-0.01631701631701632,-0.06227106227106227,0.25420241858598014,0.0
0.18681318681318682,0.17973807014902898,0.17100707511666413,0.15670630739123892,0.09739575493000152,0.05897771952817821,0.023233532934131773,0.007262341901264735,-0.01631701631701632,-0.06227106227106227,-0.11471861471861466,0.3015318015318015,0.0
0.17973807014902898,0.17100707511666413,0.15670630739123892,0.09739575493000152,0.05897771952817821,0.023233532934131773,0.007262341901264735,-0.01631701631701632,-0.06227106227106227,-0.11471861471861466,-0.16999666999666996,0.34973474014569894,0.0
0.17100707511666413,0.15670630739123892,0.09739575493000152,0.05897771952817821,0.023233532934131773,0.007262341901264735,-0.01631701631701632,-0.06227106227106227,-0.11471861471861466,-0.16999666999666996,-0.2710622710622711,0.44206934617893523,0.0
0.15670630739123892,0.09739575493000152,0.05897771952817821,0.023233532934131773,0.007262341901264735,-0.01631701631701632,-0.06227106227106227,-0.11471861471861466,-0.16999666999666996,-0.2710622710622711,-0.37379287379287385,0.5304991811841128,0.0
0.09739575493000152,0.05897771952817821,0.023233532934131773,0.007262341901264735,-0.01631701631701632,-0.06227106227106227,-0.11471861471861466,-0.16999666999666996,-0.2710622710622711,-0.37379287379287385,-0.47902097902097907,0.5764167339509806,0.0
0.05897771952817821,0.023233532934131773,0.007262341901264735,-0.01631701631701632,-0.06227106227106227,-0.11471861471861466,-0.16999666999666996,-0.2710622710622711,-0.37379287379287385,-0.47902097902097907,-0.5815850815850816,0.6405628011132598,0.0
0.023233532934131773,0.007262341901264735,-0.01631701631701632,-0.06227106227106227,-0.11471861471861466,-0.16999666999666996,-0.2710622710622711,-0.37379287379287385,-0.47902097902097907,-0.5815850815850816,-0.6348651348651349,0.6580986677992666,0.0
0.007262341901264735,-0.01631701631701632,-0.06227106227106227,-0.11471861471861466,-0.16999666999666996,-0.2710622710622711,-0.37379287379287385,-0.47902097902097907,-0.5815850815850816,-0.6348651348651349,-0.6844821844821845,0.6917445263834492,0.0
-0.01631701631701632,-0.06227106227106227,-0.11471861471861466,-0.16999666999666996,-0.2710622710622711,-0.37379287379287385,-0.47902097902097907,-0.5815850815850816,-0.6348651348651349,-0.6844821844821845,-0.7284382284382285,0.7121212121212122,0.0
-0.06227106227106227,-0.11471861471861466,-0.16999666999666996,-0.2710622710622711,-0.37379287379287385,-0.47902097902097907,-0.5815850815850816,-0.6348651348651349,-0.6844821844821845,-0.7284382284382285,-0.8086913086913087,0.7464202464202464,0.0
-0.11471861471861466,-0.16999666999666996,-0.2710622710622711,-0.37379287379287385,-0.47902097902097907,-0.5815850815850816,-0.6348651348651349,-0.6844821844821845,-0.7284382284382285,-0.8086913086913087,-0.882950382950383,0.7682317682317683,0.0
-0.16999666999666996,-0.2710622710622711,-0.37379287379287385,-0.47902097902097907,-0.5815850815850816,-0.6348651348651349,-0.6844821844821845,-0.7284382284382285,-0.8086913086913087,-0.882950382950383,-0.955044955044955,0.785048285048285,0.0
-0.2710622710622711,-0.37379287379287385,-0.47902097902097907,-0.5815850815850816,-0.6348651348651349,-0.6844821844821845,-0.7284382284382285,-0.8086913086913087,-0.882950382950383,-0.955044955044955,-1.0,0.7289377289377289,0.0
-0.37379287379287385,-0.47902097902097907,-0.5815850815850816,-0.6348651348651349,-0.6844821844821845,-0.7284382284382285,-0.8086913086913087,-0.882950382950383,-0.955044955044955,-1.0,-1.0,0.6262071262071262,0.0
-0.47902097902097907,-0.5815850815850816,-0.6348651348651349,-0.6844821844821845,-0.7284382284382285,-0.8086913086913087,-0.882950382950383,-0.955044955044955,-1.0,-1.0,-1.0,0.5209790209790209,0.0
-0.5815850815850816,-0.6348651348651349,-0.6844821844821845,-0.7284382284382285,-0.8086913086913087,-0.882950382950383,-0.955044955044955,-1.0,-1.0,-1.0,-0.9442625568953126,0.4184149184149184,0.0
-0.6348651348651349,-0.6844821844821845,-0.7284382284382285,-0.8086913086913087,-0.882950382950383,-0.955044955044955,-1.0,-1.0,-1.0,-0.9442625568953126,-0.9126407410364928,0.36513486513486515,0.0
-0.6844821844821845,-0.7284382284382285,-0.8086913086913087,-0.882950382950383,-0.955044955044955,-1.0,-1.0,-1.0,-0.9442625568953126,-0.9126407410364928,-0.8668050786552743,0.31551781551781555,0.0
-0.7284382284382285,-0.8086913086913087,-0.882950382950383,-0.955044955044955,-1.0,-1.0,-1.0,-0.9442625568953126,-0.9126407410364928,-0.8668050786552743,-0.767627565279885,0.2715617715617715,0.0
-0.8086913086913087,-0.882950382950383,-0.955044955044955,-1.0,-1.0,-1.0,-0.9442625568953126,-0.9126407410364928,-0.8668050786552743,-0.767627565279885,-0.6593468018845325,0.34065319811546746,2.0
-0.882950382950383,-0.955044955044955,-1.0,-1.0,-1.0,-0.9442625568953126,-0.9126407410364928,-0.8668050786552743,-0.767627565279885,-0.6593468018845325,-0.5807713806595863,0.41922861934041367,2.0
-0.955044955044955,-1.0,-1.0,-1.0,-0.9442625568953126,-0.9126407410364928,-0.8668050786552743,-0.767627565279885,-0.6593468018845325,-0.5807713806595863,-0.49325241555537813,0.5067475844446219,2.0
-1.0,-1.0,-1.0,-0.9442625568953126,-0.9126407410364928,-0.8668050786552743,-0.767627565279885,-0.6593468018845325,-0.5807713806595863,-0.49325241555537813,-0.398706380260321,0.601293619739679,2.0
-1.0,-1.0,-0.9442625568953126,-0.9126407410364928,-0.8668050786552743,-0.767627565279885,-0.6593468018845325,-0.5807713806595863,-0.49325241555537813,-0.398706380260321,-0.2551305597700232,0.7448694402299768,2.0
-1.0,-0.9442625568953126,-0.9126407410364928,-0.8668050786552743,-0.767627565279885,-0.6593468018845325,-0.5807713806595863,-0.49325241555537813,-0.398706380260321,-0.2551305597700232,-0.10612473049588755,0.8938752695041124,2.0
-0.9442625568953126,-0.9126407410364928,-0.8668050786552743,-0.767627565279885,-0.6593468018845325,-0.5807713806595863,-0.49325241555537813,-0.398706380260321,-0.2551305597700232,-0.10612473049588755,0.050866405813303484,0.9951289627086161,2.0
-0.9126407410364928,-0.8668050786552743,-0.767627565279885,-0.6593468018845325,-0.5807713806595863,-0.49325241555537813,-0.398706380260321,-0.2551305597700232,-0.10612473049588755,0.050866405813303484,0.1698474806356305,1.0824882216721234,2.0
-0.8668050786552743,-0.767627565279885,-0.6593468018845325,-0.5807713806595863,-0.49325241555537813,-0.398706380260321,-0.2551305597700232,-0.10612473049588755,0.050866405813303484,0.1698474806356305,0.23724347201149887,1.1040485506667732,2.0
-0.767627565279885,-0.6593468018845325,-0.5807713806595863,-0.49325241555537813,-0.398706380260321,-0.2551305597700232,-0.10612473049588755,0.050866405813303484,0.1698474806356305,0.23724347201149887,0.33865687135670375,1.1062844366365887,2.0
-0.6593468018845325,-0.5807713806595863,-0.49325241555537813,-0.398706380260321,-0.2551305597700232,-0.10612473049588755,0.050866405813303484,0.1698474806356305,0.23724347201149887,0.33865687135670375,0.4747265032340493,1.1340733051185818,2.0
-0.5807713806595863,-0.49325241555537813,-0.398706380260321,-0.2551305597700232,-0.10612473049588755,0.050866405813303484,0.1698474806356305,0.23724347201149887,0.33865687135670375,0.4747265032340493,0.5644813543080731,1.1452527349676593,2.0
-0.49325241555537813,-0.398706380260321,-0.2551305597700232,-0.10612473049588755,0.050866405813303484,0.1698474806356305,0.23724347201149887,0.33865687135670375,0.4747265032340493,0.5644813543080731,0.6486464904575582,1.1418989060129363,2.0
-0.398706380260321,-0.2551305597700232,-0.10612473049588755,0.050866405813303484,0.1698474806356305,0.23724347201149887,0.33865687135670375,0.4747265032340493,0.5644813543080731,0.6486464904575582,0.7637946179030584,1.1625009981633794,2.0
-0.2551305597700232,-0.10612473049588755,0.050866405813303484,0.1698474806356305,0.23724347201149887,0.33865687135670375,0.4747265032340493,0.5644813543080731,0.6486464904575582,0.7637946179030584,0.8647288988261599,1.1198594585961832,2.0
-0.10612473049588755,0.050866405813303484,0.1698474806356305,0.23724347201149887,0.33865687135670375,0.4747265032340493,0.5644813543080731,0.6486464904575582,0.7637946179030584,0.8647288988261599,0.9498522718198514,1.055977002315739,2.0
0.050866405813303484,0.1698474806356305,0.23724347201149887,0.33865687135670375,0.4747265032340493,0.5644813543080731,0.6486464904575582,0.7637946179030584,0.8647288988261599,0.9498522718198514,0.9372354867044639,0.898985866006548,2.0
0.1698474806356305,0.23724347201149887,0.33865687135670375,0.4747265032340493,0.5644813543080731,0.6486464904575582,0.7637946179030584,0.8647288988261599,0.9498522718198514,0.9372354867044639,0.9100854427852751,0.780004791184221,2.0
0.23724347201149887,0.33865687135670375,0.4747265032340493,0.5644813543080731,0.6486464904575582,0.7637946179030584,0.8647288988261599,0.9498522718198514,0.9372354867044639,0.9100854427852751,0.8712768505949053,0.7126087998083526,2.0
0.33865687135670375,0.4747265032340493,0.5644813543080731,0.6486464904575582,0.7637946179030584,0.8647288988261599,0.9498522718198514,0.9372354867044639,0.9100854427852751,0.8712768505949053,0.9036971971572307,0.6111954004631477,2.0
0.4747265032340493,0.5644813543080731,0.6486464904575582,0.7637946179030584,0.8647288988261599,0.9498522718198514,0.9372354867044639,0.9100854427852751,0.8712768505949053,0.9036971971572307,0.9268545875588916,0.47512576858580213,3.0
0.5644813543080731,0.6486464904575582,0.7637946179030584,0.8647288988261599,0.9498522718198514,0.9372354867044639,0.9100854427852751,0.8712768505949053,0.9036971971572307,0.9268545875588916,0.9412281402219915,0.3853709175117783,3.0
0.6486464904575582,0.7637946179030584,0.8647288988261599,0.9498522718198514,0.9372354867044639,0.9100854427852751,0.8712768505949053,0.9036971971572307,0.9268545875588916,0.9412281402219915,0.9080092629561607,0.30120578136229326,3.0
0.7637946179030584,0.8647288988261599,0.9498522718198514,0.9372354867044639,0.9100854427852751,0.8712768505949053,0.9036971971572307,0.9268545875588916,0.9412281402219915,0.9080092629561607,0.8688812584843888,0.18605765391679308,3.0
0.8647288988261599,0.9498522718198514,0.9372354867044639,0.9100854427852751,0.8712768505949053,0.9036971971572307,0.9268545875588916,0.9412281402219915,0.9080092629561607,0.8688812584843888,0.8251217759322846,0.1247304958875668,3.0
0.9498522718198514,0.9372354867044639,0.9100854427852751,0.8712768505949053,0.9036971971572307,0.9268545875588916,0.9412281402219915,0.9080092629561607,0.8688812584843888,0.8251217759322846,0.7796055258324683,0.1702467459873831,3.0
0.9372354867044639,0.9100854427852751,0.8712768505949053,0.9036971971572307,0.9268545875588916,0.9412281402219915,0.9080092629561607,0.8688812584843888,0.8251217759322846,0.7796055258324683,0.738561047672283,0.2026670925497085,3.0
0.9100854427852751,0.8712768505949053,0.9036971971572307,0.9268545875588916,0.9412281402219915,0.9080092629561607,0.8688812584843888,0.8251217759322846,0.7796055258324683,0.738561047672283,0.7056615826878543,0.23556655753413724,3.0
0.8712768505949053,0.9036971971572307,0.9268545875588916,0.9412281402219915,0.9080092629561607,0.8688812584843888,0.8251217759322846,0.7796055258324683,0.738561047672283,0.7056615826878543,0.7208336660544599,0.23556655753413724,3.0
0.9036971971572307,0.9268545875588916,0.9412281402219915,0.9080092629561607,0.8688812584843888,0.8251217759322846,0.7796055258324683,0.738561047672283,0.7056615826878543,0.7208336660544599,0.7412760520642019,0.23556655753413724,3.0
0.9268545875588916,0.9412281402219915,0.9080092629561607,0.8688812584843888,0.8251217759322846,0.7796055258324683,0.738561047672283,0.7056615826878543,0.7208336660544599,0.7412760520642019,0.7647528547472651,0.23556655753413724,3.0
0.9412281402219915,0.9080092629561607,0.8688812584843888,0.8251217759322846,0.7796055258324683,0.738561047672283,0.7056615826878543,0.7208336660544599,0.7412760520642019,0.7647528547472651,0.7491016529585564,0.23556655753413724,3.0
0.9080092629561607,0.8688812584843888,0.8251217759322846,0.7796055258324683,0.738561047672283,0.7056615826878543,0.7208336660544599,0.7412760520642019,0.7647528547472651,0.7491016529585564,0.7342489818733531,0.2023476802683064,3.0
0.8688812584843888,0.8251217759322846,0.7796055258324683,0.738561047672283,0.7056615826878543,0.7208336660544599,0.7412760520642019,0.7647528547472651,0.7491016529585564,0.7342489818733531,0.7209933721951609,0.1632196757965345,3.0
0.8251217759322846,0.7796055258324683,0.738561047672283,0.7056615826878543,0.7208336660544599,0.7412760520642019,0.7647528547472651,0.7491016529585564,0.7342489818733531,0.7209933721951609,0.6534376746785915,0.17168410125369316,3.0
0.7796055258324683,0.738561047672283,0.7056615826878543,0.7208336660544599,0.7412760520642019,0.7647528547472651,0.7491016529585564,0.7342489818733531,0.7209933721951609,0.6534376746785915,0.5807713806595864,0.1988341451728819,3.0
0.738561047672283,0.7056615826878543,0.7208336660544599,0.7412760520642019,0.7647528547472651,0.7491016529585564,0.7342489818733531,0.7209933721951609,0.6534376746785915,0.5807713806595864,0.5097021480475925,0.25505070669967256,3.0
0.7056615826878543,0.7208336660544599,0.7412760520642019,0.7647528547472651,0.7491016529585564,0.7342489818733531,0.7209933721951609,0.6534376746785915,0.5807713806595864,0.5097021480475925,0.4798370997364849,0.28491575501078015,3.0
0.7208336660544599,0.7412760520642019,0.7647528547472651,0.7491016529585564,0.7342489818733531,0.7209933721951609,0.6534376746785915,0.5807713806595864,0.5097021480475925,0.4798370997364849,0.4482152838776652,0.3165375708695999,0.0
0.7412760520642019,0.7647528547472651,0.7491016529585564,0.7342489818733531,0.7209933721951609,0.6534376746785915,0.5807713806595864,0.5097021480475925,0.4798370997364849,0.4482152838776652,0.4151561127525354,0.3495967419947297,0.0
0.7647528547472651,0.7491016529585564,0.7342489818733531,0.7209933721951609,0.6534376746785915,0.5807713806595864,0.5097021480475925,0.4798370997364849,0.4482152838776652,0.4151561127525354,0.38321488461231334,0.3815379701349517,0.0
0.7491016529585564,0.7342489818733531,0.7209933721951609,0.6534376746785915,0.5807713806595864,0.5097021480475925,0.4798370997364849,0.4482152838776652,0.4151561127525354,0.38321488461231334,0.35271101173840136,0.396390641220155,0.0
0.7342489818733531,0.7209933721951609,0.6534376746785915,0.5807713806595864,0.5097021480475925,0.4798370997364849,0.4482152838776652,0.4151561127525354,0.38321488461231334,0.35271101173840136,0.32188772658308706,0.412361255290266,0.0
0.7209933721951609,0.6534376746785915,0.5807713806595864,0.5097021480475925,0.4798370997364849,0.4482152838776652,0.4151561127525354,0.38321488461231334,0.35271101173840136,0.32188772658308706,0.29058532300566964,0.43040804918949127,0.0
0.6534376746785915,0.5807713806595864,0.5097021480475925,0.4798370997364849,0.4482152838776652,0.4151561127525354,0.38321488461231334,0.35271101173840136,0.32188772658308706,0.29058532300566964,0.2615188053980675,0.391918869280524,0.0
0.5807713806595864,0.5097021480475925,0.4798370997364849,0.4482152838776652,0.4151561127525354,0.38321488461231334,0.35271101173840136,0.32188772658308706,0.29058532300566964,0.2615188053980675,0.23277170007186787,0.3479996805877186,0.0
0.5097021480475925,0.4798370997364849,0.4482152838776652,0.4151561127525354,0.38321488461231334,0.35271101173840136,0.32188772658308706,0.29058532300566964,0.2615188053980675,0.23277170007186787,0.2599217439910564,0.27693044797572464,0.0
0.4798370997364849,0.4482152838776652,0.4151561127525354,0.38321488461231334,0.35271101173840136,0.32188772658308706,0.29058532300566964,0.2615188053980675,0.23277170007186787,0.2599217439910564,0.2925017966940828,0.24706539966461705,0.0
0.4482152838776652,0.4151561127525354,0.38321488461231334,0.35271101173840136,0.32188772658308706,0.29058532300566964,0.2615188053980675,0.23277170007186787,0.2599217439910564,0.2925017966940828,0.3238042002715005,0.2154435838057973,0.0
0.4151561127525354,0.38321488461231334,0.35271101173840136,0.32188772658308706,0.29058532300566964,0.2615188053980675,0.23277170007186787,0.2599217439910564,0.2925017966940828,0.3238042002715005,0.3150203625329393,0.18238441268066752,0.0
0.38321488461231334,0.35271101173840136,0.32188772658308706,0.29058532300566964,0.2615188053980675,0.23277170007186787,0.2599217439910564,0.2925017966940828,0.3238042002715005,0.3150203625329393,0.30751417391998714,0.15044318454044547,1.0
0.35271101173840136,0.32188772658308706,0.29058532300566964,0.2615188053980675,0.23277170007186787,0.2599217439910564,0.2925017966940828,0.3238042002715005,0.3150203625329393,0.30751417391998714,0.3009662221512417,0.11993931166653349,1.0
0.32188772658308706,0.29058532300566964,0.2615188053980675,0.23277170007186787,0.2599217439910564,0.2925017966940828,0.3238042002715005,0.3150203625329393,0.30751417391998714,0.3009662221512417,0.29377944581969184,0.0910325001996326,1.0
0.29058532300566964,0.2615188053980675,0.23277170007186787,0.2599217439910564,0.2925017966940828,0.3238042002715005,0.3150203625329393,0.30751417391998714,0.3009662221512417,0.29377944581969184,0.28675237562884304,0.0910325001996326,1.0
0.2615188053980675,0.23277170007186787,0.2599217439910564,0.2925017966940828,0.3238042002715005,0.3150203625329393,0.30751417391998714,0.3009662221512417,0.29377944581969184,0.28675237562884304,0.27732971332747747,0.0910325001996326,1.0
0.23277170007186787,0.2599217439910564,0.2925017966940828,0.3238042002715005,0.3150203625329393,0.30751417391998714,0.3009662221512417,0.29377944581969184,0.28675237562884304,0.27732971332747747,0.21999520881577905,0.10380899145572142,1.0
0.2599217439910564,0.2925017966940828,0.3238042002715005,0.3150203625329393,0.30751417391998714,0.3009662221512417,0.29377944581969184,0.28675237562884304,0.27732971332747747,0.21999520881577905,0.15659187095743832,0.16721232931406216,1.0
0.2925017966940828,0.3238042002715005,0.3150203625329393,0.30751417391998714,0.3009662221512417,0.29377944581969184,0.28675237562884304,0.27732971332747747,0.21999520881577905,0.15659187095743832,0.09063323484788,0.23317096542362048,1.0
0.3238042002715005,0.3150203625329393,0.30751417391998714,0.3009662221512417,0.29377944581969184,0.28675237562884304,0.27732971332747747,0.21999520881577905,0.15659187095743832,0.09063323484788,0.021480475924299247,0.30232372434720123,1.0
0.3150203625329393,0.30751417391998714,0.3009662221512417,0.29377944581969184,0.28675237562884304,0.27732971332747747,0.21999520881577905,0.15659187095743832,0.09063323484788,0.021480475924299247,-0.014133993452048244,0.32915435598498755,0.0
0.30751417391998714,0.3009662221512417,0.29377944581969184,0.28675237562884304,0.27732971332747747,0.21999520881577905,0.15659187095743832,0.09063323484788,0.021480475924299247,-0.014133993452048244,-0.054699353190130195,0.36221352711011734,0.0
0.3009662221512417,0.29377944581969184,0.28675237562884304,0.27732971332747747,0.21999520881577905,0.15659187095743832,0.09063323484788,0.021480475924299247,-0.014133993452048244,-0.054699353190130195,-0.10037530943064765,0.40134153158188934,0.0
0.29377944581969184,0.28675237562884304,0.27732971332747747,0.21999520881577905,0.15659187095743832,0.09063323484788,0.021480475924299247,-0.014133993452048244,-0.054699353190130195,-0.10037530943064765,-0.14621097181186615,0.439990417631558,0.0
0.28675237562884304,0.27732971332747747,0.21999520881577905,0.15659187095743832,0.09063323484788,0.021480475924299247,-0.014133993452048244,-0.054699353190130195,-0.10037530943064765,-0.14621097181186615,-0.23820170885570546,0.5249540844845485,0.0
0.27732971332747747,0.21999520881577905,0.15659187095743832,0.09063323484788,0.021480475924299247,-0.014133993452048244,-0.054699353190130195,-0.10037530943064765,-0.14621097181186615,-0.23820170885570546,-0.33258803801006154,0.609917751337539,0.0
0.21999520881577905,0.15659187095743832,0.09063323484788,0.021480475924299247,-0.014133993452048244,-0.054699353190130195,-0.10037530943064765,-0.14621097181186615,-0.23820170885570546,-0.33258803801006154,-0.429210253134233,0.649205461950012,0.0
0.15659187095743832,0.09063323484788,0.021480475924299247,-0.014133993452048244,-0.054699353190130195,-0.10037530943064765,-0.14621097181186615,-0.23820170885570546,-0.33258803801006154,-0.429210253134233,-0.5251936436956002,0.6817855146530385,0.0
0.09063323484788,0.021480475924299247,-0.014133993452048244,-0.054699353190130195,-0.10037530943064765,-0.14621097181186615,-0.23820170885570546,-0.33258803801006154,-0.429210253134233,-0.5251936436956002,-0.5727860736245309,0.6634193084724109,0.0
0.021480475924299247,-0.014133993452048244,-0.054699353190130195,-0.10037530943064765,-0.14621097181186615,-0.23820170885570546,-0.33258803801006154,-0.429210253134233,-0.5251936436956002,-0.5727860736245309,-0.6162261438952328,0.637706619819532,0.0
-0.014133993452048244,-0.054699353190130195,-0.10037530943064765,-0.14621097181186615,-0.23820170885570546,-0.33258803801006154,-0.429210253134233,-0.5251936436956002,-0.5727860736245309,-0.6162261438952328,-0.6561526790705103,0.6420186856184621,0.0
-0.054699353190130195,-0.10037530943064765,-0.14621097181186615,-0.23820170885570546,-0.33258803801006154,-0.429210253134233,-0.5251936436956002,-0.5727860736245309,-0.6162261438952328,-0.6561526790705103,-0.69208656072826,0.6373872075381298,0.0
-0.10037530943064765,-0.14621097181186615,-0.23820170885570546,-0.33258803801006154,-0.429210253134233,-0.5251936436956002,-0.5727860736245309,-0.6162261438952328,-0.6561526790705103,-0.69208656072826,-0.7607602012297373,0.6603848917990897,0.0
-0.14621097181186615,-0.23820170885570546,-0.33258803801006154,-0.429210253134233,-0.5251936436956002,-0.5727860736245309,-0.6162261438952328,-0.6561526790705103,-0.69208656072826,-0.7607602012297373,-0.8168170566158268,0.6706060848039607,0.0
-0.23820170885570546,-0.33258803801006154,-0.429210253134233,-0.5251936436956002,-0.5727860736245309,-0.6162261438952328,-0.6561526790705103,-0.69208656072826,-0.7607602012297373,-0.8168170566158268,-0.8107482232691847,0.5786153477601214,0.0
-0.33258803801006154,-0.429210253134233,-0.5251936436956002,-0.5727860736245309,-0.6162261438952328,-0.6561526790705103,-0.69208656072826,-0.7607602012297373,-0.8168170566158268,-0.8107482232691847,-0.8331070829673402,0.5005190449572786,0.0
-0.429210253134233,-0.5251936436956002,-0.5727860736245309,-0.6162261438952328,-0.6561526790705103,-0.69208656072826,-0.7607602012297373,-0.8168170566158268,-0.8107482232691847,-0.8331070829673402,-0.7984508504351993,0.40389682983310715,0.0
-0.5251936436956002,-0.5727860736245309,-0.6162261438952328,-0.6561526790705103,-0.69208656072826,-0.7607602012297373,-0.8168170566158268,-0.8107482232691847,-0.8331070829673402,-0.7984508504351993,-0.7086959993611754,0.30791343927174,0.0
-0.5727860736245309,-0.6162261438952328,-0.6561526790705103,-0.69208656072826,-0.7607602012297373,-0.8168170566158268,-0.8107482232691847,-0.8331070829673402,-0.7984508504351993,-0.7086959993611754,-0.6055258324682584,0.2603210093428092,0.0
-0.6162261438952328,-0.6561526790705103,-0.69208656072826,-0.7607602012297373,-0.8168170566158268,-0.8107482232691847,-0.8331070829673402,-0.7984508504351993,-0.7086959993611754,-0.6055258324682584,-0.5285474726503234,0.3045596103170167,0.0
-0.6561526790705103,-0.69208656072826,-0.7607602012297373,-0.8168170566158268,-0.8107482232691847,-0.8331070829673402,-0.7984508504351993,-0.7086959993611754,-0.6055258324682584,-0.5285474726503234,-0.43991056456120736,0.3931965184061328,2.0
-0.69208656072826,-0.7607602012297373,-0.8168170566158268,-0.8107482232691847,-0.8331070829673402,-0.7984508504351993,-0.7086959993611754,-0.6055258324682584,-0.5285474726503234,-0.43991056456120736,-0.29857063004072504,0.5345364529266151,2.0
-0.7607602012297373,-0.8168170566158268,-0.8107482232691847,-0.8331070829673402,-0.7984508504351993,-0.7086959993611754,-0.6055258324682584,-0.5285474726503234,-0.43991056456120736,-0.29857063004072504,-0.14876627006308396,0.6843408129042562,2.0
-0.8168170566158268,-0.8107482232691847,-0.8331070829673402,-0.7984508504351993,-0.7086959993611754,-0.6055258324682584,-0.5285474726503234,-0.43991056456120736,-0.29857063004072504,-0.14876627006308396,-0.02925851703406812,0.803848565933272,2.0
-0.8107482232691847,-0.8331070829673402,-0.7984508504351993,-0.7086959993611754,-0.6055258324682584,-0.5285474726503234,-0.43991056456120736,-0.29857063004072504,-0.14876627006308396,-0.02925851703406812,0.11868293881562786,0.951790021782968,2.0
-0.8331070829673402,-0.7984508504351993,-0.7086959993611754,-0.6055258324682584,-0.5285474726503234,-0.43991056456120736,-0.29857063004072504,-0.14876627006308396,-0.02925851703406812,0.11868293881562786,0.24481939552788923,1.0779264784952294,2.0
-0.7984508504351993,-0.7086959993611754,-0.6055258324682584,-0.5285474726503234,-0.43991056456120736,-0.29857063004072504,-0.14876627006308396,-0.02925851703406812,0.11868293881562786,0.24481939552788923,0.36161847817184034,1.1600693286070396,2.0
-0.7086959993611754,-0.6055258324682584,-0.5285474726503234,-0.43991056456120736,-0.29857063004072504,-0.14876627006308396,-0.02925851703406812,0.11868293881562786,0.24481939552788923,0.36161847817184034,0.5167499385699075,1.225445937931083,2.0
-0.6055258324682584,-0.5285474726503234,-0.43991056456120736,-0.29857063004072504,-0.14876627006308396,-0.02925851703406812,0.11868293881562786,0.24481939552788923,0.36161847817184034,0.5167499385699075,0.6694241952657876,1.274950027734046,2.0
-0.5285474726503234,-0.43991056456120736,-0.29857063004072504,-0.14876627006308396,-0.02925851703406812,0.11868293881562786,0.24481939552788923,0.36161847817184034,0.5167499385699075,0.6694241952657876,0.7320009828814809,1.2605484555318043,2.0
-0.43991056456120736,-0.29857063004072504,-0.14876627006308396,-0.02925851703406812,0.11868293881562786,0.24481939552788923,0.36161847817184034,0.5167499385699075,0.6694241952657876,0.7320009828814809,0.7849127692685725,1.2248233338297798,2.0
-0.29857063004072504,-0.14876627006308396,-0.02925851703406812,0.11868293881562786,0.24481939552788923,0.36161847817184034,0.5167499385699075,0.6694241952657876,0.7320009828814809,0.7849127692685725,0.8664919321811779,1.165062562221903,2.0
-0.14876627006308396,-0.02925851703406812,0.11868293881562786,0.24481939552788923,0.36161847817184034,0.5167499385699075,0.6694241952657876,0.7320009828814809,0.7849127692685725,0.8664919321811779,0.9352936358424113,1.0840599059054954,2.0
-0.02925851703406812,0.11868293881562786,0.24481939552788923,0.36161847817184034,0.5167499385699075,0.6694241952657876,0.7320009828814809,0.7849127692685725,0.8664919321811779,0.9352936358424113,0.9900073716111066,1.0192658886451746,2.0
0.11868293881562786,0.24481939552788923,0.36161847817184034,0.5167499385699075,0.6694241952657876,0.7320009828814809,0.7849127692685725,0.8664919321811779,0.9352936358424113,0.9900073716111066,1.0,0.8813170611843721,2.0
0.24481939552788923,0.36161847817184034,0.5167499385699075,0.6694241952657876,0.7320009828814809,0.7849127692685725,0.8664919321811779,0.9352936358424113,0.9900073716111066,1.0,1.0,0.7551806044721108,2.0
