1.0,1.0,1.0,1.0,1.0,1.0,0.8359213250517599,0.6868530020703933,0.7406832298136645,1.0,1.0,0.31314699792960665,0.0
1.0,1.0,1.0,1.0,1.0,0.8359213250517599,0.6868530020703933,0.7406832298136645,1.0,1.0,1.0,0.31314699792960665,0.0
1.0,1.0,1.0,1.0,0.8359213250517599,0.6868530020703933,0.7406832298136645,1.0,1.0,1.0,0.8971164936562861,0.31314699792960665,2.0
1.0,1.0,1.0,0.8359213250517599,0.6868530020703933,0.7406832298136645,1.0,1.0,1.0,0.8971164936562861,0.578316032295271,0.42168396770472905,2.0
1.0,1.0,0.8359213250517599,0.6868530020703933,0.7406832298136645,1.0,1.0,1.0,0.8971164936562861,0.578316032295271,0.3697808535178777,0.6302191464821223,2.0
1.0,0.8359213250517599,0.6868530020703933,0.7406832298136645,1.0,1.0,1.0,0.8971164936562861,0.578316032295271,0.3697808535178777,0.4542099192618223,0.6302191464821223,2.0
0.8359213250517599,0.6868530020703933,0.7406832298136645,1.0,1.0,1.0,0.8971164936562861,0.578316032295271,0.3697808535178777,0.4542099192618223,0.6719723183391004,0.6302191464821223,0.0
0.6868530020703933,0.7406832298136645,1.0,1.0,1.0,0.8971164936562861,0.578316032295271,0.3697808535178777,0.4542099192618223,0.6719723183391004,0.7905420991926182,0.6302191464821223,0.0
0.7406832298136645,1.0,1.0,1.0,0.8971164936562861,0.578316032295271,0.3697808535178777,0.4542099192618223,0.6719723183391004,0.7905420991926182,0.946482122260669,0.6302191464821223,0.0
1.0,1.0,1.0,0.8971164936562861,0.578316032295271,0.3697808535178777,0.4542099192618223,0.6719723183391004,0.7905420991926182,0.946482122260669,0.8306805074971164,0.6302191464821223,2.0
1.0,1.0,0.8971164936562861,0.578316032295271,0.3697808535178777,0.4542099192618223,0.6719723183391004,0.7905420991926182,0.946482122260669,0.8306805074971164,0.5589388696655133,0.6302191464821223,2.0
1.0,0.8971164936562861,0.578316032295271,0.3697808535178777,0.4542099192618223,0.6719723183391004,0.7905420991926182,0.946482122260669,0.8306805074971164,0.5589388696655133,0.3536332179930797,0.6463667820069203,2.0
0.8971164936562861,0.578316032295271,0.3697808535178777,0.4542099192618223,0.6719723183391004,0.7905420991926182,0.946482122260669,0.8306805074971164,0.5589388696655133,0.3536332179930797,0.5667820069204152,0.5928489042675893,2.0
0.578316032295271,0.3697808535178777,0.4542099192618223,0.6719723183391004,0.7905420991926182,0.946482122260669,0.8306805074971164,0.5589388696655133,0.3536332179930797,0.5667820069204152,0.932641291810842,0.5928489042675893,0.0
0.3697808535178777,0.4542099192618223,0.6719723183391004,0.7905420991926182,0.946482122260669,0.8306805074971164,0.5589388696655133,0.3536332179930797,0.5667820069204152,0.932641291810842,1.0,0.6463667820069203,0.0
0.4542099192618223,0.6719723183391004,0.7905420991926182,0.946482122260669,0.8306805074971164,0.5589388696655133,0.3536332179930797,0.5667820069204152,0.932641291810842,1.0,1.0,0.6463667820069203,0.0
0.6719723183391004,0.7905420991926182,0.946482122260669,0.8306805074971164,0.5589388696655133,0.3536332179930797,0.5667820069204152,0.932641291810842,1.0,1.0,0.9432421396488362,0.6463667820069203,2.0
0.7905420991926182,0.946482122260669,0.8306805074971164,0.5589388696655133,0.3536332179930797,0.5667820069204152,0.932641291810842,1.0,1.0,0.9432421396488362,0.7194773376888526,0.6463667820069203,2.0
0.946482122260669,0.8306805074971164,0.5589388696655133,0.3536332179930797,0.5667820069204152,0.932641291810842,1.0,1.0,0.9432421396488362,0.7194773376888526,0.5737035524703962,0.6463667820069203,2.0
0.8306805074971164,0.5589388696655133,0.3536332179930797,0.5667820069204152,0.932641291810842,1.0,1.0,0.9432421396488362,0.7194773376888526,0.5737035524703962,0.6896692527562269,0.6463667820069203,2.0
0.5589388696655133,0.3536332179930797,0.5667820069204152,0.932641291810842,1.0,1.0,0.9432421396488362,0.7194773376888526,0.5737035524703962,0.6896692527562269,0.7615353205389954,0.6463667820069203,0.0
0.3536332179930797,0.5667820069204152,0.932641291810842,1.0,1.0,0.9432421396488362,0.7194773376888526,0.5737035524703962,0.6896692527562269,0.7615353205389954,0.903225806451613,0.6463667820069203,0.0
0.5667820069204152,0.932641291810842,1.0,1.0,0.9432421396488362,0.7194773376888526,0.5737035524703962,0.6896692527562269,0.7615353205389954,0.903225806451613,0.8113515720702327,0.43321799307958475,0.0
0.932641291810842,1.0,1.0,0.9432421396488362,0.7194773376888526,0.5737035524703962,0.6896692527562269,0.7615353205389954,0.903225806451613,0.8113515720702327,0.5051041241322989,0.4948958758677011,2.0
1.0,1.0,0.9432421396488362,0.7194773376888526,0.5737035524703962,0.6896692527562269,0.7615353205389954,0.903225806451613,0.8113515720702327,0.5051041241322989,0.21518987341772156,0.7848101265822784,2.0
1.0,0.9432421396488362,0.7194773376888526,0.5737035524703962,0.6896692527562269,0.7615353205389954,0.903225806451613,0.8113515720702327,0.5051041241322989,0.21518987341772156,0.04409963250306248,0.9559003674969375,2.0
0.9432421396488362,0.7194773376888526,0.5737035524703962,0.6896692527562269,0.7615353205389954,0.903225806451613,0.8113515720702327,0.5051041241322989,0.21518987341772156,0.04409963250306248,0.25643119640669654,0.8991425071457737,0.0
0.7194773376888526,0.5737035524703962,0.6896692527562269,0.7615353205389954,0.903225806451613,0.8113515720702327,0.5051041241322989,0.21518987341772156,0.04409963250306248,0.25643119640669654,0.4761126990608411,0.8591261739485505,0.0
0.5737035524703962,0.6896692527562269,0.7615353205389954,0.903225806451613,0.8113515720702327,0.5051041241322989,0.21518987341772156,0.04409963250306248,0.25643119640669654,0.4761126990608411,0.6096365863617803,0.8591261739485505,0.0
0.6896692527562269,0.7615353205389954,0.903225806451613,0.8113515720702327,0.5051041241322989,0.21518987341772156,0.04409963250306248,0.25643119640669654,0.4761126990608411,0.6096365863617803,0.48182931808901586,0.8591261739485505,0.0
0.7615353205389954,0.903225806451613,0.8113515720702327,0.5051041241322989,0.21518987341772156,0.04409963250306248,0.25643119640669654,0.4761126990608411,0.6096365863617803,0.48182931808901586,0.2678644344630461,0.8591261739485505,2.0
0.903225806451613,0.8113515720702327,0.5051041241322989,0.21518987341772156,0.04409963250306248,0.25643119640669654,0.4761126990608411,0.6096365863617803,0.48182931808901586,0.2678644344630461,0.10902409146590442,0.8591261739485505,2.0
0.8113515720702327,0.5051041241322989,0.21518987341772156,0.04409963250306248,0.25643119640669654,0.4761126990608411,0.6096365863617803,0.48182931808901586,0.2678644344630461,0.10902409146590442,0.3389138423846467,0.7672519395671702,2.0
0.5051041241322989,0.21518987341772156,0.04409963250306248,0.25643119640669654,0.4761126990608411,0.6096365863617803,0.48182931808901586,0.2678644344630461,0.10902409146590442,0.3389138423846467,0.6582278481012658,0.6141282155982033,0.0
0.21518987341772156,0.04409963250306248,0.25643119640669654,0.4761126990608411,0.6096365863617803,0.48182931808901586,0.2678644344630461,0.10902409146590442,0.3389138423846467,0.6582278481012658,0.8958758677011025,0.85177623519804,0.0
0.04409963250306248,0.25643119640669654,0.4761126990608411,0.6096365863617803,0.48182931808901586,0.2678644344630461,0.10902409146590442,0.3389138423846467,0.6582278481012658,0.8958758677011025,1.0,0.9559003674969375,0.0
0.25643119640669654,0.4761126990608411,0.6096365863617803,0.48182931808901586,0.2678644344630461,0.10902409146590442,0.3389138423846467,0.6582278481012658,0.8958758677011025,1.0,0.9840637450199203,0.8909759085340956,2.0
0.4761126990608411,0.6096365863617803,0.48182931808901586,0.2678644344630461,0.10902409146590442,0.3389138423846467,0.6582278481012658,0.8958758677011025,1.0,0.9840637450199203,0.8095238095238095,0.8909759085340956,2.0
0.6096365863617803,0.48182931808901586,0.2678644344630461,0.10902409146590442,0.3389138423846467,0.6582278481012658,0.8958758677011025,1.0,0.9840637450199203,0.8095238095238095,0.7814456459874786,0.8909759085340956,2.0
0.48182931808901586,0.2678644344630461,0.10902409146590442,0.3389138423846467,0.6582278481012658,0.8958758677011025,1.0,0.9840637450199203,0.8095238095238095,0.7814456459874786,0.9533295389869094,0.8909759085340956,2.0
0.2678644344630461,0.10902409146590442,0.3389138423846467,0.6582278481012658,0.8958758677011025,1.0,0.9840637450199203,0.8095238095238095,0.7814456459874786,0.9533295389869094,1.0,0.8909759085340956,0.0
0.10902409146590442,0.3389138423846467,0.6582278481012658,0.8958758677011025,1.0,0.9840637450199203,0.8095238095238095,0.7814456459874786,0.9533295389869094,1.0,1.0,0.8909759085340956,0.0
0.3389138423846467,0.6582278481012658,0.8958758677011025,1.0,0.9840637450199203,0.8095238095238095,0.7814456459874786,0.9533295389869094,1.0,1.0,1.0,0.6610861576153533,0.0
0.6582278481012658,0.8958758677011025,1.0,0.9840637450199203,0.8095238095238095,0.7814456459874786,0.9533295389869094,1.0,1.0,1.0,0.921001300390117,0.3417721518987342,2.0
0.8958758677011025,1.0,0.9840637450199203,0.8095238095238095,0.7814456459874786,0.9533295389869094,1.0,1.0,1.0,0.921001300390117,0.7395968790637191,0.26040312093628093,2.0
1.0,0.9840637450199203,0.8095238095238095,0.7814456459874786,0.9533295389869094,1.0,1.0,1.0,0.921001300390117,0.7395968790637191,0.5884265279583876,0.41157347204161243,2.0
0.9840637450199203,0.8095238095238095,0.7814456459874786,0.9533295389869094,1.0,1.0,1.0,0.921001300390117,0.7395968790637191,0.5884265279583876,0.7886866059817945,0.41157347204161243,2.0
0.8095238095238095,0.7814456459874786,0.9533295389869094,1.0,1.0,1.0,0.921001300390117,0.7395968790637191,0.5884265279583876,0.7886866059817945,0.8342002600780234,0.41157347204161243,0.0
0.7814456459874786,0.9533295389869094,1.0,1.0,1.0,0.921001300390117,0.7395968790637191,0.5884265279583876,0.7886866059817945,0.8342002600780234,0.9613133940182055,0.41157347204161243,0.0
0.9533295389869094,1.0,1.0,1.0,0.921001300390117,0.7395968790637191,0.5884265279583876,0.7886866059817945,0.8342002600780234,0.9613133940182055,0.947334200260078,0.41157347204161243,0.0
1.0,1.0,1.0,0.921001300390117,0.7395968790637191,0.5884265279583876,0.7886866059817945,0.8342002600780234,0.9613133940182055,0.947334200260078,0.7919375812743823,0.41157347204161243,2.0
1.0,1.0,0.921001300390117,0.7395968790637191,0.5884265279583876,0.7886866059817945,0.8342002600780234,0.9613133940182055,0.947334200260078,0.7919375812743823,0.5868010403120936,0.41319895968790643,2.0
1.0,0.921001300390117,0.7395968790637191,0.5884265279583876,0.7886866059817945,0.8342002600780234,0.9613133940182055,0.947334200260078,0.7919375812743823,0.5868010403120936,0.6001300390117035,0.41319895968790643,2.0
0.921001300390117,0.7395968790637191,0.5884265279583876,0.7886866059817945,0.8342002600780234,0.9613133940182055,0.947334200260078,0.7919375812743823,0.5868010403120936,0.6001300390117035,0.7106631989596879,0.3745123537061119,0.0
0.7395968790637191,0.5884265279583876,0.7886866059817945,0.8342002600780234,0.9613133940182055,0.947334200260078,0.7919375812743823,0.5868010403120936,0.6001300390117035,0.7106631989596879,0.8585825747724318,0.3745123537061119,0.0
0.5884265279583876,0.7886866059817945,0.8342002600780234,0.9613133940182055,0.947334200260078,0.7919375812743823,0.5868010403120936,0.6001300390117035,0.7106631989596879,0.8585825747724318,0.834850455136541,0.3745123537061119,0.0
0.7886866059817945,0.8342002600780234,0.9613133940182055,0.947334200260078,0.7919375812743823,0.5868010403120936,0.6001300390117035,0.7106631989596879,0.8585825747724318,0.834850455136541,0.7721066319895968,0.3745123537061119,2.0
0.8342002600780234,0.9613133940182055,0.947334200260078,0.7919375812743823,0.5868010403120936,0.6001300390117035,0.7106631989596879,0.8585825747724318,0.834850455136541,0.7721066319895968,0.7259427828348504,0.3745123537061119,2.0
0.9613133940182055,0.947334200260078,0.7919375812743823,0.5868010403120936,0.6001300390117035,0.7106631989596879,0.8585825747724318,0.834850455136541,0.7721066319895968,0.7259427828348504,0.58777633289987,0.3745123537061119,2.0
0.947334200260078,0.7919375812743823,0.5868010403120936,0.6001300390117035,0.7106631989596879,0.8585825747724318,0.834850455136541,0.7721066319895968,0.7259427828348504,0.58777633289987,0.6758777633289987,0.3605331599479844,0.0
0.7919375812743823,0.5868010403120936,0.6001300390117035,0.7106631989596879,0.8585825747724318,0.834850455136541,0.7721066319895968,0.7259427828348504,0.58777633289987,0.6758777633289987,0.8355006501950586,0.27178153446033826,0.0
0.5868010403120936,0.6001300390117035,0.7106631989596879,0.8585825747724318,0.834850455136541,0.7721066319895968,0.7259427828348504,0.58777633289987,0.6758777633289987,0.8355006501950586,0.967815344603381,0.38101430429128746,0.0
0.6001300390117035,0.7106631989596879,0.8585825747724318,0.834850455136541,0.7721066319895968,0.7259427828348504,0.58777633289987,0.6758777633289987,0.8355006501950586,0.967815344603381,0.9479843953185956,0.38003901170351106,0.0
0.7106631989596879,0.8585825747724318,0.834850455136541,0.7721066319895968,0.7259427828348504,0.58777633289987,0.6758777633289987,0.8355006501950586,0.967815344603381,0.9479843953185956,0.9066970091027309,0.38003901170351106,2.0
0.8585825747724318,0.834850455136541,0.7721066319895968,0.7259427828348504,0.58777633289987,0.6758777633289987,0.8355006501950586,0.967815344603381,0.9479843953185956,0.9066970091027309,0.8185955786736021,0.38003901170351106,2.0
0.834850455136541,0.7721066319895968,0.7259427828348504,0.58777633289987,0.6758777633289987,0.8355006501950586,0.967815344603381,0.9479843953185956,0.9066970091027309,0.8185955786736021,0.8439531859557867,0.38003901170351106,2.0
0.7721066319895968,0.7259427828348504,0.58777633289987,0.6758777633289987,0.8355006501950586,0.967815344603381,0.9479843953185956,0.9066970091027309,0.8185955786736021,0.8439531859557867,0.9596879063719115,0.38003901170351106,0.0
0.7259427828348504,0.58777633289987,0.6758777633289987,0.8355006501950586,0.967815344603381,0.9479843953185956,0.9066970091027309,0.8185955786736021,0.8439531859557867,0.9596879063719115,1.0,0.41222366710013003,0.0
0.58777633289987,0.6758777633289987,0.8355006501950586,0.967815344603381,0.9479843953185956,0.9066970091027309,0.8185955786736021,0.8439531859557867,0.9596879063719115,1.0,1.0,0.41222366710013003,0.0
0.6758777633289987,0.8355006501950586,0.967815344603381,0.9479843953185956,0.9066970091027309,0.8185955786736021,0.8439531859557867,0.9596879063719115,1.0,1.0,1.0,0.32412223667100126,2.0
0.8355006501950586,0.967815344603381,0.9479843953185956,0.9066970091027309,0.8185955786736021,0.8439531859557867,0.9596879063719115,1.0,1.0,1.0,0.95423082356265,0.1814044213263979,2.0
0.967815344603381,0.9479843953185956,0.9066970091027309,0.8185955786736021,0.8439531859557867,0.9596879063719115,1.0,1.0,1.0,0.95423082356265,0.9353015962706597,0.1814044213263979,2.0
0.9479843953185956,0.9066970091027309,0.8185955786736021,0.8439531859557867,0.9596879063719115,1.0,1.0,1.0,0.95423082356265,0.9353015962706597,0.9087441729057777,0.1814044213263979,2.0
0.9066970091027309,0.8185955786736021,0.8439531859557867,0.9596879063719115,1.0,1.0,1.0,0.95423082356265,0.9353015962706597,0.9087441729057777,1.0,0.1814044213263979,0.0
0.8185955786736021,0.8439531859557867,0.9596879063719115,1.0,1.0,1.0,0.95423082356265,0.9353015962706597,0.9087441729057777,1.0,1.0,0.1814044213263979,0.0
0.8439531859557867,0.9596879063719115,1.0,1.0,1.0,0.95423082356265,0.9353015962706597,0.9087441729057777,1.0,1.0,1.0,0.15604681404421328,0.0
0.9596879063719115,1.0,1.0,1.0,0.95423082356265,0.9353015962706597,0.9087441729057777,1.0,1.0,1.0,0.9280904586456613,0.09125582709422231,0.0
1.0,1.0,1.0,0.95423082356265,0.9353015962706597,0.9087441729057777,1.0,1.0,1.0,0.9280904586456613,0.724050311269216,0.27594968873078396,2.0
1.0,1.0,0.95423082356265,0.9353015962706597,0.9087441729057777,1.0,1.0,1.0,0.9280904586456613,0.724050311269216,0.585059077626731,0.41494092237326896,2.0
1.0,0.95423082356265,0.9353015962706597,0.9087441729057777,1.0,1.0,1.0,0.9280904586456613,0.724050311269216,0.585059077626731,0.4958709185618091,0.5041290814381909,2.0
0.95423082356265,0.9353015962706597,0.9087441729057777,1.0,1.0,1.0,0.9280904586456613,0.724050311269216,0.585059077626731,0.4958709185618091,0.6137720747046118,0.5041290814381909,0.0
0.9353015962706597,0.9087441729057777,1.0,1.0,1.0,0.9280904586456613,0.724050311269216,0.585059077626731,0.4958709185618091,0.6137720747046118,0.6407063905475798,0.5041290814381909,0.0
0.9087441729057777,1.0,1.0,1.0,0.9280904586456613,0.724050311269216,0.585059077626731,0.4958709185618091,0.6137720747046118,0.6407063905475798,0.6445178503366789,0.5041290814381909,0.0
1.0,1.0,1.0,0.9280904586456613,0.724050311269216,0.585059077626731,0.4958709185618091,0.6137720747046118,0.6407063905475798,0.6445178503366789,0.514674120188032,0.5041290814381909,0.0
1.0,1.0,0.9280904586456613,0.724050311269216,0.585059077626731,0.4958709185618091,0.6137720747046118,0.6407063905475798,0.6445178503366789,0.514674120188032,0.3629780205818829,0.6370219794181171,2.0
1.0,0.9280904586456613,0.724050311269216,0.585059077626731,0.4958709185618091,0.6137720747046118,0.6407063905475798,0.6445178503366789,0.514674120188032,0.3629780205818829,0.14318383941049428,0.8568161605895057,2.0
0.9280904586456613,0.724050311269216,0.585059077626731,0.4958709185618091,0.6137720747046118,0.6407063905475798,0.6445178503366789,0.514674120188032,0.3629780205818829,0.14318383941049428,0.18358531317494609,0.784906619235167,2.0
0.724050311269216,0.585059077626731,0.4958709185618091,0.6137720747046118,0.6407063905475798,0.6445178503366789,0.514674120188032,0.3629780205818829,0.14318383941049428,0.18358531317494609,0.2788718079024266,0.5808664718587218,0.0
0.585059077626731,0.4958709185618091,0.6137720747046118,0.6407063905475798,0.6445178503366789,0.514674120188032,0.3629780205818829,0.14318383941049428,0.18358531317494609,0.2788718079024266,0.18155253462075982,0.5013340109261846,0.0
0.4958709185618091,0.6137720747046118,0.6407063905475798,0.6445178503366789,0.514674120188032,0.3629780205818829,0.14318383941049428,0.18358531317494609,0.2788718079024266,0.18155253462075982,0.11777410748316597,0.5267437428535129,0.0
0.6137720747046118,0.6407063905475798,0.6445178503366789,0.514674120188032,0.3629780205818829,0.14318383941049428,0.18358531317494609,0.2788718079024266,0.18155253462075982,0.11777410748316597,-0.059331724050311285,0.7038495743869901,2.0
0.6407063905475798,0.6445178503366789,0.514674120188032,0.3629780205818829,0.14318383941049428,0.18358531317494609,0.2788718079024266,0.18155253462075982,0.11777410748316597,-0.059331724050311285,-0.1967983737771567,0.8413162241138356,2.0
0.6445178503366789,0.514674120188032,0.3629780205818829,0.14318383941049428,0.18358531317494609,0.2788718079024266,0.18155253462075982,0.11777410748316597,-0.059331724050311285,-0.1967983737771567,-0.2610849955532969,0.9056028458899757,0.0
0.514674120188032,0.3629780205818829,0.14318383941049428,0.18358531317494609,0.2788718079024266,0.18155253462075982,0.11777410748316597,-0.059331724050311285,-0.1967983737771567,-0.2610849955532969,-0.14801168847668655,0.7757591157413289,0.0
0.3629780205818829,0.14318383941049428,0.18358531317494609,0.2788718079024266,0.18155253462075982,0.11777410748316597,-0.059331724050311285,-0.1967983737771567,-0.2610849955532969,-0.14801168847668655,-0.12031508067589891,0.6240630161351798,0.0
0.14318383941049428,0.18358531317494609,0.2788718079024266,0.18155253462075982,0.11777410748316597,-0.059331724050311285,-0.1967983737771567,-0.2610849955532969,-0.14801168847668655,-0.12031508067589891,-0.16097065175962388,0.5399568034557235,0.0
0.18358531317494609,0.2788718079024266,0.18155253462075982,0.11777410748316597,-0.059331724050311285,-0.1967983737771567,-0.2610849955532969,-0.14801168847668655,-0.12031508067589891,-0.16097065175962388,-0.18688857832549866,0.5399568034557235,0.0
0.2788718079024266,0.18155253462075982,0.11777410748316597,-0.059331724050311285,-0.1967983737771567,-0.2610849955532969,-0.14801168847668655,-0.12031508067589891,-0.16097065175962388,-0.18688857832549866,-0.2956422309744632,0.5745140388768898,2.0
0.18155253462075982,0.11777410748316597,-0.059331724050311285,-0.1967983737771567,-0.2610849955532969,-0.14801168847668655,-0.12031508067589891,-0.16097065175962388,-0.18688857832549866,-0.2956422309744632,-0.41151060856307964,0.5930631431838395,2.0
0.11777410748316597,-0.059331724050311285,-0.1967983737771567,-0.2610849955532969,-0.14801168847668655,-0.12031508067589891,-0.16097065175962388,-0.18688857832549866,-0.2956422309744632,-0.41151060856307964,-0.32892897979926317,0.5292847160462456,0.0
-0.059331724050311285,-0.1967983737771567,-0.2610849955532969,-0.14801168847668655,-0.12031508067589891,-0.16097065175962388,-0.18688857832549866,-0.2956422309744632,-0.41151060856307964,-0.32892897979926317,-0.07813492567653413,0.35217888451276835,0.0
-0.1967983737771567,-0.2610849955532969,-0.14801168847668655,-0.12031508067589891,-0.16097065175962388,-0.18688857832549866,-0.2956422309744632,-0.41151060856307964,-0.32892897979926317,-0.07813492567653413,0.05145470715283951,0.46296531571591915,0.0
-0.2610849955532969,-0.14801168847668655,-0.12031508067589891,-0.16097065175962388,-0.18688857832549866,-0.2956422309744632,-0.41151060856307964,-0.32892897979926317,-0.07813492567653413,0.05145470715283951,0.14572481260322712,0.5572354211663068,0.0
-0.14801168847668655,-0.12031508067589891,-0.16097065175962388,-0.18688857832549866,-0.2956422309744632,-0.41151060856307964,-0.32892897979926317,-0.07813492567653413,0.05145470715283951,0.14572481260322712,0.07762673103798745,0.5572354211663068,2.0
-0.12031508067589891,-0.16097065175962388,-0.18688857832549866,-0.2956422309744632,-0.41151060856307964,-0.32892897979926317,-0.07813492567653413,0.05145470715283951,0.14572481260322712,0.07762673103798745,-0.017405666370219786,0.5572354211663068,2.0
-0.16097065175962388,-0.18688857832549866,-0.2956422309744632,-0.41151060856307964,-0.32892897979926317,-0.07813492567653413,0.05145470715283951,0.14572481260322712,0.07762673103798745,-0.017405666370219786,-0.18206072925930628,0.5572354211663068,2.0
-0.18688857832549866,-0.2956422309744632,-0.41151060856307964,-0.32892897979926317,-0.07813492567653413,0.05145470715283951,0.14572481260322712,0.07762673103798745,-0.017405666370219786,-0.18206072925930628,-0.08855291576673863,0.5572354211663068,2.0
-0.2956422309744632,-0.41151060856307964,-0.32892897979926317,-0.07813492567653413,0.05145470715283951,0.14572481260322712,0.07762673103798745,-0.017405666370219786,-0.18206072925930628,-0.08855291576673863,0.026299072544784696,0.5572354211663068,0.0
-0.41151060856307964,-0.32892897979926317,-0.07813492567653413,0.05145470715283951,0.14572481260322712,0.07762673103798745,-0.017405666370219786,-0.18206072925930628,-0.08855291576673863,0.026299072544784696,0.024520391309871714,0.5572354211663068,0.0
-0.32892897979926317,-0.07813492567653413,0.05145470715283951,0.14572481260322712,0.07762673103798745,-0.017405666370219786,-0.18206072925930628,-0.08855291576673863,0.026299072544784696,0.024520391309871714,0.1132003557362471,0.4746537924024903,0.0
-0.07813492567653413,0.05145470715283951,0.14572481260322712,0.07762673103798745,-0.017405666370219786,-0.18206072925930628,-0.08855291576673863,0.026299072544784696,0.024520391309871714,0.1132003557362471,0.08702833185109893,0.3277855418625334,2.0
0.05145470715283951,0.14572481260322712,0.07762673103798745,-0.017405666370219786,-0.18206072925930628,-0.08855291576673863,0.026299072544784696,0.024520391309871714,0.1132003557362471,0.08702833185109893,-0.13479862787447594,0.3277855418625334,2.0
0.14572481260322712,0.07762673103798745,-0.017405666370219786,-0.18206072925930628,-0.08855291576673863,0.026299072544784696,0.024520391309871714,0.1132003557362471,0.08702833185109893,-0.13479862787447594,-0.25422436793291836,0.3999491805361455,2.0
0.07762673103798745,-0.017405666370219786,-0.18206072925930628,-0.08855291576673863,0.026299072544784696,0.024520391309871714,0.1132003557362471,0.08702833185109893,-0.13479862787447594,-0.25422436793291836,-0.08575784525473251,0.36742472366916545,2.0
-0.017405666370219786,-0.18206072925930628,-0.08855291576673863,0.026299072544784696,0.024520391309871714,0.1132003557362471,0.08702833185109893,-0.13479862787447594,-0.25422436793291836,-0.08575784525473251,0.014102401219667104,0.36742472366916545,0.0
-0.18206072925930628,-0.08855291576673863,0.026299072544784696,0.024520391309871714,0.1132003557362471,0.08702833185109893,-0.13479862787447594,-0.25422436793291836,-0.08575784525473251,0.014102401219667104,0.1622411383559903,0.41646550628890866,0.0
-0.08855291576673863,0.026299072544784696,0.024520391309871714,0.1132003557362471,0.08702833185109893,-0.13479862787447594,-0.25422436793291836,-0.08575784525473251,0.014102401219667104,0.1622411383559903,0.177232880193114,0.43145724812603237,0.0
0.026299072544784696,0.024520391309871714,0.1132003557362471,0.08702833185109893,-0.13479862787447594,-0.25422436793291836,-0.08575784525473251,0.014102401219667104,0.1622411383559903,0.177232880193114,0.1368314064286622,0.43145724812603237,2.0
0.024520391309871714,0.1132003557362471,0.08702833185109893,-0.13479862787447594,-0.25422436793291836,-0.08575784525473251,0.014102401219667104,0.1622411383559903,0.177232880193114,0.1368314064286622,0.03570067335789617,0.43145724812603237,2.0
0.1132003557362471,0.08702833185109893,-0.13479862787447594,-0.25422436793291836,-0.08575784525473251,0.014102401219667104,0.1622411383559903,0.177232880193114,0.1368314064286622,0.03570067335789617,0.13581501715156907,0.43145724812603237,2.0
0.08702833185109893,-0.13479862787447594,-0.25422436793291836,-0.08575784525473251,0.014102401219667104,0.1622411383559903,0.177232880193114,0.1368314064286622,0.03570067335789617,0.13581501715156907,0.3073307076610341,0.5615550755939525,2.0
-0.13479862787447594,-0.25422436793291836,-0.08575784525473251,0.014102401219667104,0.1622411383559903,0.177232880193114,0.1368314064286622,0.03570067335789617,0.13581501715156907,0.3073307076610341,0.4417481895566002,0.6959725574895186,0.0
-0.25422436793291836,-0.08575784525473251,0.014102401219667104,0.1622411383559903,0.177232880193114,0.1368314064286622,0.03570067335789617,0.13581501715156907,0.3073307076610341,0.4417481895566002,0.4580104179900901,0.7122347859230085,0.0
-0.08575784525473251,0.014102401219667104,0.1622411383559903,0.177232880193114,0.1368314064286622,0.03570067335789617,0.13581501715156907,0.3073307076610341,0.4417481895566002,0.4580104179900901,0.384830390039385,0.5437682632448226,2.0
0.014102401219667104,0.1622411383559903,0.177232880193114,0.1368314064286622,0.03570067335789617,0.13581501715156907,0.3073307076610341,0.4417481895566002,0.4580104179900901,0.384830390039385,0.20975733706009403,0.443908016770423,2.0
0.1622411383559903,0.177232880193114,0.1368314064286622,0.03570067335789617,0.13581501715156907,0.3073307076610341,0.4417481895566002,0.4580104179900901,0.384830390039385,0.20975733706009403,0.07762673103798745,0.42230974463219395,2.0
0.177232880193114,0.1368314064286622,0.03570067335789617,0.13581501715156907,0.3073307076610341,0.4417481895566002,0.4580104179900901,0.384830390039385,0.20975733706009403,0.07762673103798745,0.16452801422944985,0.42230974463219395,2.0
0.1368314064286622,0.03570067335789617,0.13581501715156907,0.3073307076610341,0.4417481895566002,0.4580104179900901,0.384830390039385,0.20975733706009403,0.07762673103798745,0.16452801422944985,0.27074069368568154,0.42230974463219395,0.0
0.03570067335789617,0.13581501715156907,0.3073307076610341,0.4417481895566002,0.4580104179900901,0.384830390039385,0.20975733706009403,0.07762673103798745,0.16452801422944985,0.27074069368568154,0.3520518358531317,0.42230974463219395,0.0
0.13581501715156907,0.3073307076610341,0.4417481895566002,0.4580104179900901,0.384830390039385,0.20975733706009403,0.07762673103798745,0.16452801422944985,0.27074069368568154,0.3520518358531317,0.41735484690636504,0.3803836869521027,0.0
0.3073307076610341,0.4417481895566002,0.4580104179900901,0.384830390039385,0.20975733706009403,0.07762673103798745,0.16452801422944985,0.27074069368568154,0.3520518358531317,0.41735484690636504,0.4013467157921484,0.3803836869521027,2.0
0.4417481895566002,0.4580104179900901,0.384830390039385,0.20975733706009403,0.07762673103798745,0.16452801422944985,0.27074069368568154,0.3520518358531317,0.41735484690636504,0.4013467157921484,0.2910684792275442,0.3803836869521027,2.0
0.4580104179900901,0.384830390039385,0.20975733706009403,0.07762673103798745,0.16452801422944985,0.27074069368568154,0.3520518358531317,0.41735484690636504,0.4013467157921484,0.2910684792275442,0.2742980561555075,0.3803836869521027,2.0
0.384830390039385,0.20975733706009403,0.07762673103798745,0.16452801422944985,0.27074069368568154,0.3520518358531317,0.41735484690636504,0.4013467157921484,0.2910684792275442,0.2742980561555075,0.33807648329310136,0.3397281158683776,2.0
0.20975733706009403,0.07762673103798745,0.16452801422944985,0.27074069368568154,0.3520518358531317,0.41735484690636504,0.4013467157921484,0.2910684792275442,0.2742980561555075,0.33807648329310136,0.5271248888324229,0.44949815779443547,0.0
0.07762673103798745,0.16452801422944985,0.27074069368568154,0.3520518358531317,0.41735484690636504,0.4013467157921484,0.2910684792275442,0.2742980561555075,0.33807648329310136,0.5271248888324229,0.7319273281666878,0.6543005971287004,0.0
0.16452801422944985,0.27074069368568154,0.3520518358531317,0.41735484690636504,0.4013467157921484,0.2910684792275442,0.2742980561555075,0.33807648329310136,0.5271248888324229,0.7319273281666878,0.8813365518993774,0.7168085376699276,0.0
0.27074069368568154,0.3520518358531317,0.41735484690636504,0.4013467157921484,0.2910684792275442,0.2742980561555075,0.33807648329310136,0.5271248888324229,0.7319273281666878,0.8813365518993774,0.7734187349879904,0.6105958582136959,2.0
0.3520518358531317,0.41735484690636504,0.4013467157921484,0.2910684792275442,0.2742980561555075,0.33807648329310136,0.5271248888324229,0.7319273281666878,0.8813365518993774,0.7734187349879904,0.5288392729354516,0.6070384957438699,2.0
0.41735484690636504,0.4013467157921484,0.2910684792275442,0.2742980561555075,0.33807648329310136,0.5271248888324229,0.7319273281666878,0.8813365518993774,0.7734187349879904,0.5288392729354516,0.48130772613986217,0.6070384957438699,2.0
0.4013467157921484,0.2910684792275442,0.2742980561555075,0.33807648329310136,0.5271248888324229,0.7319273281666878,0.8813365518993774,0.7734187349879904,0.5288392729354516,0.48130772613986217,0.47323677581863977,0.6070384957438699,2.0
0.2910684792275442,0.2742980561555075,0.33807648329310136,0.5271248888324229,0.7319273281666878,0.8813365518993774,0.7734187349879904,0.5288392729354516,0.48130772613986217,0.47323677581863977,0.45871401482503016,0.6070384957438699,0.0
0.2742980561555075,0.33807648329310136,0.5271248888324229,0.7319273281666878,0.8813365518993774,0.7734187349879904,0.5288392729354516,0.48130772613986217,0.47323677581863977,0.45871401482503016,0.43798379837983803,0.6070384957438699,0.0
0.33807648329310136,0.5271248888324229,0.7319273281666878,0.8813365518993774,0.7734187349879904,0.5288392729354516,0.48130772613986217,0.47323677581863977,0.45871401482503016,0.43798379837983803,0.2802880288028804,0.601048523096497,0.0
0.5271248888324229,0.7319273281666878,0.8813365518993774,0.7734187349879904,0.5288392729354516,0.48130772613986217,0.47323677581863977,0.45871401482503016,0.43798379837983803,0.2802880288028804,0.017101710171017137,0.8642348417283603,0.0
0.7319273281666878,0.8813365518993774,0.7734187349879904,0.5288392729354516,0.48130772613986217,0.47323677581863977,0.45871401482503016,0.43798379837983803,0.2802880288028804,0.017101710171017137,-0.20108010801080112,1.0824166599101785,0.0
0.8813365518993774,0.7734187349879904,0.5288392729354516,0.48130772613986217,0.47323677581863977,0.45871401482503016,0.43798379837983803,0.2802880288028804,0.017101710171017137,-0.20108010801080112,-0.2972097209720972,1.1785462728714746,0.0
0.7734187349879904,0.5288392729354516,0.48130772613986217,0.47323677581863977,0.45871401482503016,0.43798379837983803,0.2802880288028804,0.017101710171017137,-0.20108010801080112,-0.2972097209720972,-0.3134113411341134,1.0868300761221037,0.0
0.5288392729354516,0.48130772613986217,0.47323677581863977,0.45871401482503016,0.43798379837983803,0.2802880288028804,0.017101710171017137,-0.20108010801080112,-0.2972097209720972,-0.3134113411341134,-0.22376237623762374,0.842250614069565,0.0
0.48130772613986217,0.47323677581863977,0.45871401482503016,0.43798379837983803,0.2802880288028804,0.017101710171017137,-0.20108010801080112,-0.2972097209720972,-0.3134113411341134,-0.22376237623762374,-0.10999099909990995,0.7947190672739756,0.0
0.47323677581863977,0.45871401482503016,0.43798379837983803,0.2802880288028804,0.017101710171017137,-0.20108010801080112,-0.2972097209720972,-0.3134113411341134,-0.22376237623762374,-0.10999099909990995,-0.12547254725472545,0.7866481169527532,0.0
0.45871401482503016,0.43798379837983803,0.2802880288028804,0.017101710171017137,-0.20108010801080112,-0.2972097209720972,-0.3134113411341134,-0.22376237623762374,-0.10999099909990995,-0.12547254725472545,-0.34905490549054907,0.8077689203155792,0.0
0.43798379837983803,0.2802880288028804,0.017101710171017137,-0.20108010801080112,-0.2972097209720972,-0.3134113411341134,-0.22376237623762374,-0.10999099909990995,-0.12547254725472545,-0.34905490549054907,-0.401980198019802,0.83996399639964,2.0
0.2802880288028804,0.017101710171017137,-0.20108010801080112,-0.2972097209720972,-0.3134113411341134,-0.22376237623762374,-0.10999099909990995,-0.12547254725472545,-0.34905490549054907,-0.401980198019802,-0.4027002700270027,0.6829882988298831,2.0
0.017101710171017137,-0.20108010801080112,-0.2972097209720972,-0.3134113411341134,-0.22376237623762374,-0.10999099909990995,-0.12547254725472545,-0.34905490549054907,-0.401980198019802,-0.4027002700270027,-0.33501350135013497,0.41980198019801984,2.0
-0.20108010801080112,-0.2972097209720972,-0.3134113411341134,-0.22376237623762374,-0.10999099909990995,-0.12547254725472545,-0.34905490549054907,-0.401980198019802,-0.4027002700270027,-0.33501350135013497,-0.08982898289828978,0.3128712871287129,0.0
-0.2972097209720972,-0.3134113411341134,-0.22376237623762374,-0.10999099909990995,-0.12547254725472545,-0.34905490549054907,-0.401980198019802,-0.4027002700270027,-0.33501350135013497,-0.08982898289828978,0.08982898289828989,0.4925292529252926,0.0
-0.3134113411341134,-0.22376237623762374,-0.10999099909990995,-0.12547254725472545,-0.34905490549054907,-0.401980198019802,-0.4027002700270027,-0.33501350135013497,-0.08982898289828978,0.08982898289828989,0.11107110711071111,0.5137713771377138,0.0
-0.22376237623762374,-0.10999099909990995,-0.12547254725472545,-0.34905490549054907,-0.401980198019802,-0.4027002700270027,-0.33501350135013497,-0.08982898289828978,0.08982898289828989,0.11107110711071111,-0.0977497749774977,0.5137713771377138,2.0
-0.10999099909990995,-0.12547254725472545,-0.34905490549054907,-0.401980198019802,-0.4027002700270027,-0.33501350135013497,-0.08982898289828978,0.08982898289828989,0.11107110711071111,-0.0977497749774977,-0.20288028802880287,0.5137713771377138,2.0
-0.12547254725472545,-0.34905490549054907,-0.401980198019802,-0.4027002700270027,-0.33501350135013497,-0.08982898289828978,0.08982898289828989,0.11107110711071111,-0.0977497749774977,-0.20288028802880287,-0.241044104410441,0.5137713771377138,2.0
-0.34905490549054907,-0.401980198019802,-0.4027002700270027,-0.33501350135013497,-0.08982898289828978,0.08982898289828989,0.11107110711071111,-0.0977497749774977,-0.20288028802880287,-0.241044104410441,-0.16327632763276323,0.5137713771377138,2.0
-0.401980198019802,-0.4027002700270027,-0.33501350135013497,-0.08982898289828978,0.08982898289828989,0.11107110711071111,-0.0977497749774977,-0.20288028802880287,-0.241044104410441,-0.16327632763276323,-0.0667866786678668,0.5137713771377138,0.0
-0.4027002700270027,-0.33501350135013497,-0.08982898289828978,0.08982898289828989,0.11107110711071111,-0.0977497749774977,-0.20288028802880287,-0.241044104410441,-0.16327632763276323,-0.0667866786678668,-0.06966696669666972,0.5137713771377138,0.0
-0.33501350135013497,-0.08982898289828978,0.08982898289828989,0.11107110711071111,-0.0977497749774977,-0.20288028802880287,-0.241044104410441,-0.16327632763276323,-0.0667866786678668,-0.06966696669666972,-0.22916291629162922,0.4460846084608461,0.0
-0.08982898289828978,0.08982898289828989,0.11107110711071111,-0.0977497749774977,-0.20288028802880287,-0.241044104410441,-0.16327632763276323,-0.0667866786678668,-0.06966696669666972,-0.22916291629162922,-0.37641764176417647,0.4874887488748876,2.0
0.08982898289828989,0.11107110711071111,-0.0977497749774977,-0.20288028802880287,-0.241044104410441,-0.16327632763276323,-0.0667866786678668,-0.06966696669666972,-0.22916291629162922,-0.37641764176417647,-0.34041404140414044,0.4874887488748876,2.0
0.11107110711071111,-0.0977497749774977,-0.20288028802880287,-0.241044104410441,-0.16327632763276323,-0.0667866786678668,-0.06966696669666972,-0.22916291629162922,-0.37641764176417647,-0.34041404140414044,-0.24860486048604857,0.4874887488748876,0.0
-0.0977497749774977,-0.20288028802880287,-0.241044104410441,-0.16327632763276323,-0.0667866786678668,-0.06966696669666972,-0.22916291629162922,-0.37641764176417647,-0.34041404140414044,-0.24860486048604857,-0.10243024302430248,0.30963096309630966,0.0
-0.20288028802880287,-0.241044104410441,-0.16327632763276323,-0.0667866786678668,-0.06966696669666972,-0.22916291629162922,-0.37641764176417647,-0.34041404140414044,-0.24860486048604857,-0.10243024302430248,-0.08226822682268231,0.30963096309630966,0.0
-0.241044104410441,-0.16327632763276323,-0.0667866786678668,-0.06966696669666972,-0.22916291629162922,-0.37641764176417647,-0.34041404140414044,-0.24860486048604857,-0.10243024302430248,-0.08226822682268231,-0.12619261926192615,0.30963096309630966,2.0
-0.16327632763276323,-0.0667866786678668,-0.06966696669666972,-0.22916291629162922,-0.37641764176417647,-0.34041404140414044,-0.24860486048604857,-0.10243024302430248,-0.08226822682268231,-0.12619261926192615,-0.15427542754275425,0.30963096309630966,2.0
-0.0667866786678668,-0.06966696669666972,-0.22916291629162922,-0.37641764176417647,-0.34041404140414044,-0.24860486048604857,-0.10243024302430248,-0.08226822682268231,-0.12619261926192615,-0.15427542754275425,-0.32709270927092704,0.30963096309630966,2.0
-0.06966696669666972,-0.22916291629162922,-0.37641764176417647,-0.34041404140414044,-0.24860486048604857,-0.10243024302430248,-0.08226822682268231,-0.12619261926192615,-0.15427542754275425,-0.32709270927092704,-0.3688568856885689,0.30675067506750675,2.0
-0.22916291629162922,-0.37641764176417647,-0.34041404140414044,-0.24860486048604857,-0.10243024302430248,-0.08226822682268231,-0.12619261926192615,-0.15427542754275425,-0.32709270927092704,-0.3688568856885689,-0.14527452745274527,0.29414941494149416,0.0
-0.37641764176417647,-0.34041404140414044,-0.24860486048604857,-0.10243024302430248,-0.08226822682268231,-0.12619261926192615,-0.15427542754275425,-0.32709270927092704,-0.3688568856885689,-0.14527452745274527,0.044824482448244884,0.42124212421242135,0.0
-0.34041404140414044,-0.24860486048604857,-0.10243024302430248,-0.08226822682268231,-0.12619261926192615,-0.15427542754275425,-0.32709270927092704,-0.3688568856885689,-0.14527452745274527,0.044824482448244884,0.18379837983798386,0.5526552655265528,0.0
-0.24860486048604857,-0.10243024302430248,-0.08226822682268231,-0.12619261926192615,-0.15427542754275425,-0.32709270927092704,-0.3688568856885689,-0.14527452745274527,0.044824482448244884,0.18379837983798386,0.18739873987398736,0.5562556255625563,0.0
-0.10243024302430248,-0.08226822682268231,-0.12619261926192615,-0.15427542754275425,-0.32709270927092704,-0.3688568856885689,-0.14527452745274527,0.044824482448244884,0.18379837983798386,0.18739873987398736,-0.13267326732673268,0.5562556255625563,2.0
-0.08226822682268231,-0.12619261926192615,-0.15427542754275425,-0.32709270927092704,-0.3688568856885689,-0.14527452745274527,0.044824482448244884,0.18379837983798386,0.18739873987398736,-0.13267326732673268,-0.34545454545454546,0.5562556255625563,2.0
-0.12619261926192615,-0.15427542754275425,-0.32709270927092704,-0.3688568856885689,-0.14527452745274527,0.044824482448244884,0.18379837983798386,0.18739873987398736,-0.13267326732673268,-0.34545454545454546,-0.4631863186318632,0.6505850585058506,2.0
-0.15427542754275425,-0.32709270927092704,-0.3688568856885689,-0.14527452745274527,0.044824482448244884,0.18379837983798386,0.18739873987398736,-0.13267326732673268,-0.34545454545454546,-0.4631863186318632,-0.2979297929792979,0.6505850585058506,2.0
-0.32709270927092704,-0.3688568856885689,-0.14527452745274527,0.044824482448244884,0.18379837983798386,0.18739873987398736,-0.13267326732673268,-0.34545454545454546,-0.4631863186318632,-0.2979297929792979,-0.04050405040504046,0.6505850585058506,0.0
-0.3688568856885689,-0.14527452745274527,0.044824482448244884,0.18379837983798386,0.18739873987398736,-0.13267326732673268,-0.34545454545454546,-0.4631863186318632,-0.2979297929792979,-0.04050405040504046,0.018181818181818077,0.6505850585058506,0.0
-0.14527452745274527,0.044824482448244884,0.18379837983798386,0.18739873987398736,-0.13267326732673268,-0.34545454545454546,-0.4631863186318632,-0.2979297929792979,-0.04050405040504046,0.018181818181818077,-0.01962196219621959,0.6505850585058506,0.0
0.044824482448244884,0.18379837983798386,0.18739873987398736,-0.13267326732673268,-0.34545454545454546,-0.4631863186318632,-0.2979297929792979,-0.04050405040504046,0.018181818181818077,-0.01962196219621959,-0.17875787578757873,0.6505850585058506,2.0
0.18379837983798386,0.18739873987398736,-0.13267326732673268,-0.34545454545454546,-0.4631863186318632,-0.2979297929792979,-0.04050405040504046,0.018181818181818077,-0.01962196219621959,-0.17875787578757873,-0.40594059405940597,0.6505850585058506,2.0
0.18739873987398736,-0.13267326732673268,-0.34545454545454546,-0.4631863186318632,-0.2979297929792979,-0.04050405040504046,0.018181818181818077,-0.01962196219621959,-0.17875787578757873,-0.40594059405940597,-0.4077407740774077,0.6505850585058506,2.0
-0.13267326732673268,-0.34545454545454546,-0.4631863186318632,-0.2979297929792979,-0.04050405040504046,0.018181818181818077,-0.01962196219621959,-0.17875787578757873,-0.40594059405940597,-0.4077407740774077,-0.3386138613861386,0.4813681368136813,0.0
-0.34545454545454546,-0.4631863186318632,-0.2979297929792979,-0.04050405040504046,0.018181818181818077,-0.01962196219621959,-0.17875787578757873,-0.40594059405940597,-0.4077407740774077,-0.3386138613861386,-0.25688568856885685,0.4813681368136813,0.0
-0.4631863186318632,-0.2979297929792979,-0.04050405040504046,0.018181818181818077,-0.01962196219621959,-0.17875787578757873,-0.40594059405940597,-0.4077407740774077,-0.3386138613861386,-0.25688568856885685,-0.057065706570657015,0.4813681368136813,0.0
-0.2979297929792979,-0.04050405040504046,0.018181818181818077,-0.01962196219621959,-0.17875787578757873,-0.40594059405940597,-0.4077407740774077,-0.3386138613861386,-0.25688568856885685,-0.057065706570657015,-0.16831683168316836,0.4259225922592258,2.0
-0.04050405040504046,0.018181818181818077,-0.01962196219621959,-0.17875787578757873,-0.40594059405940597,-0.4077407740774077,-0.3386138613861386,-0.25688568856885685,-0.057065706570657015,-0.16831683168316836,-0.2374437443744375,0.4259225922592258,2.0
0.018181818181818077,-0.01962196219621959,-0.17875787578757873,-0.40594059405940597,-0.4077407740774077,-0.3386138613861386,-0.25688568856885685,-0.057065706570657015,-0.16831683168316836,-0.2374437443744375,-0.347974797479748,0.4259225922592258,2.0
-0.01962196219621959,-0.17875787578757873,-0.40594059405940597,-0.4077407740774077,-0.3386138613861386,-0.25688568856885685,-0.057065706570657015,-0.16831683168316836,-0.2374437443744375,-0.347974797479748,-0.2817281728172817,0.38811881188118813,2.0
-0.17875787578757873,-0.40594059405940597,-0.4077407740774077,-0.3386138613861386,-0.25688568856885685,-0.057065706570657015,-0.16831683168316836,-0.2374437443744375,-0.347974797479748,-0.2817281728172817,-0.1503150315031503,0.3506750675067507,0.0
-0.40594059405940597,-0.4077407740774077,-0.3386138613861386,-0.25688568856885685,-0.057065706570657015,-0.16831683168316836,-0.2374437443744375,-0.347974797479748,-0.2817281728172817,-0.1503150315031503,0.01062106210621061,0.41836183618361833,0.0
-0.4077407740774077,-0.3386138613861386,-0.25688568856885685,-0.057065706570657015,-0.16831683168316836,-0.2374437443744375,-0.347974797479748,-0.2817281728172817,-0.1503150315031503,0.01062106210621061,0.011701170117011772,0.4194419441944195,0.0
-0.3386138613861386,-0.25688568856885685,-0.057065706570657015,-0.16831683168316836,-0.2374437443744375,-0.347974797479748,-0.2817281728172817,-0.1503150315031503,0.01062106210621061,0.011701170117011772,-0.09270927092709269,0.3596759675967598,2.0
-0.25688568856885685,-0.057065706570657015,-0.16831683168316836,-0.2374437443744375,-0.347974797479748,-0.2817281728172817,-0.1503150315031503,0.01062106210621061,0.011701170117011772,-0.09270927092709269,-0.13483348334833478,0.3596759675967598,2.0
-0.057065706570657015,-0.16831683168316836,-0.2374437443744375,-0.347974797479748,-0.2817281728172817,-0.1503150315031503,0.01062106210621061,0.011701170117011772,-0.09270927092709269,-0.13483348334833478,-0.14563456345634562,0.3596759675967598,2.0
-0.16831683168316836,-0.2374437443744375,-0.347974797479748,-0.2817281728172817,-0.1503150315031503,0.01062106210621061,0.011701170117011772,-0.09270927092709269,-0.13483348334833478,-0.14563456345634562,0.0217821782178218,0.3697569756975698,2.0
-0.2374437443744375,-0.347974797479748,-0.2817281728172817,-0.1503150315031503,0.01062106210621061,0.011701170117011772,-0.09270927092709269,-0.13483348334833478,-0.14563456345634562,0.0217821782178218,0.0765076507650766,0.4244824482448246,0.0
-0.347974797479748,-0.2817281728172817,-0.1503150315031503,0.01062106210621061,0.011701170117011772,-0.09270927092709269,-0.13483348334833478,-0.14563456345634562,0.0217821782178218,0.0765076507650766,0.21476147614761487,0.5627362736273629,0.0
-0.2817281728172817,-0.1503150315031503,0.01062106210621061,0.011701170117011772,-0.09270927092709269,-0.13483348334833478,-0.14563456345634562,0.0217821782178218,0.0765076507650766,0.21476147614761487,0.21620162016201627,0.49792979297929796,0.0
-0.1503150315031503,0.01062106210621061,0.011701170117011772,-0.09270927092709269,-0.13483348334833478,-0.14563456345634562,0.0217821782178218,0.0765076507650766,0.21476147614761487,0.21620162016201627,0.14455445544554446,0.36651665166516656,2.0
0.01062106210621061,0.011701170117011772,-0.09270927092709269,-0.13483348334833478,-0.14563456345634562,0.0217821782178218,0.0765076507650766,0.21476147614761487,0.21620162016201627,0.14455445544554446,0.0829882988298829,0.3618361836183619,2.0
0.011701170117011772,-0.09270927092709269,-0.13483348334833478,-0.14563456345634562,0.0217821782178218,0.0765076507650766,0.21476147614761487,0.21620162016201627,0.14455445544554446,0.0829882988298829,0.1236723672367237,0.3618361836183619,2.0
-0.09270927092709269,-0.13483348334833478,-0.14563456345634562,0.0217821782178218,0.0765076507650766,0.21476147614761487,0.21620162016201627,0.14455445544554446,0.0829882988298829,0.1236723672367237,0.3879387938793879,0.5335733573357335,2.0
-0.13483348334833478,-0.14563456345634562,0.0217821782178218,0.0765076507650766,0.21476147614761487,0.21620162016201627,0.14455445544554446,0.0829882988298829,0.1236723672367237,0.3879387938793879,0.5546354635463546,0.7002700270027002,0.0
-0.14563456345634562,0.0217821782178218,0.0765076507650766,0.21476147614761487,0.21620162016201627,0.14455445544554446,0.0829882988298829,0.1236723672367237,0.3879387938793879,0.5546354635463546,0.636003600360036,0.7816381638163816,0.0
0.0217821782178218,0.0765076507650766,0.21476147614761487,0.21620162016201627,0.14455445544554446,0.0829882988298829,0.1236723672367237,0.3879387938793879,0.5546354635463546,0.636003600360036,0.632043204320432,0.6142214221422142,2.0
0.0765076507650766,0.21476147614761487,0.21620162016201627,0.14455445544554446,0.0829882988298829,0.1236723672367237,0.3879387938793879,0.5546354635463546,0.636003600360036,0.632043204320432,0.5243924392439243,0.5594959495949594,2.0
0.21476147614761487,0.21620162016201627,0.14455445544554446,0.0829882988298829,0.1236723672367237,0.3879387938793879,0.5546354635463546,0.636003600360036,0.632043204320432,0.5243924392439243,0.5726372637263726,0.5530153015301531,2.0
0.21620162016201627,0.14455445544554446,0.0829882988298829,0.1236723672367237,0.3879387938793879,0.5546354635463546,0.636003600360036,0.632043204320432,0.5243924392439243,0.5726372637263726,0.8286228622862286,0.7456345634563457,2.0
0.14455445544554446,0.0829882988298829,0.1236723672367237,0.3879387938793879,0.5546354635463546,0.636003600360036,0.632043204320432,0.5243924392439243,0.5726372637263726,0.8286228622862286,0.9445544554455445,0.8615661566156616,0.0
0.0829882988298829,0.1236723672367237,0.3879387938793879,0.5546354635463546,0.636003600360036,0.632043204320432,0.5243924392439243,0.5726372637263726,0.8286228622862286,0.9445544554455445,0.9319531953195319,0.8615661566156616,0.0
0.1236723672367237,0.3879387938793879,0.5546354635463546,0.636003600360036,0.632043204320432,0.5243924392439243,0.5726372637263726,0.8286228622862286,0.9445544554455445,0.9319531953195319,0.8671467146714671,0.8208820882088208,2.0
0.3879387938793879,0.5546354635463546,0.636003600360036,0.632043204320432,0.5243924392439243,0.5726372637263726,0.8286228622862286,0.9445544554455445,0.9319531953195319,0.8671467146714671,0.705850585058506,0.5566156615661566,2.0
0.5546354635463546,0.636003600360036,0.632043204320432,0.5243924392439243,0.5726372637263726,0.8286228622862286,0.9445544554455445,0.9319531953195319,0.8671467146714671,0.705850585058506,0.6363636363636365,0.4201620162016202,2.0
0.636003600360036,0.632043204320432,0.5243924392439243,0.5726372637263726,0.8286228622862286,0.9445544554455445,0.9319531953195319,0.8671467146714671,0.705850585058506,0.6363636363636365,0.556075607560756,0.4201620162016202,0.0
0.632043204320432,0.5243924392439243,0.5726372637263726,0.8286228622862286,0.9445544554455445,0.9319531953195319,0.8671467146714671,0.705850585058506,0.6363636363636365,0.556075607560756,0.6547254725472547,0.4201620162016202,0.0
0.5243924392439243,0.5726372637263726,0.8286228622862286,0.9445544554455445,0.9319531953195319,0.8671467146714671,0.705850585058506,0.6363636363636365,0.556075607560756,0.6547254725472547,0.8185418541854186,0.4201620162016202,0.0
0.5726372637263726,0.8286228622862286,0.9445544554455445,0.9319531953195319,0.8671467146714671,0.705850585058506,0.6363636363636365,0.556075607560756,0.6547254725472547,0.8185418541854186,0.8063006300630062,0.3884788478847885,0.0
0.8286228622862286,0.9445544554455445,0.9319531953195319,0.8671467146714671,0.705850585058506,0.6363636363636365,0.556075607560756,0.6547254725472547,0.8185418541854186,0.8063006300630062,0.8451845184518452,0.3884788478847885,0.0
0.9445544554455445,0.9319531953195319,0.8671467146714671,0.705850585058506,0.6363636363636365,0.556075607560756,0.6547254725472547,0.8185418541854186,0.8063006300630062,0.8451845184518452,0.7067209775967414,0.3884788478847885,2.0
0.9319531953195319,0.8671467146714671,0.705850585058506,0.6363636363636365,0.556075607560756,0.6547254725472547,0.8185418541854186,0.8063006300630062,0.8451845184518452,0.7067209775967414,0.5041658952045918,0.42778730011494015,2.0
0.8671467146714671,0.705850585058506,0.6363636363636365,0.556075607560756,0.6547254725472547,0.8185418541854186,0.8063006300630062,0.8451845184518452,0.7067209775967414,0.5041658952045918,0.5685984077022774,0.3629808194668753,2.0
0.705850585058506,0.6363636363636365,0.556075607560756,0.6547254725472547,0.8185418541854186,0.8063006300630062,0.8451845184518452,0.7067209775967414,0.5041658952045918,0.5685984077022774,0.6263654878726161,0.3410186232472534,2.0
0.6363636363636365,0.556075607560756,0.6547254725472547,0.8185418541854186,0.8063006300630062,0.8451845184518452,0.7067209775967414,0.5041658952045918,0.5685984077022774,0.6263654878726161,0.6682095908165155,0.3410186232472534,0.0
0.556075607560756,0.6547254725472547,0.8185418541854186,0.8063006300630062,0.8451845184518452,0.7067209775967414,0.5041658952045918,0.5685984077022774,0.6263654878726161,0.6682095908165155,0.6282169968524347,0.3410186232472534,0.0
0.6547254725472547,0.8185418541854186,0.8063006300630062,0.8451845184518452,0.7067209775967414,0.5041658952045918,0.5685984077022774,0.6263654878726161,0.6682095908165155,0.6282169968524347,0.3153119792630994,0.5298725391887458,2.0
0.8185418541854186,0.8063006300630062,0.8451845184518452,0.7067209775967414,0.5041658952045918,0.5685984077022774,0.6263654878726161,0.6682095908165155,0.6282169968524347,0.3153119792630994,-0.036104425106461724,0.8812889435583069,2.0
0.8063006300630062,0.8451845184518452,0.7067209775967414,0.5041658952045918,0.5685984077022774,0.6263654878726161,0.6682095908165155,0.6282169968524347,0.3153119792630994,-0.036104425106461724,-0.09016848731716354,0.9353530057690087,2.0
0.8451845184518452,0.7067209775967414,0.5041658952045918,0.5685984077022774,0.6263654878726161,0.6682095908165155,0.6282169968524347,0.3153119792630994,-0.036104425106461724,-0.09016848731716354,-0.026846880207369028,0.9353530057690087,0.0
0.7067209775967414,0.5041658952045918,0.5685984077022774,0.6263654878726161,0.6682095908165155,0.6282169968524347,0.3153119792630994,-0.036104425106461724,-0.09016848731716354,-0.026846880207369028,0.09905573042029259,0.7968894649139049,0.0
0.5041658952045918,0.5685984077022774,0.6263654878726161,0.6682095908165155,0.6282169968524347,0.3153119792630994,-0.036104425106461724,-0.09016848731716354,-0.026846880207369028,0.09905573042029259,0.1049805591557118,0.7583780781336791,0.0
0.5685984077022774,0.6263654878726161,0.6682095908165155,0.6282169968524347,0.3153119792630994,-0.036104425106461724,-0.09016848731716354,-0.026846880207369028,0.09905573042029259,0.1049805591557118,0.02462506943158682,0.7583780781336791,0.0
0.6263654878726161,0.6682095908165155,0.6282169968524347,0.3153119792630994,-0.036104425106461724,-0.09016848731716354,-0.026846880207369028,0.09905573042029259,0.1049805591557118,0.02462506943158682,-0.2912423625254582,0.9594519533419738,2.0
0.6682095908165155,0.6282169968524347,0.3153119792630994,-0.036104425106461724,-0.09016848731716354,-0.026846880207369028,0.09905573042029259,0.1049805591557118,0.02462506943158682,-0.2912423625254582,-0.6241436770968339,1.2923532679133496,2.0
0.6282169968524347,0.3153119792630994,-0.036104425106461724,-0.09016848731716354,-0.026846880207369028,0.09905573042029259,0.1049805591557118,0.02462506943158682,-0.2912423625254582,-0.6241436770968339,-0.5415663765969265,1.2523606739492688,2.0
0.3153119792630994,-0.036104425106461724,-0.09016848731716354,-0.026846880207369028,0.09905573042029259,0.1049805591557118,0.02462506943158682,-0.2912423625254582,-0.6241436770968339,-0.5415663765969265,-0.3467876319200148,0.9394556563599333,0.0
-0.036104425106461724,-0.09016848731716354,-0.026846880207369028,0.09905573042029259,0.1049805591557118,0.02462506943158682,-0.2912423625254582,-0.6241436770968339,-0.5415663765969265,-0.3467876319200148,-0.14201073875208292,0.7291242362525457,0.0
-0.09016848731716354,-0.026846880207369028,0.09905573042029259,0.1049805591557118,0.02462506943158682,-0.2912423625254582,-0.6241436770968339,-0.5415663765969265,-0.3467876319200148,-0.14201073875208292,0.07720792445843361,0.7291242362525457,0.0
-0.026846880207369028,0.09905573042029259,0.1049805591557118,0.02462506943158682,-0.2912423625254582,-0.6241436770968339,-0.5415663765969265,-0.3467876319200148,-0.14201073875208292,0.07720792445843361,0.08128124421403449,0.7291242362525457,2.0
0.09905573042029259,0.1049805591557118,0.02462506943158682,-0.2912423625254582,-0.6241436770968339,-0.5415663765969265,-0.3467876319200148,-0.14201073875208292,0.07720792445843361,0.08128124421403449,-0.16274763932605074,0.7291242362525457,2.0
0.1049805591557118,0.02462506943158682,-0.2912423625254582,-0.6241436770968339,-0.5415663765969265,-0.3467876319200148,-0.14201073875208292,0.07720792445843361,0.08128124421403449,-0.16274763932605074,-0.3067950379559341,0.7291242362525457,2.0
0.02462506943158682,-0.2912423625254582,-0.6241436770968339,-0.5415663765969265,-0.3467876319200148,-0.14201073875208292,0.07720792445843361,0.08128124421403449,-0.16274763932605074,-0.3067950379559341,-0.24088131827439363,0.7054249213108684,2.0
-0.2912423625254582,-0.6241436770968339,-0.5415663765969265,-0.3467876319200148,-0.14201073875208292,0.07720792445843361,0.08128124421403449,-0.16274763932605074,-0.3067950379559341,-0.24088131827439363,-0.1749408983451537,0.7054249213108684,2.0
-0.6241436770968339,-0.5415663765969265,-0.3467876319200148,-0.14201073875208292,0.07720792445843361,0.08128124421403449,-0.16274763932605074,-0.3067950379559341,-0.24088131827439363,-0.1749408983451537,-0.027185278126307,0.7054249213108684,0.0
-0.5415663765969265,-0.3467876319200148,-0.14201073875208292,0.07720792445843361,0.08128124421403449,-0.16274763932605074,-0.3067950379559341,-0.24088131827439363,-0.1749408983451537,-0.027185278126307,0.23044751150146392,0.7720138880983904,0.0
-0.3467876319200148,-0.14201073875208292,0.07720792445843361,0.08128124421403449,-0.16274763932605074,-0.3067950379559341,-0.24088131827439363,-0.1749408983451537,-0.027185278126307,0.23044751150146392,0.2526139690506064,0.5994016009706212,2.0
-0.14201073875208292,0.07720792445843361,0.08128124421403449,-0.16274763932605074,-0.3067950379559341,-0.24088131827439363,-0.1749408983451537,-0.027185278126307,0.23044751150146392,0.2526139690506064,-0.012965286491007921,0.5594090070065405,2.0
0.07720792445843361,0.08128124421403449,-0.16274763932605074,-0.3067950379559341,-0.24088131827439363,-0.1749408983451537,-0.027185278126307,0.23044751150146392,0.2526139690506064,-0.012965286491007921,-0.2471769134253451,0.5594090070065405,2.0
0.08128124421403449,-0.16274763932605074,-0.3067950379559341,-0.24088131827439363,-0.1749408983451537,-0.027185278126307,0.23044751150146392,0.2526139690506064,-0.012965286491007921,-0.2471769134253451,-0.29025512337933923,0.5594090070065405,2.0
-0.16274763932605074,-0.3067950379559341,-0.24088131827439363,-0.1749408983451537,-0.027185278126307,0.23044751150146392,0.2526139690506064,-0.012965286491007921,-0.2471769134253451,-0.29025512337933923,-0.06524466750313673,0.5594090070065405,2.0
-0.3067950379559341,-0.24088131827439363,-0.1749408983451537,-0.027185278126307,0.23044751150146392,0.2526139690506064,-0.012965286491007921,-0.2471769134253451,-0.29025512337933923,-0.06524466750313673,0.2404851526557925,0.5594090070065405,0.0
-0.24088131827439363,-0.1749408983451537,-0.027185278126307,0.23044751150146392,0.2526139690506064,-0.012965286491007921,-0.2471769134253451,-0.29025512337933923,-0.06524466750313673,0.2404851526557925,0.4475115014638227,0.7377666248431619,0.0
-0.1749408983451537,-0.027185278126307,0.23044751150146392,0.2526139690506064,-0.012965286491007921,-0.2471769134253451,-0.29025512337933923,-0.06524466750313673,0.2404851526557925,0.4475115014638227,0.4056879966541196,0.7377666248431619,0.0
-0.027185278126307,0.23044751150146392,0.2526139690506064,-0.012965286491007921,-0.2471769134253451,-0.29025512337933923,-0.06524466750313673,0.2404851526557925,0.4475115014638227,0.4056879966541196,0.1957340025094103,0.7377666248431619,2.0
0.23044751150146392,0.2526139690506064,-0.012965286491007921,-0.2471769134253451,-0.29025512337933923,-0.06524466750313673,0.2404851526557925,0.4475115014638227,0.4056879966541196,0.1957340025094103,0.010874111250522844,0.7377666248431619,2.0
0.2526139690506064,-0.012965286491007921,-0.2471769134253451,-0.29025512337933923,-0.06524466750313673,0.2404851526557925,0.4475115014638227,0.4056879966541196,0.1957340025094103,0.010874111250522844,-0.054370556252614,0.7377666248431619,2.0
-0.012965286491007921,-0.2471769134253451,-0.29025512337933923,-0.06524466750313673,0.2404851526557925,0.4475115014638227,0.4056879966541196,0.1957340025094103,0.010874111250522844,-0.054370556252614,0.061559507523939905,0.7377666248431619,0.0
-0.2471769134253451,-0.29025512337933923,-0.06524466750313673,0.2404851526557925,0.4475115014638227,0.4056879966541196,0.1957340025094103,0.010874111250522844,-0.054370556252614,0.061559507523939905,0.3269493844049247,0.7377666248431619,0.0
-0.29025512337933923,-0.06524466750313673,0.2404851526557925,0.4475115014638227,0.4056879966541196,0.1957340025094103,0.010874111250522844,-0.054370556252614,0.061559507523939905,0.3269493844049247,0.4719562243502051,0.7622113477295444,0.0
-0.06524466750313673,0.2404851526557925,0.4475115014638227,0.4056879966541196,0.1957340025094103,0.010874111250522844,-0.054370556252614,0.061559507523939905,0.3269493844049247,0.4719562243502051,0.34746922024623794,0.5372008918533419,0.0
0.2404851526557925,0.4475115014638227,0.4056879966541196,0.1957340025094103,0.010874111250522844,-0.054370556252614,0.061559507523939905,0.3269493844049247,0.4719562243502051,0.34746922024623794,0.24851801185590516,0.5263267806028191,2.0
0.4475115014638227,0.4056879966541196,0.1957340025094103,0.010874111250522844,-0.054370556252614,0.061559507523939905,0.3269493844049247,0.4719562243502051,0.34746922024623794,0.24851801185590516,0.1345189238486093,0.5263267806028191,2.0
0.4056879966541196,0.1957340025094103,0.010874111250522844,-0.054370556252614,0.061559507523939905,0.3269493844049247,0.4719562243502051,0.34746922024623794,0.24851801185590516,0.1345189238486093,0.23620611035111727,0.5263267806028191,2.0
0.1957340025094103,0.010874111250522844,-0.054370556252614,0.061559507523939905,0.3269493844049247,0.4719562243502051,0.34746922024623794,0.24851801185590516,0.1345189238486093,0.23620611035111727,0.35795713634290927,0.5263267806028191,0.0
0.010874111250522844,-0.054370556252614,0.061559507523939905,0.3269493844049247,0.4719562243502051,0.34746922024623794,0.24851801185590516,0.1345189238486093,0.23620611035111727,0.35795713634290927,0.5052439580483357,0.5596145143009497,0.0
-0.054370556252614,0.061559507523939905,0.3269493844049247,0.4719562243502051,0.34746922024623794,0.24851801185590516,0.1345189238486093,0.23620611035111727,0.35795713634290927,0.5052439580483357,0.3547651618787049,0.5596145143009497,0.0
0.061559507523939905,0.3269493844049247,0.4719562243502051,0.34746922024623794,0.24851801185590516,0.1345189238486093,0.23620611035111727,0.35795713634290927,0.5052439580483357,0.3547651618787049,0.3182854537163702,0.44368445052439576,2.0
0.3269493844049247,0.4719562243502051,0.34746922024623794,0.24851801185590516,0.1345189238486093,0.23620611035111727,0.35795713634290927,0.5052439580483357,0.3547651618787049,0.3182854537163702,0.07478340173278619,0.43046055631554947,2.0
0.4719562243502051,0.34746922024623794,0.24851801185590516,0.1345189238486093,0.23620611035111727,0.35795713634290927,0.5052439580483357,0.3547651618787049,0.3182854537163702,0.07478340173278619,-0.19243046055631552,0.6976744186046512,2.0
0.34746922024623794,0.24851801185590516,0.1345189238486093,0.23620611035111727,0.35795713634290927,0.5052439580483357,0.3547651618787049,0.3182854537163702,0.07478340173278619,-0.19243046055631552,-0.10305517555859556,0.6976744186046512,0.0
0.24851801185590516,0.1345189238486093,0.23620611035111727,0.35795713634290927,0.5052439580483357,0.3547651618787049,0.3182854537163702,0.07478340173278619,-0.19243046055631552,-0.10305517555859556,0.16279069767441867,0.6976744186046512,0.0
0.1345189238486093,0.23620611035111727,0.35795713634290927,0.5052439580483357,0.3547651618787049,0.3182854537163702,0.07478340173278619,-0.19243046055631552,-0.10305517555859556,0.16279069767441867,0.4623803009575924,0.6976744186046512,0.0
0.23620611035111727,0.35795713634290927,0.5052439580483357,0.3547651618787049,0.3182854537163702,0.07478340173278619,-0.19243046055631552,-0.10305517555859556,0.16279069767441867,0.4623803009575924,0.47879616963064286,0.6976744186046512,0.0
0.35795713634290927,0.5052439580483357,0.3547651618787049,0.3182854537163702,0.07478340173278619,-0.19243046055631552,-0.10305517555859556,0.16279069767441867,0.4623803009575924,0.47879616963064286,0.19835841313269498,0.6976744186046512,2.0
0.5052439580483357,0.3547651618787049,0.3182854537163702,0.07478340173278619,-0.19243046055631552,-0.10305517555859556,0.16279069767441867,0.4623803009575924,0.47879616963064286,0.19835841313269498,-0.20565435476516192,0.7108983128134976,2.0
0.3547651618787049,0.3182854537163702,0.07478340173278619,-0.19243046055631552,-0.10305517555859556,0.16279069767441867,0.4623803009575924,0.47879616963064286,0.19835841313269498,-0.20565435476516192,-0.4131326949384405,0.8919288645690834,2.0
0.3182854537163702,0.07478340173278619,-0.19243046055631552,-0.10305517555859556,0.16279069767441867,0.4623803009575924,0.47879616963064286,0.19835841313269498,-0.20565435476516192,-0.4131326949384405,-0.476516187870497,0.9553123575011399,2.0
0.07478340173278619,-0.19243046055631552,-0.10305517555859556,0.16279069767441867,0.4623803009575924,0.47879616963064286,0.19835841313269498,-0.20565435476516192,-0.4131326949384405,-0.476516187870497,-0.26082991336069317,0.9553123575011399,0.0
-0.19243046055631552,-0.10305517555859556,0.16279069767441867,0.4623803009575924,0.47879616963064286,0.19835841313269498,-0.20565435476516192,-0.4131326949384405,-0.476516187870497,-0.26082991336069317,-0.24259005927952582,0.9553123575011399,0.0
-0.10305517555859556,0.16279069767441867,0.4623803009575924,0.47879616963064286,0.19835841313269498,-0.20565435476516192,-0.4131326949384405,-0.476516187870497,-0.26082991336069317,-0.24259005927952582,-0.08344733242134061,0.9553123575011399,0.0
0.16279069767441867,0.4623803009575924,0.47879616963064286,0.19835841313269498,-0.20565435476516192,-0.4131326949384405,-0.476516187870497,-0.26082991336069317,-0.24259005927952582,-0.08344733242134061,-0.07113543091655272,0.9553123575011399,0.0
0.4623803009575924,0.47879616963064286,0.19835841313269498,-0.20565435476516192,-0.4131326949384405,-0.476516187870497,-0.26082991336069317,-0.24259005927952582,-0.08344733242134061,-0.07113543091655272,-0.2676698586411309,0.9553123575011399,2.0
0.47879616963064286,0.19835841313269498,-0.20565435476516192,-0.4131326949384405,-0.476516187870497,-0.26082991336069317,-0.24259005927952582,-0.08344733242134061,-0.07113543091655272,-0.2676698586411309,-0.4021887824897401,0.9553123575011399,2.0
0.19835841313269498,-0.20565435476516192,-0.4131326949384405,-0.476516187870497,-0.26082991336069317,-0.24259005927952582,-0.08344733242134061,-0.07113543091655272,-0.2676698586411309,-0.4021887824897401,-0.3137254901960784,0.674874601003192,2.0
-0.20565435476516192,-0.4131326949384405,-0.476516187870497,-0.26082991336069317,-0.24259005927952582,-0.08344733242134061,-0.07113543091655272,-0.2676698586411309,-0.4021887824897401,-0.3137254901960784,-0.2435020519835841,0.40538075695394427,2.0
-0.4131326949384405,-0.476516187870497,-0.26082991336069317,-0.24259005927952582,-0.08344733242134061,-0.07113543091655272,-0.2676698586411309,-0.4021887824897401,-0.3137254901960784,-0.2435020519835841,-0.1345189238486092,0.40538075695394427,0.0
-0.476516187870497,-0.26082991336069317,-0.24259005927952582,-0.08344733242134061,-0.07113543091655272,-0.2676698586411309,-0.4021887824897401,-0.3137254901960784,-0.2435020519835841,-0.1345189238486092,0.0364797081623347,0.5129958960328317,0.0
-0.26082991336069317,-0.24259005927952582,-0.08344733242134061,-0.07113543091655272,-0.2676698586411309,-0.4021887824897401,-0.3137254901960784,-0.2435020519835841,-0.1345189238486092,0.0364797081623347,0.0848153214774281,0.4870041039671682,2.0
-0.24259005927952582,-0.08344733242134061,-0.07113543091655272,-0.2676698586411309,-0.4021887824897401,-0.3137254901960784,-0.2435020519835841,-0.1345189238486092,0.0364797081623347,0.0848153214774281,0.032375740994072144,0.4870041039671682,2.0
-0.08344733242134061,-0.07113543091655272,-0.2676698586411309,-0.4021887824897401,-0.3137254901960784,-0.2435020519835841,-0.1345189238486092,0.0364797081623347,0.0848153214774281,0.032375740994072144,0.10715914272685811,0.5093479252165982,2.0
-0.07113543091655272,-0.2676698586411309,-0.4021887824897401,-0.3137254901960784,-0.2435020519835841,-0.1345189238486092,0.0364797081623347,0.0848153214774281,0.032375740994072144,0.10715914272685811,0.3875968992248062,0.7897856817145463,2.0
-0.2676698586411309,-0.4021887824897401,-0.3137254901960784,-0.2435020519835841,-0.1345189238486092,0.0364797081623347,0.0848153214774281,0.032375740994072144,0.10715914272685811,0.3875968992248062,0.44231646146830816,0.8445052439580483,2.0
-0.4021887824897401,-0.3137254901960784,-0.2435020519835841,-0.1345189238486092,0.0364797081623347,0.0848153214774281,0.032375740994072144,0.10715914272685811,0.3875968992248062,0.44231646146830816,0.4158686730506156,0.8445052439580483,2.0
-0.3137254901960784,-0.2435020519835841,-0.1345189238486092,0.0364797081623347,0.0848153214774281,0.032375740994072144,0.10715914272685811,0.3875968992248062,0.44231646146830816,0.4158686730506156,0.4245326037391701,0.7560419516643866,2.0
-0.2435020519835841,-0.1345189238486092,0.0364797081623347,0.0848153214774281,0.032375740994072144,0.10715914272685811,0.3875968992248062,0.44231646146830816,0.4158686730506156,0.4245326037391701,0.3055175558595531,0.6858185134518923,2.0
-0.1345189238486092,0.0364797081623347,0.0848153214774281,0.032375740994072144,0.10715914272685811,0.3875968992248062,0.44231646146830816,0.4158686730506156,0.4245326037391701,0.3055175558595531,0.04970360237118099,0.5768353853169174,2.0
0.0364797081623347,0.0848153214774281,0.032375740994072144,0.10715914272685811,0.3875968992248062,0.44231646146830816,0.4158686730506156,0.4245326037391701,0.3055175558595531,0.04970360237118099,0.05380756953944377,0.409940720474236,2.0
0.0848153214774281,0.032375740994072144,0.10715914272685811,0.3875968992248062,0.44231646146830816,0.4158686730506156,0.4245326037391701,0.3055175558595531,0.04970360237118099,0.05380756953944377,0.340173278613771,0.409940720474236,2.0
0.032375740994072144,0.10715914272685811,0.3875968992248062,0.44231646146830816,0.4158686730506156,0.4245326037391701,0.3055175558595531,0.04970360237118099,0.05380756953944377,0.340173278613771,0.4724122207022343,0.4400364797081622,0.0
0.10715914272685811,0.3875968992248062,0.44231646146830816,0.4158686730506156,0.4245326037391701,0.3055175558595531,0.04970360237118099,0.05380756953944377,0.340173278613771,0.4724122207022343,0.4017327861377109,0.42270861833105333,0.0
0.3875968992248062,0.44231646146830816,0.4158686730506156,0.4245326037391701,0.3055175558595531,0.04970360237118099,0.05380756953944377,0.340173278613771,0.4724122207022343,0.4017327861377109,0.3679890560875514,0.42270861833105333,2.0
0.44231646146830816,0.4158686730506156,0.4245326037391701,0.3055175558595531,0.04970360237118099,0.05380756953944377,0.340173278613771,0.4724122207022343,0.4017327861377109,0.3679890560875514,0.22343821249429996,0.42270861833105333,2.0
0.4158686730506156,0.4245326037391701,0.3055175558595531,0.04970360237118099,0.05380756953944377,0.340173278613771,0.4724122207022343,0.4017327861377109,0.3679890560875514,0.22343821249429996,0.1208390332877336,0.42270861833105333,2.0
0.4245326037391701,0.3055175558595531,0.04970360237118099,0.05380756953944377,0.340173278613771,0.4724122207022343,0.4017327861377109,0.3679890560875514,0.22343821249429996,0.1208390332877336,0.31098951208390324,0.42270861833105333,0.0
0.3055175558595531,0.04970360237118099,0.05380756953944377,0.340173278613771,0.4724122207022343,0.4017327861377109,0.3679890560875514,0.22343821249429996,0.1208390332877336,0.31098951208390324,0.5239398084815321,0.4742362061103511,0.0
0.04970360237118099,0.05380756953944377,0.340173278613771,0.4724122207022343,0.4017327861377109,0.3679890560875514,0.22343821249429996,0.1208390332877336,0.31098951208390324,0.5239398084815321,0.5636114911080712,0.5139078887368902,0.0
0.05380756953944377,0.340173278613771,0.4724122207022343,0.4017327861377109,0.3679890560875514,0.22343821249429996,0.1208390332877336,0.31098951208390324,0.5239398084815321,0.5636114911080712,0.49566803465572273,0.5098039215686274,0.0
0.340173278613771,0.4724122207022343,0.4017327861377109,0.3679890560875514,0.22343821249429996,0.1208390332877336,0.31098951208390324,0.5239398084815321,0.5636114911080712,0.49566803465572273,0.5376196990424076,0.4427724578203376,2.0
0.4724122207022343,0.4017327861377109,0.3679890560875514,0.22343821249429996,0.1208390332877336,0.31098951208390324,0.5239398084815321,0.5636114911080712,0.49566803465572273,0.5376196990424076,0.4605563155494756,0.4427724578203376,2.0
0.4017327861377109,0.3679890560875514,0.22343821249429996,0.1208390332877336,0.31098951208390324,0.5239398084815321,0.5636114911080712,0.49566803465572273,0.5376196990424076,0.4605563155494756,0.3187414500683994,0.4427724578203376,2.0
0.3679890560875514,0.22343821249429996,0.1208390332877336,0.31098951208390324,0.5239398084815321,0.5636114911080712,0.49566803465572273,0.5376196990424076,0.4605563155494756,0.3187414500683994,0.2535339717282261,0.4427724578203376,0.0
0.22343821249429996,0.1208390332877336,0.31098951208390324,0.5239398084815321,0.5636114911080712,0.49566803465572273,0.5376196990424076,0.4605563155494756,0.3187414500683994,0.2535339717282261,0.5467396260829913,0.4427724578203376,0.0
0.1208390332877336,0.31098951208390324,0.5239398084815321,0.5636114911080712,0.49566803465572273,0.5376196990424076,0.4605563155494756,0.3187414500683994,0.2535339717282261,0.5467396260829913,0.6844505243958048,0.5636114911080712,0.0
0.31098951208390324,0.5239398084815321,0.5636114911080712,0.49566803465572273,0.5376196990424076,0.4605563155494756,0.3187414500683994,0.2535339717282261,0.5467396260829913,0.6844505243958048,0.7036023711810306,0.4500683994528045,0.0
0.5239398084815321,0.5636114911080712,0.49566803465572273,0.5376196990424076,0.4605563155494756,0.3187414500683994,0.2535339717282261,0.5467396260829913,0.6844505243958048,0.7036023711810306,0.5704514363885089,0.4500683994528045,0.0
0.5636114911080712,0.49566803465572273,0.5376196990424076,0.4605563155494756,0.3187414500683994,0.2535339717282261,0.5467396260829913,0.6844505243958048,0.7036023711810306,0.5704514363885089,0.3552211582307341,0.4500683994528045,2.0
0.49566803465572273,0.5376196990424076,0.4605563155494756,0.3187414500683994,0.2535339717282261,0.5467396260829913,0.6844505243958048,0.7036023711810306,0.5704514363885089,0.3552211582307341,0.3305973552211583,0.4500683994528045,2.0
0.5376196990424076,0.4605563155494756,0.3187414500683994,0.2535339717282261,0.5467396260829913,0.6844505243958048,0.7036023711810306,0.5704514363885089,0.3552211582307341,0.3305973552211583,0.48062015503875966,0.4500683994528045,2.0
0.4605563155494756,0.3187414500683994,0.2535339717282261,0.5467396260829913,0.6844505243958048,0.7036023711810306,0.5704514363885089,0.3552211582307341,0.3305973552211583,0.48062015503875966,0.7720018239854081,0.518467852257182,0.0
0.3187414500683994,0.2535339717282261,0.5467396260829913,0.6844505243958048,0.7036023711810306,0.5704514363885089,0.3552211582307341,0.3305973552211583,0.48062015503875966,0.7720018239854081,0.8837209302325582,0.630186958504332,0.0
0.2535339717282261,0.5467396260829913,0.6844505243958048,0.7036023711810306,0.5704514363885089,0.3552211582307341,0.3305973552211583,0.48062015503875966,0.7720018239854081,0.8837209302325582,0.8978568171454628,0.6443228454172367,0.0
0.5467396260829913,0.6844505243958048,0.7036023711810306,0.5704514363885089,0.3552211582307341,0.3305973552211583,0.48062015503875966,0.7720018239854081,0.8837209302325582,0.8978568171454628,0.7843137254901962,0.5672594619243045,2.0
0.6844505243958048,0.7036023711810306,0.5704514363885089,0.3552211582307341,0.3305973552211583,0.48062015503875966,0.7720018239854081,0.8837209302325582,0.8978568171454628,0.7843137254901962,0.729594163246694,0.5672594619243045,2.0
0.7036023711810306,0.5704514363885089,0.3552211582307341,0.3305973552211583,0.48062015503875966,0.7720018239854081,0.8837209302325582,0.8978568171454628,0.7843137254901962,0.729594163246694,0.6557227542179662,0.5672594619243045,2.0
0.5704514363885089,0.3552211582307341,0.3305973552211583,0.48062015503875966,0.7720018239854081,0.8837209302325582,0.8978568171454628,0.7843137254901962,0.729594163246694,0.6557227542179662,0.7733698130414957,0.5672594619243045,2.0
0.3552211582307341,0.3305973552211583,0.48062015503875966,0.7720018239854081,0.8837209302325582,0.8978568171454628,0.7843137254901962,0.729594163246694,0.6557227542179662,0.7733698130414957,0.9890560875512995,0.6584587323301412,2.0
0.3305973552211583,0.48062015503875966,0.7720018239854081,0.8837209302325582,0.8978568171454628,0.7843137254901962,0.729594163246694,0.6557227542179662,0.7733698130414957,0.9890560875512995,0.9790241678066576,0.6584587323301412,0.0
0.48062015503875966,0.7720018239854081,0.8837209302325582,0.8978568171454628,0.7843137254901962,0.729594163246694,0.6557227542179662,0.7733698130414957,0.9890560875512995,0.9790241678066576,0.9626082991336069,0.5084359325125398,0.0
0.7720018239854081,0.8837209302325582,0.8978568171454628,0.7843137254901962,0.729594163246694,0.6557227542179662,0.7733698130414957,0.9890560875512995,0.9790241678066576,0.9626082991336069,0.8134974920200639,0.33333333333333326,2.0
0.8837209302325582,0.8978568171454628,0.7843137254901962,0.729594163246694,0.6557227542179662,0.7733698130414957,0.9890560875512995,0.9790241678066576,0.9626082991336069,0.8134974920200639,0.7045143638850888,0.33333333333333326,2.0
0.8978568171454628,0.7843137254901962,0.729594163246694,0.6557227542179662,0.7733698130414957,0.9890560875512995,0.9790241678066576,0.9626082991336069,0.8134974920200639,0.7045143638850888,0.7327861377108984,0.33333333333333326,0.0
0.7843137254901962,0.729594163246694,0.6557227542179662,0.7733698130414957,0.9890560875512995,0.9790241678066576,0.9626082991336069,0.8134974920200639,0.7045143638850888,0.7327861377108984,0.8171454628362973,0.33333333333333326,0.0
0.729594163246694,0.6557227542179662,0.7733698130414957,0.9890560875512995,0.9790241678066576,0.9626082991336069,0.8134974920200639,0.7045143638850888,0.7327861377108984,0.8171454628362973,1.0,0.3442772457820338,0.0
0.6557227542179662,0.7733698130414957,0.9890560875512995,0.9790241678066576,0.9626082991336069,0.8134974920200639,0.7045143638850888,0.7327861377108984,0.8171454628362973,1.0,0.9481911567664136,0.3442772457820338,0.0
0.7733698130414957,0.9890560875512995,0.9790241678066576,0.9626082991336069,0.8134974920200639,0.7045143638850888,0.7327861377108984,0.8171454628362973,1.0,0.9481911567664136,0.768646717284502,0.2954856361149112,0.0
0.9890560875512995,0.9790241678066576,0.9626082991336069,0.8134974920200639,0.7045143638850888,0.7327861377108984,0.8171454628362973,1.0,0.9481911567664136,0.768646717284502,0.6127735596248325,0.3872264403751675,2.0
0.9790241678066576,0.9626082991336069,0.8134974920200639,0.7045143638850888,0.7327861377108984,0.8171454628362973,1.0,0.9481911567664136,0.768646717284502,0.6127735596248325,0.44484144707458695,0.555158552925413,2.0
0.9626082991336069,0.8134974920200639,0.7045143638850888,0.7327861377108984,0.8171454628362973,1.0,0.9481911567664136,0.768646717284502,0.6127735596248325,0.44484144707458695,0.4122376060741402,0.5877623939258598,0.0
0.8134974920200639,0.7045143638850888,0.7327861377108984,0.8171454628362973,1.0,0.9481911567664136,0.768646717284502,0.6127735596248325,0.44484144707458695,0.4122376060741402,0.6248325145154086,0.5877623939258598,0.0
0.7045143638850888,0.7327861377108984,0.8171454628362973,1.0,0.9481911567664136,0.768646717284502,0.6127735596248325,0.44484144707458695,0.4122376060741402,0.6248325145154086,0.6636891469405986,0.5877623939258598,0.0
0.7327861377108984,0.8171454628362973,1.0,0.9481911567664136,0.768646717284502,0.6127735596248325,0.44484144707458695,0.4122376060741402,0.6248325145154086,0.6636891469405986,0.6851272889682893,0.5877623939258598,0.0
0.8171454628362973,1.0,0.9481911567664136,0.768646717284502,0.6127735596248325,0.44484144707458695,0.4122376060741402,0.6248325145154086,0.6636891469405986,0.6851272889682893,0.4301027244305493,0.5877623939258598,2.0
1.0,0.9481911567664136,0.768646717284502,0.6127735596248325,0.44484144707458695,0.4122376060741402,0.6248325145154086,0.6636891469405986,0.6851272889682893,0.4301027244305493,0.029477445288075055,0.970522554711925,2.0
0.9481911567664136,0.768646717284502,0.6127735596248325,0.44484144707458695,0.4122376060741402,0.6248325145154086,0.6636891469405986,0.6851272889682893,0.4301027244305493,0.029477445288075055,-0.22063421170165254,1.1688253684680663,2.0
0.768646717284502,0.6127735596248325,0.44484144707458695,0.4122376060741402,0.6248325145154086,0.6636891469405986,0.6851272889682893,0.4301027244305493,0.029477445288075055,-0.22063421170165254,-0.36757481018311744,1.1362215274676193,2.0
0.6127735596248325,0.44484144707458695,0.4122376060741402,0.6248325145154086,0.6636891469405986,0.6851272889682893,0.4301027244305493,0.029477445288075055,-0.22063421170165254,-0.36757481018311744,-0.04421616793211258,1.0527020991514067,0.0
0.44484144707458695,0.4122376060741402,0.6248325145154086,0.6636891469405986,0.6851272889682893,0.4301027244305493,0.029477445288075055,-0.22063421170165254,-0.36757481018311744,-0.04421616793211258,0.18490397498883437,1.0527020991514067,0.0
0.4122376060741402,0.6248325145154086,0.6636891469405986,0.6851272889682893,0.4301027244305493,0.029477445288075055,-0.22063421170165254,-0.36757481018311744,-0.04421616793211258,0.18490397498883437,0.13666815542652966,1.0527020991514067,0.0
0.6248325145154086,0.6636891469405986,0.6851272889682893,0.4301027244305493,0.029477445288075055,-0.22063421170165254,-0.36757481018311744,-0.04421616793211258,0.18490397498883437,0.13666815542652966,0.05314872711031704,1.0527020991514067,0.0
0.6636891469405986,0.6851272889682893,0.4301027244305493,0.029477445288075055,-0.22063421170165254,-0.36757481018311744,-0.04421616793211258,0.18490397498883437,0.13666815542652966,0.05314872711031704,-0.28360875390799467,1.0527020991514067,2.0
0.6851272889682893,0.4301027244305493,0.029477445288075055,-0.22063421170165254,-0.36757481018311744,-0.04421616793211258,0.18490397498883437,0.13666815542652966,0.05314872711031704,-0.28360875390799467,-0.5104957570343904,1.1956230460026798,2.0
0.4301027244305493,0.029477445288075055,-0.22063421170165254,-0.36757481018311744,-0.04421616793211258,0.18490397498883437,0.13666815542652966,0.05314872711031704,-0.28360875390799467,-0.5104957570343904,-0.46315319338990624,0.9405984814649397,2.0
0.029477445288075055,-0.22063421170165254,-0.36757481018311744,-0.04421616793211258,0.18490397498883437,0.13666815542652966,0.05314872711031704,-0.28360875390799467,-0.5104957570343904,-0.46315319338990624,-0.3162125949084412,0.6953997320232248,0.0
-0.22063421170165254,-0.36757481018311744,-0.04421616793211258,0.18490397498883437,0.13666815542652966,0.05314872711031704,-0.28360875390799467,-0.5104957570343904,-0.46315319338990624,-0.3162125949084412,0.042429656096471646,0.6953997320232248,0.0
-0.36757481018311744,-0.04421616793211258,0.18490397498883437,0.13666815542652966,0.05314872711031704,-0.28360875390799467,-0.5104957570343904,-0.46315319338990624,-0.3162125949084412,0.042429656096471646,0.12192943278249224,0.6953997320232248,0.0
-0.04421616793211258,0.18490397498883437,0.13666815542652966,0.05314872711031704,-0.28360875390799467,-0.5104957570343904,-0.46315319338990624,-0.3162125949084412,0.042429656096471646,0.12192943278249224,0.020098258150960335,0.6953997320232248,2.0
0.18490397498883437,0.13666815542652966,0.05314872711031704,-0.28360875390799467,-0.5104957570343904,-0.46315319338990624,-0.3162125949084412,0.042429656096471646,0.12192943278249224,0.020098258150960335,-0.2188476998660116,0.6953997320232248,2.0
0.13666815542652966,0.05314872711031704,-0.28360875390799467,-0.5104957570343904,-0.46315319338990624,-0.3162125949084412,0.042429656096471646,0.12192943278249224,0.020098258150960335,-0.2188476998660116,-0.37829388119696294,0.6471639124609201,2.0
0.05314872711031704,-0.28360875390799467,-0.5104957570343904,-0.46315319338990624,-0.3162125949084412,0.042429656096471646,0.12192943278249224,0.020098258150960335,-0.2188476998660116,-0.37829388119696294,-0.21170165252344797,0.6324251898168827,2.0
-0.28360875390799467,-0.5104957570343904,-0.46315319338990624,-0.3162125949084412,0.042429656096471646,0.12192943278249224,0.020098258150960335,-0.2188476998660116,-0.37829388119696294,-0.21170165252344797,0.03796337650736925,0.6324251898168827,0.0
-0.5104957570343904,-0.46315319338990624,-0.3162125949084412,0.042429656096471646,0.12192943278249224,0.020098258150960335,-0.2188476998660116,-0.37829388119696294,-0.21170165252344797,0.03796337650736925,0.1415810629745422,0.6520768200089326,0.0
-0.46315319338990624,-0.3162125949084412,0.042429656096471646,0.12192943278249224,0.020098258150960335,-0.2188476998660116,-0.37829388119696294,-0.21170165252344797,0.03796337650736925,0.1415810629745422,0.21706118803037078,0.680214381420277,0.0
-0.3162125949084412,0.042429656096471646,0.12192943278249224,0.020098258150960335,-0.2188476998660116,-0.37829388119696294,-0.21170165252344797,0.03796337650736925,0.1415810629745422,0.21706118803037078,0.10987047789191595,0.5953550692273337,2.0
0.042429656096471646,0.12192943278249224,0.020098258150960335,-0.2188476998660116,-0.37829388119696294,-0.21170165252344797,0.03796337650736925,0.1415810629745422,0.21706118803037078,0.10987047789191595,-0.1339883876730683,0.5953550692273337,2.0
0.12192943278249224,0.020098258150960335,-0.2188476998660116,-0.37829388119696294,-0.21170165252344797,0.03796337650736925,0.1415810629745422,0.21706118803037078,0.10987047789191595,-0.1339883876730683,-0.18803037070120587,0.5953550692273337,2.0
0.020098258150960335,-0.2188476998660116,-0.37829388119696294,-0.21170165252344797,0.03796337650736925,0.1415810629745422,0.21706118803037078,0.10987047789191595,-0.1339883876730683,-0.18803037070120587,-0.15319338990620812,0.5953550692273337,2.0
-0.2188476998660116,-0.37829388119696294,-0.21170165252344797,0.03796337650736925,0.1415810629745422,0.21706118803037078,0.10987047789191595,-0.1339883876730683,-0.18803037070120587,-0.15319338990620812,0.09602501116569906,0.5953550692273337,0.0
-0.37829388119696294,-0.21170165252344797,0.03796337650736925,0.1415810629745422,0.21706118803037078,0.10987047789191595,-0.1339883876730683,-0.18803037070120587,-0.15319338990620812,0.09602501116569906,0.3322912014292094,0.7105850826261724,0.0
-0.21170165252344797,0.03796337650736925,0.1415810629745422,0.21706118803037078,0.10987047789191595,-0.1339883876730683,-0.18803037070120587,-0.15319338990620812,0.09602501116569906,0.3322912014292094,0.42027690933452444,0.6319785618579724,0.0
0.03796337650736925,0.1415810629745422,0.21706118803037078,0.10987047789191595,-0.1339883876730683,-0.18803037070120587,-0.15319338990620812,0.09602501116569906,0.3322912014292094,0.42027690933452444,0.18490397498883437,0.6083072800357303,2.0
0.1415810629745422,0.21706118803037078,0.10987047789191595,-0.1339883876730683,-0.18803037070120587,-0.15319338990620812,0.09602501116569906,0.3322912014292094,0.42027690933452444,0.18490397498883437,-0.20678874497543542,0.6270656543099599,2.0
0.21706118803037078,0.10987047789191595,-0.1339883876730683,-0.18803037070120587,-0.15319338990620812,0.09602501116569906,0.3322912014292094,0.42027690933452444,0.18490397498883437,-0.20678874497543542,-0.28896828941491737,0.7092451987494418,2.0
0.10987047789191595,-0.1339883876730683,-0.18803037070120587,-0.15319338990620812,0.09602501116569906,0.3322912014292094,0.42027690933452444,0.18490397498883437,-0.20678874497543542,-0.28896828941491737,-0.1308619919606967,0.7092451987494418,2.0
-0.1339883876730683,-0.18803037070120587,-0.15319338990620812,0.09602501116569906,0.3322912014292094,0.42027690933452444,0.18490397498883437,-0.20678874497543542,-0.28896828941491737,-0.1308619919606967,0.13488164359088883,0.7092451987494418,0.0
-0.18803037070120587,-0.15319338990620812,0.09602501116569906,0.3322912014292094,0.42027690933452444,0.18490397498883437,-0.20678874497543542,-0.28896828941491737,-0.1308619919606967,0.13488164359088883,0.5078159892809291,0.7967842786958464,0.0
-0.15319338990620812,0.09602501116569906,0.3322912014292094,0.42027690933452444,0.18490397498883437,-0.20678874497543542,-0.28896828941491737,-0.1308619919606967,0.13488164359088883,0.5078159892809291,0.6025011165698972,0.8914694059848146,0.0
0.09602501116569906,0.3322912014292094,0.42027690933452444,0.18490397498883437,-0.20678874497543542,-0.28896828941491737,-0.1308619919606967,0.13488164359088883,0.5078159892809291,0.6025011165698972,0.35149620366234924,0.8914694059848146,2.0
0.3322912014292094,0.42027690933452444,0.18490397498883437,-0.20678874497543542,-0.28896828941491737,-0.1308619919606967,0.13488164359088883,0.5078159892809291,0.6025011165698972,0.35149620366234924,-0.038856632425189774,0.8914694059848146,2.0
0.42027690933452444,0.18490397498883437,-0.20678874497543542,-0.28896828941491737,-0.1308619919606967,0.13488164359088883,0.5078159892809291,0.6025011165698972,0.35149620366234924,-0.038856632425189774,-0.26351049575703434,0.8914694059848146,2.0
0.18490397498883437,-0.20678874497543542,-0.28896828941491737,-0.1308619919606967,0.13488164359088883,0.5078159892809291,0.6025011165698972,0.35149620366234924,-0.038856632425189774,-0.26351049575703434,-0.2813756141134435,0.8914694059848146,2.0
-0.20678874497543542,-0.28896828941491737,-0.1308619919606967,0.13488164359088883,0.5078159892809291,0.6025011165698972,0.35149620366234924,-0.038856632425189774,-0.26351049575703434,-0.2813756141134435,0.012952210808396591,0.8914694059848146,0.0
-0.28896828941491737,-0.1308619919606967,0.13488164359088883,0.5078159892809291,0.6025011165698972,0.35149620366234924,-0.038856632425189774,-0.26351049575703434,-0.2813756141134435,0.012952210808396591,0.1942831621259491,0.8914694059848146,0.0
-0.1308619919606967,0.13488164359088883,0.5078159892809291,0.6025011165698972,0.35149620366234924,-0.038856632425189774,-0.26351049575703434,-0.2813756141134435,0.012952210808396591,0.1942831621259491,0.3680214381420277,0.8838767306833407,0.0
0.13488164359088883,0.5078159892809291,0.6025011165698972,0.35149620366234924,-0.038856632425189774,-0.26351049575703434,-0.2813756141134435,0.012952210808396591,0.1942831621259491,0.3680214381420277,0.07826086956521738,0.8838767306833407,0.0
0.5078159892809291,0.6025011165698972,0.35149620366234924,-0.038856632425189774,-0.26351049575703434,-0.2813756141134435,0.012952210808396591,0.1942831621259491,0.3680214381420277,0.07826086956521738,-0.36122284794851167,0.9637239645184089,2.0
0.6025011165698972,0.35149620366234924,-0.038856632425189774,-0.26351049575703434,-0.2813756141134435,0.012952210808396591,0.1942831621259491,0.3680214381420277,0.07826086956521738,-0.36122284794851167,-0.700082850041425,1.3025839666113224,2.0
0.35149620366234924,-0.038856632425189774,-0.26351049575703434,-0.2813756141134435,0.012952210808396591,0.1942831621259491,0.3680214381420277,0.07826086956521738,-0.36122284794851167,-0.700082850041425,-0.8812482739574703,1.249269712099498,2.0
-0.038856632425189774,-0.26351049575703434,-0.2813756141134435,0.012952210808396591,0.1942831621259491,0.3680214381420277,0.07826086956521738,-0.36122284794851167,-0.700082850041425,-0.8812482739574703,-0.48135874067937034,1.249269712099498,0.0
-0.26351049575703434,-0.2813756141134435,0.012952210808396591,0.1942831621259491,0.3680214381420277,0.07826086956521738,-0.36122284794851167,-0.700082850041425,-0.8812482739574703,-0.48135874067937034,-0.017950842308754433,1.249269712099498,0.0
-0.2813756141134435,0.012952210808396591,0.1942831621259491,0.3680214381420277,0.07826086956521738,-0.36122284794851167,-0.700082850041425,-0.8812482739574703,-0.48135874067937034,-0.017950842308754433,0.3106876553438276,1.249269712099498,0.0
0.012952210808396591,0.1942831621259491,0.3680214381420277,0.07826086956521738,-0.36122284794851167,-0.700082850041425,-0.8812482739574703,-0.48135874067937034,-0.017950842308754433,0.3106876553438276,0.23961661341853024,1.249269712099498,0.0
0.1942831621259491,0.3680214381420277,0.07826086956521738,-0.36122284794851167,-0.700082850041425,-0.8812482739574703,-0.48135874067937034,-0.017950842308754433,0.3106876553438276,0.23961661341853024,0.1503229594832649,1.249269712099498,2.0
0.3680214381420277,0.07826086956521738,-0.36122284794851167,-0.700082850041425,-0.8812482739574703,-0.48135874067937034,-0.017950842308754433,0.3106876553438276,0.23961661341853024,0.1503229594832649,-0.11685261303581918,1.249269712099498,2.0
0.07826086956521738,-0.36122284794851167,-0.700082850041425,-0.8812482739574703,-0.48135874067937034,-0.017950842308754433,0.3106876553438276,0.23961661341853024,0.1503229594832649,-0.11685261303581918,-0.04051673517322374,1.1919359293012979,2.0
-0.36122284794851167,-0.700082850041425,-0.8812482739574703,-0.48135874067937034,-0.017950842308754433,0.3106876553438276,0.23961661341853024,0.1503229594832649,-0.11685261303581918,-0.04051673517322374,0.013505578391074469,1.1919359293012979,0.0
-0.700082850041425,-0.8812482739574703,-0.48135874067937034,-0.017950842308754433,0.3106876553438276,0.23961661341853024,0.1503229594832649,-0.11685261303581918,-0.04051673517322374,0.013505578391074469,0.26012918379330596,1.1919359293012979,0.0
-0.8812482739574703,-0.48135874067937034,-0.017950842308754433,0.3106876553438276,0.23961661341853024,0.1503229594832649,-0.11685261303581918,-0.04051673517322374,0.013505578391074469,0.26012918379330596,0.08925425719318847,1.1919359293012979,0.0
-0.48135874067937034,-0.017950842308754433,0.3106876553438276,0.23961661341853024,0.1503229594832649,-0.11685261303581918,-0.04051673517322374,0.013505578391074469,0.26012918379330596,0.08925425719318847,0.0234879624192601,0.7920463960231979,2.0
-0.017950842308754433,0.3106876553438276,0.23961661341853024,0.1503229594832649,-0.11685261303581918,-0.04051673517322374,0.013505578391074469,0.26012918379330596,0.08925425719318847,0.0234879624192601,-0.21432765707574863,0.5250153124195762,2.0
0.3106876553438276,0.23961661341853024,0.1503229594832649,-0.11685261303581918,-0.04051673517322374,0.013505578391074469,0.26012918379330596,0.08925425719318847,0.0234879624192601,-0.21432765707574863,-0.7991779213153258,1.1098655766591534,2.0
0.23961661341853024,0.1503229594832649,-0.11685261303581918,-0.04051673517322374,0.013505578391074469,0.26012918379330596,0.08925425719318847,0.0234879624192601,-0.21432765707574863,-0.7991779213153258,-1.0,1.260129183793306,0.0
0.1503229594832649,-0.11685261303581918,-0.04051673517322374,0.013505578391074469,0.26012918379330596,0.08925425719318847,0.0234879624192601,-0.21432765707574863,-0.7991779213153258,-1.0,-1.0,1.260129183793306,0.0
-0.11685261303581918,-0.04051673517322374,0.013505578391074469,0.26012918379330596,0.08925425719318847,0.0234879624192601,-0.21432765707574863,-0.7991779213153258,-1.0,-1.0,-0.946282160022618,1.260129183793306,0.0
-0.04051673517322374,0.013505578391074469,0.26012918379330596,0.08925425719318847,0.0234879624192601,-0.21432765707574863,-0.7991779213153258,-1.0,-1.0,-0.946282160022618,-0.9689001979078316,1.260129183793306,0.0
0.013505578391074469,0.26012918379330596,0.08925425719318847,0.0234879624192601,-0.21432765707574863,-0.7991779213153258,-1.0,-1.0,-0.946282160022618,-0.9689001979078316,-1.0,1.260129183793306,0.0
0.26012918379330596,0.08925425719318847,0.0234879624192601,-0.21432765707574863,-0.7991779213153258,-1.0,-1.0,-0.946282160022618,-0.9689001979078316,-1.0,-1.0,1.260129183793306,1.0
0.08925425719318847,0.0234879624192601,-0.21432765707574863,-0.7991779213153258,-1.0,-1.0,-0.946282160022618,-0.9689001979078316,-1.0,-1.0,-1.0,1.0892542571931885,1.0
0.0234879624192601,-0.21432765707574863,-0.7991779213153258,-1.0,-1.0,-0.946282160022618,-0.9689001979078316,-1.0,-1.0,-1.0,-1.0,1.02348796241926,1.0
-0.21432765707574863,-0.7991779213153258,-1.0,-1.0,-0.946282160022618,-0.9689001979078316,-1.0,-1.0,-1.0,-1.0,-0.748730404062707,0.7856723429242514,1.0
-0.7991779213153258,-1.0,-1.0,-0.946282160022618,-0.9689001979078316,-1.0,-1.0,-1.0,-1.0,-0.748730404062707,-0.547361448443365,0.452638551556635,1.0
-1.0,-1.0,-0.946282160022618,-0.9689001979078316,-1.0,-1.0,-1.0,-1.0,-0.748730404062707,-0.547361448443365,-0.5023183925811437,0.49768160741885625,1.0
-1.0,-0.946282160022618,-0.9689001979078316,-1.0,-1.0,-1.0,-1.0,-0.748730404062707,-0.547361448443365,-0.5023183925811437,-0.2890262751159196,0.7109737248840804,1.0
-0.946282160022618,-0.9689001979078316,-1.0,-1.0,-1.0,-1.0,-0.748730404062707,-0.547361448443365,-0.5023183925811437,-0.2890262751159196,-0.29476705674541837,0.7109737248840804,1.0
-0.9689001979078316,-1.0,-1.0,-1.0,-1.0,-0.748730404062707,-0.547361448443365,-0.5023183925811437,-0.2890262751159196,-0.29476705674541837,-0.4700816957385736,0.7109737248840804,2.0
-1.0,-1.0,-1.0,-1.0,-0.748730404062707,-0.547361448443365,-0.5023183925811437,-0.2890262751159196,-0.29476705674541837,-0.4700816957385736,-0.34996688010598365,0.7109737248840804,2.0
-1.0,-1.0,-1.0,-0.748730404062707,-0.547361448443365,-0.5023183925811437,-0.2890262751159196,-0.29476705674541837,-0.4700816957385736,-0.34996688010598365,-0.21704570545374258,0.7829542945462574,2.0
-1.0,-1.0,-0.748730404062707,-0.547361448443365,-0.5023183925811437,-0.2890262751159196,-0.29476705674541837,-0.4700816957385736,-0.34996688010598365,-0.21704570545374258,-0.1490395230735262,0.8509604769264738,0.0
-1.0,-0.748730404062707,-0.547361448443365,-0.5023183925811437,-0.2890262751159196,-0.29476705674541837,-0.4700816957385736,-0.34996688010598365,-0.21704570545374258,-0.1490395230735262,-0.2872598807683815,0.8509604769264738,0.0
-0.748730404062707,-0.547361448443365,-0.5023183925811437,-0.2890262751159196,-0.29476705674541837,-0.4700816957385736,-0.34996688010598365,-0.21704570545374258,-0.1490395230735262,-0.2872598807683815,-0.4480017663943475,0.5996908809891808,2.0
-0.547361448443365,-0.5023183925811437,-0.2890262751159196,-0.29476705674541837,-0.4700816957385736,-0.34996688010598365,-0.21704570545374258,-0.1490395230735262,-0.2872598807683815,-0.4480017663943475,-0.5341134908368292,0.3983219253698388,2.0
-0.5023183925811437,-0.2890262751159196,-0.29476705674541837,-0.4700816957385736,-0.34996688010598365,-0.21704570545374258,-0.1490395230735262,-0.2872598807683815,-0.4480017663943475,-0.5341134908368292,-0.6405387502759992,0.49149922720247297,2.0
-0.2890262751159196,-0.29476705674541837,-0.4700816957385736,-0.34996688010598365,-0.21704570545374258,-0.1490395230735262,-0.2872598807683815,-0.4480017663943475,-0.5341134908368292,-0.6405387502759992,-0.7827334952528152,0.633693972179289,0.0
-0.29476705674541837,-0.4700816957385736,-0.34996688010598365,-0.21704570545374258,-0.1490395230735262,-0.2872598807683815,-0.4480017663943475,-0.5341134908368292,-0.6405387502759992,-0.7827334952528152,-0.5760653565908589,0.633693972179289,0.0
-0.4700816957385736,-0.34996688010598365,-0.21704570545374258,-0.1490395230735262,-0.2872598807683815,-0.4480017663943475,-0.5341134908368292,-0.6405387502759992,-0.7827334952528152,-0.5760653565908589,-0.5694413777875911,0.633693972179289,0.0
-0.34996688010598365,-0.21704570545374258,-0.1490395230735262,-0.2872598807683815,-0.4480017663943475,-0.5341134908368292,-0.6405387502759992,-0.7827334952528152,-0.5760653565908589,-0.5694413777875911,-0.6303819827776551,0.633693972179289,0.0
-0.21704570545374258,-0.1490395230735262,-0.2872598807683815,-0.4480017663943475,-0.5341134908368292,-0.6405387502759992,-0.7827334952528152,-0.5760653565908589,-0.5694413777875911,-0.6303819827776551,-0.5508942371384411,0.633693972179289,0.0
-0.1490395230735262,-0.2872598807683815,-0.4480017663943475,-0.5341134908368292,-0.6405387502759992,-0.7827334952528152,-0.5760653565908589,-0.5694413777875911,-0.6303819827776551,-0.5508942371384411,-0.6639434753808788,0.633693972179289,2.0
-0.2872598807683815,-0.4480017663943475,-0.5341134908368292,-0.6405387502759992,-0.7827334952528152,-0.5760653565908589,-0.5694413777875911,-0.6303819827776551,-0.5508942371384411,-0.6639434753808788,-0.780083903731508,0.4954736144844337,2.0
-0.4480017663943475,-0.5341134908368292,-0.6405387502759992,-0.7827334952528152,-0.5760653565908589,-0.5694413777875911,-0.6303819827776551,-0.5508942371384411,-0.6639434753808788,-0.780083903731508,-0.60741885625966,0.3347317288584677,0.0
-0.5341134908368292,-0.6405387502759992,-0.7827334952528152,-0.5760653565908589,-0.5694413777875911,-0.6303819827776551,-0.5508942371384411,-0.6639434753808788,-0.780083903731508,-0.60741885625966,-0.3844115698829764,0.3983219253698388,2.0
-0.6405387502759992,-0.7827334952528152,-0.5760653565908589,-0.5694413777875911,-0.6303819827776551,-0.5508942371384411,-0.6639434753808788,-0.780083903731508,-0.60741885625966,-0.3844115698829764,-0.1397659527489512,0.642967542503864,0.0
-0.7827334952528152,-0.5760653565908589,-0.5694413777875911,-0.6303819827776551,-0.5508942371384411,-0.6639434753808788,-0.780083903731508,-0.60741885625966,-0.3844115698829764,-0.1397659527489512,0.117686023404725,0.9004195186575402,0.0
-0.5760653565908589,-0.5694413777875911,-0.6303819827776551,-0.5508942371384411,-0.6639434753808788,-0.780083903731508,-0.60741885625966,-0.3844115698829764,-0.1397659527489512,0.117686023404725,0.12784279090306905,0.9079266946345771,2.0
-0.5694413777875911,-0.6303819827776551,-0.5508942371384411,-0.6639434753808788,-0.780083903731508,-0.60741885625966,-0.3844115698829764,-0.1397659527489512,0.117686023404725,0.12784279090306905,0.022742327224552827,0.9079266946345771,2.0
-0.6303819827776551,-0.5508942371384411,-0.6639434753808788,-0.780083903731508,-0.60741885625966,-0.3844115698829764,-0.1397659527489512,0.117686023404725,0.12784279090306905,0.022742327224552827,-0.13844115698829762,0.9079266946345771,2.0
-0.5508942371384411,-0.6639434753808788,-0.780083903731508,-0.60741885625966,-0.3844115698829764,-0.1397659527489512,0.117686023404725,0.12784279090306905,0.022742327224552827,-0.13844115698829762,-0.22587767719143304,0.9079266946345771,2.0
-0.6639434753808788,-0.780083903731508,-0.60741885625966,-0.3844115698829764,-0.1397659527489512,0.117686023404725,0.12784279090306905,0.022742327224552827,-0.13844115698829762,-0.22587767719143304,-0.13579156546699056,0.9079266946345771,2.0
-0.780083903731508,-0.60741885625966,-0.3844115698829764,-0.1397659527489512,0.117686023404725,0.12784279090306905,0.022742327224552827,-0.13844115698829762,-0.22587767719143304,-0.13579156546699056,-0.06160300287039078,0.9079266946345771,0.0
-0.60741885625966,-0.3844115698829764,-0.1397659527489512,0.117686023404725,0.12784279090306905,0.022742327224552827,-0.13844115698829762,-0.22587767719143304,-0.13579156546699056,-0.06160300287039078,0.07617575623758,0.735261647162729,0.0
-0.3844115698829764,-0.1397659527489512,0.117686023404725,0.12784279090306905,0.022742327224552827,-0.13844115698829762,-0.22587767719143304,-0.13579156546699056,-0.06160300287039078,0.07617575623758,0.0933981011260765,0.5122543607860455,0.0
-0.1397659527489512,0.117686023404725,0.12784279090306905,0.022742327224552827,-0.13844115698829762,-0.22587767719143304,-0.13579156546699056,-0.06160300287039078,0.07617575623758,0.0933981011260765,-0.14550673437844996,0.3537204680945021,2.0
0.117686023404725,0.12784279090306905,0.022742327224552827,-0.13844115698829762,-0.22587767719143304,-0.13579156546699056,-0.06160300287039078,0.07617575623758,0.0933981011260765,-0.14550673437844996,-0.22764407153897104,0.3554868624420401,2.0
0.12784279090306905,0.022742327224552827,-0.13844115698829762,-0.22587767719143304,-0.13579156546699056,-0.06160300287039078,0.07617575623758,0.0933981011260765,-0.14550673437844996,-0.22764407153897104,-0.3455508942371385,0.4733936851402075,2.0
0.022742327224552827,-0.13844115698829762,-0.22587767719143304,-0.13579156546699056,-0.06160300287039078,0.07617575623758,0.0933981011260765,-0.14550673437844996,-0.22764407153897104,-0.3455508942371385,-0.42327224552881426,0.5166703466548908,2.0
-0.13844115698829762,-0.22587767719143304,-0.13579156546699056,-0.06160300287039078,0.07617575623758,0.0933981011260765,-0.14550673437844996,-0.22764407153897104,-0.3455508942371385,-0.42327224552881426,-0.3742548023846324,0.5166703466548908,0.0
-0.22587767719143304,-0.13579156546699056,-0.06160300287039078,0.07617575623758,0.0933981011260765,-0.14550673437844996,-0.22764407153897104,-0.3455508942371385,-0.42327224552881426,-0.3742548023846324,-0.09869728416869061,0.5166703466548908,0.0
-0.13579156546699056,-0.06160300287039078,0.07617575623758,0.0933981011260765,-0.14550673437844996,-0.22764407153897104,-0.3455508942371385,-0.42327224552881426,-0.3742548023846324,-0.09869728416869061,-0.1459483329653345,0.5166703466548908,0.0
-0.06160300287039078,0.07617575623758,0.0933981011260765,-0.14550673437844996,-0.22764407153897104,-0.3455508942371385,-0.42327224552881426,-0.3742548023846324,-0.09869728416869061,-0.1459483329653345,-0.09472289688672997,0.5166703466548908,0.0
0.07617575623758,0.0933981011260765,-0.14550673437844996,-0.22764407153897104,-0.3455508942371385,-0.42327224552881426,-0.3742548023846324,-0.09869728416869061,-0.1459483329653345,-0.09472289688672997,-0.16802826230956058,0.5166703466548908,2.0
0.0933981011260765,-0.14550673437844996,-0.22764407153897104,-0.3455508942371385,-0.42327224552881426,-0.3742548023846324,-0.09869728416869061,-0.1459483329653345,-0.09472289688672997,-0.16802826230956058,-0.3035990284831088,0.5166703466548908,2.0
-0.14550673437844996,-0.22764407153897104,-0.3455508942371385,-0.42327224552881426,-0.3742548023846324,-0.09869728416869061,-0.1459483329653345,-0.09472289688672997,-0.16802826230956058,-0.3035990284831088,-0.27533671892249945,0.3285493486420843,0.0
-0.22764407153897104,-0.3455508942371385,-0.42327224552881426,-0.3742548023846324,-0.09869728416869061,-0.1459483329653345,-0.09472289688672997,-0.16802826230956058,-0.3035990284831088,-0.27533671892249945,-0.25767277544711853,0.3285493486420843,0.0
-0.3455508942371385,-0.42327224552881426,-0.3742548023846324,-0.09869728416869061,-0.1459483329653345,-0.09472289688672997,-0.16802826230956058,-0.3035990284831088,-0.27533671892249945,-0.25767277544711853,-0.00816957385736361,0.41510267167145065,0.0
-0.42327224552881426,-0.3742548023846324,-0.09869728416869061,-0.1459483329653345,-0.09472289688672997,-0.16802826230956058,-0.3035990284831088,-0.27533671892249945,-0.25767277544711853,-0.00816957385736361,0.03554868624420404,0.4588209317730183,0.0
-0.3742548023846324,-0.09869728416869061,-0.1459483329653345,-0.09472289688672997,-0.16802826230956058,-0.3035990284831088,-0.27533671892249945,-0.25767277544711853,-0.00816957385736361,0.03554868624420404,0.048796643850739674,0.42305144623537205,2.0
-0.09869728416869061,-0.1459483329653345,-0.09472289688672997,-0.16802826230956058,-0.3035990284831088,-0.27533671892249945,-0.25767277544711853,-0.00816957385736361,0.03554868624420404,0.048796643850739674,-0.15036431883417978,0.3523956723338485,2.0
-0.1459483329653345,-0.09472289688672997,-0.16802826230956058,-0.3035990284831088,-0.27533671892249945,-0.25767277544711853,-0.00816957385736361,0.03554868624420404,0.048796643850739674,-0.15036431883417978,-0.23250165599470085,0.3523956723338485,2.0
-0.09472289688672997,-0.16802826230956058,-0.3035990284831088,-0.27533671892249945,-0.25767277544711853,-0.00816957385736361,0.03554868624420404,0.048796643850739674,-0.15036431883417978,-0.23250165599470085,-0.40737469640097157,0.45617134025171124,2.0
-0.16802826230956058,-0.3035990284831088,-0.27533671892249945,-0.25767277544711853,-0.00816957385736361,0.03554868624420404,0.048796643850739674,-0.15036431883417978,-0.23250165599470085,-0.40737469640097157,-0.20114815632589977,0.45617134025171124,2.0
-0.3035990284831088,-0.27533671892249945,-0.25767277544711853,-0.00816957385736361,0.03554868624420404,0.048796643850739674,-0.15036431883417978,-0.23250165599470085,-0.40737469640097157,-0.20114815632589977,-0.15787149481121665,0.45617134025171124,0.0
-0.27533671892249945,-0.25767277544711853,-0.00816957385736361,0.03554868624420404,0.048796643850739674,-0.15036431883417978,-0.23250165599470085,-0.40737469640097157,-0.20114815632589977,-0.15787149481121665,-0.17597703687348198,0.45617134025171124,0.0
-0.25767277544711853,-0.00816957385736361,0.03554868624420404,0.048796643850739674,-0.15036431883417978,-0.23250165599470085,-0.40737469640097157,-0.20114815632589977,-0.15787149481121665,-0.17597703687348198,-0.12033561492603229,0.45617134025171124,0.0
-0.00816957385736361,0.03554868624420404,0.048796643850739674,-0.15036431883417978,-0.23250165599470085,-0.40737469640097157,-0.20114815632589977,-0.15787149481121665,-0.17597703687348198,-0.12033561492603229,-0.4051667034665489,0.45617134025171124,2.0
0.03554868624420404,0.048796643850739674,-0.15036431883417978,-0.23250165599470085,-0.40737469640097157,-0.20114815632589977,-0.15787149481121665,-0.17597703687348198,-0.12033561492603229,-0.4051667034665489,-0.4665489070434975,0.5153455508942372,2.0
0.048796643850739674,-0.15036431883417978,-0.23250165599470085,-0.40737469640097157,-0.20114815632589977,-0.15787149481121665,-0.17597703687348198,-0.12033561492603229,-0.4051667034665489,-0.4665489070434975,-0.6502539191874586,0.6990505630381982,2.0
-0.15036431883417978,-0.23250165599470085,-0.40737469640097157,-0.20114815632589977,-0.15787149481121665,-0.17597703687348198,-0.12033561492603229,-0.4051667034665489,-0.4665489070434975,-0.6502539191874586,-0.5628173989843233,0.5299183042614263,2.0
-0.23250165599470085,-0.40737469640097157,-0.20114815632589977,-0.15787149481121665,-0.17597703687348198,-0.12033561492603229,-0.4051667034665489,-0.4665489070434975,-0.6502539191874586,-0.5628173989843233,-0.4970192095385295,0.5299183042614263,0.0
-0.40737469640097157,-0.20114815632589977,-0.15787149481121665,-0.17597703687348198,-0.12033561492603229,-0.4051667034665489,-0.4665489070434975,-0.6502539191874586,-0.5628173989843233,-0.4970192095385295,-0.21130492382424382,0.5299183042614263,0.0
-0.20114815632589977,-0.15787149481121665,-0.17597703687348198,-0.12033561492603229,-0.4051667034665489,-0.4665489070434975,-0.6502539191874586,-0.5628173989843233,-0.4970192095385295,-0.21130492382424382,-0.25634797968646506,0.5299183042614263,0.0
-0.15787149481121665,-0.17597703687348198,-0.12033561492603229,-0.4051667034665489,-0.4665489070434975,-0.6502539191874586,-0.5628173989843233,-0.4970192095385295,-0.21130492382424382,-0.25634797968646506,-0.20203135349966883,0.5299183042614263,2.0
-0.17597703687348198,-0.12033561492603229,-0.4051667034665489,-0.4665489070434975,-0.6502539191874586,-0.5628173989843233,-0.4970192095385295,-0.21130492382424382,-0.25634797968646506,-0.20203135349966883,-0.35129167586663723,0.5299183042614263,2.0
-0.12033561492603229,-0.4051667034665489,-0.4665489070434975,-0.6502539191874586,-0.5628173989843233,-0.4970192095385295,-0.21130492382424382,-0.25634797968646506,-0.20203135349966883,-0.35129167586663723,-0.3981011260763966,0.5299183042614263,2.0
-0.4051667034665489,-0.4665489070434975,-0.6502539191874586,-0.5628173989843233,-0.4970192095385295,-0.21130492382424382,-0.25634797968646506,-0.20203135349966883,-0.35129167586663723,-0.3981011260763966,-0.38838595716493707,0.44822256568778973,0.0
-0.4665489070434975,-0.6502539191874586,-0.5628173989843233,-0.4970192095385295,-0.21130492382424382,-0.25634797968646506,-0.20203135349966883,-0.35129167586663723,-0.3981011260763966,-0.38838595716493707,-0.34069330978140866,0.44822256568778973,0.0
-0.6502539191874586,-0.5628173989843233,-0.4970192095385295,-0.21130492382424382,-0.25634797968646506,-0.20203135349966883,-0.35129167586663723,-0.3981011260763966,-0.38838595716493707,-0.34069330978140866,-0.11238684036211088,0.5378670788253477,0.0
-0.5628173989843233,-0.4970192095385295,-0.21130492382424382,-0.25634797968646506,-0.20203135349966883,-0.35129167586663723,-0.3981011260763966,-0.38838595716493707,-0.34069330978140866,-0.11238684036211088,-0.0364318834179731,0.5263855155663502,0.0
-0.4970192095385295,-0.21130492382424382,-0.25634797968646506,-0.20203135349966883,-0.35129167586663723,-0.3981011260763966,-0.38838595716493707,-0.34069330978140866,-0.11238684036211088,-0.0364318834179731,0.012143961139324366,0.5091631706778539,0.0
-0.21130492382424382,-0.25634797968646506,-0.20203135349966883,-0.35129167586663723,-0.3981011260763966,-0.38838595716493707,-0.34069330978140866,-0.11238684036211088,-0.0364318834179731,0.012143961139324366,-0.15963788915875465,0.41024508721572095,2.0
-0.25634797968646506,-0.20203135349966883,-0.35129167586663723,-0.3981011260763966,-0.38838595716493707,-0.34069330978140866,-0.11238684036211088,-0.0364318834179731,0.012143961139324366,-0.15963788915875465,-0.26120556414219476,0.41024508721572095,2.0
-0.20203135349966883,-0.35129167586663723,-0.3981011260763966,-0.38838595716493707,-0.34069330978140866,-0.11238684036211088,-0.0364318834179731,0.012143961139324366,-0.15963788915875465,-0.26120556414219476,-0.44358578052550235,0.4557297416648267,2.0
-0.35129167586663723,-0.3981011260763966,-0.38838595716493707,-0.34069330978140866,-0.11238684036211088,-0.0364318834179731,0.012143961139324366,-0.15963788915875465,-0.26120556414219476,-0.44358578052550235,-0.2837270920733054,0.4557297416648267,2.0
-0.3981011260763966,-0.38838595716493707,-0.34069330978140866,-0.11238684036211088,-0.0364318834179731,0.012143961139324366,-0.15963788915875465,-0.26120556414219476,-0.44358578052550235,-0.2837270920733054,-0.1684698608964451,0.4557297416648267,0.0
-0.38838595716493707,-0.34069330978140866,-0.11238684036211088,-0.0364318834179731,0.012143961139324366,-0.15963788915875465,-0.26120556414219476,-0.44358578052550235,-0.2837270920733054,-0.1684698608964451,-0.008384319057330614,0.4557297416648267,0.0
-0.34069330978140866,-0.11238684036211088,-0.0364318834179731,0.012143961139324366,-0.15963788915875465,-0.26120556414219476,-0.44358578052550235,-0.2837270920733054,-0.1684698608964451,-0.008384319057330614,0.04612316130640748,0.4897089418319098,0.0
-0.11238684036211088,-0.0364318834179731,0.012143961139324366,-0.15963788915875465,-0.26120556414219476,-0.44358578052550235,-0.2837270920733054,-0.1684698608964451,-0.008384319057330614,0.04612316130640748,0.16527196652719667,0.608857747052699,2.0
-0.0364318834179731,0.012143961139324366,-0.15963788915875465,-0.26120556414219476,-0.44358578052550235,-0.2837270920733054,-0.1684698608964451,-0.008384319057330614,0.04612316130640748,0.16527196652719667,0.11192468619246854,0.608857747052699,2.0
0.012143961139324366,-0.15963788915875465,-0.26120556414219476,-0.44358578052550235,-0.2837270920733054,-0.1684698608964451,-0.008384319057330614,0.04612316130640748,0.16527196652719667,0.11192468619246854,-0.013598326359832602,0.608857747052699,2.0
-0.15963788915875465,-0.26120556414219476,-0.44358578052550235,-0.2837270920733054,-0.1684698608964451,-0.008384319057330614,0.04612316130640748,0.16527196652719667,0.11192468619246854,-0.013598326359832602,-0.08838912133891208,0.608857747052699,2.0
-0.26120556414219476,-0.44358578052550235,-0.2837270920733054,-0.1684698608964451,-0.008384319057330614,0.04612316130640748,0.16527196652719667,0.11192468619246854,-0.013598326359832602,-0.08838912133891208,-0.1281380753138075,0.608857747052699,2.0
-0.44358578052550235,-0.2837270920733054,-0.1684698608964451,-0.008384319057330614,0.04612316130640748,0.16527196652719667,0.11192468619246854,-0.013598326359832602,-0.08838912133891208,-0.1281380753138075,0.05543933054393313,0.608857747052699,0.0
-0.2837270920733054,-0.1684698608964451,-0.008384319057330614,0.04612316130640748,0.16527196652719667,0.11192468619246854,-0.013598326359832602,-0.08838912133891208,-0.1281380753138075,0.05543933054393313,0.1404231931849409,0.44899905860050204,0.0
-0.1684698608964451,-0.008384319057330614,0.04612316130640748,0.16527196652719667,0.11192468619246854,-0.013598326359832602,-0.08838912133891208,-0.1281380753138075,0.05543933054393313,0.1404231931849409,0.1437208024182468,0.3337418274236418,0.0
-0.008384319057330614,0.04612316130640748,0.16527196652719667,0.11192468619246854,-0.013598326359832602,-0.08838912133891208,-0.1281380753138075,0.05543933054393313,0.1404231931849409,0.1437208024182468,-0.06787579005221211,0.29341004184100417,0.0
0.04612316130640748,0.16527196652719667,0.11192468619246854,-0.013598326359832602,-0.08838912133891208,-0.1281380753138075,0.05543933054393313,0.1404231931849409,0.1437208024182468,-0.06787579005221211,-0.2190162132453971,0.3842881797725938,2.0
0.16527196652719667,0.11192468619246854,-0.013598326359832602,-0.08838912133891208,-0.1281380753138075,0.05543933054393313,0.1404231931849409,0.1437208024182468,-0.06787579005221211,-0.2190162132453971,-0.35147018411651554,0.5167421506437122,2.0
0.11192468619246854,-0.013598326359832602,-0.08838912133891208,-0.1281380753138075,0.05543933054393313,0.1404231931849409,0.1437208024182468,-0.06787579005221211,-0.2190162132453971,-0.35147018411651554,-0.3602638087386645,0.5039846111569113,0.0
-0.013598326359832602,-0.08838912133891208,-0.1281380753138075,0.05543933054393313,0.1404231931849409,0.1437208024182468,-0.06787579005221211,-0.2190162132453971,-0.35147018411651554,-0.3602638087386645,-0.273976367133828,0.5039846111569113,0.0
-0.08838912133891208,-0.1281380753138075,0.05543933054393313,0.1404231931849409,0.1437208024182468,-0.06787579005221211,-0.2190162132453971,-0.35147018411651554,-0.3602638087386645,-0.273976367133828,-0.3245397087111844,0.5039846111569113,0.0
-0.1281380753138075,0.05543933054393313,0.1404231931849409,0.1437208024182468,-0.06787579005221211,-0.2190162132453971,-0.35147018411651554,-0.3602638087386645,-0.273976367133828,-0.3245397087111844,-0.2701291563616378,0.5039846111569113,0.0
0.05543933054393313,0.1404231931849409,0.1437208024182468,-0.06787579005221211,-0.2190162132453971,-0.35147018411651554,-0.3602638087386645,-0.273976367133828,-0.3245397087111844,-0.2701291563616378,-0.2563891178895301,0.5039846111569113,2.0
0.1404231931849409,0.1437208024182468,-0.06787579005221211,-0.2190162132453971,-0.35147018411651554,-0.3602638087386645,-0.273976367133828,-0.3245397087111844,-0.2701291563616378,-0.2563891178895301,-0.17559769167353667,0.5039846111569113,2.0
0.1437208024182468,-0.06787579005221211,-0.2190162132453971,-0.35147018411651554,-0.3602638087386645,-0.273976367133828,-0.3245397087111844,-0.2701291563616378,-0.2563891178895301,-0.17559769167353667,-0.3910414949161858,0.5347622973344326,2.0
-0.06787579005221211,-0.2190162132453971,-0.35147018411651554,-0.3602638087386645,-0.273976367133828,-0.3245397087111844,-0.2701291563616378,-0.2563891178895301,-0.17559769167353667,-0.3910414949161858,-0.18878812860676009,0.32316570486397367,2.0
-0.2190162132453971,-0.35147018411651554,-0.3602638087386645,-0.273976367133828,-0.3245397087111844,-0.2701291563616378,-0.2563891178895301,-0.17559769167353667,-0.3910414949161858,-0.18878812860676009,-0.033800494641385015,0.35724100027480077,2.0
-0.35147018411651554,-0.3602638087386645,-0.273976367133828,-0.3245397087111844,-0.2701291563616378,-0.2563891178895301,-0.17559769167353667,-0.3910414949161858,-0.18878812860676009,-0.033800494641385015,0.1475680131904369,0.5386095081066227,2.0
-0.3602638087386645,-0.273976367133828,-0.3245397087111844,-0.2701291563616378,-0.2563891178895301,-0.17559769167353667,-0.3910414949161858,-0.18878812860676009,-0.033800494641385015,0.1475680131904369,0.22396262709535586,0.6150041220115416,2.0
-0.273976367133828,-0.3245397087111844,-0.2701291563616378,-0.2563891178895301,-0.17559769167353667,-0.3910414949161858,-0.18878812860676009,-0.033800494641385015,0.1475680131904369,0.22396262709535586,0.363011816433086,0.7540533113492718,2.0
-0.3245397087111844,-0.2701291563616378,-0.2563891178895301,-0.17559769167353667,-0.3910414949161858,-0.18878812860676009,-0.033800494641385015,0.1475680131904369,0.22396262709535586,0.363011816433086,0.35586699642759,0.7540533113492718,2.0
-0.2701291563616378,-0.2563891178895301,-0.17559769167353667,-0.3910414949161858,-0.18878812860676009,-0.033800494641385015,0.1475680131904369,0.22396262709535586,0.363011816433086,0.35586699642759,0.24154987633965375,0.7540533113492718,2.0
-0.2563891178895301,-0.17559769167353667,-0.3910414949161858,-0.18878812860676009,-0.033800494641385015,0.1475680131904369,0.22396262709535586,0.363011816433086,0.35586699642759,0.24154987633965375,0.27177796097829066,0.7540533113492718,2.0
-0.17559769167353667,-0.3910414949161858,-0.18878812860676009,-0.033800494641385015,0.1475680131904369,0.22396262709535586,0.363011816433086,0.35586699642759,0.24154987633965375,0.27177796097829066,0.24100027480076935,0.7540533113492718,2.0
-0.3910414949161858,-0.18878812860676009,-0.033800494641385015,0.1475680131904369,0.22396262709535586,0.363011816433086,0.35586699642759,0.24154987633965375,0.27177796097829066,0.24100027480076935,0.15856004396812318,0.7540533113492718,0.0
-0.18878812860676009,-0.033800494641385015,0.1475680131904369,0.22396262709535586,0.363011816433086,0.35586699642759,0.24154987633965375,0.27177796097829066,0.24100027480076935,0.15856004396812318,0.12503435009618036,0.5517999450398461,0.0
-0.033800494641385015,0.1475680131904369,0.22396262709535586,0.363011816433086,0.35586699642759,0.24154987633965375,0.27177796097829066,0.24100027480076935,0.15856004396812318,0.12503435009618036,0.17339928551799955,0.396812311074471,0.0
0.1475680131904369,0.22396262709535586,0.363011816433086,0.35586699642759,0.24154987633965375,0.27177796097829066,0.24100027480076935,0.15856004396812318,0.12503435009618036,0.17339928551799955,0.019510854630393037,0.34350096180269296,0.0
0.22396262709535586,0.363011816433086,0.35586699642759,0.24154987633965375,0.27177796097829066,0.24100027480076935,0.15856004396812318,0.12503435009618036,0.17339928551799955,0.019510854630393037,-0.2563891178895301,0.6194009343226161,0.0
0.363011816433086,0.35586699642759,0.24154987633965375,0.27177796097829066,0.24100027480076935,0.15856004396812318,0.12503435009618036,0.17339928551799955,0.019510854630393037,-0.2563891178895301,-0.5647155812036273,0.9277273976367133,0.0
0.35586699642759,0.24154987633965375,0.27177796097829066,0.24100027480076935,0.15856004396812318,0.12503435009618036,0.17339928551799955,0.019510854630393037,-0.2563891178895301,-0.5647155812036273,-0.8538059906567739,1.2096729870843639,0.0
0.24154987633965375,0.27177796097829066,0.24100027480076935,0.15856004396812318,0.12503435009618036,0.17339928551799955,0.019510854630393037,-0.2563891178895301,-0.5647155812036273,-0.8538059906567739,-1.0,1.2717779609782907,0.0
0.27177796097829066,0.24100027480076935,0.15856004396812318,0.12503435009618036,0.17339928551799955,0.019510854630393037,-0.2563891178895301,-0.5647155812036273,-0.8538059906567739,-1.0,-1.0,1.2717779609782907,0.0
0.24100027480076935,0.15856004396812318,0.12503435009618036,0.17339928551799955,0.019510854630393037,-0.2563891178895301,-0.5647155812036273,-0.8538059906567739,-1.0,-1.0,-1.0,1.2410002748007694,0.0
0.15856004396812318,0.12503435009618036,0.17339928551799955,0.019510854630393037,-0.2563891178895301,-0.5647155812036273,-0.8538059906567739,-1.0,-1.0,-1.0,-0.9963749352667012,1.1733992855179995,0.0
0.12503435009618036,0.17339928551799955,0.019510854630393037,-0.2563891178895301,-0.5647155812036273,-0.8538059906567739,-1.0,-1.0,-1.0,-0.9963749352667012,-1.0,1.1733992855179995,0.0
0.17339928551799955,0.019510854630393037,-0.2563891178895301,-0.5647155812036273,-0.8538059906567739,-1.0,-1.0,-1.0,-0.9963749352667012,-1.0,-1.0,1.1733992855179995,1.0
0.019510854630393037,-0.2563891178895301,-0.5647155812036273,-0.8538059906567739,-1.0,-1.0,-1.0,-0.9963749352667012,-1.0,-1.0,-1.0,1.019510854630393,1.0
-0.2563891178895301,-0.5647155812036273,-0.8538059906567739,-1.0,-1.0,-1.0,-0.9963749352667012,-1.0,-1.0,-1.0,-0.9522041763341067,0.7436108821104699,1.0
-0.5647155812036273,-0.8538059906567739,-1.0,-1.0,-1.0,-0.9963749352667012,-1.0,-1.0,-1.0,-0.9522041763341067,-1.0,0.4352844187963727,1.0
-0.8538059906567739,-1.0,-1.0,-1.0,-0.9963749352667012,-1.0,-1.0,-1.0,-0.9522041763341067,-1.0,-0.7405780346820809,0.25942196531791906,1.0
-1.0,-1.0,-1.0,-0.9963749352667012,-1.0,-1.0,-1.0,-0.9522041763341067,-1.0,-0.7405780346820809,-0.6309826589595375,0.36901734104046247,1.0
-1.0,-1.0,-0.9963749352667012,-1.0,-1.0,-1.0,-0.9522041763341067,-1.0,-0.7405780346820809,-0.6309826589595375,-0.6198843930635838,0.3801156069364162,1.0
-1.0,-0.9963749352667012,-1.0,-1.0,-1.0,-0.9522041763341067,-1.0,-0.7405780346820809,-0.6309826589595375,-0.6198843930635838,-0.8178034682080925,0.3801156069364162,1.0
-0.9963749352667012,-1.0,-1.0,-1.0,-0.9522041763341067,-1.0,-0.7405780346820809,-0.6309826589595375,-0.6198843930635838,-0.8178034682080925,-0.9163005780346821,0.3801156069364162,2.0
-1.0,-1.0,-1.0,-0.9522041763341067,-1.0,-0.7405780346820809,-0.6309826589595375,-0.6198843930635838,-0.8178034682080925,-0.9163005780346821,-0.8307514450867052,0.3801156069364162,2.0
-1.0,-1.0,-0.9522041763341067,-1.0,-0.7405780346820809,-0.6309826589595375,-0.6198843930635838,-0.8178034682080925,-0.9163005780346821,-0.8307514450867052,-0.8469364161849711,0.3801156069364162,2.0
-1.0,-0.9522041763341067,-1.0,-0.7405780346820809,-0.6309826589595375,-0.6198843930635838,-0.8178034682080925,-0.9163005780346821,-0.8307514450867052,-0.8469364161849711,-0.5320231213872832,0.46797687861271675,0.0
-0.9522041763341067,-1.0,-0.7405780346820809,-0.6309826589595375,-0.6198843930635838,-0.8178034682080925,-0.9163005780346821,-0.8307514450867052,-0.8469364161849711,-0.5320231213872832,-0.5939884393063584,0.46797687861271675,0.0
-1.0,-0.7405780346820809,-0.6309826589595375,-0.6198843930635838,-0.8178034682080925,-0.9163005780346821,-0.8307514450867052,-0.8469364161849711,-0.5320231213872832,-0.5939884393063584,-0.6878612716763006,0.46797687861271675,2.0
-0.7405780346820809,-0.6309826589595375,-0.6198843930635838,-0.8178034682080925,-0.9163005780346821,-0.8307514450867052,-0.8469364161849711,-0.5320231213872832,-0.5939884393063584,-0.6878612716763006,-1.0,0.46797687861271675,2.0
-0.6309826589595375,-0.6198843930635838,-0.8178034682080925,-0.9163005780346821,-0.8307514450867052,-0.8469364161849711,-0.5320231213872832,-0.5939884393063584,-0.6878612716763006,-1.0,-1.0,0.46797687861271675,2.0
-0.6198843930635838,-0.8178034682080925,-0.9163005780346821,-0.8307514450867052,-0.8469364161849711,-0.5320231213872832,-0.5939884393063584,-0.6878612716763006,-1.0,-1.0,-1.0,0.46797687861271675,0.0
-0.8178034682080925,-0.9163005780346821,-0.8307514450867052,-0.8469364161849711,-0.5320231213872832,-0.5939884393063584,-0.6878612716763006,-1.0,-1.0,-1.0,-0.999259807549963,0.46797687861271675,0.0
-0.9163005780346821,-0.8307514450867052,-0.8469364161849711,-0.5320231213872832,-0.5939884393063584,-0.6878612716763006,-1.0,-1.0,-1.0,-0.999259807549963,-0.7931162102146558,0.46797687861271675,0.0
-0.8307514450867052,-0.8469364161849711,-0.5320231213872832,-0.5939884393063584,-0.6878612716763006,-1.0,-1.0,-1.0,-0.999259807549963,-0.7931162102146558,-0.7002220577350111,0.46797687861271675,0.0
-0.8469364161849711,-0.5320231213872832,-0.5939884393063584,-0.6878612716763006,-1.0,-1.0,-1.0,-0.999259807549963,-0.7931162102146558,-0.7002220577350111,-0.695040710584752,0.46797687861271675,0.0
-0.5320231213872832,-0.5939884393063584,-0.6878612716763006,-1.0,-1.0,-1.0,-0.999259807549963,-0.7931162102146558,-0.7002220577350111,-0.695040710584752,-0.8608438193930422,0.46797687861271675,2.0
-0.5939884393063584,-0.6878612716763006,-1.0,-1.0,-1.0,-0.999259807549963,-0.7931162102146558,-0.7002220577350111,-0.695040710584752,-0.8608438193930422,-0.9557989438685703,0.40601156069364164,2.0
-0.6878612716763006,-1.0,-1.0,-1.0,-0.999259807549963,-0.7931162102146558,-0.7002220577350111,-0.695040710584752,-0.8608438193930422,-0.9557989438685703,-1.0,0.3121387283236994,2.0
-1.0,-1.0,-1.0,-0.999259807549963,-0.7931162102146558,-0.7002220577350111,-0.695040710584752,-0.8608438193930422,-0.9557989438685703,-1.0,-0.7618567103935419,0.30495928941524797,2.0
-1.0,-1.0,-0.999259807549963,-0.7931162102146558,-0.7002220577350111,-0.695040710584752,-0.8608438193930422,-0.9557989438685703,-1.0,-0.7618567103935419,-0.3917255297679112,0.6082744702320888,0.0
-1.0,-0.999259807549963,-0.7931162102146558,-0.7002220577350111,-0.695040710584752,-0.8608438193930422,-0.9557989438685703,-1.0,-0.7618567103935419,-0.3917255297679112,-0.14833501513622604,0.851664984863774,0.0
-0.999259807549963,-0.7931162102146558,-0.7002220577350111,-0.695040710584752,-0.8608438193930422,-0.9557989438685703,-1.0,-0.7618567103935419,-0.3917255297679112,-0.14833501513622604,-0.055095862764883985,0.944904137235116,0.0
-0.7931162102146558,-0.7002220577350111,-0.695040710584752,-0.8608438193930422,-0.9557989438685703,-1.0,-0.7618567103935419,-0.3917255297679112,-0.14833501513622604,-0.055095862764883985,0.01029263370333,1.01029263370333,2.0
-0.7002220577350111,-0.695040710584752,-0.8608438193930422,-0.9557989438685703,-1.0,-0.7618567103935419,-0.3917255297679112,-0.14833501513622604,-0.055095862764883985,0.01029263370333,-0.053884964682139214,1.01029263370333,2.0
-0.695040710584752,-0.8608438193930422,-0.9557989438685703,-1.0,-0.7618567103935419,-0.3917255297679112,-0.14833501513622604,-0.055095862764883985,0.01029263370333,-0.053884964682139214,-0.05267406659939455,1.01029263370333,2.0
-0.8608438193930422,-0.9557989438685703,-1.0,-0.7618567103935419,-0.3917255297679112,-0.14833501513622604,-0.055095862764883985,0.01029263370333,-0.053884964682139214,-0.05267406659939455,0.05267406659939455,1.0526740665993946,2.0
-0.9557989438685703,-1.0,-0.7618567103935419,-0.3917255297679112,-0.14833501513622604,-0.055095862764883985,0.01029263370333,-0.053884964682139214,-0.05267406659939455,0.05267406659939455,0.23874873864783042,1.2387487386478304,2.0
-1.0,-0.7618567103935419,-0.3917255297679112,-0.14833501513622604,-0.055095862764883985,0.01029263370333,-0.053884964682139214,-0.05267406659939455,0.05267406659939455,0.23874873864783042,0.35822401614530786,1.3582240161453079,2.0
-0.7618567103935419,-0.3917255297679112,-0.14833501513622604,-0.055095862764883985,0.01029263370333,-0.053884964682139214,-0.05267406659939455,0.05267406659939455,0.23874873864783042,0.35822401614530786,0.3307769929364279,1.1200807265388497,2.0
-0.3917255297679112,-0.14833501513622604,-0.055095862764883985,0.01029263370333,-0.053884964682139214,-0.05267406659939455,0.05267406659939455,0.23874873864783042,0.35822401614530786,0.3307769929364279,0.28758829465186686,0.749949545913219,2.0
-0.14833501513622604,-0.055095862764883985,0.01029263370333,-0.053884964682139214,-0.05267406659939455,0.05267406659939455,0.23874873864783042,0.35822401614530786,0.3307769929364279,0.28758829465186686,0.03773965691220993,0.5065590312815339,2.0
-0.055095862764883985,0.01029263370333,-0.053884964682139214,-0.05267406659939455,0.05267406659939455,0.23874873864783042,0.35822401614530786,0.3307769929364279,0.28758829465186686,0.03773965691220993,-0.11806256306760843,0.4762865792129163,2.0
0.01029263370333,-0.053884964682139214,-0.05267406659939455,0.05267406659939455,0.23874873864783042,0.35822401614530786,0.3307769929364279,0.28758829465186686,0.03773965691220993,-0.11806256306760843,-0.05186680121089804,0.4762865792129163,2.0
-0.053884964682139214,-0.05267406659939455,0.05267406659939455,0.23874873864783042,0.35822401614530786,0.3307769929364279,0.28758829465186686,0.03773965691220993,-0.11806256306760843,-0.05186680121089804,0.21251261352169526,0.4762865792129163,0.0
-0.05267406659939455,0.05267406659939455,0.23874873864783042,0.35822401614530786,0.3307769929364279,0.28758829465186686,0.03773965691220993,-0.11806256306760843,-0.05186680121089804,0.21251261352169526,0.312209889001009,0.4762865792129163,0.0
0.05267406659939455,0.23874873864783042,0.35822401614530786,0.3307769929364279,0.28758829465186686,0.03773965691220993,-0.11806256306760843,-0.05186680121089804,0.21251261352169526,0.312209889001009,0.2710393541876892,0.4762865792129163,0.0
0.23874873864783042,0.35822401614530786,0.3307769929364279,0.28758829465186686,0.03773965691220993,-0.11806256306760843,-0.05186680121089804,0.21251261352169526,0.312209889001009,0.2710393541876892,0.09424823410696259,0.4762865792129163,2.0
0.35822401614530786,0.3307769929364279,0.28758829465186686,0.03773965691220993,-0.11806256306760843,-0.05186680121089804,0.21251261352169526,0.312209889001009,0.2710393541876892,0.09424823410696259,-0.09586276488395562,0.4762865792129163,2.0
0.3307769929364279,0.28758829465186686,0.03773965691220993,-0.11806256306760843,-0.05186680121089804,0.21251261352169526,0.312209889001009,0.2710393541876892,0.09424823410696259,-0.09586276488395562,-0.18627648839556,0.5170534813319879,2.0
0.28758829465186686,0.03773965691220993,-0.11806256306760843,-0.05186680121089804,0.21251261352169526,0.312209889001009,0.2710393541876892,0.09424823410696259,-0.09586276488395562,-0.18627648839556,-0.01432896064581235,0.498486377396569,0.0
0.03773965691220993,-0.11806256306760843,-0.05186680121089804,0.21251261352169526,0.312209889001009,0.2710393541876892,0.09424823410696259,-0.09586276488395562,-0.18627648839556,-0.01432896064581235,0.26256306760847625,0.498486377396569,0.0
-0.11806256306760843,-0.05186680121089804,0.21251261352169526,0.312209889001009,0.2710393541876892,0.09424823410696259,-0.09586276488395562,-0.18627648839556,-0.01432896064581235,0.26256306760847625,0.3747729566094853,0.5610494450050453,0.0
-0.05186680121089804,0.21251261352169526,0.312209889001009,0.2710393541876892,0.09424823410696259,-0.09586276488395562,-0.18627648839556,-0.01432896064581235,0.26256306760847625,0.3747729566094853,0.4982845610494451,0.6845610494450051,0.0
0.21251261352169526,0.312209889001009,0.2710393541876892,0.09424823410696259,-0.09586276488395562,-0.18627648839556,-0.01432896064581235,0.26256306760847625,0.3747729566094853,0.4982845610494451,0.3852674066599395,0.6845610494450051,2.0
0.312209889001009,0.2710393541876892,0.09424823410696259,-0.09586276488395562,-0.18627648839556,-0.01432896064581235,0.26256306760847625,0.3747729566094853,0.4982845610494451,0.3852674066599395,0.33400605449041376,0.6845610494450051,2.0
0.2710393541876892,0.09424823410696259,-0.09586276488395562,-0.18627648839556,-0.01432896064581235,0.26256306760847625,0.3747729566094853,0.4982845610494451,0.3852674066599395,0.33400605449041376,0.18385469223007056,0.6845610494450051,2.0
0.09424823410696259,-0.09586276488395562,-0.18627648839556,-0.01432896064581235,0.26256306760847625,0.3747729566094853,0.4982845610494451,0.3852674066599395,0.33400605449041376,0.18385469223007056,0.21170534813319875,0.6845610494450051,2.0
-0.09586276488395562,-0.18627648839556,-0.01432896064581235,0.26256306760847625,0.3747729566094853,0.4982845610494451,0.3852674066599395,0.33400605449041376,0.18385469223007056,0.21170534813319875,0.4115035317860747,0.6845610494450051,0.0
-0.18627648839556,-0.01432896064581235,0.26256306760847625,0.3747729566094853,0.4982845610494451,0.3852674066599395,0.33400605449041376,0.18385469223007056,0.21170534813319875,0.4115035317860747,0.44298688193743696,0.6845610494450051,0.0
-0.01432896064581235,0.26256306760847625,0.3747729566094853,0.4982845610494451,0.3852674066599395,0.33400605449041376,0.18385469223007056,0.21170534813319875,0.4115035317860747,0.44298688193743696,0.45711402623612507,0.5126135216952574,0.0
0.26256306760847625,0.3747729566094853,0.4982845610494451,0.3852674066599395,0.33400605449041376,0.18385469223007056,0.21170534813319875,0.4115035317860747,0.44298688193743696,0.45711402623612507,0.33683148335015134,0.3144298688193745,2.0
0.3747729566094853,0.4982845610494451,0.3852674066599395,0.33400605449041376,0.18385469223007056,0.21170534813319875,0.4115035317860747,0.44298688193743696,0.45711402623612507,0.33683148335015134,0.06518668012108986,0.4330978809283552,2.0
0.4982845610494451,0.3852674066599395,0.33400605449041376,0.18385469223007056,0.21170534813319875,0.4115035317860747,0.44298688193743696,0.45711402623612507,0.33683148335015134,0.06518668012108986,-0.11967709384460146,0.6179616548940465,2.0
0.3852674066599395,0.33400605449041376,0.18385469223007056,0.21170534813319875,0.4115035317860747,0.44298688193743696,0.45711402623612507,0.33683148335015134,0.06518668012108986,-0.11967709384460146,-0.01741446424912929,0.5767911200807265,2.0
0.33400605449041376,0.18385469223007056,0.21170534813319875,0.4115035317860747,0.44298688193743696,0.45711402623612507,0.33683148335015134,0.06518668012108986,-0.11967709384460146,-0.01741446424912929,0.13419381274329023,0.5767911200807265,0.0
0.18385469223007056,0.21170534813319875,0.4115035317860747,0.44298688193743696,0.45711402623612507,0.33683148335015134,0.06518668012108986,-0.11967709384460146,-0.01741446424912929,0.13419381274329023,0.23745134193812745,0.5767911200807265,0.0
0.21170534813319875,0.4115035317860747,0.44298688193743696,0.45711402623612507,0.33683148335015134,0.06518668012108986,-0.11967709384460146,-0.01741446424912929,0.13419381274329023,0.23745134193812745,0.11493546404425325,0.5767911200807265,0.0
0.4115035317860747,0.44298688193743696,0.45711402623612507,0.33683148335015134,0.06518668012108986,-0.11967709384460146,-0.01741446424912929,0.13419381274329023,0.23745134193812745,0.11493546404425325,-0.01085843064945713,0.5767911200807265,2.0
0.44298688193743696,0.45711402623612507,0.33683148335015134,0.06518668012108986,-0.11967709384460146,-0.01741446424912929,0.13419381274329023,0.23745134193812745,0.11493546404425325,-0.01085843064945713,-0.1919688588404016,0.6490828850765267,2.0
0.45711402623612507,0.33683148335015134,0.06518668012108986,-0.11967709384460146,-0.01741446424912929,0.13419381274329023,0.23745134193812745,0.11493546404425325,-0.01085843064945713,-0.1919688588404016,-0.2948166359352592,0.7519306621713843,2.0
0.33683148335015134,0.06518668012108986,-0.11967709384460146,-0.01741446424912929,0.13419381274329023,0.23745134193812745,0.11493546404425325,-0.01085843064945713,-0.1919688588404016,-0.2948166359352592,-0.13419381274329034,0.6316481192854105,0.0
0.06518668012108986,-0.11967709384460146,-0.01741446424912929,0.13419381274329023,0.23745134193812745,0.11493546404425325,-0.01085843064945713,-0.1919688588404016,-0.2948166359352592,-0.13419381274329034,0.12681827494365905,0.5322679778733866,0.0
-0.11967709384460146,-0.01741446424912929,0.13419381274329023,0.23745134193812745,0.11493546404425325,-0.01085843064945713,-0.1919688588404016,-0.2948166359352592,-0.13419381274329034,0.12681827494365905,0.24154886293792255,0.5363654988731817,0.0
-0.01741446424912929,0.13419381274329023,0.23745134193812745,0.11493546404425325,-0.01085843064945713,-0.1919688588404016,-0.2948166359352592,-0.13419381274329034,0.12681827494365905,0.24154886293792255,0.3714402786314279,0.6662569145666871,0.0
0.13419381274329023,0.23745134193812745,0.11493546404425325,-0.01085843064945713,-0.1919688588404016,-0.2948166359352592,-0.13419381274329034,0.12681827494365905,0.24154886293792255,0.3714402786314279,0.2702315099364885,0.6662569145666871,2.0
0.23745134193812745,0.11493546404425325,-0.01085843064945713,-0.1919688588404016,-0.2948166359352592,-0.13419381274329034,0.12681827494365905,0.24154886293792255,0.3714402786314279,0.2702315099364885,0.005531653349723387,0.6662569145666871,2.0
0.11493546404425325,-0.01085843064945713,-0.1919688588404016,-0.2948166359352592,-0.13419381274329034,0.12681827494365905,0.24154886293792255,0.3714402786314279,0.2702315099364885,0.005531653349723387,-0.17680803114115962,0.6662569145666871,2.0
-0.01085843064945713,-0.1919688588404016,-0.2948166359352592,-0.13419381274329034,0.12681827494365905,0.24154886293792255,0.3714402786314279,0.2702315099364885,0.005531653349723387,-0.17680803114115962,-0.005941405449702897,0.6662569145666871,2.0
-0.1919688588404016,-0.2948166359352592,-0.13419381274329034,0.12681827494365905,0.24154886293792255,0.3714402786314279,0.2702315099364885,0.005531653349723387,-0.17680803114115962,-0.005941405449702897,0.17721778324113902,0.6662569145666871,0.0
-0.2948166359352592,-0.13419381274329034,0.12681827494365905,0.24154886293792255,0.3714402786314279,0.2702315099364885,0.005531653349723387,-0.17680803114115962,-0.005941405449702897,0.17721778324113902,0.4140544970292972,0.7088711329645564,0.0
-0.13419381274329034,0.12681827494365905,0.24154886293792255,0.3714402786314279,0.2702315099364885,0.005531653349723387,-0.17680803114115962,-0.005941405449702897,0.17721778324113902,0.4140544970292972,0.5443556648227823,0.7211636959639419,0.0
0.12681827494365905,0.24154886293792255,0.3714402786314279,0.2702315099364885,0.005531653349723387,-0.17680803114115962,-0.005941405449702897,0.17721778324113902,0.4140544970292972,0.5443556648227823,0.4533906986273304,0.7211636959639419,2.0
0.24154886293792255,0.3714402786314279,0.2702315099364885,0.005531653349723387,-0.17680803114115962,-0.005941405449702897,0.17721778324113902,0.4140544970292972,0.5443556648227823,0.4533906986273304,0.19032985044048356,0.7211636959639419,2.0
0.3714402786314279,0.2702315099364885,0.005531653349723387,-0.17680803114115962,-0.005941405449702897,0.17721778324113902,0.4140544970292972,0.5443556648227823,0.4533906986273304,0.19032985044048356,0.09444785904527753,0.7211636959639419,2.0
0.2702315099364885,0.005531653349723387,-0.17680803114115962,-0.005941405449702897,0.17721778324113902,0.4140544970292972,0.5443556648227823,0.4533906986273304,0.19032985044048356,0.09444785904527753,0.2673632452366319,0.7211636959639419,2.0
0.005531653349723387,-0.17680803114115962,-0.005941405449702897,0.17721778324113902,0.4140544970292972,0.5443556648227823,0.4533906986273304,0.19032985044048356,0.09444785904527753,0.2673632452366319,0.3263675476336816,0.7211636959639419,0.0
-0.17680803114115962,-0.005941405449702897,0.17721778324113902,0.4140544970292972,0.5443556648227823,0.4533906986273304,0.19032985044048356,0.09444785904527753,0.2673632452366319,0.3263675476336816,0.46240524482687984,0.7211636959639419,0.0
-0.005941405449702897,0.17721778324113902,0.4140544970292972,0.5443556648227823,0.4533906986273304,0.19032985044048356,0.09444785904527753,0.2673632452366319,0.3263675476336816,0.46240524482687984,0.6045892235197705,0.6105306289694734,0.0
0.17721778324113902,0.4140544970292972,0.5443556648227823,0.4533906986273304,0.19032985044048356,0.09444785904527753,0.2673632452366319,0.3263675476336816,0.46240524482687984,0.6045892235197705,0.489858635525507,0.510141364474493,2.0
0.4140544970292972,0.5443556648227823,0.4533906986273304,0.19032985044048356,0.09444785904527753,0.2673632452366319,0.3263675476336816,0.46240524482687984,0.6045892235197705,0.489858635525507,0.22925629993853724,0.510141364474493,2.0
0.5443556648227823,0.4533906986273304,0.19032985044048356,0.09444785904527753,0.2673632452366319,0.3263675476336816,0.46240524482687984,0.6045892235197705,0.489858635525507,0.22925629993853724,0.1440278631427987,0.510141364474493,2.0
0.4533906986273304,0.19032985044048356,0.09444785904527753,0.2673632452366319,0.3263675476336816,0.46240524482687984,0.6045892235197705,0.489858635525507,0.22925629993853724,0.1440278631427987,0.17762753534111853,0.510141364474493,2.0
0.19032985044048356,0.09444785904527753,0.2673632452366319,0.3263675476336816,0.46240524482687984,0.6045892235197705,0.489858635525507,0.22925629993853724,0.1440278631427987,0.17762753534111853,0.31284572833435775,0.510141364474493,0.0
0.09444785904527753,0.2673632452366319,0.3263675476336816,0.46240524482687984,0.6045892235197705,0.489858635525507,0.22925629993853724,0.1440278631427987,0.17762753534111853,0.31284572833435775,0.4251178037287442,0.510141364474493,0.0
0.2673632452366319,0.3263675476336816,0.46240524482687984,0.6045892235197705,0.489858635525507,0.22925629993853724,0.1440278631427987,0.17762753534111853,0.31284572833435775,0.4251178037287442,0.44355664822782215,0.4605613603769718,0.0
0.3263675476336816,0.46240524482687984,0.6045892235197705,0.489858635525507,0.22925629993853724,0.1440278631427987,0.17762753534111853,0.31284572833435775,0.4251178037287442,0.44355664822782215,0.33210407703339473,0.4605613603769718,2.0
0.46240524482687984,0.6045892235197705,0.489858635525507,0.22925629993853724,0.1440278631427987,0.17762753534111853,0.31284572833435775,0.4251178037287442,0.44355664822782215,0.33210407703339473,0.04650686334767462,0.5580823601720959,2.0
0.6045892235197705,0.489858635525507,0.22925629993853724,0.1440278631427987,0.17762753534111853,0.31284572833435775,0.4251178037287442,0.44355664822782215,0.33210407703339473,0.04650686334767462,-0.031755787748412256,0.6363450112681828,2.0
0.489858635525507,0.22925629993853724,0.1440278631427987,0.17762753534111853,0.31284572833435775,0.4251178037287442,0.44355664822782215,0.33210407703339473,0.04650686334767462,-0.031755787748412256,0.13132554804343366,0.5216144232739193,2.0
0.22925629993853724,0.1440278631427987,0.17762753534111853,0.31284572833435775,0.4251178037287442,0.44355664822782215,0.33210407703339473,0.04650686334767462,-0.031755787748412256,0.13132554804343366,0.1768080311411595,0.4753124359762344,0.0
0.1440278631427987,0.17762753534111853,0.31284572833435775,0.4251178037287442,0.44355664822782215,0.33210407703339473,0.04650686334767462,-0.031755787748412256,0.13132554804343366,0.1768080311411595,0.303421430034829,0.4753124359762344,0.0
0.17762753534111853,0.31284572833435775,0.4251178037287442,0.44355664822782215,0.33210407703339473,0.04650686334767462,-0.031755787748412256,0.13132554804343366,0.1768080311411595,0.303421430034829,0.4189715222290513,0.4753124359762344,0.0
0.31284572833435775,0.4251178037287442,0.44355664822782215,0.33210407703339473,0.04650686334767462,-0.031755787748412256,0.13132554804343366,0.1768080311411595,0.303421430034829,0.4189715222290513,0.291538619135423,0.4753124359762344,2.0
0.4251178037287442,0.44355664822782215,0.33210407703339473,0.04650686334767462,-0.031755787748412256,0.13132554804343366,0.1768080311411595,0.303421430034829,0.4189715222290513,0.291538619135423,0.005531653349723387,0.4753124359762344,2.0
0.44355664822782215,0.33210407703339473,0.04650686334767462,-0.031755787748412256,0.13132554804343366,0.1768080311411595,0.303421430034829,0.4189715222290513,0.291538619135423,0.005531653349723387,-0.10264290104486784,0.54619954927269,2.0
0.33210407703339473,0.04650686334767462,-0.031755787748412256,0.13132554804343366,0.1768080311411595,0.303421430034829,0.4189715222290513,0.291538619135423,0.005531653349723387,-0.10264290104486784,0.06002868264699868,0.5216144232739192,2.0
0.04650686334767462,-0.031755787748412256,0.13132554804343366,0.1768080311411595,0.303421430034829,0.4189715222290513,0.291538619135423,0.005531653349723387,-0.10264290104486784,0.06002868264699868,0.2481048965375947,0.5216144232739192,0.0
-0.031755787748412256,0.13132554804343366,0.1768080311411595,0.303421430034829,0.4189715222290513,0.291538619135423,0.005531653349723387,-0.10264290104486784,0.06002868264699868,0.2481048965375947,0.41938127432903083,0.5220241753738987,0.0
0.13132554804343366,0.1768080311411595,0.303421430034829,0.4189715222290513,0.291538619135423,0.005531653349723387,-0.10264290104486784,0.06002868264699868,0.2481048965375947,0.41938127432903083,0.5828723622208565,0.6855152632657243,0.0
0.1768080311411595,0.303421430034829,0.4189715222290513,0.291538619135423,0.005531653349723387,-0.10264290104486784,0.06002868264699868,0.2481048965375947,0.41938127432903083,0.5828723622208565,0.4656832616267159,0.6855152632657243,2.0
0.303421430034829,0.4189715222290513,0.291538619135423,0.005531653349723387,-0.10264290104486784,0.06002868264699868,0.2481048965375947,0.41938127432903083,0.5828723622208565,0.4656832616267159,0.1649252202417537,0.6855152632657243,2.0
0.4189715222290513,0.291538619135423,0.005531653349723387,-0.10264290104486784,0.06002868264699868,0.2481048965375947,0.41938127432903083,0.5828723622208565,0.4656832616267159,0.1649252202417537,0.15345216144232743,0.6855152632657243,2.0
0.291538619135423,0.005531653349723387,-0.10264290104486784,0.06002868264699868,0.2481048965375947,0.41938127432903083,0.5828723622208565,0.4656832616267159,0.1649252202417537,0.15345216144232743,0.30424093423478804,0.6855152632657243,2.0
0.005531653349723387,-0.10264290104486784,0.06002868264699868,0.2481048965375947,0.41938127432903083,0.5828723622208565,0.4656832616267159,0.1649252202417537,0.15345216144232743,0.30424093423478804,0.4345421020282729,0.6855152632657243,0.0
-0.10264290104486784,0.06002868264699868,0.2481048965375947,0.41938127432903083,0.5828723622208565,0.4656832616267159,0.1649252202417537,0.15345216144232743,0.30424093423478804,0.4345421020282729,0.5345216144232738,0.6855152632657243,0.0
0.06002868264699868,0.2481048965375947,0.41938127432903083,0.5828723622208565,0.4656832616267159,0.1649252202417537,0.15345216144232743,0.30424093423478804,0.4345421020282729,0.5345216144232738,0.5644335177217783,0.5228436795738578,0.0
0.2481048965375947,0.41938127432903083,0.5828723622208565,0.4656832616267159,0.1649252202417537,0.15345216144232743,0.30424093423478804,0.4345421020282729,0.5345216144232738,0.5644335177217783,0.374718295431264,0.42942020077852905,2.0
0.41938127432903083,0.5828723622208565,0.4656832616267159,0.1649252202417537,0.15345216144232743,0.30424093423478804,0.4345421020282729,0.5345216144232738,0.5644335177217783,0.374718295431264,0.10018438844499089,0.4826879737758656,2.0
0.5828723622208565,0.4656832616267159,0.1649252202417537,0.15345216144232743,0.30424093423478804,0.4345421020282729,0.5345216144232738,0.5644335177217783,0.374718295431264,0.10018438844499089,-0.0137266953493137,0.5965990575701702,2.0
0.4656832616267159,0.1649252202417537,0.15345216144232743,0.30424093423478804,0.4345421020282729,0.5345216144232738,0.5644335177217783,0.374718295431264,0.10018438844499089,-0.0137266953493137,0.001024380249948775,0.578160213071092,2.0
0.1649252202417537,0.15345216144232743,0.30424093423478804,0.4345421020282729,0.5345216144232738,0.5644335177217783,0.374718295431264,0.10018438844499089,-0.0137266953493137,0.001024380249948775,0.11616472034419179,0.578160213071092,0.0
0.15345216144232743,0.30424093423478804,0.4345421020282729,0.5345216144232738,0.5644335177217783,0.374718295431264,0.10018438844499089,-0.0137266953493137,0.001024380249948775,0.11616472034419179,0.20958819913952054,0.578160213071092,0.0
0.30424093423478804,0.4345421020282729,0.5345216144232738,0.5644335177217783,0.374718295431264,0.10018438844499089,-0.0137266953493137,0.001024380249948775,0.11616472034419179,0.20958819913952054,0.22638803523868067,0.578160213071092,0.0
0.4345421020282729,0.5345216144232738,0.5644335177217783,0.374718295431264,0.10018438844499089,-0.0137266953493137,0.001024380249948775,0.11616472034419179,0.20958819913952054,0.22638803523868067,0.12435976234378199,0.578160213071092,2.0
0.5345216144232738,0.5644335177217783,0.374718295431264,0.10018438844499089,-0.0137266953493137,0.001024380249948775,0.11616472034419179,0.20958819913952054,0.22638803523868067,0.12435976234378199,-0.1645154681417742,0.7289489858635525,2.0
0.5644335177217783,0.374718295431264,0.10018438844499089,-0.0137266953493137,0.001024380249948775,0.11616472034419179,0.20958819913952054,0.22638803523868067,0.12435976234378199,-0.1645154681417742,-0.2960458922351977,0.860479409956976,2.0
0.374718295431264,0.10018438844499089,-0.0137266953493137,0.001024380249948775,0.11616472034419179,0.20958819913952054,0.22638803523868067,0.12435976234378199,-0.1645154681417742,-0.2960458922351977,-0.2632657242368367,0.6707641876664617,2.0
0.10018438844499089,-0.0137266953493137,0.001024380249948775,0.11616472034419179,0.20958819913952054,0.22638803523868067,0.12435976234378199,-0.1645154681417742,-0.2960458922351977,-0.2632657242368367,-0.04199959024790001,0.5224339274738784,0.0
-0.0137266953493137,0.001024380249948775,0.11616472034419179,0.20958819913952054,0.22638803523868067,0.12435976234378199,-0.1645154681417742,-0.2960458922351977,-0.2632657242368367,-0.04199959024790001,0.14894488834255282,0.5224339274738784,0.0
0.001024380249948775,0.11616472034419179,0.20958819913952054,0.22638803523868067,0.12435976234378199,-0.1645154681417742,-0.2960458922351977,-0.2632657242368367,-0.04199959024790001,0.14894488834255282,0.16574472444171273,0.5224339274738784,0.0
0.11616472034419179,0.20958819913952054,0.22638803523868067,0.12435976234378199,-0.1645154681417742,-0.2960458922351977,-0.2632657242368367,-0.04199959024790001,0.14894488834255282,0.16574472444171273,0.058389674247080414,0.5224339274738784,2.0
0.20958819913952054,0.22638803523868067,0.12435976234378199,-0.1645154681417742,-0.2960458922351977,-0.2632657242368367,-0.04199959024790001,0.14894488834255282,0.16574472444171273,0.058389674247080414,-0.11821348084408934,0.5224339274738784,2.0
0.22638803523868067,0.12435976234378199,-0.1645154681417742,-0.2960458922351977,-0.2632657242368367,-0.04199959024790001,0.14894488834255282,0.16574472444171273,0.058389674247080414,-0.11821348084408934,-0.2358123335382094,0.5224339274738784,2.0
0.12435976234378199,-0.1645154681417742,-0.2960458922351977,-0.2632657242368367,-0.04199959024790001,0.14894488834255282,0.16574472444171273,0.058389674247080414,-0.11821348084408934,-0.2358123335382094,-0.08256504814587173,0.46179061667691046,2.0
-0.1645154681417742,-0.2960458922351977,-0.2632657242368367,-0.04199959024790001,0.14894488834255282,0.16574472444171273,0.058389674247080414,-0.11821348084408934,-0.2358123335382094,-0.08256504814587173,0.10551116574472452,0.46179061667691046,0.0
-0.2960458922351977,-0.2632657242368367,-0.04199959024790001,0.14894488834255282,0.16574472444171273,0.058389674247080414,-0.11821348084408934,-0.2358123335382094,-0.08256504814587173,0.10551116574472452,0.2829338250358533,0.578979717271051,0.0
-0.2632657242368367,-0.04199959024790001,0.14894488834255282,0.16574472444171273,0.058389674247080414,-0.11821348084408934,-0.2358123335382094,-0.08256504814587173,0.10551116574472452,0.2829338250358533,0.47879532882606024,0.7420610530628969,0.0
-0.04199959024790001,0.14894488834255282,0.16574472444171273,0.058389674247080414,-0.11821348084408934,-0.2358123335382094,-0.08256504814587173,0.10551116574472452,0.2829338250358533,0.47879532882606024,0.3570254724732951,0.7146076623642696,2.0
0.14894488834255282,0.16574472444171273,0.058389674247080414,-0.11821348084408934,-0.2358123335382094,-0.08256504814587173,0.10551116574472452,0.2829338250358533,0.47879532882606024,0.3570254724732951,0.26998939554612944,0.7146076623642696,2.0
0.16574472444171273,0.058389674247080414,-0.11821348084408934,-0.2358123335382094,-0.08256504814587173,0.10551116574472452,0.2829338250358533,0.47879532882606024,0.3570254724732951,0.26998939554612944,0.03372216330858957,0.7146076623642696,2.0
0.058389674247080414,-0.11821348084408934,-0.2358123335382094,-0.08256504814587173,0.10551116574472452,0.2829338250358533,0.47879532882606024,0.3570254724732951,0.26998939554612944,0.03372216330858957,-0.041854475209272324,0.7146076623642696,2.0
-0.11821348084408934,-0.2358123335382094,-0.08256504814587173,0.10551116574472452,0.2829338250358533,0.47879532882606024,0.3570254724732951,0.26998939554612944,0.03372216330858957,-0.041854475209272324,0.2566137566137565,0.7146076623642696,0.0
-0.2358123335382094,-0.08256504814587173,0.10551116574472452,0.2829338250358533,0.47879532882606024,0.3570254724732951,0.26998939554612944,0.03372216330858957,-0.041854475209272324,0.2566137566137565,0.5511463844797178,0.7869587180179272,0.0
-0.08256504814587173,0.10551116574472452,0.2829338250358533,0.47879532882606024,0.3570254724732951,0.26998939554612944,0.03372216330858957,-0.041854475209272324,0.2566137566137565,0.5511463844797178,0.5551146384479717,0.6376796865938434,0.0
0.10551116574472452,0.2829338250358533,0.47879532882606024,0.3570254724732951,0.26998939554612944,0.03372216330858957,-0.041854475209272324,0.2566137566137565,0.5511463844797178,0.5551146384479717,0.5202067669172932,0.596969113657244,0.0
0.2829338250358533,0.47879532882606024,0.3570254724732951,0.26998939554612944,0.03372216330858957,-0.041854475209272324,0.2566137566137565,0.5511463844797178,0.5551146384479717,0.5202067669172932,0.3544433094994892,0.596969113657244,2.0
0.47879532882606024,0.3570254724732951,0.26998939554612944,0.03372216330858957,-0.041854475209272324,0.2566137566137565,0.5511463844797178,0.5551146384479717,0.5202067669172932,0.3544433094994892,0.14300306435137888,0.596969113657244,2.0
0.3570254724732951,0.26998939554612944,0.03372216330858957,-0.041854475209272324,0.2566137566137565,0.5511463844797178,0.5551146384479717,0.5202067669172932,0.3544433094994892,0.14300306435137888,-0.038815117466802884,0.596969113657244,2.0
0.26998939554612944,0.03372216330858957,-0.041854475209272324,0.2566137566137565,0.5511463844797178,0.5551146384479717,0.5202067669172932,0.3544433094994892,0.14300306435137888,-0.038815117466802884,0.10214504596527063,0.596969113657244,0.0
0.03372216330858957,-0.041854475209272324,0.2566137566137565,0.5511463844797178,0.5551146384479717,0.5202067669172932,0.3544433094994892,0.14300306435137888,-0.038815117466802884,0.10214504596527063,0.32737487231869244,0.596969113657244,0.0
-0.041854475209272324,0.2566137566137565,0.5511463844797178,0.5551146384479717,0.5202067669172932,0.3544433094994892,0.14300306435137888,-0.038815117466802884,0.10214504596527063,0.32737487231869244,0.501532175689479,0.596969113657244,0.0
0.2566137566137565,0.5511463844797178,0.5551146384479717,0.5202067669172932,0.3544433094994892,0.14300306435137888,-0.038815117466802884,0.10214504596527063,0.32737487231869244,0.501532175689479,0.6905005107252298,0.7293156281920327,0.0
0.5511463844797178,0.5551146384479717,0.5202067669172932,0.3544433094994892,0.14300306435137888,-0.038815117466802884,0.10214504596527063,0.32737487231869244,0.501532175689479,0.6905005107252298,0.5924412665985699,0.7293156281920327,2.0
0.5551146384479717,0.5202067669172932,0.3544433094994892,0.14300306435137888,-0.038815117466802884,0.10214504596527063,0.32737487231869244,0.501532175689479,0.6905005107252298,0.5924412665985699,0.26864147088866197,0.7293156281920327,2.0
0.5202067669172932,0.3544433094994892,0.14300306435137888,-0.038815117466802884,0.10214504596527063,0.32737487231869244,0.501532175689479,0.6905005107252298,0.5924412665985699,0.26864147088866197,-0.020429009193054126,0.7293156281920327,2.0
0.3544433094994892,0.14300306435137888,-0.038815117466802884,0.10214504596527063,0.32737487231869244,0.501532175689479,0.6905005107252298,0.5924412665985699,0.26864147088866197,-0.020429009193054126,-0.00102145045965274,0.7293156281920327,2.0
0.14300306435137888,-0.038815117466802884,0.10214504596527063,0.32737487231869244,0.501532175689479,0.6905005107252298,0.5924412665985699,0.26864147088866197,-0.020429009193054126,-0.00102145045965274,0.27374872318692534,0.7293156281920327,0.0
-0.038815117466802884,0.10214504596527063,0.32737487231869244,0.501532175689479,0.6905005107252298,0.5924412665985699,0.26864147088866197,-0.020429009193054126,-0.00102145045965274,0.27374872318692534,0.3820224719101124,0.7293156281920327,0.0
0.10214504596527063,0.32737487231869244,0.501532175689479,0.6905005107252298,0.5924412665985699,0.26864147088866197,-0.020429009193054126,-0.00102145045965274,0.27374872318692534,0.3820224719101124,0.36670071501532187,0.7109295199182839,0.0
0.32737487231869244,0.501532175689479,0.6905005107252298,0.5924412665985699,0.26864147088866197,-0.020429009193054126,-0.00102145045965274,0.27374872318692534,0.3820224719101124,0.36670071501532187,0.3263534218590398,0.7109295199182839,2.0
0.501532175689479,0.6905005107252298,0.5924412665985699,0.26864147088866197,-0.020429009193054126,-0.00102145045965274,0.27374872318692534,0.3820224719101124,0.36670071501532187,0.3263534218590398,0.052093973442288055,0.7109295199182839,2.0
0.6905005107252298,0.5924412665985699,0.26864147088866197,-0.020429009193054126,-0.00102145045965274,0.27374872318692534,0.3820224719101124,0.36670071501532187,0.3263534218590398,0.052093973442288055,-0.08631256384065378,0.7768130745658836,2.0
0.5924412665985699,0.26864147088866197,-0.020429009193054126,-0.00102145045965274,0.27374872318692534,0.3820224719101124,0.36670071501532187,0.3263534218590398,0.052093973442288055,-0.08631256384065378,-0.07609805924412671,0.6787538304392237,2.0
0.26864147088866197,-0.020429009193054126,-0.00102145045965274,0.27374872318692534,0.3820224719101124,0.36670071501532187,0.3263534218590398,0.052093973442288055,-0.08631256384065378,-0.07609805924412671,-0.1491317671092952,0.5311542390194076,0.0
-0.020429009193054126,-0.00102145045965274,0.27374872318692534,0.3820224719101124,0.36670071501532187,0.3263534218590398,0.052093973442288055,-0.08631256384065378,-0.07609805924412671,-0.1491317671092952,-0.02757916241062308,0.5311542390194076,0.0
-0.00102145045965274,0.27374872318692534,0.3820224719101124,0.36670071501532187,0.3263534218590398,0.052093973442288055,-0.08631256384065378,-0.07609805924412671,-0.1491317671092952,-0.02757916241062308,0.15526046986721154,0.5311542390194076,0.0
0.27374872318692534,0.3820224719101124,0.36670071501532187,0.3263534218590398,0.052093973442288055,-0.08631256384065378,-0.07609805924412671,-0.1491317671092952,-0.02757916241062308,0.15526046986721154,0.10878447395301327,0.5311542390194076,0.0
0.3820224719101124,0.36670071501532187,0.3263534218590398,0.052093973442288055,-0.08631256384065378,-0.07609805924412671,-0.1491317671092952,-0.02757916241062308,0.15526046986721154,0.10878447395301327,0.07609805924412671,0.5311542390194076,0.0
0.36670071501532187,0.3263534218590398,0.052093973442288055,-0.08631256384065378,-0.07609805924412671,-0.1491317671092952,-0.02757916241062308,0.15526046986721154,0.10878447395301327,0.07609805924412671,-0.1348314606741573,0.5158324821246171,2.0
0.3263534218590398,0.052093973442288055,-0.08631256384065378,-0.07609805924412671,-0.1491317671092952,-0.02757916241062308,0.15526046986721154,0.10878447395301327,0.07609805924412671,-0.1348314606741573,-0.07048008171603681,0.475485188968335,2.0
0.052093973442288055,-0.08631256384065378,-0.07609805924412671,-0.1491317671092952,-0.02757916241062308,0.15526046986721154,0.10878447395301327,0.07609805924412671,-0.1348314606741573,-0.07048008171603681,0.07201225740551576,0.30439223697650675,0.0
-0.08631256384065378,-0.07609805924412671,-0.1491317671092952,-0.02757916241062308,0.15526046986721154,0.10878447395301327,0.07609805924412671,-0.1348314606741573,-0.07048008171603681,0.07201225740551576,0.31358529111338096,0.46271705822267617,0.0
-0.07609805924412671,-0.1491317671092952,-0.02757916241062308,0.15526046986721154,0.10878447395301327,0.07609805924412671,-0.1348314606741573,-0.07048008171603681,0.07201225740551576,0.31358529111338096,0.39427987742594484,0.54341164453524,0.0
-0.1491317671092952,-0.02757916241062308,0.15526046986721154,0.10878447395301327,0.07609805924412671,-0.1348314606741573,-0.07048008171603681,0.07201225740551576,0.31358529111338096,0.39427987742594484,0.48825331971399377,0.637385086823289,2.0
-0.02757916241062308,0.15526046986721154,0.10878447395301327,0.07609805924412671,-0.1348314606741573,-0.07048008171603681,0.07201225740551576,0.31358529111338096,0.39427987742594484,0.48825331971399377,0.31920326864147097,0.6230847803881511,2.0
0.15526046986721154,0.10878447395301327,0.07609805924412671,-0.1348314606741573,-0.07048008171603681,0.07201225740551576,0.31358529111338096,0.39427987742594484,0.48825331971399377,0.31920326864147097,0.16394279877425944,0.6230847803881511,2.0
0.10878447395301327,0.07609805924412671,-0.1348314606741573,-0.07048008171603681,0.07201225740551576,0.31358529111338096,0.39427987742594484,0.48825331971399377,0.31920326864147097,0.16394279877425944,0.22369765066394276,0.6230847803881511,2.0
0.07609805924412671,-0.1348314606741573,-0.07048008171603681,0.07201225740551576,0.31358529111338096,0.39427987742594484,0.48825331971399377,0.31920326864147097,0.16394279877425944,0.22369765066394276,0.2519542994588093,0.6230847803881511,2.0
-0.1348314606741573,-0.07048008171603681,0.07201225740551576,0.31358529111338096,0.39427987742594484,0.48825331971399377,0.31920326864147097,0.16394279877425944,0.22369765066394276,0.2519542994588093,0.41054379410543795,0.6230847803881511,0.0
-0.07048008171603681,0.07201225740551576,0.31358529111338096,0.39427987742594484,0.48825331971399377,0.31920326864147097,0.16394279877425944,0.22369765066394276,0.2519542994588093,0.41054379410543795,0.8044444444444445,0.8749245261604813,0.0
0.07201225740551576,0.31358529111338096,0.39427987742594484,0.48825331971399377,0.31920326864147097,0.16394279877425944,0.22369765066394276,0.2519542994588093,0.41054379410543795,0.8044444444444445,1.0,0.9279877425944842,2.0
0.31358529111338096,0.39427987742594484,0.48825331971399377,0.31920326864147097,0.16394279877425944,0.22369765066394276,0.2519542994588093,0.41054379410543795,0.8044444444444445,1.0,0.724770642201835,0.8360572012257406,2.0
0.39427987742594484,0.48825331971399377,0.31920326864147097,0.16394279877425944,0.22369765066394276,0.2519542994588093,0.41054379410543795,0.8044444444444445,1.0,0.724770642201835,0.4250764525993884,0.8360572012257406,2.0
0.48825331971399377,0.31920326864147097,0.16394279877425944,0.22369765066394276,0.2519542994588093,0.41054379410543795,0.8044444444444445,1.0,0.724770642201835,0.4250764525993884,-0.10528615115771078,1.1052861511577108,2.0
0.31920326864147097,0.16394279877425944,0.22369765066394276,0.2519542994588093,0.41054379410543795,0.8044444444444445,1.0,0.724770642201835,0.4250764525993884,-0.10528615115771078,-0.10353866317169069,1.1052861511577108,2.0
0.16394279877425944,0.22369765066394276,0.2519542994588093,0.41054379410543795,0.8044444444444445,1.0,0.724770642201835,0.4250764525993884,-0.10528615115771078,-0.10353866317169069,-0.020532983835736096,1.1052861511577108,0.0
0.22369765066394276,0.2519542994588093,0.41054379410543795,0.8044444444444445,1.0,0.724770642201835,0.4250764525993884,-0.10528615115771078,-0.10353866317169069,-0.020532983835736096,0.5605067715159457,1.1052861511577108,0.0
0.2519542994588093,0.41054379410543795,0.8044444444444445,1.0,0.724770642201835,0.4250764525993884,-0.10528615115771078,-0.10353866317169069,-0.020532983835736096,0.5605067715159457,0.8051550895587594,1.1052861511577108,0.0
0.41054379410543795,0.8044444444444445,1.0,0.724770642201835,0.4250764525993884,-0.10528615115771078,-0.10353866317169069,-0.020532983835736096,0.5605067715159457,0.8051550895587594,0.764089121887287,1.1052861511577108,0.0
0.8044444444444445,1.0,0.724770642201835,0.4250764525993884,-0.10528615115771078,-0.10353866317169069,-0.020532983835736096,0.5605067715159457,0.8051550895587594,0.764089121887287,0.21100917431192667,1.1052861511577108,2.0
1.0,0.724770642201835,0.4250764525993884,-0.10528615115771078,-0.10353866317169069,-0.020532983835736096,0.5605067715159457,0.8051550895587594,0.764089121887287,0.21100917431192667,-0.17169069462647446,1.1716906946264745,2.0
0.724770642201835,0.4250764525993884,-0.10528615115771078,-0.10353866317169069,-0.020532983835736096,0.5605067715159457,0.8051550895587594,0.764089121887287,0.21100917431192667,-0.17169069462647446,-0.5028396679772826,1.307994757536042,2.0
0.4250764525993884,-0.10528615115771078,-0.10353866317169069,-0.020532983835736096,0.5605067715159457,0.8051550895587594,0.764089121887287,0.21100917431192667,-0.17169069462647446,-0.5028396679772826,-0.46177370030581044,1.307994757536042,0.0
-0.10528615115771078,-0.10353866317169069,-0.020532983835736096,0.5605067715159457,0.8051550895587594,0.764089121887287,0.21100917431192667,-0.17169069462647446,-0.5028396679772826,-0.46177370030581044,-0.0615989515072084,1.307994757536042,0.0
-0.10353866317169069,-0.020532983835736096,0.5605067715159457,0.8051550895587594,0.764089121887287,0.21100917431192667,-0.17169069462647446,-0.5028396679772826,-0.46177370030581044,-0.0615989515072084,0.4897335080821319,1.307994757536042,0.0
-0.020532983835736096,0.5605067715159457,0.8051550895587594,0.764089121887287,0.21100917431192667,-0.17169069462647446,-0.5028396679772826,-0.46177370030581044,-0.0615989515072084,0.4897335080821319,0.8287461773700306,1.3315858453473133,0.0
0.5605067715159457,0.8051550895587594,0.764089121887287,0.21100917431192667,-0.17169069462647446,-0.5028396679772826,-0.46177370030581044,-0.0615989515072084,0.4897335080821319,0.8287461773700306,0.8663171690694627,1.3691568370467453,2.0
0.8051550895587594,0.764089121887287,0.21100917431192667,-0.17169069462647446,-0.5028396679772826,-0.46177370030581044,-0.0615989515072084,0.4897335080821319,0.8287461773700306,0.8663171690694627,0.7605941459152468,1.3691568370467453,2.0
0.764089121887287,0.21100917431192667,-0.17169069462647446,-0.5028396679772826,-0.46177370030581044,-0.0615989515072084,0.4897335080821319,0.8287461773700306,0.8663171690694627,0.7605941459152468,0.39536915683704676,1.3691568370467453,2.0
0.21100917431192667,-0.17169069462647446,-0.5028396679772826,-0.46177370030581044,-0.0615989515072084,0.4897335080821319,0.8287461773700306,0.8663171690694627,0.7605941459152468,0.39536915683704676,0.8060288335517694,1.3691568370467453,2.0
-0.17169069462647446,-0.5028396679772826,-0.46177370030581044,-0.0615989515072084,0.4897335080821319,0.8287461773700306,0.8663171690694627,0.7605941459152468,0.39536915683704676,0.8060288335517694,0.9021406727828747,1.4049803407601573,2.0
-0.5028396679772826,-0.46177370030581044,-0.0615989515072084,0.4897335080821319,0.8287461773700306,0.8663171690694627,0.7605941459152468,0.39536915683704676,0.8060288335517694,0.9021406727828747,1.0,1.5028396679772826,0.0
-0.46177370030581044,-0.0615989515072084,0.4897335080821319,0.8287461773700306,0.8663171690694627,0.7605941459152468,0.39536915683704676,0.8060288335517694,0.9021406727828747,1.0,1.0,1.4617737003058104,0.0
-0.0615989515072084,0.4897335080821319,0.8287461773700306,0.8663171690694627,0.7605941459152468,0.39536915683704676,0.8060288335517694,0.9021406727828747,1.0,1.0,1.0,1.0615989515072084,2.0
0.4897335080821319,0.8287461773700306,0.8663171690694627,0.7605941459152468,0.39536915683704676,0.8060288335517694,0.9021406727828747,1.0,1.0,1.0,0.9033942558746737,0.6046308431629532,2.0
0.8287461773700306,0.8663171690694627,0.7605941459152468,0.39536915683704676,0.8060288335517694,0.9021406727828747,1.0,1.0,1.0,0.9033942558746737,0.731070496083551,0.6046308431629532,2.0
0.8663171690694627,0.7605941459152468,0.39536915683704676,0.8060288335517694,0.9021406727828747,1.0,1.0,1.0,0.9033942558746737,0.731070496083551,0.8035248041775458,0.6046308431629532,2.0
0.7605941459152468,0.39536915683704676,0.8060288335517694,0.9021406727828747,1.0,1.0,1.0,0.9033942558746737,0.731070496083551,0.8035248041775458,0.885117493472585,0.6046308431629532,0.0
0.39536915683704676,0.8060288335517694,0.9021406727828747,1.0,1.0,1.0,0.9033942558746737,0.731070496083551,0.8035248041775458,0.885117493472585,0.9432114882506528,0.6046308431629532,0.0
0.8060288335517694,0.9021406727828747,1.0,1.0,1.0,0.9033942558746737,0.731070496083551,0.8035248041775458,0.885117493472585,0.9432114882506528,0.883159268929504,0.268929503916449,0.0
0.9021406727828747,1.0,1.0,1.0,0.9033942558746737,0.731070496083551,0.8035248041775458,0.885117493472585,0.9432114882506528,0.883159268929504,0.9738903394255876,0.268929503916449,2.0
1.0,1.0,1.0,0.9033942558746737,0.731070496083551,0.8035248041775458,0.885117493472585,0.9432114882506528,0.883159268929504,0.9738903394255876,0.7460835509138382,0.268929503916449,2.0
1.0,1.0,0.9033942558746737,0.731070496083551,0.8035248041775458,0.885117493472585,0.9432114882506528,0.883159268929504,0.9738903394255876,0.7460835509138382,0.5939947780678851,0.40600522193211486,2.0
1.0,0.9033942558746737,0.731070496083551,0.8035248041775458,0.885117493472585,0.9432114882506528,0.883159268929504,0.9738903394255876,0.7460835509138382,0.5939947780678851,0.49151436031331586,0.5084856396866841,2.0
0.9033942558746737,0.731070496083551,0.8035248041775458,0.885117493472585,0.9432114882506528,0.883159268929504,0.9738903394255876,0.7460835509138382,0.5939947780678851,0.49151436031331586,0.706266318537859,0.4823759791122717,2.0
0.731070496083551,0.8035248041775458,0.885117493472585,0.9432114882506528,0.883159268929504,0.9738903394255876,0.7460835509138382,0.5939947780678851,0.49151436031331586,0.706266318537859,0.9099216710182767,0.4823759791122717,0.0
0.8035248041775458,0.885117493472585,0.9432114882506528,0.883159268929504,0.9738903394255876,0.7460835509138382,0.5939947780678851,0.49151436031331586,0.706266318537859,0.9099216710182767,0.8459530026109661,0.4823759791122717,0.0
0.885117493472585,0.9432114882506528,0.883159268929504,0.9738903394255876,0.7460835509138382,0.5939947780678851,0.49151436031331586,0.706266318537859,0.9099216710182767,0.8459530026109661,0.9314621409921671,0.4823759791122717,0.0
0.9432114882506528,0.883159268929504,0.9738903394255876,0.7460835509138382,0.5939947780678851,0.49151436031331586,0.706266318537859,0.9099216710182767,0.8459530026109661,0.9314621409921671,0.5006527415143602,0.4823759791122717,2.0
0.883159268929504,0.9738903394255876,0.7460835509138382,0.5939947780678851,0.49151436031331586,0.706266318537859,0.9099216710182767,0.8459530026109661,0.9314621409921671,0.5006527415143602,0.366840731070496,0.6070496083550916,2.0
0.9738903394255876,0.7460835509138382,0.5939947780678851,0.49151436031331586,0.706266318537859,0.9099216710182767,0.8459530026109661,0.9314621409921671,0.5006527415143602,0.366840731070496,0.45822454308093996,0.6070496083550916,2.0
0.7460835509138382,0.5939947780678851,0.49151436031331586,0.706266318537859,0.9099216710182767,0.8459530026109661,0.9314621409921671,0.5006527415143602,0.366840731070496,0.45822454308093996,0.5868146214099217,0.5646214099216711,2.0
0.5939947780678851,0.49151436031331586,0.706266318537859,0.9099216710182767,0.8459530026109661,0.9314621409921671,0.5006527415143602,0.366840731070496,0.45822454308093996,0.5868146214099217,0.7265013054830287,0.5646214099216711,0.0
0.49151436031331586,0.706266318537859,0.9099216710182767,0.8459530026109661,0.9314621409921671,0.5006527415143602,0.366840731070496,0.45822454308093996,0.5868146214099217,0.7265013054830287,0.7754569190600522,0.5646214099216711,0.0
0.706266318537859,0.9099216710182767,0.8459530026109661,0.9314621409921671,0.5006527415143602,0.366840731070496,0.45822454308093996,0.5868146214099217,0.7265013054830287,0.7754569190600522,0.6514360313315928,0.5646214099216711,2.0
0.9099216710182767,0.8459530026109661,0.9314621409921671,0.5006527415143602,0.366840731070496,0.45822454308093996,0.5868146214099217,0.7265013054830287,0.7754569190600522,0.6514360313315928,0.34725848563968675,0.5842036553524803,2.0
0.8459530026109661,0.9314621409921671,0.5006527415143602,0.366840731070496,0.45822454308093996,0.5868146214099217,0.7265013054830287,0.7754569190600522,0.6514360313315928,0.34725848563968675,0.022193211488250597,0.9092689295039165,2.0
0.9314621409921671,0.5006527415143602,0.366840731070496,0.45822454308093996,0.5868146214099217,0.7265013054830287,0.7754569190600522,0.6514360313315928,0.34725848563968675,0.022193211488250597,-0.24020887728459528,1.1716710182767622,2.0
0.5006527415143602,0.366840731070496,0.45822454308093996,0.5868146214099217,0.7265013054830287,0.7754569190600522,0.6514360313315928,0.34725848563968675,0.022193211488250597,-0.24020887728459528,-0.10704960835509136,1.0156657963446474,0.0
0.366840731070496,0.45822454308093996,0.5868146214099217,0.7265013054830287,0.7754569190600522,0.6514360313315928,0.34725848563968675,0.022193211488250597,-0.24020887728459528,-0.10704960835509136,0.06462140992167109,1.0156657963446474,0.0
0.45822454308093996,0.5868146214099217,0.7265013054830287,0.7754569190600522,0.6514360313315928,0.34725848563968675,0.022193211488250597,-0.24020887728459528,-0.10704960835509136,0.06462140992167109,0.19451697127937329,1.0156657963446474,0.0
0.5868146214099217,0.7265013054830287,0.7754569190600522,0.6514360313315928,0.34725848563968675,0.022193211488250597,-0.24020887728459528,-0.10704960835509136,0.06462140992167109,0.19451697127937329,0.21409921671018273,1.0156657963446474,0.0
0.7265013054830287,0.7754569190600522,0.6514360313315928,0.34725848563968675,0.022193211488250597,-0.24020887728459528,-0.10704960835509136,0.06462140992167109,0.19451697127937329,0.21409921671018273,0.04373368146214096,1.0156657963446474,2.0
0.7754569190600522,0.6514360313315928,0.34725848563968675,0.022193211488250597,-0.24020887728459528,-0.10704960835509136,0.06462140992167109,0.19451697127937329,0.21409921671018273,0.04373368146214096,-0.02284595300261094,1.0156657963446474,2.0
0.6514360313315928,0.34725848563968675,0.022193211488250597,-0.24020887728459528,-0.10704960835509136,0.06462140992167109,0.19451697127937329,0.21409921671018273,0.04373368146214096,-0.02284595300261094,-0.26501305483028725,0.91644908616188,2.0
0.34725848563968675,0.022193211488250597,-0.24020887728459528,-0.10704960835509136,0.06462140992167109,0.19451697127937329,0.21409921671018273,0.04373368146214096,-0.02284595300261094,-0.26501305483028725,-0.08681462140992169,0.612271540469974,2.0
0.022193211488250597,-0.24020887728459528,-0.10704960835509136,0.06462140992167109,0.19451697127937329,0.21409921671018273,0.04373368146214096,-0.02284595300261094,-0.26501305483028725,-0.08681462140992169,0.2245430809399478,0.48955613577023505,0.0
-0.24020887728459528,-0.10704960835509136,0.06462140992167109,0.19451697127937329,0.21409921671018273,0.04373368146214096,-0.02284595300261094,-0.26501305483028725,-0.08681462140992169,0.2245430809399478,0.6553524804177546,0.9203655352480419,0.0
-0.10704960835509136,0.06462140992167109,0.19451697127937329,0.21409921671018273,0.04373368146214096,-0.02284595300261094,-0.26501305483028725,-0.08681462140992169,0.2245430809399478,0.6553524804177546,0.7565274151436032,1.0215404699738904,0.0
0.06462140992167109,0.19451697127937329,0.21409921671018273,0.04373368146214096,-0.02284595300261094,-0.26501305483028725,-0.08681462140992169,0.2245430809399478,0.6553524804177546,0.7565274151436032,0.79177545691906,1.0567885117493474,2.0
0.19451697127937329,0.21409921671018273,0.04373368146214096,-0.02284595300261094,-0.26501305483028725,-0.08681462140992169,0.2245430809399478,0.6553524804177546,0.7565274151436032,0.79177545691906,0.7219321148825066,1.0567885117493474,2.0
0.21409921671018273,0.04373368146214096,-0.02284595300261094,-0.26501305483028725,-0.08681462140992169,0.2245430809399478,0.6553524804177546,0.7565274151436032,0.79177545691906,0.7219321148825066,0.4654046997389034,1.0567885117493474,2.0
0.04373368146214096,-0.02284595300261094,-0.26501305483028725,-0.08681462140992169,0.2245430809399478,0.6553524804177546,0.7565274151436032,0.79177545691906,0.7219321148825066,0.4654046997389034,0.7663185378590078,1.0567885117493474,2.0
-0.02284595300261094,-0.26501305483028725,-0.08681462140992169,0.2245430809399478,0.6553524804177546,0.7565274151436032,0.79177545691906,0.7219321148825066,0.4654046997389034,0.7663185378590078,1.0,1.2650130548302871,2.0
-0.26501305483028725,-0.08681462140992169,0.2245430809399478,0.6553524804177546,0.7565274151436032,0.79177545691906,0.7219321148825066,0.4654046997389034,0.7663185378590078,1.0,1.0,1.2650130548302871,0.0
-0.08681462140992169,0.2245430809399478,0.6553524804177546,0.7565274151436032,0.79177545691906,0.7219321148825066,0.4654046997389034,0.7663185378590078,1.0,1.0,0.9498943555689707,1.0868146214099217,0.0
0.2245430809399478,0.6553524804177546,0.7565274151436032,0.79177545691906,0.7219321148825066,0.4654046997389034,0.7663185378590078,1.0,1.0,0.9498943555689707,1.0,0.7754569190600522,2.0
0.6553524804177546,0.7565274151436032,0.79177545691906,0.7219321148825066,0.4654046997389034,0.7663185378590078,1.0,1.0,0.9498943555689707,1.0,0.793452380952381,0.5345953002610966,2.0
0.7565274151436032,0.79177545691906,0.7219321148825066,0.4654046997389034,0.7663185378590078,1.0,1.0,0.9498943555689707,1.0,0.793452380952381,0.8404761904761904,0.5345953002610966,2.0
0.79177545691906,0.7219321148825066,0.4654046997389034,0.7663185378590078,1.0,1.0,0.9498943555689707,1.0,0.793452380952381,0.8404761904761904,0.7797619047619047,0.5345953002610966,0.0
0.7219321148825066,0.4654046997389034,0.7663185378590078,1.0,1.0,0.9498943555689707,1.0,0.793452380952381,0.8404761904761904,0.7797619047619047,1.0,0.5345953002610966,0.0
0.4654046997389034,0.7663185378590078,1.0,1.0,0.9498943555689707,1.0,0.793452380952381,0.8404761904761904,0.7797619047619047,1.0,1.0,0.5345953002610966,0.0
0.7663185378590078,1.0,1.0,0.9498943555689707,1.0,0.793452380952381,0.8404761904761904,0.7797619047619047,1.0,1.0,0.940320962888666,0.23368146214099217,2.0
1.0,1.0,0.9498943555689707,1.0,0.793452380952381,0.8404761904761904,0.7797619047619047,1.0,1.0,0.940320962888666,0.9949849548645937,0.22023809523809534,2.0
1.0,0.9498943555689707,1.0,0.793452380952381,0.8404761904761904,0.7797619047619047,1.0,1.0,0.940320962888666,0.9949849548645937,0.8355065195586759,0.22023809523809534,2.0
0.9498943555689707,1.0,0.793452380952381,0.8404761904761904,0.7797619047619047,1.0,1.0,0.940320962888666,0.9949849548645937,0.8355065195586759,0.7091273821464392,0.2908726178535608,2.0
1.0,0.793452380952381,0.8404761904761904,0.7797619047619047,1.0,1.0,0.940320962888666,0.9949849548645937,0.8355065195586759,0.7091273821464392,0.7377131394182548,0.2908726178535608,0.0
0.793452380952381,0.8404761904761904,0.7797619047619047,1.0,1.0,0.940320962888666,0.9949849548645937,0.8355065195586759,0.7091273821464392,0.7377131394182548,1.0,0.2908726178535608,0.0
0.8404761904761904,0.7797619047619047,1.0,1.0,0.940320962888666,0.9949849548645937,0.8355065195586759,0.7091273821464392,0.7377131394182548,1.0,1.0,0.2908726178535608,0.0
0.7797619047619047,1.0,1.0,0.940320962888666,0.9949849548645937,0.8355065195586759,0.7091273821464392,0.7377131394182548,1.0,1.0,0.931350114416476,0.2908726178535608,0.0
1.0,1.0,0.940320962888666,0.9949849548645937,0.8355065195586759,0.7091273821464392,0.7377131394182548,1.0,1.0,0.931350114416476,0.8146453089244852,0.2908726178535608,2.0
1.0,0.940320962888666,0.9949849548645937,0.8355065195586759,0.7091273821464392,0.7377131394182548,1.0,1.0,0.931350114416476,0.8146453089244852,0.7318077803203662,0.2908726178535608,2.0
0.940320962888666,0.9949849548645937,0.8355065195586759,0.7091273821464392,0.7377131394182548,1.0,1.0,0.931350114416476,0.8146453089244852,0.7318077803203662,0.6018306636155606,0.3981693363844394,2.0
0.9949849548645937,0.8355065195586759,0.7091273821464392,0.7377131394182548,1.0,1.0,0.931350114416476,0.8146453089244852,0.7318077803203662,0.6018306636155606,0.5299771167048055,0.4700228832951945,0.0
0.8355065195586759,0.7091273821464392,0.7377131394182548,1.0,1.0,0.931350114416476,0.8146453089244852,0.7318077803203662,0.6018306636155606,0.5299771167048055,0.8425629290617849,0.4700228832951945,0.0
0.7091273821464392,0.7377131394182548,1.0,1.0,0.931350114416476,0.8146453089244852,0.7318077803203662,0.6018306636155606,0.5299771167048055,0.8425629290617849,0.9221967963386728,0.4700228832951945,0.0
0.7377131394182548,1.0,1.0,0.931350114416476,0.8146453089244852,0.7318077803203662,0.6018306636155606,0.5299771167048055,0.8425629290617849,0.9221967963386728,0.8654462242562928,0.4700228832951945,0.0
1.0,1.0,0.931350114416476,0.8146453089244852,0.7318077803203662,0.6018306636155606,0.5299771167048055,0.8425629290617849,0.9221967963386728,0.8654462242562928,0.7643020594965675,0.4700228832951945,0.0
1.0,0.931350114416476,0.8146453089244852,0.7318077803203662,0.6018306636155606,0.5299771167048055,0.8425629290617849,0.9221967963386728,0.8654462242562928,0.7643020594965675,0.5226544622425628,0.47734553775743715,2.0
0.931350114416476,0.8146453089244852,0.7318077803203662,0.6018306636155606,0.5299771167048055,0.8425629290617849,0.9221967963386728,0.8654462242562928,0.7643020594965675,0.5226544622425628,0.2901601830663616,0.6411899313501144,2.0
0.8146453089244852,0.7318077803203662,0.6018306636155606,0.5299771167048055,0.8425629290617849,0.9221967963386728,0.8654462242562928,0.7643020594965675,0.5226544622425628,0.2901601830663616,0.12494279176201384,0.797254004576659,0.0
0.7318077803203662,0.6018306636155606,0.5299771167048055,0.8425629290617849,0.9221967963386728,0.8654462242562928,0.7643020594965675,0.5226544622425628,0.2901601830663616,0.12494279176201384,0.2466819221967964,0.797254004576659,0.0
0.6018306636155606,0.5299771167048055,0.8425629290617849,0.9221967963386728,0.8654462242562928,0.7643020594965675,0.5226544622425628,0.2901601830663616,0.12494279176201384,0.2466819221967964,0.3981693363844394,0.797254004576659,0.0
0.5299771167048055,0.8425629290617849,0.9221967963386728,0.8654462242562928,0.7643020594965675,0.5226544622425628,0.2901601830663616,0.12494279176201384,0.2466819221967964,0.3981693363844394,0.3308924485125857,0.797254004576659,0.0
0.8425629290617849,0.9221967963386728,0.8654462242562928,0.7643020594965675,0.5226544622425628,0.2901601830663616,0.12494279176201384,0.2466819221967964,0.3981693363844394,0.3308924485125857,0.22013729977116703,0.797254004576659,0.0
0.9221967963386728,0.8654462242562928,0.7643020594965675,0.5226544622425628,0.2901601830663616,0.12494279176201384,0.2466819221967964,0.3981693363844394,0.3308924485125857,0.22013729977116703,-0.021052631578947323,0.9432494279176201,2.0
0.8654462242562928,0.7643020594965675,0.5226544622425628,0.2901601830663616,0.12494279176201384,0.2466819221967964,0.3981693363844394,0.3308924485125857,0.22013729977116703,-0.021052631578947323,-0.4279176201372997,1.2933638443935926,2.0
0.7643020594965675,0.5226544622425628,0.2901601830663616,0.12494279176201384,0.2466819221967964,0.3981693363844394,0.3308924485125857,0.22013729977116703,-0.021052631578947323,-0.4279176201372997,-0.4631578947368421,1.2274599542334097,0.0
0.5226544622425628,0.2901601830663616,0.12494279176201384,0.2466819221967964,0.3981693363844394,0.3308924485125857,0.22013729977116703,-0.021052631578947323,-0.4279176201372997,-0.4631578947368421,-0.2709382151029748,0.985812356979405,0.0
0.2901601830663616,0.12494279176201384,0.2466819221967964,0.3981693363844394,0.3308924485125857,0.22013729977116703,-0.021052631578947323,-0.4279176201372997,-0.4631578947368421,-0.2709382151029748,-0.21327231121281465,0.8613272311212815,0.0
0.12494279176201384,0.2466819221967964,0.3981693363844394,0.3308924485125857,0.22013729977116703,-0.021052631578947323,-0.4279176201372997,-0.4631578947368421,-0.2709382151029748,-0.21327231121281465,0.054462242562929086,0.8613272311212815,0.0
0.2466819221967964,0.3981693363844394,0.3308924485125857,0.22013729977116703,-0.021052631578947323,-0.4279176201372997,-0.4631578947368421,-0.2709382151029748,-0.21327231121281465,0.054462242562929086,0.09794050343249427,0.8613272311212815,0.0
0.3981693363844394,0.3308924485125857,0.22013729977116703,-0.021052631578947323,-0.4279176201372997,-0.4631578947368421,-0.2709382151029748,-0.21327231121281465,0.054462242562929086,0.09794050343249427,0.1125858123569794,0.8613272311212815,2.0
0.3308924485125857,0.22013729977116703,-0.021052631578947323,-0.4279176201372997,-0.4631578947368421,-0.2709382151029748,-0.21327231121281465,0.054462242562929086,0.09794050343249427,0.1125858123569794,-0.07276887871853543,0.7940503432494278,2.0
0.22013729977116703,-0.021052631578947323,-0.4279176201372997,-0.4631578947368421,-0.2709382151029748,-0.21327231121281465,0.054462242562929086,0.09794050343249427,0.1125858123569794,-0.07276887871853543,-0.1839816933638444,0.6832951945080091,2.0
-0.021052631578947323,-0.4279176201372997,-0.4631578947368421,-0.2709382151029748,-0.21327231121281465,0.054462242562929086,0.09794050343249427,0.1125858123569794,-0.07276887871853543,-0.1839816933638444,0.008237986270022812,0.5757437070938215,2.0
-0.4279176201372997,-0.4631578947368421,-0.2709382151029748,-0.21327231121281465,0.054462242562929086,0.09794050343249427,0.1125858123569794,-0.07276887871853543,-0.1839816933638444,0.008237986270022812,0.16109839816933635,0.6242562929061785,2.0
-0.4631578947368421,-0.2709382151029748,-0.21327231121281465,0.054462242562929086,0.09794050343249427,0.1125858123569794,-0.07276887871853543,-0.1839816933638444,0.008237986270022812,0.16109839816933635,0.29336384439359264,0.7565217391304347,0.0
-0.2709382151029748,-0.21327231121281465,0.054462242562929086,0.09794050343249427,0.1125858123569794,-0.07276887871853543,-0.1839816933638444,0.008237986270022812,0.16109839816933635,0.29336384439359264,0.38627002288329515,0.6572082379862699,0.0
-0.21327231121281465,0.054462242562929086,0.09794050343249427,0.1125858123569794,-0.07276887871853543,-0.1839816933638444,0.008237986270022812,0.16109839816933635,0.29336384439359264,0.38627002288329515,0.276887871853547,0.5995423340961098,2.0
0.054462242562929086,0.09794050343249427,0.1125858123569794,-0.07276887871853543,-0.1839816933638444,0.008237986270022812,0.16109839816933635,0.29336384439359264,0.38627002288329515,0.276887871853547,0.15514874141876422,0.5702517162471396,2.0
0.09794050343249427,0.1125858123569794,-0.07276887871853543,-0.1839816933638444,0.008237986270022812,0.16109839816933635,0.29336384439359264,0.38627002288329515,0.276887871853547,0.15514874141876422,0.027917620137299703,0.5702517162471396,2.0
0.1125858123569794,-0.07276887871853543,-0.1839816933638444,0.008237986270022812,0.16109839816933635,0.29336384439359264,0.38627002288329515,0.276887871853547,0.15514874141876422,0.027917620137299703,0.051716247139588,0.5702517162471396,2.0
-0.07276887871853543,-0.1839816933638444,0.008237986270022812,0.16109839816933635,0.29336384439359264,0.38627002288329515,0.276887871853547,0.15514874141876422,0.027917620137299703,0.051716247139588,0.10114416475972532,0.5702517162471396,0.0
-0.1839816933638444,0.008237986270022812,0.16109839816933635,0.29336384439359264,0.38627002288329515,0.276887871853547,0.15514874141876422,0.027917620137299703,0.051716247139588,0.10114416475972532,0.1583524027459955,0.5702517162471396,0.0
0.008237986270022812,0.16109839816933635,0.29336384439359264,0.38627002288329515,0.276887871853547,0.15514874141876422,0.027917620137299703,0.051716247139588,0.10114416475972532,0.1583524027459955,0.2558352402745996,0.37803203661327234,0.0
0.16109839816933635,0.29336384439359264,0.38627002288329515,0.276887871853547,0.15514874141876422,0.027917620137299703,0.051716247139588,0.10114416475972532,0.1583524027459955,0.2558352402745996,0.24073226544622428,0.35835240274599545,2.0
0.29336384439359264,0.38627002288329515,0.276887871853547,0.15514874141876422,0.027917620137299703,0.051716247139588,0.10114416475972532,0.1583524027459955,0.2558352402745996,0.24073226544622428,-0.022425629290617866,0.408695652173913,2.0
0.38627002288329515,0.276887871853547,0.15514874141876422,0.027917620137299703,0.051716247139588,0.10114416475972532,0.1583524027459955,0.2558352402745996,0.24073226544622428,-0.022425629290617866,-0.1707093821510297,0.5569794050343249,2.0
0.276887871853547,0.15514874141876422,0.027917620137299703,0.051716247139588,0.10114416475972532,0.1583524027459955,0.2558352402745996,0.24073226544622428,-0.022425629290617866,-0.1707093821510297,-0.03798627002288335,0.44759725400457673,2.0
0.15514874141876422,0.027917620137299703,0.051716247139588,0.10114416475972532,0.1583524027459955,0.2558352402745996,0.24073226544622428,-0.022425629290617866,-0.1707093821510297,-0.03798627002288335,0.07231121281464525,0.4265446224256293,0.0
0.027917620137299703,0.051716247139588,0.10114416475972532,0.1583524027459955,0.2558352402745996,0.24073226544622428,-0.022425629290617866,-0.1707093821510297,-0.03798627002288335,0.07231121281464525,0.2704805491990847,0.4411899313501144,0.0
0.051716247139588,0.10114416475972532,0.1583524027459955,0.2558352402745996,0.24073226544622428,-0.022425629290617866,-0.1707093821510297,-0.03798627002288335,0.07231121281464525,0.2704805491990847,0.2832951945080091,0.4540045766590388,0.0
0.10114416475972532,0.1583524027459955,0.2558352402745996,0.24073226544622428,-0.022425629290617866,-0.1707093821510297,-0.03798627002288335,0.07231121281464525,0.2704805491990847,0.2832951945080091,0.21281464530892458,0.4540045766590388,2.0
0.1583524027459955,0.2558352402745996,0.24073226544622428,-0.022425629290617866,-0.1707093821510297,-0.03798627002288335,0.07231121281464525,0.2704805491990847,0.2832951945080091,0.21281464530892458,-0.08329519450800915,0.4540045766590388,2.0
0.2558352402745996,0.24073226544622428,-0.022425629290617866,-0.1707093821510297,-0.03798627002288335,0.07231121281464525,0.2704805491990847,0.2832951945080091,0.21281464530892458,-0.08329519450800915,-0.18535469107551483,0.46864988558352394,2.0
0.24073226544622428,-0.022425629290617866,-0.1707093821510297,-0.03798627002288335,0.07231121281464525,0.2704805491990847,0.2832951945080091,0.21281464530892458,-0.08329519450800915,-0.18535469107551483,-0.29153318077803203,0.5748283752860411,2.0
-0.022425629290617866,-0.1707093821510297,-0.03798627002288335,0.07231121281464525,0.2704805491990847,0.2832951945080091,0.21281464530892458,-0.08329519450800915,-0.18535469107551483,-0.29153318077803203,-0.14782608695652177,0.5748283752860411,0.0
-0.1707093821510297,-0.03798627002288335,0.07231121281464525,0.2704805491990847,0.2832951945080091,0.21281464530892458,-0.08329519450800915,-0.18535469107551483,-0.29153318077803203,-0.14782608695652177,-0.20411899313501147,0.5748283752860411,0.0
-0.03798627002288335,0.07231121281464525,0.2704805491990847,0.2832951945080091,0.21281464530892458,-0.08329519450800915,-0.18535469107551483,-0.29153318077803203,-0.14782608695652177,-0.20411899313501147,-0.05903890160183067,0.5748283752860411,0.0
0.07231121281464525,0.2704805491990847,0.2832951945080091,0.21281464530892458,-0.08329519450800915,-0.18535469107551483,-0.29153318077803203,-0.14782608695652177,-0.20411899313501147,-0.05903890160183067,-0.21098398169336385,0.5748283752860411,0.0
0.2704805491990847,0.2832951945080091,0.21281464530892458,-0.08329519450800915,-0.18535469107551483,-0.29153318077803203,-0.14782608695652177,-0.20411899313501147,-0.05903890160183067,-0.21098398169336385,-0.48787185354691076,0.7711670480549199,2.0
0.2832951945080091,0.21281464530892458,-0.08329519450800915,-0.18535469107551483,-0.29153318077803203,-0.14782608695652177,-0.20411899313501147,-0.05903890160183067,-0.21098398169336385,-0.48787185354691076,-0.6892448512585813,0.9725400457665904,2.0
0.21281464530892458,-0.08329519450800915,-0.18535469107551483,-0.29153318077803203,-0.14782608695652177,-0.20411899313501147,-0.05903890160183067,-0.21098398169336385,-0.48787185354691076,-0.6892448512585813,-0.7996315062183326,1.0124461515272571,2.0
-0.08329519450800915,-0.18535469107551483,-0.29153318077803203,-0.14782608695652177,-0.20411899313501147,-0.05903890160183067,-0.21098398169336385,-0.48787185354691076,-0.6892448512585813,-0.7996315062183326,-0.8811607554122525,0.8221218538104218,0.0
-0.18535469107551483,-0.29153318077803203,-0.14782608695652177,-0.20411899313501147,-0.05903890160183067,-0.21098398169336385,-0.48787185354691076,-0.6892448512585813,-0.7996315062183326,-0.8811607554122525,-0.7848917549516352,0.8221218538104218,0.0
-0.29153318077803203,-0.14782608695652177,-0.20411899313501147,-0.05903890160183067,-0.21098398169336385,-0.48787185354691076,-0.6892448512585813,-0.7996315062183326,-0.8811607554122525,-0.7848917549516352,-0.5937356057116536,0.8221218538104218,0.0
-0.14782608695652177,-0.20411899313501147,-0.05903890160183067,-0.21098398169336385,-0.48787185354691076,-0.6892448512585813,-0.7996315062183326,-0.8811607554122525,-0.7848917549516352,-0.5937356057116536,-0.5799170888991247,0.8221218538104218,0.0
-0.20411899313501147,-0.05903890160183067,-0.21098398169336385,-0.48787185354691076,-0.6892448512585813,-0.7996315062183326,-0.8811607554122525,-0.7848917549516352,-0.5937356057116536,-0.5799170888991247,-0.579696394686907,0.8221218538104218,0.0
-0.05903890160183067,-0.21098398169336385,-0.48787185354691076,-0.6892448512585813,-0.7996315062183326,-0.8811607554122525,-0.7848917549516352,-0.5937356057116536,-0.5799170888991247,-0.579696394686907,-0.747796278158668,0.8221218538104218,2.0
-0.21098398169336385,-0.48787185354691076,-0.6892448512585813,-0.7996315062183326,-0.8811607554122525,-0.7848917549516352,-0.5937356057116536,-0.5799170888991247,-0.579696394686907,-0.747796278158668,-0.6718903036238981,0.6701767737188886,2.0
-0.48787185354691076,-0.6892448512585813,-0.7996315062183326,-0.8811607554122525,-0.7848917549516352,-0.5937356057116536,-0.5799170888991247,-0.579696394686907,-0.747796278158668,-0.6718903036238981,-0.7296767874632712,0.3932889018653417,2.0
-0.6892448512585813,-0.7996315062183326,-0.8811607554122525,-0.7848917549516352,-0.5937356057116536,-0.5799170888991247,-0.579696394686907,-0.747796278158668,-0.6718903036238981,-0.7296767874632712,-0.5910871694417238,0.30146436072534544,0.0
-0.7996315062183326,-0.8811607554122525,-0.7848917549516352,-0.5937356057116536,-0.5799170888991247,-0.579696394686907,-0.747796278158668,-0.6718903036238981,-0.7296767874632712,-0.5910871694417238,-0.46865817825661116,0.4125025771556413,0.0
-0.8811607554122525,-0.7848917549516352,-0.5937356057116536,-0.5799170888991247,-0.579696394686907,-0.747796278158668,-0.6718903036238981,-0.7296767874632712,-0.5910871694417238,-0.46865817825661116,-0.27228207639569046,0.608878679016562,0.0
-0.7848917549516352,-0.5937356057116536,-0.5799170888991247,-0.579696394686907,-0.747796278158668,-0.6718903036238981,-0.7296767874632712,-0.5910871694417238,-0.46865817825661116,-0.27228207639569046,-0.28207639569049947,0.5126096785559447,0.0
-0.5937356057116536,-0.5799170888991247,-0.579696394686907,-0.747796278158668,-0.6718903036238981,-0.7296767874632712,-0.5910871694417238,-0.46865817825661116,-0.27228207639569046,-0.28207639569049947,-0.2247796278158668,0.5230166503428012,2.0
-0.5799170888991247,-0.579696394686907,-0.747796278158668,-0.6718903036238981,-0.7296767874632712,-0.5910871694417238,-0.46865817825661116,-0.27228207639569046,-0.28207639569049947,-0.2247796278158668,-0.15866797257590592,0.5891283055827621,2.0
-0.579696394686907,-0.747796278158668,-0.6718903036238981,-0.7296767874632712,-0.5910871694417238,-0.46865817825661116,-0.27228207639569046,-0.28207639569049947,-0.2247796278158668,-0.15866797257590592,-0.1547502448579824,0.5930460333006856,2.0
-0.747796278158668,-0.6718903036238981,-0.7296767874632712,-0.5910871694417238,-0.46865817825661116,-0.27228207639569046,-0.28207639569049947,-0.2247796278158668,-0.15866797257590592,-0.1547502448579824,-0.21645445641527916,0.5930460333006856,2.0
-0.6718903036238981,-0.7296767874632712,-0.5910871694417238,-0.46865817825661116,-0.27228207639569046,-0.28207639569049947,-0.2247796278158668,-0.15866797257590592,-0.1547502448579824,-0.21645445641527916,-0.2629774730656219,0.5749265426052889,2.0
-0.7296767874632712,-0.5910871694417238,-0.46865817825661116,-0.27228207639569046,-0.28207639569049947,-0.2247796278158668,-0.15866797257590592,-0.1547502448579824,-0.21645445641527916,-0.2629774730656219,-0.21792360430950053,0.5749265426052889,2.0
-0.5910871694417238,-0.46865817825661116,-0.27228207639569046,-0.28207639569049947,-0.2247796278158668,-0.15866797257590592,-0.1547502448579824,-0.21645445641527916,-0.2629774730656219,-0.21792360430950053,-0.21694417238001962,0.4363369245837414,3.0
-0.46865817825661116,-0.27228207639569046,-0.28207639569049947,-0.2247796278158668,-0.15866797257590592,-0.1547502448579824,-0.21645445641527916,-0.2629774730656219,-0.21792360430950053,-0.21694417238001962,-0.16209598432908912,0.31390793339862877,3.0
-0.27228207639569046,-0.28207639569049947,-0.2247796278158668,-0.15866797257590592,-0.1547502448579824,-0.21645445641527916,-0.2629774730656219,-0.21792360430950053,-0.21694417238001962,-0.16209598432908912,-0.11606268364348682,0.16601371204701265,3.0
-0.28207639569049947,-0.2247796278158668,-0.15866797257590592,-0.1547502448579824,-0.21645445641527916,-0.2629774730656219,-0.21792360430950053,-0.21694417238001962,-0.16209598432908912,-0.11606268364348682,-0.11263467189030363,0.16944172380019584,3.0
-0.2247796278158668,-0.15866797257590592,-0.1547502448579824,-0.21645445641527916,-0.2629774730656219,-0.21792360430950053,-0.21694417238001962,-0.16209598432908912,-0.11606268364348682,-0.11263467189030363,-0.17042115572967675,0.15034280117531829,3.0
-0.15866797257590592,-0.1547502448579824,-0.21645445641527916,-0.2629774730656219,-0.21792360430950053,-0.21694417238001962,-0.16209598432908912,-0.11606268364348682,-0.11263467189030363,-0.17042115572967675,-0.07688540646425068,0.18609206660137123,3.0
-0.1547502448579824,-0.21645445641527916,-0.2629774730656219,-0.21792360430950053,-0.21694417238001962,-0.16209598432908912,-0.11606268364348682,-0.11263467189030363,-0.17042115572967675,-0.07688540646425068,-0.13222331047992164,0.18609206660137123,3.0
-0.21645445641527916,-0.2629774730656219,-0.21792360430950053,-0.21694417238001962,-0.16209598432908912,-0.11606268364348682,-0.11263467189030363,-0.17042115572967675,-0.07688540646425068,-0.13222331047992164,-0.12487757100881491,0.18609206660137123,3.0
-0.2629774730656219,-0.21792360430950053,-0.21694417238001962,-0.16209598432908912,-0.11606268364348682,-0.11263467189030363,-0.17042115572967675,-0.07688540646425068,-0.13222331047992164,-0.12487757100881491,-0.16601371204701276,0.18609206660137123,3.0
-0.21792360430950053,-0.21694417238001962,-0.16209598432908912,-0.11606268364348682,-0.11263467189030363,-0.17042115572967675,-0.07688540646425068,-0.13222331047992164,-0.12487757100881491,-0.16601371204701276,-0.10284035259549462,0.14103819784524985,3.0
-0.21694417238001962,-0.16209598432908912,-0.11606268364348682,-0.11263467189030363,-0.17042115572967675,-0.07688540646425068,-0.13222331047992164,-0.12487757100881491,-0.16601371204701276,-0.10284035259549462,-0.09892262487757097,0.14005876591576893,3.0
-0.16209598432908912,-0.11606268364348682,-0.11263467189030363,-0.17042115572967675,-0.07688540646425068,-0.13222331047992164,-0.12487757100881491,-0.16601371204701276,-0.10284035259549462,-0.09892262487757097,-0.028893241919686563,0.1415279138099902,3.0
-0.11606268364348682,-0.11263467189030363,-0.17042115572967675,-0.07688540646425068,-0.13222331047992164,-0.12487757100881491,-0.16601371204701276,-0.10284035259549462,-0.09892262487757097,-0.028893241919686563,0.06709108716944168,0.23751224289911843,3.0
-0.11263467189030363,-0.17042115572967675,-0.07688540646425068,-0.13222331047992164,-0.12487757100881491,-0.16601371204701276,-0.10284035259549462,-0.09892262487757097,-0.028893241919686563,0.06709108716944168,0.013222331047992197,0.23751224289911843,3.0
-0.17042115572967675,-0.07688540646425068,-0.13222331047992164,-0.12487757100881491,-0.16601371204701276,-0.10284035259549462,-0.09892262487757097,-0.028893241919686563,0.06709108716944168,0.013222331047992197,-0.01762977473065619,0.23751224289911843,3.0
-0.07688540646425068,-0.13222331047992164,-0.12487757100881491,-0.16601371204701276,-0.10284035259549462,-0.09892262487757097,-0.028893241919686563,0.06709108716944168,0.013222331047992197,-0.01762977473065619,-0.1425073457394711,0.23310479921645444,3.0
-0.13222331047992164,-0.12487757100881491,-0.16601371204701276,-0.10284035259549462,-0.09892262487757097,-0.028893241919686563,0.06709108716944168,0.013222331047992197,-0.01762977473065619,-0.1425073457394711,-0.3095004897159648,0.37659157688540645,3.0
-0.12487757100881491,-0.16601371204701276,-0.10284035259549462,-0.09892262487757097,-0.028893241919686563,0.06709108716944168,0.013222331047992197,-0.01762977473065619,-0.1425073457394711,-0.3095004897159648,-0.4142997061704211,0.4813907933398628,0.0
-0.16601371204701276,-0.10284035259549462,-0.09892262487757097,-0.028893241919686563,0.06709108716944168,0.013222331047992197,-0.01762977473065619,-0.1425073457394711,-0.3095004897159648,-0.4142997061704211,-0.42360430950048966,0.49069539666993134,0.0
-0.10284035259549462,-0.09892262487757097,-0.028893241919686563,0.06709108716944168,0.013222331047992197,-0.01762977473065619,-0.1425073457394711,-0.3095004897159648,-0.4142997061704211,-0.42360430950048966,-0.4769833496571988,0.5440744368266405,0.0
-0.09892262487757097,-0.028893241919686563,0.06709108716944168,0.013222331047992197,-0.01762977473065619,-0.1425073457394711,-0.3095004897159648,-0.4142997061704211,-0.42360430950048966,-0.4769833496571988,-0.5288932419196866,0.5959843290891282,0.0
-0.028893241919686563,0.06709108716944168,0.013222331047992197,-0.01762977473065619,-0.1425073457394711,-0.3095004897159648,-0.4142997061704211,-0.42360430950048966,-0.4769833496571988,-0.5288932419196866,-0.5166503428011753,0.5959843290891282,0.0
0.06709108716944168,0.013222331047992197,-0.01762977473065619,-0.1425073457394711,-0.3095004897159648,-0.4142997061704211,-0.42360430950048966,-0.4769833496571988,-0.5288932419196866,-0.5166503428011753,-0.4760039177277179,0.5959843290891282,0.0
0.013222331047992197,-0.01762977473065619,-0.1425073457394711,-0.3095004897159648,-0.4142997061704211,-0.42360430950048966,-0.4769833496571988,-0.5288932419196866,-0.5166503428011753,-0.4760039177277179,-0.5935357492654261,0.6067580803134183,0.0
-0.01762977473065619,-0.1425073457394711,-0.3095004897159648,-0.4142997061704211,-0.42360430950048966,-0.4769833496571988,-0.5288932419196866,-0.5166503428011753,-0.4760039177277179,-0.5935357492654261,-0.682664054848188,0.6650342801175319,0.0
-0.1425073457394711,-0.3095004897159648,-0.4142997061704211,-0.42360430950048966,-0.4769833496571988,-0.5288932419196866,-0.5166503428011753,-0.4760039177277179,-0.5935357492654261,-0.682664054848188,-0.682664054848188,0.5401567091087169,0.0
-0.3095004897159648,-0.4142997061704211,-0.42360430950048966,-0.4769833496571988,-0.5288932419196866,-0.5166503428011753,-0.4760039177277179,-0.5935357492654261,-0.682664054848188,-0.682664054848188,-0.5631733594515181,0.37316356513222326,0.0
-0.4142997061704211,-0.42360430950048966,-0.4769833496571988,-0.5288932419196866,-0.5166503428011753,-0.4760039177277179,-0.5935357492654261,-0.682664054848188,-0.682664054848188,-0.5631733594515181,-0.40744368266405484,0.2752203721841332,0.0
-0.42360430950048966,-0.4769833496571988,-0.5288932419196866,-0.5166503428011753,-0.4760039177277179,-0.5935357492654261,-0.682664054848188,-0.682664054848188,-0.5631733594515181,-0.40744368266405484,-0.18217433888344758,0.5004897159647405,0.0
-0.4769833496571988,-0.5288932419196866,-0.5166503428011753,-0.4760039177277179,-0.5935357492654261,-0.682664054848188,-0.682664054848188,-0.5631733594515181,-0.40744368266405484,-0.18217433888344758,-0.20029382957884423,0.5004897159647405,2.0
-0.5288932419196866,-0.5166503428011753,-0.4760039177277179,-0.5935357492654261,-0.682664054848188,-0.682664054848188,-0.5631733594515181,-0.40744368266405484,-0.18217433888344758,-0.20029382957884423,-0.15523996082272284,0.5274240940254652,2.0
-0.5166503428011753,-0.4760039177277179,-0.5935357492654261,-0.682664054848188,-0.682664054848188,-0.5631733594515181,-0.40744368266405484,-0.18217433888344758,-0.20029382957884423,-0.15523996082272284,-0.17384916748285995,0.5274240940254652,2.0
-0.4760039177277179,-0.5935357492654261,-0.682664054848188,-0.682664054848188,-0.5631733594515181,-0.40744368266405484,-0.18217433888344758,-0.20029382957884423,-0.15523996082272284,-0.17384916748285995,-0.07247796278158669,0.6101860920666013,2.0
-0.5935357492654261,-0.682664054848188,-0.682664054848188,-0.5631733594515181,-0.40744368266405484,-0.18217433888344758,-0.20029382957884423,-0.15523996082272284,-0.17384916748285995,-0.07247796278158669,-0.002938295788442735,0.6797257590597453,2.0
-0.682664054848188,-0.682664054848188,-0.5631733594515181,-0.40744368266405484,-0.18217433888344758,-0.20029382957884423,-0.15523996082272284,-0.17384916748285995,-0.07247796278158669,-0.002938295788442735,0.14985308521057794,0.832517140058766,2.0
-0.682664054848188,-0.5631733594515181,-0.40744368266405484,-0.18217433888344758,-0.20029382957884423,-0.15523996082272284,-0.17384916748285995,-0.07247796278158669,-0.002938295788442735,0.14985308521057794,0.1831537708129285,0.8658178256611165,2.0
-0.5631733594515181,-0.40744368266405484,-0.18217433888344758,-0.20029382957884423,-0.15523996082272284,-0.17384916748285995,-0.07247796278158669,-0.002938295788442735,0.14985308521057794,0.1831537708129285,-0.005386875612144904,0.7463271302644466,2.0
-0.40744368266405484,-0.18217433888344758,-0.20029382957884423,-0.15523996082272284,-0.17384916748285995,-0.07247796278158669,-0.002938295788442735,0.14985308521057794,0.1831537708129285,-0.005386875612144904,-0.12340842311459355,0.5905974534769833,2.0
-0.18217433888344758,-0.20029382957884423,-0.15523996082272284,-0.17384916748285995,-0.07247796278158669,-0.002938295788442735,0.14985308521057794,0.1831537708129285,-0.005386875612144904,-0.12340842311459355,-0.20323212536728696,0.38638589618021546,2.0
-0.20029382957884423,-0.15523996082272284,-0.17384916748285995,-0.07247796278158669,-0.002938295788442735,0.14985308521057794,0.1831537708129285,-0.005386875612144904,-0.12340842311459355,-0.20323212536728696,-0.20127326150832514,0.38638589618021546,2.0
-0.15523996082272284,-0.17384916748285995,-0.07247796278158669,-0.002938295788442735,0.14985308521057794,0.1831537708129285,-0.005386875612144904,-0.12340842311459355,-0.20323212536728696,-0.20127326150832514,-0.1008814887365328,0.38638589618021546,0.0
-0.17384916748285995,-0.07247796278158669,-0.002938295788442735,0.14985308521057794,0.1831537708129285,-0.005386875612144904,-0.12340842311459355,-0.20323212536728696,-0.20127326150832514,-0.1008814887365328,0.022526934378060748,0.38638589618021546,0.0
-0.07247796278158669,-0.002938295788442735,0.14985308521057794,0.1831537708129285,-0.005386875612144904,-0.12340842311459355,-0.20323212536728696,-0.20127326150832514,-0.1008814887365328,0.022526934378060748,-0.04701273261508321,0.38638589618021546,0.0
-0.002938295788442735,0.14985308521057794,0.1831537708129285,-0.005386875612144904,-0.12340842311459355,-0.20323212536728696,-0.20127326150832514,-0.1008814887365328,0.022526934378060748,-0.04701273261508321,0.0,0.38638589618021546,2.0
0.14985308521057794,0.1831537708129285,-0.005386875612144904,-0.12340842311459355,-0.20323212536728696,-0.20127326150832514,-0.1008814887365328,0.022526934378060748,-0.04701273261508321,0.0,-0.1885406464250735,0.38638589618021546,2.0
0.1831537708129285,-0.005386875612144904,-0.12340842311459355,-0.20323212536728696,-0.20127326150832514,-0.1008814887365328,0.022526934378060748,-0.04701273261508321,0.0,-0.1885406464250735,-0.24289911851126345,0.42605288932419194,2.0
-0.005386875612144904,-0.12340842311459355,-0.20323212536728696,-0.20127326150832514,-0.1008814887365328,0.022526934378060748,-0.04701273261508321,0.0,-0.1885406464250735,-0.24289911851126345,-0.42066601371204704,0.4431929480901078,0.0
-0.12340842311459355,-0.20323212536728696,-0.20127326150832514,-0.1008814887365328,0.022526934378060748,-0.04701273261508321,0.0,-0.1885406464250735,-0.24289911851126345,-0.42066601371204704,-0.31635651322233105,0.4431929480901078,2.0
-0.20323212536728696,-0.20127326150832514,-0.1008814887365328,0.022526934378060748,-0.04701273261508321,0.0,-0.1885406464250735,-0.24289911851126345,-0.42066601371204704,-0.31635651322233105,-0.038197845249755114,0.4431929480901078,0.0
-0.20127326150832514,-0.1008814887365328,0.022526934378060748,-0.04701273261508321,0.0,-0.1885406464250735,-0.24289911851126345,-0.42066601371204704,-0.31635651322233105,-0.038197845249755114,0.056807051909892214,0.47747306562193925,0.0
-0.1008814887365328,0.022526934378060748,-0.04701273261508321,0.0,-0.1885406464250735,-0.24289911851126345,-0.42066601371204704,-0.31635651322233105,-0.038197845249755114,0.056807051909892214,0.02938295788442713,0.47747306562193925,0.0
0.022526934378060748,-0.04701273261508321,0.0,-0.1885406464250735,-0.24289911851126345,-0.42066601371204704,-0.31635651322233105,-0.038197845249755114,0.056807051909892214,0.02938295788442713,0.05533790401567096,0.47747306562193925,2.0
-0.04701273261508321,0.0,-0.1885406464250735,-0.24289911851126345,-0.42066601371204704,-0.31635651322233105,-0.038197845249755114,0.056807051909892214,0.02938295788442713,0.05533790401567096,-0.039177277179236025,0.47747306562193925,2.0
0.0,-0.1885406464250735,-0.24289911851126345,-0.42066601371204704,-0.31635651322233105,-0.038197845249755114,0.056807051909892214,0.02938295788442713,0.05533790401567096,-0.039177277179236025,-0.019098922624877557,0.47747306562193925,2.0
-0.1885406464250735,-0.24289911851126345,-0.42066601371204704,-0.31635651322233105,-0.038197845249755114,0.056807051909892214,0.02938295788442713,0.05533790401567096,-0.039177277179236025,-0.019098922624877557,0.2228207639569051,0.6434867776689521,2.0
-0.24289911851126345,-0.42066601371204704,-0.31635651322233105,-0.038197845249755114,0.056807051909892214,0.02938295788442713,0.05533790401567096,-0.039177277179236025,-0.019098922624877557,0.2228207639569051,0.34818805093046024,0.7688540646425073,2.0
-0.42066601371204704,-0.31635651322233105,-0.038197845249755114,0.056807051909892214,0.02938295788442713,0.05533790401567096,-0.039177277179236025,-0.019098922624877557,0.2228207639569051,0.34818805093046024,0.5342801175318315,0.9549461312438785,0.0
-0.31635651322233105,-0.038197845249755114,0.056807051909892214,0.02938295788442713,0.05533790401567096,-0.039177277179236025,-0.019098922624877557,0.2228207639569051,0.34818805093046024,0.5342801175318315,0.4931439764936336,0.8506366307541625,0.0
-0.038197845249755114,0.056807051909892214,0.02938295788442713,0.05533790401567096,-0.039177277179236025,-0.019098922624877557,0.2228207639569051,0.34818805093046024,0.5342801175318315,0.4931439764936336,0.5274240940254653,0.5734573947110675,2.0
0.056807051909892214,0.02938295788442713,0.05533790401567096,-0.039177277179236025,-0.019098922624877557,0.2228207639569051,0.34818805093046024,0.5342801175318315,0.4931439764936336,0.5274240940254653,0.33153770812928496,0.5734573947110675,2.0
0.02938295788442713,0.05533790401567096,-0.039177277179236025,-0.019098922624877557,0.2228207639569051,0.34818805093046024,0.5342801175318315,0.4931439764936336,0.5274240940254653,0.33153770812928496,0.37218413320274246,0.5734573947110675,2.0
0.05533790401567096,-0.039177277179236025,-0.019098922624877557,0.2228207639569051,0.34818805093046024,0.5342801175318315,0.4931439764936336,0.5274240940254653,0.33153770812928496,0.37218413320274246,0.6802154750244858,0.7193927522037218,2.0
-0.039177277179236025,-0.019098922624877557,0.2228207639569051,0.34818805093046024,0.5342801175318315,0.4931439764936336,0.5274240940254653,0.33153770812928496,0.37218413320274246,0.6802154750244858,0.7806072477962782,0.8197845249755142,0.0
-0.019098922624877557,0.2228207639569051,0.34818805093046024,0.5342801175318315,0.4931439764936336,0.5274240940254653,0.33153770812928496,0.37218413320274246,0.6802154750244858,0.7806072477962782,0.9231145935357492,0.9422135161606268,0.0
0.2228207639569051,0.34818805093046024,0.5342801175318315,0.4931439764936336,0.5274240940254653,0.33153770812928496,0.37218413320274246,0.6802154750244858,0.7806072477962782,0.9231145935357492,0.8163565132223309,0.7002938295788441,0.0
0.34818805093046024,0.5342801175318315,0.4931439764936336,0.5274240940254653,0.33153770812928496,0.37218413320274246,0.6802154750244858,0.7806072477962782,0.9231145935357492,0.8163565132223309,0.7032321253672871,0.5915768854064642,2.0
0.5342801175318315,0.4931439764936336,0.5274240940254653,0.33153770812928496,0.37218413320274246,0.6802154750244858,0.7806072477962782,0.9231145935357492,0.8163565132223309,0.7032321253672871,0.5377081292850148,0.5915768854064642,2.0
0.4931439764936336,0.5274240940254653,0.33153770812928496,0.37218413320274246,0.6802154750244858,0.7806072477962782,0.9231145935357492,0.8163565132223309,0.7032321253672871,0.5377081292850148,0.3398628795298726,0.5915768854064642,2.0
0.5274240940254653,0.33153770812928496,0.37218413320274246,0.6802154750244858,0.7806072477962782,0.9231145935357492,0.8163565132223309,0.7032321253672871,0.5377081292850148,0.3398628795298726,0.2786483839373164,0.6444662095984328,0.0
0.33153770812928496,0.37218413320274246,0.6802154750244858,0.7806072477962782,0.9231145935357492,0.8163565132223309,0.7032321253672871,0.5377081292850148,0.3398628795298726,0.2786483839373164,0.40744368266405484,0.6444662095984328,0.0
0.37218413320274246,0.6802154750244858,0.7806072477962782,0.9231145935357492,0.8163565132223309,0.7032321253672871,0.5377081292850148,0.3398628795298726,0.2786483839373164,0.40744368266405484,0.38197845249755136,0.6444662095984328,0.0
0.6802154750244858,0.7806072477962782,0.9231145935357492,0.8163565132223309,0.7032321253672871,0.5377081292850148,0.3398628795298726,0.2786483839373164,0.40744368266405484,0.38197845249755136,0.37218413320274246,0.6444662095984328,0.0
0.7806072477962782,0.9231145935357492,0.8163565132223309,0.7032321253672871,0.5377081292850148,0.3398628795298726,0.2786483839373164,0.40744368266405484,0.38197845249755136,0.37218413320274246,0.2468168462291871,0.6762977473065621,0.0
0.9231145935357492,0.8163565132223309,0.7032321253672871,0.5377081292850148,0.3398628795298726,0.2786483839373164,0.40744368266405484,0.38197845249755136,0.37218413320274246,0.2468168462291871,-0.014201762977473109,0.9373163565132223,2.0
0.8163565132223309,0.7032321253672871,0.5377081292850148,0.3398628795298726,0.2786483839373164,0.40744368266405484,0.38197845249755136,0.37218413320274246,0.2468168462291871,-0.014201762977473109,0.04897159647404514,0.830558276199804,2.0
0.7032321253672871,0.5377081292850148,0.3398628795298726,0.2786483839373164,0.40744368266405484,0.38197845249755136,0.37218413320274246,0.2468168462291871,-0.014201762977473109,0.04897159647404514,-0.002938295788442735,0.7174338883447602,0.0
0.5377081292850148,0.3398628795298726,0.2786483839373164,0.40744368266405484,0.38197845249755136,0.37218413320274246,0.2468168462291871,-0.014201762977473109,0.04897159647404514,-0.002938295788442735,0.1692933401118455,0.5519098922624879,0.0
0.3398628795298726,0.2786483839373164,0.40744368266405484,0.38197845249755136,0.37218413320274246,0.2468168462291871,-0.014201762977473109,0.04897159647404514,-0.002938295788442735,0.1692933401118455,0.2844410491469316,0.42164544564152795,0.0
0.2786483839373164,0.40744368266405484,0.38197845249755136,0.37218413320274246,0.2468168462291871,-0.014201762977473109,0.04897159647404514,-0.002938295788442735,0.1692933401118455,0.2844410491469316,0.23962312197606317,0.42164544564152795,2.0
0.40744368266405484,0.38197845249755136,0.37218413320274246,0.2468168462291871,-0.014201762977473109,0.04897159647404514,-0.002938295788442735,0.1692933401118455,0.2844410491469316,0.23962312197606317,0.24777183600713015,0.42164544564152795,2.0
0.38197845249755136,0.37218413320274246,0.2468168462291871,-0.014201762977473109,0.04897159647404514,-0.002938295788442735,0.1692933401118455,0.2844410491469316,0.23962312197606317,0.24777183600713015,0.20346320346320357,0.39618021547502447,2.0
0.37218413320274246,0.2468168462291871,-0.014201762977473109,0.04897159647404514,-0.002938295788442735,0.1692933401118455,0.2844410491469316,0.23962312197606317,0.24777183600713015,0.20346320346320357,0.02317290552584672,0.38638589618021557,2.0
0.2468168462291871,-0.014201762977473109,0.04897159647404514,-0.002938295788442735,0.1692933401118455,0.2844410491469316,0.23962312197606317,0.24777183600713015,0.20346320346320357,0.02317290552584672,0.18207282913165268,0.2986428121244047,0.0
-0.014201762977473109,0.04897159647404514,-0.002938295788442735,0.1692933401118455,0.2844410491469316,0.23962312197606317,0.24777183600713015,0.20346320346320357,0.02317290552584672,0.18207282913165268,0.3165266106442577,0.3307283736217308,0.0
0.04897159647404514,-0.002938295788442735,0.1692933401118455,0.2844410491469316,0.23962312197606317,0.24777183600713015,0.20346320346320357,0.02317290552584672,0.18207282913165268,0.3165266106442577,0.34555640437993373,0.34849470016837647,0.0
-0.002938295788442735,0.1692933401118455,0.2844410491469316,0.23962312197606317,0.24777183600713015,0.20346320346320357,0.02317290552584672,0.18207282913165268,0.3165266106442577,0.34555640437993373,0.5258467023172906,0.5287849981057333,0.0
0.1692933401118455,0.2844410491469316,0.23962312197606317,0.24777183600713015,0.20346320346320357,0.02317290552584672,0.18207282913165268,0.3165266106442577,0.34555640437993373,0.5258467023172906,0.3124522536287242,0.5026737967914439,2.0
0.2844410491469316,0.23962312197606317,0.24777183600713015,0.20346320346320357,0.02317290552584672,0.18207282913165268,0.3165266106442577,0.34555640437993373,0.5258467023172906,0.3124522536287242,0.14693149987267629,0.5026737967914439,2.0
0.23962312197606317,0.24777183600713015,0.20346320346320357,0.02317290552584672,0.18207282913165268,0.3165266106442577,0.34555640437993373,0.5258467023172906,0.3124522536287242,0.14693149987267629,0.00127323656735423,0.5245734657499364,2.0
0.24777183600713015,0.20346320346320357,0.02317290552584672,0.18207282913165268,0.3165266106442577,0.34555640437993373,0.5258467023172906,0.3124522536287242,0.14693149987267629,0.00127323656735423,-0.16781257957728546,0.693659281894576,2.0
0.20346320346320357,0.02317290552584672,0.18207282913165268,0.3165266106442577,0.34555640437993373,0.5258467023172906,0.3124522536287242,0.14693149987267629,0.00127323656735423,-0.16781257957728546,0.03183091418385531,0.693659281894576,0.0
0.02317290552584672,0.18207282913165268,0.3165266106442577,0.34555640437993373,0.5258467023172906,0.3124522536287242,0.14693149987267629,0.00127323656735423,-0.16781257957728546,0.03183091418385531,0.2584670231729056,0.693659281894576,0.0
0.18207282913165268,0.3165266106442577,0.34555640437993373,0.5258467023172906,0.3124522536287242,0.14693149987267629,0.00127323656735423,-0.16781257957728546,0.03183091418385531,0.2584670231729056,0.2941176470588236,0.693659281894576,0.0
0.3165266106442577,0.34555640437993373,0.5258467023172906,0.3124522536287242,0.14693149987267629,0.00127323656735423,-0.16781257957728546,0.03183091418385531,0.2584670231729056,0.2941176470588236,0.3883371530430353,0.693659281894576,0.0
0.34555640437993373,0.5258467023172906,0.3124522536287242,0.14693149987267629,0.00127323656735423,-0.16781257957728546,0.03183091418385531,0.2584670231729056,0.2941176470588236,0.3883371530430353,0.26050420168067223,0.693659281894576,2.0
0.5258467023172906,0.3124522536287242,0.14693149987267629,0.00127323656735423,-0.16781257957728546,0.03183091418385531,0.2584670231729056,0.2941176470588236,0.3883371530430353,0.26050420168067223,0.20753756047873706,0.693659281894576,2.0
0.3124522536287242,0.14693149987267629,0.00127323656735423,-0.16781257957728546,0.03183091418385531,0.2584670231729056,0.2941176470588236,0.3883371530430353,0.26050420168067223,0.20753756047873706,0.05525846702317283,0.5561497326203207,2.0
0.14693149987267629,0.00127323656735423,-0.16781257957728546,0.03183091418385531,0.2584670231729056,0.2941176470588236,0.3883371530430353,0.26050420168067223,0.20753756047873706,0.05525846702317283,0.012477718360071277,0.5561497326203207,2.0
0.00127323656735423,-0.16781257957728546,0.03183091418385531,0.2584670231729056,0.2941176470588236,0.3883371530430353,0.26050420168067223,0.20753756047873706,0.05525846702317283,0.012477718360071277,0.17952635599694422,0.5561497326203207,0.0
-0.16781257957728546,0.03183091418385531,0.2584670231729056,0.2941176470588236,0.3883371530430353,0.26050420168067223,0.20753756047873706,0.05525846702317283,0.012477718360071277,0.17952635599694422,0.17697988286223576,0.5561497326203207,0.0
0.03183091418385531,0.2584670231729056,0.2941176470588236,0.3883371530430353,0.26050420168067223,0.20753756047873706,0.05525846702317283,0.012477718360071277,0.17952635599694422,0.17697988286223576,0.1072065189712248,0.375859434682964,0.0
0.2584670231729056,0.2941176470588236,0.3883371530430353,0.26050420168067223,0.20753756047873706,0.05525846702317283,0.012477718360071277,0.17952635599694422,0.17697988286223576,0.1072065189712248,-0.02826585179526353,0.4166030048382988,0.0
0.2941176470588236,0.3883371530430353,0.26050420168067223,0.20753756047873706,0.05525846702317283,0.012477718360071277,0.17952635599694422,0.17697988286223576,0.1072065189712248,-0.02826585179526353,-0.3302775655716832,0.7186147186147185,2.0
0.3883371530430353,0.26050420168067223,0.20753756047873706,0.05525846702317283,0.012477718360071277,0.17952635599694422,0.17697988286223576,0.1072065189712248,-0.02826585179526353,-0.3302775655716832,-0.4647313470842883,0.8530685001273236,2.0
0.26050420168067223,0.20753756047873706,0.05525846702317283,0.012477718360071277,0.17952635599694422,0.17697988286223576,0.1072065189712248,-0.02826585179526353,-0.3302775655716832,-0.4647313470842883,-0.4901960784313726,0.7507002801120448,0.0
0.20753756047873706,0.05525846702317283,0.012477718360071277,0.17952635599694422,0.17697988286223576,0.1072065189712248,-0.02826585179526353,-0.3302775655716832,-0.4647313470842883,-0.4901960784313726,-0.5905271199388846,0.7980646804176217,0.0
0.05525846702317283,0.012477718360071277,0.17952635599694422,0.17697988286223576,0.1072065189712248,-0.02826585179526353,-0.3302775655716832,-0.4647313470842883,-0.4901960784313726,-0.5905271199388846,-0.5884899414311179,0.7700534759358288,0.0
0.012477718360071277,0.17952635599694422,0.17697988286223576,0.1072065189712248,-0.02826585179526353,-0.3302775655716832,-0.4647313470842883,-0.4901960784313726,-0.5905271199388846,-0.5884899414311179,-0.7652151769798828,0.9447415329768271,0.0
0.17952635599694422,0.17697988286223576,0.1072065189712248,-0.02826585179526353,-0.3302775655716832,-0.4647313470842883,-0.4901960784313726,-0.5905271199388846,-0.5884899414311179,-0.7652151769798828,-0.6959511077158136,0.9447415329768271,0.0
0.17697988286223576,0.1072065189712248,-0.02826585179526353,-0.3302775655716832,-0.4647313470842883,-0.4901960784313726,-0.5905271199388846,-0.5884899414311179,-0.7652151769798828,-0.6959511077158136,-0.7764196587726,0.9533995416348358,0.0
0.1072065189712248,-0.02826585179526353,-0.3302775655716832,-0.4647313470842883,-0.4901960784313726,-0.5905271199388846,-0.5884899414311179,-0.7652151769798828,-0.6959511077158136,-0.7764196587726,-0.9378660555131143,1.045072574484339,0.0
-0.02826585179526353,-0.3302775655716832,-0.4647313470842883,-0.4901960784313726,-0.5905271199388846,-0.5884899414311179,-0.7652151769798828,-0.6959511077158136,-0.7764196587726,-0.9378660555131143,-0.750445632798574,0.9096002037178508,0.0
-0.3302775655716832,-0.4647313470842883,-0.4901960784313726,-0.5905271199388846,-0.5884899414311179,-0.7652151769798828,-0.6959511077158136,-0.7764196587726,-0.9378660555131143,-0.750445632798574,-0.6246498599439776,0.6075884899414311,0.0
-0.4647313470842883,-0.4901960784313726,-0.5905271199388846,-0.5884899414311179,-0.7652151769798828,-0.6959511077158136,-0.7764196587726,-0.9378660555131143,-0.750445632798574,-0.6246498599439776,-0.4097275273745862,0.5281385281385281,0.0
-0.4901960784313726,-0.5905271199388846,-0.5884899414311179,-0.7652151769798828,-0.6959511077158136,-0.7764196587726,-0.9378660555131143,-0.750445632798574,-0.6246498599439776,-0.4097275273745862,-0.26508785332314744,0.6727782021899669,0.0
-0.5905271199388846,-0.5884899414311179,-0.7652151769798828,-0.6959511077158136,-0.7764196587726,-0.9378660555131143,-0.750445632798574,-0.6246498599439776,-0.4097275273745862,-0.26508785332314744,-0.3037942449707156,0.6727782021899669,2.0
-0.5884899414311179,-0.7652151769798828,-0.6959511077158136,-0.7764196587726,-0.9378660555131143,-0.750445632798574,-0.6246498599439776,-0.4097275273745862,-0.26508785332314744,-0.3037942449707156,-0.41278329513623635,0.6727782021899669,2.0
-0.7652151769798828,-0.6959511077158136,-0.7764196587726,-0.9378660555131143,-0.750445632798574,-0.6246498599439776,-0.4097275273745862,-0.26508785332314744,-0.3037942449707156,-0.41278329513623635,-0.5090399796282149,0.6727782021899669,2.0
-0.6959511077158136,-0.7764196587726,-0.9378660555131143,-0.750445632798574,-0.6246498599439776,-0.4097275273745862,-0.26508785332314744,-0.3037942449707156,-0.41278329513623635,-0.5090399796282149,-0.5243188184364656,0.6727782021899669,2.0
-0.7764196587726,-0.9378660555131143,-0.750445632798574,-0.6246498599439776,-0.4097275273745862,-0.26508785332314744,-0.3037942449707156,-0.41278329513623635,-0.5090399796282149,-0.5243188184364656,-0.31958237840590786,0.6727782021899669,0.0
-0.9378660555131143,-0.750445632798574,-0.6246498599439776,-0.4097275273745862,-0.26508785332314744,-0.3037942449707156,-0.41278329513623635,-0.5090399796282149,-0.5243188184364656,-0.31958237840590786,-0.3649096002037179,0.6727782021899669,0.0
-0.750445632798574,-0.6246498599439776,-0.4097275273745862,-0.26508785332314744,-0.3037942449707156,-0.41278329513623635,-0.5090399796282149,-0.5243188184364656,-0.31958237840590786,-0.3649096002037179,-0.3669467787114846,0.4853577794754266,0.0
-0.6246498599439776,-0.4097275273745862,-0.26508785332314744,-0.3037942449707156,-0.41278329513623635,-0.5090399796282149,-0.5243188184364656,-0.31958237840590786,-0.3649096002037179,-0.3669467787114846,-0.4942704354469061,0.35956200662083015,2.0
-0.4097275273745862,-0.26508785332314744,-0.3037942449707156,-0.41278329513623635,-0.5090399796282149,-0.5243188184364656,-0.31958237840590786,-0.3649096002037179,-0.3669467787114846,-0.4942704354469061,-0.803921568627451,0.5388337153043036,2.0
-0.26508785332314744,-0.3037942449707156,-0.41278329513623635,-0.5090399796282149,-0.5243188184364656,-0.31958237840590786,-0.3649096002037179,-0.3669467787114846,-0.4942704354469061,-0.803921568627451,-0.9521263050674815,0.6870384517443341,0.0
-0.3037942449707156,-0.41278329513623635,-0.5090399796282149,-0.5243188184364656,-0.31958237840590786,-0.3649096002037179,-0.3669467787114846,-0.4942704354469061,-0.803921568627451,-0.9521263050674815,-1.0,0.6962057550292844,0.0
-0.41278329513623635,-0.5090399796282149,-0.5243188184364656,-0.31958237840590786,-0.3649096002037179,-0.3669467787114846,-0.4942704354469061,-0.803921568627451,-0.9521263050674815,-1.0,-0.8563345633456334,0.6804176215940921,0.0
-0.5090399796282149,-0.5243188184364656,-0.31958237840590786,-0.3649096002037179,-0.3669467787114846,-0.4942704354469061,-0.803921568627451,-0.9521263050674815,-1.0,-0.8563345633456334,-0.7923739237392374,0.6804176215940921,0.0
-0.5243188184364656,-0.31958237840590786,-0.3649096002037179,-0.3669467787114846,-0.4942704354469061,-0.803921568627451,-0.9521263050674815,-1.0,-0.8563345633456334,-0.7923739237392374,-0.6600246002460024,0.6804176215940921,0.0
-0.31958237840590786,-0.3649096002037179,-0.3669467787114846,-0.4942704354469061,-0.803921568627451,-0.9521263050674815,-1.0,-0.8563345633456334,-0.7923739237392374,-0.6600246002460024,-0.5075030750307503,0.6804176215940921,0.0
-0.3649096002037179,-0.3669467787114846,-0.4942704354469061,-0.803921568627451,-0.9521263050674815,-1.0,-0.8563345633456334,-0.7923739237392374,-0.6600246002460024,-0.5075030750307503,-0.5965559655596556,0.6350903997962821,2.0
-0.3669467787114846,-0.4942704354469061,-0.803921568627451,-0.9521263050674815,-1.0,-0.8563345633456334,-0.7923739237392374,-0.6600246002460024,-0.5075030750307503,-0.5965559655596556,-0.7392373923739237,0.6330532212885154,2.0
-0.4942704354469061,-0.803921568627451,-0.9521263050674815,-1.0,-0.8563345633456334,-0.7923739237392374,-0.6600246002460024,-0.5075030750307503,-0.5965559655596556,-0.7392373923739237,-0.8646986469864699,0.5057295645530939,2.0
-0.803921568627451,-0.9521263050674815,-1.0,-0.8563345633456334,-0.7923739237392374,-0.6600246002460024,-0.5075030750307503,-0.5965559655596556,-0.7392373923739237,-0.8646986469864699,-0.9709717097170971,0.4924969249692497,2.0
-0.9521263050674815,-1.0,-0.8563345633456334,-0.7923739237392374,-0.6600246002460024,-0.5075030750307503,-0.5965559655596556,-0.7392373923739237,-0.8646986469864699,-0.9709717097170971,-0.6905289052890529,0.4924969249692497,0.0
-1.0,-0.8563345633456334,-0.7923739237392374,-0.6600246002460024,-0.5075030750307503,-0.5965559655596556,-0.7392373923739237,-0.8646986469864699,-0.9709717097170971,-0.6905289052890529,-0.5547355473554736,0.4924969249692497,0.0
-0.8563345633456334,-0.7923739237392374,-0.6600246002460024,-0.5075030750307503,-0.5965559655596556,-0.7392373923739237,-0.8646986469864699,-0.9709717097170971,-0.6905289052890529,-0.5547355473554736,-0.393849938499385,0.5771217712177121,0.0
-0.7923739237392374,-0.6600246002460024,-0.5075030750307503,-0.5965559655596556,-0.7392373923739237,-0.8646986469864699,-0.9709717097170971,-0.6905289052890529,-0.5547355473554736,-0.393849938499385,-0.46912669126691264,0.5771217712177121,0.0
-0.6600246002460024,-0.5075030750307503,-0.5965559655596556,-0.7392373923739237,-0.8646986469864699,-0.9709717097170971,-0.6905289052890529,-0.5547355473554736,-0.393849938499385,-0.46912669126691264,-0.6127921279212792,0.5771217712177121,2.0
-0.5075030750307503,-0.5965559655596556,-0.7392373923739237,-0.8646986469864699,-0.9709717097170971,-0.6905289052890529,-0.5547355473554736,-0.393849938499385,-0.46912669126691264,-0.6127921279212792,-0.641820418204182,0.5771217712177121,2.0
-0.5965559655596556,-0.7392373923739237,-0.8646986469864699,-0.9709717097170971,-0.6905289052890529,-0.5547355473554736,-0.393849938499385,-0.46912669126691264,-0.6127921279212792,-0.641820418204182,-0.6910209102091021,0.5771217712177121,2.0
-0.7392373923739237,-0.8646986469864699,-0.9709717097170971,-0.6905289052890529,-0.5547355473554736,-0.393849938499385,-0.46912669126691264,-0.6127921279212792,-0.641820418204182,-0.6910209102091021,-0.5778597785977859,0.5771217712177121,0.0
-0.8646986469864699,-0.9709717097170971,-0.6905289052890529,-0.5547355473554736,-0.393849938499385,-0.46912669126691264,-0.6127921279212792,-0.641820418204182,-0.6910209102091021,-0.5778597785977859,-0.34415744157441575,0.6268142681426814,0.0
-0.9709717097170971,-0.6905289052890529,-0.5547355473554736,-0.393849938499385,-0.46912669126691264,-0.6127921279212792,-0.641820418204182,-0.6910209102091021,-0.5778597785977859,-0.34415744157441575,-0.29889298892988925,0.6720787207872079,0.0
-0.6905289052890529,-0.5547355473554736,-0.393849938499385,-0.46912669126691264,-0.6127921279212792,-0.641820418204182,-0.6910209102091021,-0.5778597785977859,-0.34415744157441575,-0.29889298892988925,-0.13505535055350548,0.5559655596555966,0.0
-0.5547355473554736,-0.393849938499385,-0.46912669126691264,-0.6127921279212792,-0.641820418204182,-0.6910209102091021,-0.5778597785977859,-0.34415744157441575,-0.29889298892988925,-0.13505535055350548,-0.2226322263222632,0.5559655596555966,2.0
-0.393849938499385,-0.46912669126691264,-0.6127921279212792,-0.641820418204182,-0.6910209102091021,-0.5778597785977859,-0.34415744157441575,-0.29889298892988925,-0.13505535055350548,-0.2226322263222632,-0.349569495694957,0.5559655596555966,2.0
-0.46912669126691264,-0.6127921279212792,-0.641820418204182,-0.6910209102091021,-0.5778597785977859,-0.34415744157441575,-0.29889298892988925,-0.13505535055350548,-0.2226322263222632,-0.349569495694957,-0.2600246002460025,0.5559655596555966,2.0
-0.6127921279212792,-0.641820418204182,-0.6910209102091021,-0.5778597785977859,-0.34415744157441575,-0.29889298892988925,-0.13505535055350548,-0.2226322263222632,-0.349569495694957,-0.2600246002460025,-0.2944649446494465,0.5559655596555966,2.0
-0.641820418204182,-0.6910209102091021,-0.5778597785977859,-0.34415744157441575,-0.29889298892988925,-0.13505535055350548,-0.2226322263222632,-0.349569495694957,-0.2600246002460025,-0.2944649446494465,-0.16851168511685122,0.5559655596555966,0.0
-0.6910209102091021,-0.5778597785977859,-0.34415744157441575,-0.29889298892988925,-0.13505535055350548,-0.2226322263222632,-0.349569495694957,-0.2600246002460025,-0.2944649446494465,-0.16851168511685122,-0.15670356703567034,0.5559655596555966,0.0
-0.5778597785977859,-0.34415744157441575,-0.29889298892988925,-0.13505535055350548,-0.2226322263222632,-0.349569495694957,-0.2600246002460025,-0.2944649446494465,-0.16851168511685122,-0.15670356703567034,-0.3756457564575646,0.44280442804428044,2.0
-0.34415744157441575,-0.29889298892988925,-0.13505535055350548,-0.2226322263222632,-0.349569495694957,-0.2600246002460025,-0.2944649446494465,-0.16851168511685122,-0.15670356703567034,-0.3756457564575646,-0.4932349323493235,0.358179581795818,2.0
-0.29889298892988925,-0.13505535055350548,-0.2226322263222632,-0.349569495694957,-0.2600246002460025,-0.2944649446494465,-0.16851168511685122,-0.15670356703567034,-0.3756457564575646,-0.4932349323493235,-0.6186961869618697,0.4836408364083642,2.0
-0.13505535055350548,-0.2226322263222632,-0.349569495694957,-0.2600246002460025,-0.2944649446494465,-0.16851168511685122,-0.15670356703567034,-0.3756457564575646,-0.4932349323493235,-0.6186961869618697,-0.7234932349323493,0.5884378843788438,0.0
-0.2226322263222632,-0.349569495694957,-0.2600246002460025,-0.2944649446494465,-0.16851168511685122,-0.15670356703567034,-0.3756457564575646,-0.4932349323493235,-0.6186961869618697,-0.7234932349323493,-0.6127921279212792,0.566789667896679,0.0
-0.349569495694957,-0.2600246002460025,-0.2944649446494465,-0.16851168511685122,-0.15670356703567034,-0.3756457564575646,-0.4932349323493235,-0.6186961869618697,-0.7234932349323493,-0.6127921279212792,-0.5842558425584257,0.566789667896679,0.0
-0.2600246002460025,-0.2944649446494465,-0.16851168511685122,-0.15670356703567034,-0.3756457564575646,-0.4932349323493235,-0.6186961869618697,-0.7234932349323493,-0.6127921279212792,-0.5842558425584257,-0.420910209102091,0.566789667896679,0.0
-0.2944649446494465,-0.16851168511685122,-0.15670356703567034,-0.3756457564575646,-0.4932349323493235,-0.6186961869618697,-0.7234932349323493,-0.6127921279212792,-0.5842558425584257,-0.420910209102091,-0.42484624846248464,0.566789667896679,0.0
-0.16851168511685122,-0.15670356703567034,-0.3756457564575646,-0.4932349323493235,-0.6186961869618697,-0.7234932349323493,-0.6127921279212792,-0.5842558425584257,-0.420910209102091,-0.42484624846248464,-0.4479704797047971,0.566789667896679,2.0
-0.15670356703567034,-0.3756457564575646,-0.4932349323493235,-0.6186961869618697,-0.7234932349323493,-0.6127921279212792,-0.5842558425584257,-0.420910209102091,-0.42484624846248464,-0.4479704797047971,-0.4745387453874539,0.566789667896679,2.0
-0.3756457564575646,-0.4932349323493235,-0.6186961869618697,-0.7234932349323493,-0.6127921279212792,-0.5842558425584257,-0.420910209102091,-0.42484624846248464,-0.4479704797047971,-0.4745387453874539,-0.48487084870848707,0.3478474784747847,2.0
-0.4932349323493235,-0.6186961869618697,-0.7234932349323493,-0.6127921279212792,-0.5842558425584257,-0.420910209102091,-0.42484624846248464,-0.4479704797047971,-0.4745387453874539,-0.48487084870848707,-0.5109471094710947,0.3025830258302583,0.0
-0.6186961869618697,-0.7234932349323493,-0.6127921279212792,-0.5842558425584257,-0.420910209102091,-0.42484624846248464,-0.4479704797047971,-0.4745387453874539,-0.48487084870848707,-0.5109471094710947,-0.3820418204182042,0.34145141451414507,0.0
-0.7234932349323493,-0.6127921279212792,-0.5842558425584257,-0.420910209102091,-0.42484624846248464,-0.4479704797047971,-0.4745387453874539,-0.48487084870848707,-0.5109471094710947,-0.3820418204182042,-0.20196801968019684,0.5215252152521525,0.0
-0.6127921279212792,-0.5842558425584257,-0.420910209102091,-0.42484624846248464,-0.4479704797047971,-0.4745387453874539,-0.48487084870848707,-0.5109471094710947,-0.3820418204182042,-0.20196801968019684,-0.36875768757687577,0.4108241082410824,0.0
-0.5842558425584257,-0.420910209102091,-0.42484624846248464,-0.4479704797047971,-0.4745387453874539,-0.48487084870848707,-0.5109471094710947,-0.3820418204182042,-0.20196801968019684,-0.36875768757687577,-0.580319803198032,0.3822878228782288,0.0
-0.420910209102091,-0.42484624846248464,-0.4479704797047971,-0.4745387453874539,-0.48487084870848707,-0.5109471094710947,-0.3820418204182042,-0.20196801968019684,-0.36875768757687577,-0.580319803198032,-0.6142681426814268,0.41230012300123,2.0
-0.42484624846248464,-0.4479704797047971,-0.4745387453874539,-0.48487084870848707,-0.5109471094710947,-0.3820418204182042,-0.20196801968019684,-0.36875768757687577,-0.580319803198032,-0.6142681426814268,-0.6678966789667897,0.4659286592865929,2.0
-0.4479704797047971,-0.4745387453874539,-0.48487084870848707,-0.5109471094710947,-0.3820418204182042,-0.20196801968019684,-0.36875768757687577,-0.580319803198032,-0.6142681426814268,-0.6678966789667897,-0.548339483394834,0.4659286592865929,0.0
-0.4745387453874539,-0.48487084870848707,-0.5109471094710947,-0.3820418204182042,-0.20196801968019684,-0.36875768757687577,-0.580319803198032,-0.6142681426814268,-0.6678966789667897,-0.548339483394834,-0.4179581795817958,0.4659286592865929,0.0
-0.48487084870848707,-0.5109471094710947,-0.3820418204182042,-0.20196801968019684,-0.36875768757687577,-0.580319803198032,-0.6142681426814268,-0.6678966789667897,-0.548339483394834,-0.4179581795817958,-0.38696186961869616,0.4659286592865929,0.0
-0.5109471094710947,-0.3820418204182042,-0.20196801968019684,-0.36875768757687577,-0.580319803198032,-0.6142681426814268,-0.6678966789667897,-0.548339483394834,-0.4179581795817958,-0.38696186961869616,-0.48831488314883154,0.4659286592865929,0.0
-0.3820418204182042,-0.20196801968019684,-0.36875768757687577,-0.580319803198032,-0.6142681426814268,-0.6678966789667897,-0.548339483394834,-0.4179581795817958,-0.38696186961869616,-0.48831488314883154,-0.6487084870848708,0.4659286592865929,2.0
-0.20196801968019684,-0.36875768757687577,-0.580319803198032,-0.6142681426814268,-0.6678966789667897,-0.548339483394834,-0.4179581795817958,-0.38696186961869616,-0.48831488314883154,-0.6487084870848708,-0.7800738007380074,0.5781057810578105,2.0
-0.36875768757687577,-0.580319803198032,-0.6142681426814268,-0.6678966789667897,-0.548339483394834,-0.4179581795817958,-0.38696186961869616,-0.48831488314883154,-0.6487084870848708,-0.7800738007380074,-0.7869618696186962,0.4182041820418204,2.0
-0.580319803198032,-0.6142681426814268,-0.6678966789667897,-0.548339483394834,-0.4179581795817958,-0.38696186961869616,-0.48831488314883154,-0.6487084870848708,-0.7800738007380074,-0.7869618696186962,-0.8041820418204182,0.41722017220172203,0.0
-0.6142681426814268,-0.6678966789667897,-0.548339483394834,-0.4179581795817958,-0.38696186961869616,-0.48831488314883154,-0.6487084870848708,-0.7800738007380074,-0.7869618696186962,-0.8041820418204182,-0.6551045510455105,0.41722017220172203,0.0
-0.6678966789667897,-0.548339483394834,-0.4179581795817958,-0.38696186961869616,-0.48831488314883154,-0.6487084870848708,-0.7800738007380074,-0.7869618696186962,-0.8041820418204182,-0.6551045510455105,-0.4543665436654366,0.41722017220172203,0.0
-0.548339483394834,-0.4179581795817958,-0.38696186961869616,-0.48831488314883154,-0.6487084870848708,-0.7800738007380074,-0.7869618696186962,-0.8041820418204182,-0.6551045510455105,-0.4543665436654366,-0.6388683886838868,0.41722017220172203,0.0
-0.4179581795817958,-0.38696186961869616,-0.48831488314883154,-0.6487084870848708,-0.7800738007380074,-0.7869618696186962,-0.8041820418204182,-0.6551045510455105,-0.4543665436654366,-0.6388683886838868,-0.7968019680196802,0.41722017220172203,0.0
-0.38696186961869616,-0.48831488314883154,-0.6487084870848708,-0.7800738007380074,-0.7869618696186962,-0.8041820418204182,-0.6551045510455105,-0.4543665436654366,-0.6388683886838868,-0.7968019680196802,-1.0,0.6130381303813038,2.0
-0.48831488314883154,-0.6487084870848708,-0.7800738007380074,-0.7869618696186962,-0.8041820418204182,-0.6551045510455105,-0.4543665436654366,-0.6388683886838868,-0.7968019680196802,-1.0,-1.0,0.5456334563345634,2.0
-0.6487084870848708,-0.7800738007380074,-0.7869618696186962,-0.8041820418204182,-0.6551045510455105,-0.4543665436654366,-0.6388683886838868,-0.7968019680196802,-1.0,-1.0,-1.0,0.5456334563345634,0.0
-0.7800738007380074,-0.7869618696186962,-0.8041820418204182,-0.6551045510455105,-0.4543665436654366,-0.6388683886838868,-0.7968019680196802,-1.0,-1.0,-1.0,-0.8705473501303215,0.5456334563345634,0.0
-0.7869618696186962,-0.8041820418204182,-0.6551045510455105,-0.4543665436654366,-0.6388683886838868,-0.7968019680196802,-1.0,-1.0,-1.0,-0.8705473501303215,-0.7693310165073849,0.5456334563345634,0.0
-0.8041820418204182,-0.6551045510455105,-0.4543665436654366,-0.6388683886838868,-0.7968019680196802,-1.0,-1.0,-1.0,-0.8705473501303215,-0.7693310165073849,-0.6494352736750652,0.5456334563345634,0.0
-0.6551045510455105,-0.4543665436654366,-0.6388683886838868,-0.7968019680196802,-1.0,-1.0,-1.0,-0.8705473501303215,-0.7693310165073849,-0.6494352736750652,-0.7467419635099913,0.5456334563345634,0.0
-0.4543665436654366,-0.6388683886838868,-0.7968019680196802,-1.0,-1.0,-1.0,-0.8705473501303215,-0.7693310165073849,-0.6494352736750652,-0.7467419635099913,-0.8887923544743701,0.5456334563345634,2.0
-0.6388683886838868,-0.7968019680196802,-1.0,-1.0,-1.0,-0.8705473501303215,-0.7693310165073849,-0.6494352736750652,-0.7467419635099913,-0.8887923544743701,-1.0,0.36113161131611315,2.0
-0.7968019680196802,-1.0,-1.0,-1.0,-0.8705473501303215,-0.7693310165073849,-0.6494352736750652,-0.7467419635099913,-0.8887923544743701,-1.0,-1.0,0.35056472632493485,2.0
-1.0,-1.0,-1.0,-0.8705473501303215,-0.7693310165073849,-0.6494352736750652,-0.7467419635099913,-0.8887923544743701,-1.0,-1.0,-0.8173139509655023,0.35056472632493485,0.0
-1.0,-1.0,-0.8705473501303215,-0.7693310165073849,-0.6494352736750652,-0.7467419635099913,-0.8887923544743701,-1.0,-1.0,-0.8173139509655023,-0.6554567151225863,0.35056472632493485,0.0
-1.0,-0.8705473501303215,-0.7693310165073849,-0.6494352736750652,-0.7467419635099913,-0.8887923544743701,-1.0,-1.0,-0.8173139509655023,-0.6554567151225863,-0.657192449555218,0.35056472632493485,0.0
-0.8705473501303215,-0.7693310165073849,-0.6494352736750652,-0.7467419635099913,-0.8887923544743701,-1.0,-1.0,-0.8173139509655023,-0.6554567151225863,-0.657192449555218,-0.7500542417010198,0.35056472632493485,2.0
-0.7693310165073849,-0.6494352736750652,-0.7467419635099913,-0.8887923544743701,-1.0,-1.0,-0.8173139509655023,-0.6554567151225863,-0.657192449555218,-0.7500542417010198,-0.7990887394228683,0.35056472632493485,2.0
-0.6494352736750652,-0.7467419635099913,-0.8887923544743701,-1.0,-1.0,-0.8173139509655023,-0.6554567151225863,-0.657192449555218,-0.7500542417010198,-0.7990887394228683,-0.9418528965068345,0.35056472632493485,2.0
-0.7467419635099913,-0.8887923544743701,-1.0,-1.0,-0.8173139509655023,-0.6554567151225863,-0.657192449555218,-0.7500542417010198,-0.7990887394228683,-0.9418528965068345,-0.8654805814710349,0.3445432848774137,0.0
-0.8887923544743701,-1.0,-1.0,-0.8173139509655023,-0.6554567151225863,-0.657192449555218,-0.7500542417010198,-0.7990887394228683,-0.9418528965068345,-0.8654805814710349,-0.9093078758949881,0.3445432848774137,0.0
-1.0,-1.0,-0.8173139509655023,-0.6554567151225863,-0.657192449555218,-0.7500542417010198,-0.7990887394228683,-0.9418528965068345,-0.8654805814710349,-0.9093078758949881,-0.7131698850075938,0.3445432848774137,0.0
-1.0,-0.8173139509655023,-0.6554567151225863,-0.657192449555218,-0.7500542417010198,-0.7990887394228683,-0.9418528965068345,-0.8654805814710349,-0.9093078758949881,-0.7131698850075938,-0.6862660013018008,0.3445432848774137,0.0
-0.8173139509655023,-0.6554567151225863,-0.657192449555218,-0.7500542417010198,-0.7990887394228683,-0.9418528965068345,-0.8654805814710349,-0.9093078758949881,-0.7131698850075938,-0.6862660013018008,-0.6203080928617921,0.32154480364504234,2.0
-0.6554567151225863,-0.657192449555218,-0.7500542417010198,-0.7990887394228683,-0.9418528965068345,-0.8654805814710349,-0.9093078758949881,-0.7131698850075938,-0.6862660013018008,-0.6203080928617921,-0.7144716858320677,0.32154480364504234,2.0
-0.657192449555218,-0.7500542417010198,-0.7990887394228683,-0.9418528965068345,-0.8654805814710349,-0.9093078758949881,-0.7131698850075938,-0.6862660013018008,-0.6203080928617921,-0.7144716858320677,-0.9019310045563029,0.32154480364504234,2.0
-0.7500542417010198,-0.7990887394228683,-0.9418528965068345,-0.8654805814710349,-0.9093078758949881,-0.7131698850075938,-0.6862660013018008,-0.6203080928617921,-0.7144716858320677,-0.9019310045563029,-0.8672163159036668,0.32154480364504234,2.0
-0.7990887394228683,-0.9418528965068345,-0.8654805814710349,-0.9093078758949881,-0.7131698850075938,-0.6862660013018008,-0.6203080928617921,-0.7144716858320677,-0.9019310045563029,-0.8672163159036668,-0.7622043827294425,0.32154480364504234,2.0
-0.9418528965068345,-0.8654805814710349,-0.9093078758949881,-0.7131698850075938,-0.6862660013018008,-0.6203080928617921,-0.7144716858320677,-0.9019310045563029,-0.8672163159036668,-0.7622043827294425,-0.6615317856367975,0.32154480364504234,0.0
-0.8654805814710349,-0.9093078758949881,-0.7131698850075938,-0.6862660013018008,-0.6203080928617921,-0.7144716858320677,-0.9019310045563029,-0.8672163159036668,-0.7622043827294425,-0.6615317856367975,-0.7339986981991755,0.28899978303319596,0.0
-0.9093078758949881,-0.7131698850075938,-0.6862660013018008,-0.6203080928617921,-0.7144716858320677,-0.9019310045563029,-0.8672163159036668,-0.7622043827294425,-0.6615317856367975,-0.7339986981991755,-0.6584942503796919,0.28899978303319596,2.0
-0.7131698850075938,-0.6862660013018008,-0.6203080928617921,-0.7144716858320677,-0.9019310045563029,-0.8672163159036668,-0.7622043827294425,-0.6615317856367975,-0.7339986981991755,-0.6584942503796919,-0.7596007810804947,0.2816229116945108,2.0
-0.6862660013018008,-0.6203080928617921,-0.7144716858320677,-0.9019310045563029,-0.8672163159036668,-0.7622043827294425,-0.6615317856367975,-0.7339986981991755,-0.6584942503796919,-0.7596007810804947,-0.8845736602299848,0.2816229116945108,2.0
-0.6203080928617921,-0.7144716858320677,-0.9019310045563029,-0.8672163159036668,-0.7622043827294425,-0.6615317856367975,-0.7339986981991755,-0.6584942503796919,-0.7596007810804947,-0.8845736602299848,-0.9106096767194619,0.2903015838576698,2.0
-0.7144716858320677,-0.9019310045563029,-0.8672163159036668,-0.7622043827294425,-0.6615317856367975,-0.7339986981991755,-0.6584942503796919,-0.7596007810804947,-0.8845736602299848,-0.9106096767194619,-0.8121067476676068,0.25211542633977,2.0
-0.9019310045563029,-0.8672163159036668,-0.7622043827294425,-0.6615317856367975,-0.7339986981991755,-0.6584942503796919,-0.7596007810804947,-0.8845736602299848,-0.9106096767194619,-0.8121067476676068,-0.7831928945570485,0.25211542633977,0.0
-0.8672163159036668,-0.7622043827294425,-0.6615317856367975,-0.7339986981991755,-0.6584942503796919,-0.7596007810804947,-0.8845736602299848,-0.9106096767194619,-0.8121067476676068,-0.7831928945570485,-0.6903846153846154,0.25211542633977,0.0
-0.7622043827294425,-0.6615317856367975,-0.7339986981991755,-0.6584942503796919,-0.7596007810804947,-0.8845736602299848,-0.9106096767194619,-0.8121067476676068,-0.7831928945570485,-0.6903846153846154,-0.6656200941915227,0.25211542633977,0.0
-0.6615317856367975,-0.7339986981991755,-0.6584942503796919,-0.7596007810804947,-0.8845736602299848,-0.9106096767194619,-0.8121067476676068,-0.7831928945570485,-0.6903846153846154,-0.6656200941915227,-0.8863512778684067,0.25211542633977,2.0
-0.7339986981991755,-0.6584942503796919,-0.7596007810804947,-0.8845736602299848,-0.9106096767194619,-0.8121067476676068,-0.7831928945570485,-0.6903846153846154,-0.6656200941915227,-0.8863512778684067,-0.9853181076672104,0.3268238572875185,2.0
-0.6584942503796919,-0.7596007810804947,-0.8845736602299848,-0.9106096767194619,-0.8121067476676068,-0.7831928945570485,-0.6903846153846154,-0.6656200941915227,-0.8863512778684067,-0.9853181076672104,-1.0,0.3415057496203081,2.0
-0.7596007810804947,-0.8845736602299848,-0.9106096767194619,-0.8121067476676068,-0.7831928945570485,-0.6903846153846154,-0.6656200941915227,-0.8863512778684067,-0.9853181076672104,-1.0,-0.8581743166580712,0.3343799058084773,2.0
-0.8845736602299848,-0.9106096767194619,-0.8121067476676068,-0.7831928945570485,-0.6903846153846154,-0.6656200941915227,-0.8863512778684067,-0.9853181076672104,-1.0,-0.8581743166580712,-0.8107271789582259,0.3343799058084773,0.0
-0.9106096767194619,-0.8121067476676068,-0.7831928945570485,-0.6903846153846154,-0.6656200941915227,-0.8863512778684067,-0.9853181076672104,-1.0,-0.8581743166580712,-0.8107271789582259,-0.6926250644662197,0.3343799058084773,0.0
-0.8121067476676068,-0.7831928945570485,-0.6903846153846154,-0.6656200941915227,-0.8863512778684067,-0.9853181076672104,-1.0,-0.8581743166580712,-0.8107271789582259,-0.6926250644662197,-0.6591026302217637,0.34089736977823626,0.0
-0.7831928945570485,-0.6903846153846154,-0.6656200941915227,-0.8863512778684067,-0.9853181076672104,-1.0,-0.8581743166580712,-0.8107271789582259,-0.6926250644662197,-0.6591026302217637,-0.8793192367199587,0.34089736977823626,2.0
-0.6903846153846154,-0.6656200941915227,-0.8863512778684067,-0.9853181076672104,-1.0,-0.8581743166580712,-0.8107271789582259,-0.6926250644662197,-0.6591026302217637,-0.8793192367199587,-0.9932955131511089,0.34089736977823626,2.0
-0.6656200941915227,-0.8863512778684067,-0.9853181076672104,-1.0,-0.8581743166580712,-0.8107271789582259,-0.6926250644662197,-0.6591026302217637,-0.8793192367199587,-0.9932955131511089,-0.9788550799381124,0.34089736977823626,2.0
-0.8863512778684067,-0.9853181076672104,-1.0,-0.8581743166580712,-0.8107271789582259,-0.6926250644662197,-0.6591026302217637,-0.8793192367199587,-0.9932955131511089,-0.9788550799381124,-0.8231046931407943,0.34089736977823626,2.0
-0.9853181076672104,-1.0,-0.8581743166580712,-0.8107271789582259,-0.6926250644662197,-0.6591026302217637,-0.8793192367199587,-0.9932955131511089,-0.9788550799381124,-0.8231046931407943,-0.5054151624548737,0.4945848375451263,0.0
-1.0,-0.8581743166580712,-0.8107271789582259,-0.6926250644662197,-0.6591026302217637,-0.8793192367199587,-0.9932955131511089,-0.9788550799381124,-0.8231046931407943,-0.5054151624548737,-0.2929345023207839,0.7070654976792161,0.0
-0.8581743166580712,-0.8107271789582259,-0.6926250644662197,-0.6591026302217637,-0.8793192367199587,-0.9932955131511089,-0.9788550799381124,-0.8231046931407943,-0.5054151624548737,-0.2929345023207839,-0.3243940175348118,0.700361010830325,0.0
-0.8107271789582259,-0.6926250644662197,-0.6591026302217637,-0.8793192367199587,-0.9932955131511089,-0.9788550799381124,-0.8231046931407943,-0.5054151624548737,-0.2929345023207839,-0.3243940175348118,-0.4497163486333161,0.700361010830325,2.0
-0.6926250644662197,-0.6591026302217637,-0.8793192367199587,-0.9932955131511089,-0.9788550799381124,-0.8231046931407943,-0.5054151624548737,-0.2929345023207839,-0.3243940175348118,-0.4497163486333161,-0.589994842702424,0.700361010830325,2.0
-0.6591026302217637,-0.8793192367199587,-0.9932955131511089,-0.9788550799381124,-0.8231046931407943,-0.5054151624548737,-0.2929345023207839,-0.3243940175348118,-0.4497163486333161,-0.589994842702424,-0.5827746260959257,0.700361010830325,2.0
-0.8793192367199587,-0.9932955131511089,-0.9788550799381124,-0.8231046931407943,-0.5054151624548737,-0.2929345023207839,-0.3243940175348118,-0.4497163486333161,-0.589994842702424,-0.5827746260959257,-0.44146467251160393,0.700361010830325,0.0
-0.9932955131511089,-0.9788550799381124,-0.8231046931407943,-0.5054151624548737,-0.2929345023207839,-0.3243940175348118,-0.4497163486333161,-0.589994842702424,-0.5827746260959257,-0.44146467251160393,-0.2980917998968541,0.700361010830325,0.0
-0.9788550799381124,-0.8231046931407943,-0.5054151624548737,-0.2929345023207839,-0.3243940175348118,-0.4497163486333161,-0.589994842702424,-0.5827746260959257,-0.44146467251160393,-0.2980917998968541,-0.027716186252771613,0.9511388936853408,0.0
-0.8231046931407943,-0.5054151624548737,-0.2929345023207839,-0.3243940175348118,-0.4497163486333161,-0.589994842702424,-0.5827746260959257,-0.44146467251160393,-0.2980917998968541,-0.027716186252771613,-0.07815964523281593,0.7953885068880227,2.0
-0.5054151624548737,-0.2929345023207839,-0.3243940175348118,-0.4497163486333161,-0.589994842702424,-0.5827746260959257,-0.44146467251160393,-0.2980917998968541,-0.027716186252771613,-0.07815964523281593,-0.1352549889135255,0.5622786564496524,2.0
-0.2929345023207839,-0.3243940175348118,-0.4497163486333161,-0.589994842702424,-0.5827746260959257,-0.44146467251160393,-0.2980917998968541,-0.027716186252771613,-0.07815964523281593,-0.1352549889135255,-0.5099778270509978,0.5622786564496524,2.0
-0.3243940175348118,-0.4497163486333161,-0.589994842702424,-0.5827746260959257,-0.44146467251160393,-0.2980917998968541,-0.027716186252771613,-0.07815964523281593,-0.1352549889135255,-0.5099778270509978,-0.5992239467849224,0.5715077605321508,2.0
-0.4497163486333161,-0.589994842702424,-0.5827746260959257,-0.44146467251160393,-0.2980917998968541,-0.027716186252771613,-0.07815964523281593,-0.1352549889135255,-0.5099778270509978,-0.5992239467849224,-0.6480044345898004,0.6202882483370288,2.0
-0.589994842702424,-0.5827746260959257,-0.44146467251160393,-0.2980917998968541,-0.027716186252771613,-0.07815964523281593,-0.1352549889135255,-0.5099778270509978,-0.5992239467849224,-0.6480044345898004,-0.5077605321507761,0.6202882483370288,0.0
-0.5827746260959257,-0.44146467251160393,-0.2980917998968541,-0.027716186252771613,-0.07815964523281593,-0.1352549889135255,-0.5099778270509978,-0.5992239467849224,-0.6480044345898004,-0.5077605321507761,-0.2876940133037694,0.6202882483370288,0.0
-0.44146467251160393,-0.2980917998968541,-0.027716186252771613,-0.07815964523281593,-0.1352549889135255,-0.5099778270509978,-0.5992239467849224,-0.6480044345898004,-0.5077605321507761,-0.2876940133037694,-0.24337205838546316,0.6202882483370288,0.0
-0.2980917998968541,-0.027716186252771613,-0.07815964523281593,-0.1352549889135255,-0.5099778270509978,-0.5992239467849224,-0.6480044345898004,-0.5077605321507761,-0.2876940133037694,-0.24337205838546316,-0.3839532739010144,0.6202882483370288,0.0
-0.027716186252771613,-0.07815964523281593,-0.1352549889135255,-0.5099778270509978,-0.5992239467849224,-0.6480044345898004,-0.5077605321507761,-0.2876940133037694,-0.24337205838546316,-0.3839532739010144,-0.75046904315197,0.7227528568991984,2.0
-0.07815964523281593,-0.1352549889135255,-0.5099778270509978,-0.5992239467849224,-0.6480044345898004,-0.5077605321507761,-0.2876940133037694,-0.24337205838546316,-0.3839532739010144,-0.75046904315197,-0.7554721701063165,0.6773125248735006,2.0
-0.1352549889135255,-0.5099778270509978,-0.5992239467849224,-0.6480044345898004,-0.5077605321507761,-0.2876940133037694,-0.24337205838546316,-0.3839532739010144,-0.75046904315197,-0.7554721701063165,-0.541588492808005,0.620217181192791,2.0
-0.5099778270509978,-0.5992239467849224,-0.6480044345898004,-0.5077605321507761,-0.2876940133037694,-0.24337205838546316,-0.3839532739010144,-0.75046904315197,-0.7554721701063165,-0.541588492808005,-0.09990604447228313,0.6555661256340334,0.0
-0.5992239467849224,-0.6480044345898004,-0.5077605321507761,-0.2876940133037694,-0.24337205838546316,-0.3839532739010144,-0.75046904315197,-0.7554721701063165,-0.541588492808005,-0.09990604447228313,-0.017015706806282727,0.7384564633000338,0.0
-0.6480044345898004,-0.5077605321507761,-0.2876940133037694,-0.24337205838546316,-0.3839532739010144,-0.75046904315197,-0.7554721701063165,-0.541588492808005,-0.09990604447228313,-0.017015706806282727,0.14336917562724016,0.8988413457335567,0.0
-0.5077605321507761,-0.2876940133037694,-0.24337205838546316,-0.3839532739010144,-0.75046904315197,-0.7554721701063165,-0.541588492808005,-0.09990604447228313,-0.017015706806282727,0.14336917562724016,-0.09352517985611508,0.8988413457335567,2.0
-0.2876940133037694,-0.24337205838546316,-0.3839532739010144,-0.75046904315197,-0.7554721701063165,-0.541588492808005,-0.09990604447228313,-0.017015706806282727,0.14336917562724016,-0.09352517985611508,-0.36530775379696245,0.8988413457335567,2.0
-0.24337205838546316,-0.3839532739010144,-0.75046904315197,-0.7554721701063165,-0.541588492808005,-0.09990604447228313,-0.017015706806282727,0.14336917562724016,-0.09352517985611508,-0.36530775379696245,-0.23661071143085532,0.8988413457335567,2.0
-0.3839532739010144,-0.75046904315197,-0.7554721701063165,-0.541588492808005,-0.09990604447228313,-0.017015706806282727,0.14336917562724016,-0.09352517985611508,-0.36530775379696245,-0.23661071143085532,-0.3069544364508393,0.8988413457335567,2.0
-0.75046904315197,-0.7554721701063165,-0.541588492808005,-0.09990604447228313,-0.017015706806282727,0.14336917562724016,-0.09352517985611508,-0.36530775379696245,-0.23661071143085532,-0.3069544364508393,-0.11270983213429253,0.8988413457335567,0.0
-0.7554721701063165,-0.541588492808005,-0.09990604447228313,-0.017015706806282727,0.14336917562724016,-0.09352517985611508,-0.36530775379696245,-0.23661071143085532,-0.3069544364508393,-0.11270983213429253,0.17106314948041557,0.9265353195867321,0.0
-0.541588492808005,-0.09990604447228313,-0.017015706806282727,0.14336917562724016,-0.09352517985611508,-0.36530775379696245,-0.23661071143085532,-0.3069544364508393,-0.11270983213429253,0.17106314948041557,0.2917665867306156,0.8333550795386206,2.0
-0.09990604447228313,-0.017015706806282727,0.14336917562724016,-0.09352517985611508,-0.36530775379696245,-0.23661071143085532,-0.3069544364508393,-0.11270983213429253,0.17106314948041557,0.2917665867306156,0.1766586730615507,0.6570743405275781,2.0
-0.017015706806282727,0.14336917562724016,-0.09352517985611508,-0.36530775379696245,-0.23661071143085532,-0.3069544364508393,-0.11270983213429253,0.17106314948041557,0.2917665867306156,0.1766586730615507,-0.22781774580335734,0.6570743405275781,2.0
0.14336917562724016,-0.09352517985611508,-0.36530775379696245,-0.23661071143085532,-0.3069544364508393,-0.11270983213429253,0.17106314948041557,0.2917665867306156,0.1766586730615507,-0.22781774580335734,-0.4620303756994405,0.7537969624300561,2.0
-0.09352517985611508,-0.36530775379696245,-0.23661071143085532,-0.3069544364508393,-0.11270983213429253,0.17106314948041557,0.2917665867306156,0.1766586730615507,-0.22781774580335734,-0.4620303756994405,-0.44284572342126294,0.7537969624300561,2.0
-0.36530775379696245,-0.23661071143085532,-0.3069544364508393,-0.11270983213429253,0.17106314948041557,0.2917665867306156,0.1766586730615507,-0.22781774580335734,-0.4620303756994405,-0.44284572342126294,-0.302158273381295,0.7537969624300561,0.0
-0.23661071143085532,-0.3069544364508393,-0.11270983213429253,0.17106314948041557,0.2917665867306156,0.1766586730615507,-0.22781774580335734,-0.4620303756994405,-0.44284572342126294,-0.302158273381295,-0.24060751398880897,0.7537969624300561,0.0
-0.3069544364508393,-0.11270983213429253,0.17106314948041557,0.2917665867306156,0.1766586730615507,-0.22781774580335734,-0.4620303756994405,-0.44284572342126294,-0.302158273381295,-0.24060751398880897,-0.2549960031974421,0.7537969624300561,0.0
-0.11270983213429253,0.17106314948041557,0.2917665867306156,0.1766586730615507,-0.22781774580335734,-0.4620303756994405,-0.44284572342126294,-0.302158273381295,-0.24060751398880897,-0.2549960031974421,-0.45083932853717024,0.7537969624300561,2.0
0.17106314948041557,0.2917665867306156,0.1766586730615507,-0.22781774580335734,-0.4620303756994405,-0.44284572342126294,-0.302158273381295,-0.24060751398880897,-0.2549960031974421,-0.45083932853717024,-0.5323741007194245,0.8241406874500401,2.0
0.2917665867306156,0.1766586730615507,-0.22781774580335734,-0.4620303756994405,-0.44284572342126294,-0.302158273381295,-0.24060751398880897,-0.2549960031974421,-0.45083932853717024,-0.5323741007194245,-0.7026378896882495,0.9944044764188651,2.0
0.1766586730615507,-0.22781774580335734,-0.4620303756994405,-0.44284572342126294,-0.302158273381295,-0.24060751398880897,-0.2549960031974421,-0.45083932853717024,-0.5323741007194245,-0.7026378896882495,-0.657074340527578,0.8792965627498002,0.0
-0.22781774580335734,-0.4620303756994405,-0.44284572342126294,-0.302158273381295,-0.24060751398880897,-0.2549960031974421,-0.45083932853717024,-0.5323741007194245,-0.7026378896882495,-0.657074340527578,-0.6490807354116707,0.47482014388489213,0.0
-0.4620303756994405,-0.44284572342126294,-0.302158273381295,-0.24060751398880897,-0.2549960031974421,-0.45083932853717024,-0.5323741007194245,-0.7026378896882495,-0.657074340527578,-0.6490807354116707,-0.44204636290967225,0.4620303756994405,0.0
-0.44284572342126294,-0.302158273381295,-0.24060751398880897,-0.2549960031974421,-0.45083932853717024,-0.5323741007194245,-0.7026378896882495,-0.657074340527578,-0.6490807354116707,-0.44204636290967225,-0.5619504396482814,0.4620303756994405,0.0
-0.302158273381295,-0.24060751398880897,-0.2549960031974421,-0.45083932853717024,-0.5323741007194245,-0.7026378896882495,-0.657074340527578,-0.6490807354116707,-0.44204636290967225,-0.5619504396482814,-0.8808952837729817,0.6402877697841727,2.0
-0.24060751398880897,-0.2549960031974421,-0.45083932853717024,-0.5323741007194245,-0.7026378896882495,-0.657074340527578,-0.6490807354116707,-0.44204636290967225,-0.5619504396482814,-0.8808952837729817,-0.9256594724220624,0.6850519584332534,2.0
-0.2549960031974421,-0.45083932853717024,-0.5323741007194245,-0.7026378896882495,-0.657074340527578,-0.6490807354116707,-0.44204636290967225,-0.5619504396482814,-0.8808952837729817,-0.9256594724220624,-1.0,0.7450039968025579,2.0
-0.45083932853717024,-0.5323741007194245,-0.7026378896882495,-0.657074340527578,-0.6490807354116707,-0.44204636290967225,-0.5619504396482814,-0.8808952837729817,-0.9256594724220624,-1.0,-0.7563183704262543,0.5579536370903277,0.0
-0.5323741007194245,-0.7026378896882495,-0.657074340527578,-0.6490807354116707,-0.44204636290967225,-0.5619504396482814,-0.8808952837729817,-0.9256594724220624,-1.0,-0.7563183704262543,-0.3821199547340626,0.6178800452659374,0.0
-0.7026378896882495,-0.657074340527578,-0.6490807354116707,-0.44204636290967225,-0.5619504396482814,-0.8808952837729817,-0.9256594724220624,-1.0,-0.7563183704262543,-0.3821199547340626,-0.20860052810260277,0.7913994718973972,0.0
-0.657074340527578,-0.6490807354116707,-0.44204636290967225,-0.5619504396482814,-0.8808952837729817,-0.9256594724220624,-1.0,-0.7563183704262543,-0.3821199547340626,-0.20860052810260277,-0.29913240286684273,0.7913994718973972,0.0
-0.6490807354116707,-0.44204636290967225,-0.5619504396482814,-0.8808952837729817,-0.9256594724220624,-1.0,-0.7563183704262543,-0.3821199547340626,-0.20860052810260277,-0.29913240286684273,-0.30969445492267067,0.7913994718973972,2.0
-0.44204636290967225,-0.5619504396482814,-0.8808952837729817,-0.9256594724220624,-1.0,-0.7563183704262543,-0.3821199547340626,-0.20860052810260277,-0.29913240286684273,-0.30969445492267067,-0.5993964541682384,0.7913994718973972,2.0
-0.5619504396482814,-0.8808952837729817,-0.9256594724220624,-1.0,-0.7563183704262543,-0.3821199547340626,-0.20860052810260277,-0.29913240286684273,-0.30969445492267067,-0.5993964541682384,-0.5013202565069785,0.7913994718973972,2.0
-0.8808952837729817,-0.9256594724220624,-1.0,-0.7563183704262543,-0.3821199547340626,-0.20860052810260277,-0.29913240286684273,-0.30969445492267067,-0.5993964541682384,-0.5013202565069785,-0.6371180686533384,0.7913994718973972,0.0
-0.9256594724220624,-1.0,-0.7563183704262543,-0.3821199547340626,-0.20860052810260277,-0.29913240286684273,-0.30969445492267067,-0.5993964541682384,-0.5013202565069785,-0.6371180686533384,-0.47793285552621656,0.7913994718973972,0.0
-1.0,-0.7563183704262543,-0.3821199547340626,-0.20860052810260277,-0.29913240286684273,-0.30969445492267067,-0.5993964541682384,-0.5013202565069785,-0.6371180686533384,-0.47793285552621656,-0.1391927574500189,0.8608072425499811,0.0
-0.7563183704262543,-0.3821199547340626,-0.20860052810260277,-0.29913240286684273,-0.30969445492267067,-0.5993964541682384,-0.5013202565069785,-0.6371180686533384,-0.47793285552621656,-0.1391927574500189,-0.2576386269332327,0.6171256129762354,0.0
-0.3821199547340626,-0.20860052810260277,-0.29913240286684273,-0.30969445492267067,-0.5993964541682384,-0.5013202565069785,-0.6371180686533384,-0.47793285552621656,-0.1391927574500189,-0.2576386269332327,-0.29309694454922675,0.4979253112033195,0.0
-0.20860052810260277,-0.29913240286684273,-0.30969445492267067,-0.5993964541682384,-0.5013202565069785,-0.6371180686533384,-0.47793285552621656,-0.1391927574500189,-0.2576386269332327,-0.29309694454922675,-0.4500188608072425,0.4979253112033195,2.0
-0.29913240286684273,-0.30969445492267067,-0.5993964541682384,-0.5013202565069785,-0.6371180686533384,-0.47793285552621656,-0.1391927574500189,-0.2576386269332327,-0.29309694454922675,-0.4500188608072425,-0.8008298755186722,0.6616371180686533,2.0
-0.30969445492267067,-0.5993964541682384,-0.5013202565069785,-0.6371180686533384,-0.47793285552621656,-0.1391927574500189,-0.2576386269332327,-0.29309694454922675,-0.4500188608072425,-0.8008298755186722,-0.7804602036967182,0.6616371180686533,0.0
-0.5993964541682384,-0.5013202565069785,-0.6371180686533384,-0.47793285552621656,-0.1391927574500189,-0.2576386269332327,-0.29309694454922675,-0.4500188608072425,-0.8008298755186722,-0.7804602036967182,-0.5971331572991324,0.6616371180686533,0.0
-0.5013202565069785,-0.6371180686533384,-0.47793285552621656,-0.1391927574500189,-0.2576386269332327,-0.29309694454922675,-0.4500188608072425,-0.8008298755186722,-0.7804602036967182,-0.5971331572991324,-0.4145605431912486,0.6616371180686533,0.0
-0.6371180686533384,-0.47793285552621656,-0.1391927574500189,-0.2576386269332327,-0.29309694454922675,-0.4500188608072425,-0.8008298755186722,-0.7804602036967182,-0.5971331572991324,-0.4145605431912486,-0.1467370803470388,0.6616371180686533,0.0
-0.47793285552621656,-0.1391927574500189,-0.2576386269332327,-0.29309694454922675,-0.4500188608072425,-0.8008298755186722,-0.7804602036967182,-0.5971331572991324,-0.4145605431912486,-0.1467370803470388,-0.40022632968691063,0.6616371180686533,2.0
-0.1391927574500189,-0.2576386269332327,-0.29309694454922675,-0.4500188608072425,-0.8008298755186722,-0.7804602036967182,-0.5971331572991324,-0.4145605431912486,-0.1467370803470388,-0.40022632968691063,-0.4131185270425777,0.6616371180686533,2.0
-0.2576386269332327,-0.29309694454922675,-0.4500188608072425,-0.8008298755186722,-0.7804602036967182,-0.5971331572991324,-0.4145605431912486,-0.1467370803470388,-0.40022632968691063,-0.4131185270425777,-0.637897967011891,0.6540927951716334,2.0
-0.29309694454922675,-0.4500188608072425,-0.8008298755186722,-0.7804602036967182,-0.5971331572991324,-0.4145605431912486,-0.1467370803470388,-0.40022632968691063,-0.4131185270425777,-0.637897967011891,-0.6394322976601458,0.6540927951716334,2.0
-0.4500188608072425,-0.8008298755186722,-0.7804602036967182,-0.5971331572991324,-0.4145605431912486,-0.1467370803470388,-0.40022632968691063,-0.4131185270425777,-0.637897967011891,-0.6394322976601458,-0.43229766014576143,0.6540927951716334,0.0
-0.8008298755186722,-0.7804602036967182,-0.5971331572991324,-0.4145605431912486,-0.1467370803470388,-0.40022632968691063,-0.4131185270425777,-0.637897967011891,-0.6394322976601458,-0.43229766014576143,-0.1806674338319908,0.6540927951716334,0.0
-0.7804602036967182,-0.5971331572991324,-0.4145605431912486,-0.1467370803470388,-0.40022632968691063,-0.4131185270425777,-0.637897967011891,-0.6394322976601458,-0.43229766014576143,-0.1806674338319908,-0.018028385116992673,0.7624318185797255,0.0
-0.5971331572991324,-0.4145605431912486,-0.1467370803470388,-0.40022632968691063,-0.4131185270425777,-0.637897967011891,-0.6394322976601458,-0.43229766014576143,-0.1806674338319908,-0.018028385116992673,0.05288270377733606,0.6923150014374818,2.0
-0.4145605431912486,-0.1467370803470388,-0.40022632968691063,-0.4131185270425777,-0.637897967011891,-0.6394322976601458,-0.43229766014576143,-0.1806674338319908,-0.018028385116992673,0.05288270377733606,-0.2930417495029821,0.6923150014374818,2.0
-0.1467370803470388,-0.40022632968691063,-0.4131185270425777,-0.637897967011891,-0.6394322976601458,-0.43229766014576143,-0.1806674338319908,-0.018028385116992673,0.05288270377733606,-0.2930417495029821,-0.5355864811133201,0.6923150014374818,2.0
-0.40022632968691063,-0.4131185270425777,-0.637897967011891,-0.6394322976601458,-0.43229766014576143,-0.1806674338319908,-0.018028385116992673,0.05288270377733606,-0.2930417495029821,-0.5355864811133201,-0.3964214711729622,0.6923150014374818,2.0
-0.4131185270425777,-0.637897967011891,-0.6394322976601458,-0.43229766014576143,-0.1806674338319908,-0.018028385116992673,0.05288270377733606,-0.2930417495029821,-0.5355864811133201,-0.3964214711729622,-0.45288270377733597,0.6923150014374818,2.0
-0.637897967011891,-0.6394322976601458,-0.43229766014576143,-0.1806674338319908,-0.018028385116992673,0.05288270377733606,-0.2930417495029821,-0.5355864811133201,-0.3964214711729622,-0.45288270377733597,-0.2333996023856859,0.6923150014374818,0.0
-0.6394322976601458,-0.43229766014576143,-0.1806674338319908,-0.018028385116992673,0.05288270377733606,-0.2930417495029821,-0.5355864811133201,-0.3964214711729622,-0.45288270377733597,-0.2333996023856859,-0.044135188866799235,0.6923150014374818,0.0
-0.43229766014576143,-0.1806674338319908,-0.018028385116992673,0.05288270377733606,-0.2930417495029821,-0.5355864811133201,-0.3964214711729622,-0.45288270377733597,-0.2333996023856859,-0.044135188866799235,0.03538767395626241,0.5884691848906561,2.0
-0.1806674338319908,-0.018028385116992673,0.05288270377733606,-0.2930417495029821,-0.5355864811133201,-0.3964214711729622,-0.45288270377733597,-0.2333996023856859,-0.044135188866799235,0.03538767395626241,-0.29463220675944335,0.5884691848906561,2.0
-0.018028385116992673,0.05288270377733606,-0.2930417495029821,-0.5355864811133201,-0.3964214711729622,-0.45288270377733597,-0.2333996023856859,-0.044135188866799235,0.03538767395626241,-0.29463220675944335,-0.5180914512922465,0.5884691848906561,2.0
0.05288270377733606,-0.2930417495029821,-0.5355864811133201,-0.3964214711729622,-0.45288270377733597,-0.2333996023856859,-0.044135188866799235,0.03538767395626241,-0.29463220675944335,-0.5180914512922465,-0.3876739562624254,0.5884691848906561,2.0
-0.2930417495029821,-0.5355864811133201,-0.3964214711729622,-0.45288270377733597,-0.2333996023856859,-0.044135188866799235,0.03538767395626241,-0.29463220675944335,-0.5180914512922465,-0.3876739562624254,-0.46003976143141156,0.5709741550695825,2.0
-0.5355864811133201,-0.3964214711729622,-0.45288270377733597,-0.2333996023856859,-0.044135188866799235,0.03538767395626241,-0.29463220675944335,-0.5180914512922465,-0.3876739562624254,-0.46003976143141156,-0.3001988071570576,0.5709741550695825,0.0
-0.3964214711729622,-0.45288270377733597,-0.2333996023856859,-0.044135188866799235,0.03538767395626241,-0.29463220675944335,-0.5180914512922465,-0.3876739562624254,-0.46003976143141156,-0.3001988071570576,-0.019483101391650104,0.553479125248509,0.0
-0.45288270377733597,-0.2333996023856859,-0.044135188866799235,0.03538767395626241,-0.29463220675944335,-0.5180914512922465,-0.3876739562624254,-0.46003976143141156,-0.3001988071570576,-0.019483101391650104,0.13511029411764697,0.6532017454098935,2.0
-0.2333996023856859,-0.044135188866799235,0.03538767395626241,-0.29463220675944335,-0.5180914512922465,-0.3876739562624254,-0.46003976143141156,-0.3001988071570576,-0.019483101391650104,0.13511029411764697,-0.08835904628330993,0.6532017454098935,2.0
-0.044135188866799235,0.03538767395626241,-0.29463220675944335,-0.5180914512922465,-0.3876739562624254,-0.46003976143141156,-0.3001988071570576,-0.019483101391650104,0.13511029411764697,-0.08835904628330993,-0.3623188405797102,0.6532017454098935,2.0
0.03538767395626241,-0.29463220675944335,-0.5180914512922465,-0.3876739562624254,-0.46003976143141156,-0.3001988071570576,-0.019483101391650104,0.13511029411764697,-0.08835904628330993,-0.3623188405797102,-0.3978494623655914,0.6532017454098935,2.0
-0.29463220675944335,-0.5180914512922465,-0.3876739562624254,-0.46003976143141156,-0.3001988071570576,-0.019483101391650104,0.13511029411764697,-0.08835904628330993,-0.3623188405797102,-0.3978494623655914,-0.4969611968209444,0.6532017454098935,2.0
-0.5180914512922465,-0.3876739562624254,-0.46003976143141156,-0.3001988071570576,-0.019483101391650104,0.13511029411764697,-0.08835904628330993,-0.3623188405797102,-0.3978494623655914,-0.4969611968209444,-0.33707339878447873,0.6532017454098935,0.0
-0.3876739562624254,-0.46003976143141156,-0.3001988071570576,-0.019483101391650104,0.13511029411764697,-0.08835904628330993,-0.3623188405797102,-0.3978494623655914,-0.4969611968209444,-0.33707339878447873,-0.016362786348761094,0.6320714909385914,0.0
-0.46003976143141156,-0.3001988071570576,-0.019483101391650104,0.13511029411764697,-0.08835904628330993,-0.3623188405797102,-0.3978494623655914,-0.4969611968209444,-0.33707339878447873,-0.016362786348761094,0.022977022977022976,0.6320714909385914,0.0
-0.3001988071570576,-0.019483101391650104,0.13511029411764697,-0.08835904628330993,-0.3623188405797102,-0.3978494623655914,-0.4969611968209444,-0.33707339878447873,-0.016362786348761094,0.022977022977022976,-0.43356643356643354,0.6320714909385914,0.0
-0.019483101391650104,0.13511029411764697,-0.08835904628330993,-0.3623188405797102,-0.3978494623655914,-0.4969611968209444,-0.33707339878447873,-0.016362786348761094,0.022977022977022976,-0.43356643356643354,-0.3816183816183816,0.6320714909385914,2.0
0.13511029411764697,-0.08835904628330993,-0.3623188405797102,-0.3978494623655914,-0.4969611968209444,-0.33707339878447873,-0.016362786348761094,0.022977022977022976,-0.43356643356643354,-0.3816183816183816,-0.29670329670329665,0.6320714909385914,2.0
-0.08835904628330993,-0.3623188405797102,-0.3978494623655914,-0.4969611968209444,-0.33707339878447873,-0.016362786348761094,0.022977022977022976,-0.43356643356643354,-0.3816183816183816,-0.29670329670329665,-0.011988011988012026,0.5199382197979674,2.0
-0.3623188405797102,-0.3978494623655914,-0.4969611968209444,-0.33707339878447873,-0.016362786348761094,0.022977022977022976,-0.43356643356643354,-0.3816183816183816,-0.29670329670329665,-0.011988011988012026,0.23276723276723277,0.7297284295881772,0.0
-0.3978494623655914,-0.4969611968209444,-0.33707339878447873,-0.016362786348761094,0.022977022977022976,-0.43356643356643354,-0.3816183816183816,-0.29670329670329665,-0.011988011988012026,0.23276723276723277,0.11788211788211789,0.7297284295881772,0.0
-0.4969611968209444,-0.33707339878447873,-0.016362786348761094,0.022977022977022976,-0.43356643356643354,-0.3816183816183816,-0.29670329670329665,-0.011988011988012026,0.23276723276723277,0.11788211788211789,0.11403047819232781,0.7297284295881772,2.0
-0.33707339878447873,-0.016362786348761094,0.022977022977022976,-0.43356643356643354,-0.3816183816183816,-0.29670329670329665,-0.011988011988012026,0.23276723276723277,0.11788211788211789,0.11403047819232781,-0.19495533368365736,0.6663336663336663,2.0
-0.016362786348761094,0.022977022977022976,-0.43356643356643354,-0.3816183816183816,-0.29670329670329665,-0.011988011988012026,0.23276723276723277,0.11788211788211789,0.11403047819232781,-0.19495533368365736,-0.16657908565423019,0.6663336663336663,2.0
0.022977022977022976,-0.43356643356643354,-0.3816183816183816,-0.29670329670329665,-0.011988011988012026,0.23276723276723277,0.11788211788211789,0.11403047819232781,-0.19495533368365736,-0.16657908565423019,-0.06988964792433006,0.6663336663336663,0.0
-0.43356643356643354,-0.3816183816183816,-0.29670329670329665,-0.011988011988012026,0.23276723276723277,0.11788211788211789,0.11403047819232781,-0.19495533368365736,-0.16657908565423019,-0.06988964792433006,0.2685233841303205,0.702089817696754,0.0
-0.3816183816183816,-0.29670329670329665,-0.011988011988012026,0.23276723276723277,0.11788211788211789,0.11403047819232781,-0.19495533368365736,-0.16657908565423019,-0.06988964792433006,0.2685233841303205,0.5712033631108775,0.9528217447292591,0.0
-0.29670329670329665,-0.011988011988012026,0.23276723276723277,0.11788211788211789,0.11403047819232781,-0.19495533368365736,-0.16657908565423019,-0.06988964792433006,0.2685233841303205,0.5712033631108775,0.9747766684182868,1.2714799651215833,0.0
-0.011988011988012026,0.23276723276723277,0.11788211788211789,0.11403047819232781,-0.19495533368365736,-0.16657908565423019,-0.06988964792433006,0.2685233841303205,0.5712033631108775,0.9747766684182868,0.6163951655281135,1.1697320021019442,2.0
0.23276723276723277,0.11788211788211789,0.11403047819232781,-0.19495533368365736,-0.16657908565423019,-0.06988964792433006,0.2685233841303205,0.5712033631108775,0.9747766684182868,0.6163951655281135,0.2674724119810825,1.1697320021019442,2.0
0.11788211788211789,0.11403047819232781,-0.19495533368365736,-0.16657908565423019,-0.06988964792433006,0.2685233841303205,0.5712033631108775,0.9747766684182868,0.6163951655281135,0.2674724119810825,0.02785076195480829,1.1697320021019442,2.0
0.11403047819232781,-0.19495533368365736,-0.16657908565423019,-0.06988964792433006,0.2685233841303205,0.5712033631108775,0.9747766684182868,0.6163951655281135,0.2674724119810825,0.02785076195480829,0.3977929584866,1.1697320021019442,2.0
-0.19495533368365736,-0.16657908565423019,-0.06988964792433006,0.2685233841303205,0.5712033631108775,0.9747766684182868,0.6163951655281135,0.2674724119810825,0.02785076195480829,0.3977929584866,1.0,1.1949553336836574,0.0
-0.16657908565423019,-0.06988964792433006,0.2685233841303205,0.5712033631108775,0.9747766684182868,0.6163951655281135,0.2674724119810825,0.02785076195480829,0.3977929584866,1.0,1.0,1.1665790856542302,0.0
-0.06988964792433006,0.2685233841303205,0.5712033631108775,0.9747766684182868,0.6163951655281135,0.2674724119810825,0.02785076195480829,0.3977929584866,1.0,1.0,1.0,1.06988964792433,0.0
0.2685233841303205,0.5712033631108775,0.9747766684182868,0.6163951655281135,0.2674724119810825,0.02785076195480829,0.3977929584866,1.0,1.0,1.0,0.7715565509518476,0.9721492380451917,2.0
0.5712033631108775,0.9747766684182868,0.6163951655281135,0.2674724119810825,0.02785076195480829,0.3977929584866,1.0,1.0,1.0,0.7715565509518476,0.5475923852183651,0.9721492380451917,2.0
0.9747766684182868,0.6163951655281135,0.2674724119810825,0.02785076195480829,0.3977929584866,1.0,1.0,1.0,0.7715565509518476,0.5475923852183651,0.36468831653602085,0.9721492380451917,2.0
0.6163951655281135,0.2674724119810825,0.02785076195480829,0.3977929584866,1.0,1.0,1.0,0.7715565509518476,0.5475923852183651,0.36468831653602085,0.5856662933930572,0.9721492380451917,0.0
