0.8915707389528407,0.7720014853323431,0.8106201262532491,0.8210174526550316,0.8195321203119197,0.8061641292239139,0.5625696249535834,0.2870404753063498,-0.02116598588934271,-0.31897512068325284,-0.5997029335313777,1.4912736724842184,0.0
0.7720014853323431,0.8106201262532491,0.8210174526550316,0.8195321203119197,0.8061641292239139,0.5625696249535834,0.2870404753063498,-0.02116598588934271,-0.31897512068325284,-0.5997029335313777,-0.8566654288897141,1.6776828815447455,0.0
0.8106201262532491,0.8210174526550316,0.8195321203119197,0.8061641292239139,0.5625696249535834,0.2870404753063498,-0.02116598588934271,-0.31897512068325284,-0.5997029335313777,-0.8566654288897141,-0.8856294095803936,1.7066468622354252,0.0
0.8210174526550316,0.8195321203119197,0.8061641292239139,0.5625696249535834,0.2870404753063498,-0.02116598588934271,-0.31897512068325284,-0.5997029335313777,-0.8566654288897141,-0.8856294095803936,-0.8908280727812848,1.7118455254363165,0.0
0.8195321203119197,0.8061641292239139,0.5625696249535834,0.2870404753063498,-0.02116598588934271,-0.31897512068325284,-0.5997029335313777,-0.8566654288897141,-0.8856294095803936,-0.8908280727812848,-0.8722614184923877,1.7103601930932046,0.0
0.8061641292239139,0.5625696249535834,0.2870404753063498,-0.02116598588934271,-0.31897512068325284,-0.5997029335313777,-0.8566654288897141,-0.8856294095803936,-0.8908280727812848,-0.8722614184923877,-0.6450055699962867,1.6969922020051986,0.0
0.5625696249535834,0.2870404753063498,-0.02116598588934271,-0.31897512068325284,-0.5997029335313777,-0.8566654288897141,-0.8856294095803936,-0.8908280727812848,-0.8722614184923877,-0.6450055699962867,-0.38507240995172665,1.4533976977348684,0.0
0.2870404753063498,-0.02116598588934271,-0.31897512068325284,-0.5997029335313777,-0.8566654288897141,-0.8856294095803936,-0.8908280727812848,-0.8722614184923877,-0.6450055699962867,-0.38507240995172665,-0.09543260304493129,1.1778685480876345,0.0
-0.02116598588934271,-0.31897512068325284,-0.5997029335313777,-0.8566654288897141,-0.8856294095803936,-0.8908280727812848,-0.8722614184923877,-0.6450055699962867,-0.38507240995172665,-0.09543260304493129,0.21277385815076122,1.103601930932046,2.0
-0.31897512068325284,-0.5997029335313777,-0.8566654288897141,-0.8856294095803936,-0.8908280727812848,-0.8722614184923877,-0.6450055699962867,-0.38507240995172665,-0.09543260304493129,0.21277385815076122,0.5373189751206833,1.4281470479019682,2.0
-0.5997029335313777,-0.8566654288897141,-0.8856294095803936,-0.8908280727812848,-0.8722614184923877,-0.6450055699962867,-0.38507240995172665,-0.09543260304493129,0.21277385815076122,0.5373189751206833,0.6940215373189751,1.5848496101002598,2.0
-0.8566654288897141,-0.8856294095803936,-0.8908280727812848,-0.8722614184923877,-0.6450055699962867,-0.38507240995172665,-0.09543260304493129,0.21277385815076122,0.5373189751206833,0.6940215373189751,0.8730040846639435,1.7638321574452283,2.0
-0.8856294095803936,-0.8908280727812848,-0.8722614184923877,-0.6450055699962867,-0.38507240995172665,-0.09543260304493129,0.21277385815076122,0.5373189751206833,0.6940215373189751,0.8730040846639435,1.0,1.890828072781285,2.0
-0.8908280727812848,-0.8722614184923877,-0.6450055699962867,-0.38507240995172665,-0.09543260304493129,0.21277385815076122,0.5373189751206833,0.6940215373189751,0.8730040846639435,1.0,1.0,1.890828072781285,2.0
-0.8722614184923877,-0.6450055699962867,-0.38507240995172665,-0.09543260304493129,0.21277385815076122,0.5373189751206833,0.6940215373189751,0.8730040846639435,1.0,1.0,1.0,1.8722614184923878,2.0
-0.6450055699962867,-0.38507240995172665,-0.09543260304493129,0.21277385815076122,0.5373189751206833,0.6940215373189751,0.8730040846639435,1.0,1.0,1.0,1.0,1.6450055699962867,2.0
-0.38507240995172665,-0.09543260304493129,0.21277385815076122,0.5373189751206833,0.6940215373189751,0.8730040846639435,1.0,1.0,1.0,1.0,1.0,1.3850724099517266,2.0
-0.09543260304493129,0.21277385815076122,0.5373189751206833,0.6940215373189751,0.8730040846639435,1.0,1.0,1.0,1.0,1.0,0.9826875515251443,1.0954326030449313,3.0
0.21277385815076122,0.5373189751206833,0.6940215373189751,0.8730040846639435,1.0,1.0,1.0,1.0,1.0,0.9826875515251443,0.9237427864798022,0.7872261418492388,3.0
0.5373189751206833,0.6940215373189751,0.8730040846639435,1.0,1.0,1.0,1.0,1.0,0.9826875515251443,0.9237427864798022,0.9146743610882111,0.4626810248793167,3.0
0.6940215373189751,0.8730040846639435,1.0,1.0,1.0,1.0,1.0,0.9826875515251443,0.9237427864798022,0.9146743610882111,0.7460840890354492,0.3059784626810249,3.0
0.8730040846639435,1.0,1.0,1.0,1.0,1.0,0.9826875515251443,0.9237427864798022,0.9146743610882111,0.7460840890354492,0.6286067600989282,0.37139323990107176,3.0
1.0,1.0,1.0,1.0,1.0,0.9826875515251443,0.9237427864798022,0.9146743610882111,0.7460840890354492,0.6286067600989282,0.45795548227535043,0.5420445177246496,0.0
1.0,1.0,1.0,1.0,0.9826875515251443,0.9237427864798022,0.9146743610882111,0.7460840890354492,0.6286067600989282,0.45795548227535043,0.2328936521022258,0.7671063478977742,0.0
1.0,1.0,1.0,0.9826875515251443,0.9237427864798022,0.9146743610882111,0.7460840890354492,0.6286067600989282,0.45795548227535043,0.2328936521022258,0.07295960428689208,0.9270403957131079,0.0
1.0,1.0,0.9826875515251443,0.9237427864798022,0.9146743610882111,0.7460840890354492,0.6286067600989282,0.45795548227535043,0.2328936521022258,0.07295960428689208,-0.11417971970321517,1.1141797197032153,0.0
1.0,0.9826875515251443,0.9237427864798022,0.9146743610882111,0.7460840890354492,0.6286067600989282,0.45795548227535043,0.2328936521022258,0.07295960428689208,-0.11417971970321517,-0.5527617477328937,1.5527617477328937,0.0
0.9826875515251443,0.9237427864798022,0.9146743610882111,0.7460840890354492,0.6286067600989282,0.45795548227535043,0.2328936521022258,0.07295960428689208,-0.11417971970321517,-0.5527617477328937,-1.0,1.9826875515251443,0.0
0.9237427864798022,0.9146743610882111,0.7460840890354492,0.6286067600989282,0.45795548227535043,0.2328936521022258,0.07295960428689208,-0.11417971970321517,-0.5527617477328937,-1.0,-1.0,1.9237427864798022,0.0
0.9146743610882111,0.7460840890354492,0.6286067600989282,0.45795548227535043,0.2328936521022258,0.07295960428689208,-0.11417971970321517,-0.5527617477328937,-1.0,-1.0,-1.0,1.914674361088211,0.0
0.7460840890354492,0.6286067600989282,0.45795548227535043,0.2328936521022258,0.07295960428689208,-0.11417971970321517,-0.5527617477328937,-1.0,-1.0,-1.0,-1.0,1.7460840890354492,0.0
0.6286067600989282,0.45795548227535043,0.2328936521022258,0.07295960428689208,-0.11417971970321517,-0.5527617477328937,-1.0,-1.0,-1.0,-1.0,-1.0,1.6286067600989282,0.0
0.45795548227535043,0.2328936521022258,0.07295960428689208,-0.11417971970321517,-0.5527617477328937,-1.0,-1.0,-1.0,-1.0,-1.0,-1.0,1.4579554822753504,1.0
0.2328936521022258,0.07295960428689208,-0.11417971970321517,-0.5527617477328937,-1.0,-1.0,-1.0,-1.0,-1.0,-1.0,-1.0,1.2328936521022258,1.0
0.07295960428689208,-0.11417971970321517,-0.5527617477328937,-1.0,-1.0,-1.0,-1.0,-1.0,-1.0,-1.0,-1.0,1.072959604286892,1.0
-0.11417971970321517,-0.5527617477328937,-1.0,-1.0,-1.0,-1.0,-1.0,-1.0,-1.0,-1.0,-1.0,0.8858202802967848,1.0
-0.5527617477328937,-1.0,-1.0,-1.0,-1.0,-1.0,-1.0,-1.0,-1.0,-1.0,-1.0,0.44723825226710634,1.0
-1.0,-1.0,-1.0,-1.0,-1.0,-1.0,-1.0,-1.0,-1.0,-1.0,-1.0,0.0,1.0
-1.0,-1.0,-1.0,-1.0,-1.0,-1.0,-1.0,-1.0,-1.0,-1.0,-0.9456511518570757,0.05434884814292429,1.0
-1.0,-1.0,-1.0,-1.0,-1.0,-1.0,-1.0,-1.0,-1.0,-0.9456511518570757,-0.877574047954866,0.12242595204513396,1.0
-1.0,-1.0,-1.0,-1.0,-1.0,-1.0,-1.0,-1.0,-0.9456511518570757,-0.877574047954866,-0.7937000470145745,0.20629995298542547,1.0
-1.0,-1.0,-1.0,-1.0,-1.0,-1.0,-1.0,-0.9456511518570757,-0.877574047954866,-0.7937000470145745,-0.7489421720733427,0.2510578279266573,1.0
-1.0,-1.0,-1.0,-1.0,-1.0,-1.0,-0.9456511518570757,-0.877574047954866,-0.7937000470145745,-0.7489421720733427,-0.6996708979783732,0.30032910202162677,1.0
-1.0,-1.0,-1.0,-1.0,-1.0,-0.9456511518570757,-0.877574047954866,-0.7937000470145745,-0.7489421720733427,-0.6996708979783732,-0.6456981664315937,0.3543018335684063,2.0
-1.0,-1.0,-1.0,-1.0,-0.9456511518570757,-0.877574047954866,-0.7937000470145745,-0.7489421720733427,-0.6996708979783732,-0.6456981664315937,-0.5909732016925247,0.40902679830747535,2.0
-1.0,-1.0,-1.0,-0.9456511518570757,-0.877574047954866,-0.7937000470145745,-0.7489421720733427,-0.6996708979783732,-0.6456981664315937,-0.5909732016925247,-0.5825105782792666,0.41748942172073344,2.0
-1.0,-1.0,-0.9456511518570757,-0.877574047954866,-0.7937000470145745,-0.7489421720733427,-0.6996708979783732,-0.6456981664315937,-0.5909732016925247,-0.5825105782792666,-0.5749882463563705,0.42501175364362953,2.0
-1.0,-0.9456511518570757,-0.877574047954866,-0.7937000470145745,-0.7489421720733427,-0.6996708979783732,-0.6456981664315937,-0.5909732016925247,-0.5825105782792666,-0.5749882463563705,-0.5289139633286319,0.47108603667136806,2.0
-0.9456511518570757,-0.877574047954866,-0.7937000470145745,-0.7489421720733427,-0.6996708979783732,-0.6456981664315937,-0.5909732016925247,-0.5825105782792666,-0.5749882463563705,-0.5289139633286319,-0.48622472966619656,0.45942642219087915,2.0
-0.877574047954866,-0.7937000470145745,-0.7489421720733427,-0.6996708979783732,-0.6456981664315937,-0.5909732016925247,-0.5825105782792666,-0.5749882463563705,-0.5289139633286319,-0.48622472966619656,-0.45369064409967086,0.4238834038551952,2.0
-0.7937000470145745,-0.7489421720733427,-0.6996708979783732,-0.6456981664315937,-0.5909732016925247,-0.5825105782792666,-0.5749882463563705,-0.5289139633286319,-0.48622472966619656,-0.45369064409967086,-0.47776210625293836,0.34000940291490367,2.0
-0.7489421720733427,-0.6996708979783732,-0.6456981664315937,-0.5909732016925247,-0.5825105782792666,-0.5749882463563705,-0.5289139633286319,-0.48622472966619656,-0.45369064409967086,-0.47776210625293836,-0.5072872590503056,0.2952515279736718,2.0
-0.6996708979783732,-0.6456981664315937,-0.5909732016925247,-0.5825105782792666,-0.5749882463563705,-0.5289139633286319,-0.48622472966619656,-0.45369064409967086,-0.47776210625293836,-0.5072872590503056,-0.5469675599435826,0.24598025387870237,2.0
-0.6456981664315937,-0.5909732016925247,-0.5825105782792666,-0.5749882463563705,-0.5289139633286319,-0.48622472966619656,-0.45369064409967086,-0.47776210625293836,-0.5072872590503056,-0.5469675599435826,-0.5437705688763517,0.19200752233192286,3.0
-0.5909732016925247,-0.5825105782792666,-0.5749882463563705,-0.5289139633286319,-0.48622472966619656,-0.45369064409967086,-0.47776210625293836,-0.5072872590503056,-0.5469675599435826,-0.5437705688763517,-0.5428302773859897,0.1372825575928538,3.0
-0.5825105782792666,-0.5749882463563705,-0.5289139633286319,-0.48622472966619656,-0.45369064409967086,-0.47776210625293836,-0.5072872590503056,-0.5469675599435826,-0.5437705688763517,-0.5428302773859897,-0.5460272684532205,0.1288199341795957,3.0
-0.5749882463563705,-0.5289139633286319,-0.48622472966619656,-0.45369064409967086,-0.47776210625293836,-0.5072872590503056,-0.5469675599435826,-0.5437705688763517,-0.5428302773859897,-0.5460272684532205,-0.5480959097320169,0.12129760225669961,3.0
-0.5289139633286319,-0.48622472966619656,-0.45369064409967086,-0.47776210625293836,-0.5072872590503056,-0.5469675599435826,-0.5437705688763517,-0.5428302773859897,-0.5460272684532205,-0.5480959097320169,-0.549976492712741,0.0962858486130701,3.0
-0.48622472966619656,-0.45369064409967086,-0.47776210625293836,-0.5072872590503056,-0.5469675599435826,-0.5437705688763517,-0.5428302773859897,-0.5460272684532205,-0.5480959097320169,-0.549976492712741,-0.5522331922896098,0.0985425481899389,3.0
-0.45369064409967086,-0.47776210625293836,-0.5072872590503056,-0.5469675599435826,-0.5437705688763517,-0.5428302773859897,-0.5460272684532205,-0.5480959097320169,-0.549976492712741,-0.5522331922896098,-0.5505406676069582,0.0985425481899389,3.0
-0.47776210625293836,-0.5072872590503056,-0.5469675599435826,-0.5437705688763517,-0.5428302773859897,-0.5460272684532205,-0.5480959097320169,-0.549976492712741,-0.5522331922896098,-0.5505406676069582,-0.5484720263281617,0.07447108603667141,3.0
-0.5072872590503056,-0.5469675599435826,-0.5437705688763517,-0.5428302773859897,-0.5460272684532205,-0.5480959097320169,-0.549976492712741,-0.5522331922896098,-0.5505406676069582,-0.5484720263281617,-0.5450869769628585,0.04494593323930418,3.0
-0.5469675599435826,-0.5437705688763517,-0.5428302773859897,-0.5460272684532205,-0.5480959097320169,-0.549976492712741,-0.5522331922896098,-0.5505406676069582,-0.5484720263281617,-0.5450869769628585,-0.5377527033380347,0.014480488951575055,3.0
-0.5437705688763517,-0.5428302773859897,-0.5460272684532205,-0.5480959097320169,-0.549976492712741,-0.5522331922896098,-0.5505406676069582,-0.5484720263281617,-0.5450869769628585,-0.5377527033380347,-0.5245886224729666,0.027644569816643205,3.0
-0.5428302773859897,-0.5460272684532205,-0.5480959097320169,-0.549976492712741,-0.5522331922896098,-0.5505406676069582,-0.5484720263281617,-0.5450869769628585,-0.5377527033380347,-0.5245886224729666,-0.4519981194170193,0.10023507287259048,3.0
-0.5460272684532205,-0.5480959097320169,-0.549976492712741,-0.5522331922896098,-0.5505406676069582,-0.5484720263281617,-0.5450869769628585,-0.5377527033380347,-0.5245886224729666,-0.4519981194170193,-0.366807710390221,0.1854254818993888,3.0
-0.5480959097320169,-0.549976492712741,-0.5522331922896098,-0.5505406676069582,-0.5484720263281617,-0.5450869769628585,-0.5377527033380347,-0.5245886224729666,-0.4519981194170193,-0.366807710390221,-0.3182886694875411,0.23394452280206868,3.0
-0.549976492712741,-0.5522331922896098,-0.5505406676069582,-0.5484720263281617,-0.5450869769628585,-0.5377527033380347,-0.5245886224729666,-0.4519981194170193,-0.366807710390221,-0.3182886694875411,-0.2549130230371415,0.2973201692524683,3.0
-0.5522331922896098,-0.5505406676069582,-0.5484720263281617,-0.5450869769628585,-0.5377527033380347,-0.5245886224729666,-0.4519981194170193,-0.366807710390221,-0.3182886694875411,-0.2549130230371415,-0.13267512929007996,0.4195580629995298,2.0
-0.5505406676069582,-0.5484720263281617,-0.5450869769628585,-0.5377527033380347,-0.5245886224729666,-0.4519981194170193,-0.366807710390221,-0.3182886694875411,-0.2549130230371415,-0.13267512929007996,0.004043253408556602,0.5545839210155148,2.0
-0.5484720263281617,-0.5450869769628585,-0.5377527033380347,-0.5245886224729666,-0.4519981194170193,-0.366807710390221,-0.3182886694875411,-0.2549130230371415,-0.13267512929007996,0.004043253408556602,0.10390220968500241,0.6523742360131641,2.0
-0.5450869769628585,-0.5377527033380347,-0.5245886224729666,-0.4519981194170193,-0.366807710390221,-0.3182886694875411,-0.2549130230371415,-0.13267512929007996,0.004043253408556602,0.10390220968500241,0.21297602256699566,0.7580629995298541,2.0
-0.5377527033380347,-0.5245886224729666,-0.4519981194170193,-0.366807710390221,-0.3182886694875411,-0.2549130230371415,-0.13267512929007996,0.004043253408556602,0.10390220968500241,0.21297602256699566,0.3786553831687822,0.9164080865068169,2.0
-0.5245886224729666,-0.4519981194170193,-0.366807710390221,-0.3182886694875411,-0.2549130230371415,-0.13267512929007996,0.004043253408556602,0.10390220968500241,0.21297602256699566,0.3786553831687822,0.5524212505876822,1.0770098730606488,2.0
-0.4519981194170193,-0.366807710390221,-0.3182886694875411,-0.2549130230371415,-0.13267512929007996,0.004043253408556602,0.10390220968500241,0.21297602256699566,0.3786553831687822,0.5524212505876822,0.7322049835448989,1.1842031029619182,2.0
-0.366807710390221,-0.3182886694875411,-0.2549130230371415,-0.13267512929007996,0.004043253408556602,0.10390220968500241,0.21297602256699566,0.3786553831687822,0.5524212505876822,0.7322049835448989,0.8661024917724494,1.2329102021626703,2.0
-0.3182886694875411,-0.2549130230371415,-0.13267512929007996,0.004043253408556602,0.10390220968500241,0.21297602256699566,0.3786553831687822,0.5524212505876822,0.7322049835448989,0.8661024917724494,0.9544898918664786,1.2727785613540197,2.0
-0.2549130230371415,-0.13267512929007996,0.004043253408556602,0.10390220968500241,0.21297602256699566,0.3786553831687822,0.5524212505876822,0.7322049835448989,0.8661024917724494,0.9544898918664786,1.0,1.2549130230371415,2.0
-0.13267512929007996,0.004043253408556602,0.10390220968500241,0.21297602256699566,0.3786553831687822,0.5524212505876822,0.7322049835448989,0.8661024917724494,0.9544898918664786,1.0,1.0,1.1326751292900799,2.0
0.004043253408556602,0.10390220968500241,0.21297602256699566,0.3786553831687822,0.5524212505876822,0.7322049835448989,0.8661024917724494,0.9544898918664786,1.0,1.0,1.0,0.9959567465914434,2.0
0.10390220968500241,0.21297602256699566,0.3786553831687822,0.5524212505876822,0.7322049835448989,0.8661024917724494,0.9544898918664786,1.0,1.0,1.0,1.0,0.8960977903149976,2.0
0.21297602256699566,0.3786553831687822,0.5524212505876822,0.7322049835448989,0.8661024917724494,0.9544898918664786,1.0,1.0,1.0,1.0,1.0,0.7870239774330043,2.0
0.3786553831687822,0.5524212505876822,0.7322049835448989,0.8661024917724494,0.9544898918664786,1.0,1.0,1.0,1.0,1.0,1.0,0.6213446168312178,3.0
0.5524212505876822,0.7322049835448989,0.8661024917724494,0.9544898918664786,1.0,1.0,1.0,1.0,1.0,1.0,1.0,0.4475787494123178,3.0
0.7322049835448989,0.8661024917724494,0.9544898918664786,1.0,1.0,1.0,1.0,1.0,1.0,1.0,0.9829931972789117,0.26779501645510106,3.0
0.8661024917724494,0.9544898918664786,1.0,1.0,1.0,1.0,1.0,1.0,1.0,0.9829931972789117,0.9567099567099566,0.13389750822755064,3.0
0.9544898918664786,1.0,1.0,1.0,1.0,1.0,1.0,1.0,0.9829931972789117,0.9567099567099566,0.9200680272108843,0.07993197278911568,3.0
1.0,1.0,1.0,1.0,1.0,1.0,1.0,0.9829931972789117,0.9567099567099566,0.9200680272108843,0.9520717377860235,0.07993197278911568,3.0
1.0,1.0,1.0,1.0,1.0,1.0,0.9829931972789117,0.9567099567099566,0.9200680272108843,0.9520717377860235,0.9712430426716141,0.07993197278911568,3.0
1.0,1.0,1.0,1.0,1.0,0.9829931972789117,0.9567099567099566,0.9200680272108843,0.9520717377860235,0.9712430426716141,0.9452690166975881,0.07993197278911568,3.0
1.0,1.0,1.0,1.0,0.9829931972789117,0.9567099567099566,0.9200680272108843,0.9520717377860235,0.9712430426716141,0.9452690166975881,0.9630488559059989,0.07993197278911568,3.0
1.0,1.0,1.0,0.9829931972789117,0.9567099567099566,0.9200680272108843,0.9520717377860235,0.9712430426716141,0.9452690166975881,0.9630488559059989,0.9829931972789117,0.07993197278911568,3.0
1.0,1.0,0.9829931972789117,0.9567099567099566,0.9200680272108843,0.9520717377860235,0.9712430426716141,0.9452690166975881,0.9630488559059989,0.9829931972789117,1.0,0.07993197278911568,3.0
1.0,0.9829931972789117,0.9567099567099566,0.9200680272108843,0.9520717377860235,0.9712430426716141,0.9452690166975881,0.9630488559059989,0.9829931972789117,1.0,1.0,0.07993197278911568,3.0
0.9829931972789117,0.9567099567099566,0.9200680272108843,0.9520717377860235,0.9712430426716141,0.9452690166975881,0.9630488559059989,0.9829931972789117,1.0,1.0,1.0,0.07993197278911568,3.0
0.9567099567099566,0.9200680272108843,0.9520717377860235,0.9712430426716141,0.9452690166975881,0.9630488559059989,0.9829931972789117,1.0,1.0,1.0,1.0,0.07993197278911568,3.0
0.9200680272108843,0.9520717377860235,0.9712430426716141,0.9452690166975881,0.9630488559059989,0.9829931972789117,1.0,1.0,1.0,1.0,1.0,0.07993197278911568,3.0
0.9520717377860235,0.9712430426716141,0.9452690166975881,0.9630488559059989,0.9829931972789117,1.0,1.0,1.0,1.0,1.0,1.0,0.054730983302411884,3.0
0.9712430426716141,0.9452690166975881,0.9630488559059989,0.9829931972789117,1.0,1.0,1.0,1.0,1.0,1.0,1.0,0.054730983302411884,3.0
0.9452690166975881,0.9630488559059989,0.9829931972789117,1.0,1.0,1.0,1.0,1.0,1.0,1.0,0.9900353816160012,0.054730983302411884,3.0
0.9630488559059989,0.9829931972789117,1.0,1.0,1.0,1.0,1.0,1.0,1.0,0.9900353816160012,0.9838255469709005,0.03695114409400113,3.0
0.9829931972789117,1.0,1.0,1.0,1.0,1.0,1.0,1.0,0.9900353816160012,0.9838255469709005,0.9809372517871326,0.019062748212867353,3.0
1.0,1.0,1.0,1.0,1.0,1.0,1.0,0.9900353816160012,0.9838255469709005,0.9809372517871326,0.9751606614195971,0.02483933858040288,3.0
1.0,1.0,1.0,1.0,1.0,1.0,0.9900353816160012,0.9838255469709005,0.9809372517871326,0.9751606614195971,0.968084338219366,0.031915661780633986,3.0
1.0,1.0,1.0,1.0,1.0,0.9900353816160012,0.9838255469709005,0.9809372517871326,0.9751606614195971,0.968084338219366,0.9637518954437143,0.03624810455628569,3.0
1.0,1.0,1.0,1.0,0.9900353816160012,0.9838255469709005,0.9809372517871326,0.9751606614195971,0.968084338219366,0.9637518954437143,0.9656292873131633,0.03624810455628569,3.0
1.0,1.0,1.0,0.9900353816160012,0.9838255469709005,0.9809372517871326,0.9751606614195971,0.968084338219366,0.9637518954437143,0.9656292873131633,0.9394902159000651,0.060509784099934905,3.0
1.0,1.0,0.9900353816160012,0.9838255469709005,0.9809372517871326,0.9751606614195971,0.968084338219366,0.9637518954437143,0.9656292873131633,0.9394902159000651,0.9223048595566468,0.07769514044335324,3.0
1.0,0.9900353816160012,0.9838255469709005,0.9809372517871326,0.9751606614195971,0.968084338219366,0.9637518954437143,0.9656292873131633,0.9394902159000651,0.9223048595566468,0.9511878113943244,0.07769514044335324,3.0
0.9900353816160012,0.9838255469709005,0.9809372517871326,0.9751606614195971,0.968084338219366,0.9637518954437143,0.9656292873131633,0.9394902159000651,0.9223048595566468,0.9511878113943244,0.9901797963751895,0.06787493681854273,3.0
0.9838255469709005,0.9809372517871326,0.9751606614195971,0.968084338219366,0.9637518954437143,0.9656292873131633,0.9394902159000651,0.9223048595566468,0.9511878113943244,0.9901797963751895,1.0,0.07769514044335324,3.0
0.9809372517871326,0.9751606614195971,0.968084338219366,0.9637518954437143,0.9656292873131633,0.9394902159000651,0.9223048595566468,0.9511878113943244,0.9901797963751895,1.0,1.0,0.07769514044335324,3.0
0.9751606614195971,0.968084338219366,0.9637518954437143,0.9656292873131633,0.9394902159000651,0.9223048595566468,0.9511878113943244,0.9901797963751895,1.0,1.0,1.0,0.07769514044335324,3.0
0.968084338219366,0.9637518954437143,0.9656292873131633,0.9394902159000651,0.9223048595566468,0.9511878113943244,0.9901797963751895,1.0,1.0,1.0,1.0,0.07769514044335324,3.0
0.9637518954437143,0.9656292873131633,0.9394902159000651,0.9223048595566468,0.9511878113943244,0.9901797963751895,1.0,1.0,1.0,1.0,1.0,0.07769514044335324,3.0
0.9656292873131633,0.9394902159000651,0.9223048595566468,0.9511878113943244,0.9901797963751895,1.0,1.0,1.0,1.0,1.0,1.0,0.07769514044335324,3.0
0.9394902159000651,0.9223048595566468,0.9511878113943244,0.9901797963751895,1.0,1.0,1.0,1.0,1.0,1.0,1.0,0.07769514044335324,3.0
0.9223048595566468,0.9511878113943244,0.9901797963751895,1.0,1.0,1.0,1.0,1.0,1.0,1.0,1.0,0.07769514044335324,3.0
0.9511878113943244,0.9901797963751895,1.0,1.0,1.0,1.0,1.0,1.0,1.0,1.0,1.0,0.0488121886056756,3.0
0.9901797963751895,1.0,1.0,1.0,1.0,1.0,1.0,1.0,1.0,1.0,1.0,0.009820203624810508,3.0
1.0,1.0,1.0,1.0,1.0,1.0,1.0,1.0,1.0,1.0,1.0,0.0,3.0
1.0,1.0,1.0,1.0,1.0,1.0,1.0,1.0,1.0,1.0,0.9885560810416301,0.011443918958369936,3.0
1.0,1.0,1.0,1.0,1.0,1.0,1.0,1.0,1.0,0.9885560810416301,0.9731418228528055,0.026858177147194517,3.0
1.0,1.0,1.0,1.0,1.0,1.0,1.0,1.0,0.9885560810416301,0.9731418228528055,0.954107549483272,0.04589245051672797,3.0
1.0,1.0,1.0,1.0,1.0,1.0,1.0,0.9885560810416301,0.9731418228528055,0.954107549483272,0.9361242482629766,0.06387575173702342,3.0
1.0,1.0,1.0,1.0,1.0,1.0,0.9885560810416301,0.9731418228528055,0.954107549483272,0.9361242482629766,0.9183744964091785,0.08162550359082155,3.0
1.0,1.0,1.0,1.0,1.0,0.9885560810416301,0.9731418228528055,0.954107549483272,0.9361242482629766,0.9183744964091785,0.8929176154609682,0.10708238453903185,3.0
1.0,1.0,1.0,1.0,0.9885560810416301,0.9731418228528055,0.954107549483272,0.9361242482629766,0.9183744964091785,0.8929176154609682,0.9160390027442051,0.10708238453903185,3.0
1.0,1.0,1.0,0.9885560810416301,0.9731418228528055,0.954107549483272,0.9361242482629766,0.9183744964091785,0.8929176154609682,0.9160390027442051,0.8924505167279735,0.10754948327202651,3.0
1.0,1.0,0.9885560810416301,0.9731418228528055,0.954107549483272,0.9361242482629766,0.9183744964091785,0.8929176154609682,0.9160390027442051,0.8924505167279735,0.8529806737899224,0.14701932621007763,3.0
1.0,0.9885560810416301,0.9731418228528055,0.954107549483272,0.9361242482629766,0.9183744964091785,0.8929176154609682,0.9160390027442051,0.8924505167279735,0.8529806737899224,0.8005488410112687,0.19945115898873134,3.0
0.9885560810416301,0.9731418228528055,0.954107549483272,0.9361242482629766,0.9183744964091785,0.8929176154609682,0.9160390027442051,0.8924505167279735,0.8529806737899224,0.8005488410112687,0.7047936007473579,0.2837624802942722,3.0
0.9731418228528055,0.954107549483272,0.9361242482629766,0.9183744964091785,0.8929176154609682,0.9160390027442051,0.8924505167279735,0.8529806737899224,0.8005488410112687,0.7047936007473579,0.6042505984702518,0.36889122438255373,3.0
0.954107549483272,0.9361242482629766,0.9183744964091785,0.8929176154609682,0.9160390027442051,0.8924505167279735,0.8529806737899224,0.8005488410112687,0.7047936007473579,0.6042505984702518,0.5620949378174811,0.39201261166579093,3.0
0.9361242482629766,0.9183744964091785,0.8929176154609682,0.9160390027442051,0.8924505167279735,0.8529806737899224,0.8005488410112687,0.7047936007473579,0.6042505984702518,0.5620949378174811,0.5153850645180125,0.4207391837449641,0.0
0.9183744964091785,0.8929176154609682,0.9160390027442051,0.8924505167279735,0.8529806737899224,0.8005488410112687,0.7047936007473579,0.6042505984702518,0.5620949378174811,0.5153850645180125,0.46587259882057563,0.4525018975886028,0.0
0.8929176154609682,0.9160390027442051,0.8924505167279735,0.8529806737899224,0.8005488410112687,0.7047936007473579,0.6042505984702518,0.5620949378174811,0.5153850645180125,0.46587259882057563,0.4136743154084195,0.5023646873357857,0.0
0.9160390027442051,0.8924505167279735,0.8529806737899224,0.8005488410112687,0.7047936007473579,0.6042505984702518,0.5620949378174811,0.5153850645180125,0.46587259882057563,0.4136743154084195,0.32994686751912194,0.5860921352250832,0.0
0.8924505167279735,0.8529806737899224,0.8005488410112687,0.7047936007473579,0.6042505984702518,0.5620949378174811,0.5153850645180125,0.46587259882057563,0.4136743154084195,0.32994686751912194,0.24715361709581374,0.6452968996321597,0.0
0.8529806737899224,0.8005488410112687,0.7047936007473579,0.6042505984702518,0.5620949378174811,0.5153850645180125,0.46587259882057563,0.4136743154084195,0.32994686751912194,0.24715361709581374,0.13866993635779767,0.7143107374321247,0.0
0.8005488410112687,0.7047936007473579,0.6042505984702518,0.5620949378174811,0.5153850645180125,0.46587259882057563,0.4136743154084195,0.32994686751912194,0.24715361709581374,0.13866993635779767,0.07094062007356805,0.7296082209377006,0.0
0.7047936007473579,0.6042505984702518,0.5620949378174811,0.5153850645180125,0.46587259882057563,0.4136743154084195,0.32994686751912194,0.24715361709581374,0.13866993635779767,0.07094062007356805,0.012786827815729485,0.6920067729316284,0.0
0.6042505984702518,0.5620949378174811,0.5153850645180125,0.46587259882057563,0.4136743154084195,0.32994686751912194,0.24715361709581374,0.13866993635779767,0.07094062007356805,0.012786827815729485,-0.06860512640859462,0.6728557248788464,0.0
0.5620949378174811,0.5153850645180125,0.46587259882057563,0.4136743154084195,0.32994686751912194,0.24715361709581374,0.13866993635779767,0.07094062007356805,0.012786827815729485,-0.06860512640859462,-0.10982658959537572,0.6719215274128568,0.0
0.5153850645180125,0.46587259882057563,0.4136743154084195,0.32994686751912194,0.24715361709581374,0.13866993635779767,0.07094062007356805,0.012786827815729485,-0.06860512640859462,-0.10982658959537572,-0.14299059963799843,0.6583756641560109,0.0
0.46587259882057563,0.4136743154084195,0.32994686751912194,0.24715361709581374,0.13866993635779767,0.07094062007356805,0.012786827815729485,-0.06860512640859462,-0.10982658959537572,-0.14299059963799843,-0.1993927716471069,0.6652653704676825,0.0
0.4136743154084195,0.32994686751912194,0.24715361709581374,0.13866993635779767,0.07094062007356805,0.012786827815729485,-0.06860512640859462,-0.10982658959537572,-0.14299059963799843,-0.1993927716471069,-0.2483213639283004,0.6619956793367199,0.0
0.32994686751912194,0.24715361709581374,0.13866993635779767,0.07094062007356805,0.012786827815729485,-0.06860512640859462,-0.10982658959537572,-0.14299059963799843,-0.1993927716471069,-0.2483213639283004,-0.2919950954633036,0.6219419629824255,0.0
0.24715361709581374,0.13866993635779767,0.07094062007356805,0.012786827815729485,-0.06860512640859462,-0.10982658959537572,-0.14299059963799843,-0.1993927716471069,-0.2483213639283004,-0.2919950954633036,-0.3307642903018626,0.5779179073976763,0.0
0.13866993635779767,0.07094062007356805,0.012786827815729485,-0.06860512640859462,-0.10982658959537572,-0.14299059963799843,-0.1993927716471069,-0.2483213639283004,-0.2919950954633036,-0.3307642903018626,-0.33578560168155547,0.47445553803935314,0.0
0.07094062007356805,0.012786827815729485,-0.06860512640859462,-0.10982658959537572,-0.14299059963799843,-0.1993927716471069,-0.2483213639283004,-0.2919950954633036,-0.3307642903018626,-0.33578560168155547,-0.3384714193962749,0.40941203946984295,0.0
0.012786827815729485,-0.06860512640859462,-0.10982658959537572,-0.14299059963799843,-0.1993927716471069,-0.2483213639283004,-0.2919950954633036,-0.3307642903018626,-0.33578560168155547,-0.3384714193962749,-0.3394056168622642,0.3521924446779937,0.0
-0.06860512640859462,-0.10982658959537572,-0.14299059963799843,-0.1993927716471069,-0.2483213639283004,-0.2919950954633036,-0.3307642903018626,-0.33578560168155547,-0.3384714193962749,-0.3394056168622642,-0.34139078647749166,0.27278566006889704,0.0
-0.10982658959537572,-0.14299059963799843,-0.1993927716471069,-0.2483213639283004,-0.2919950954633036,-0.3307642903018626,-0.33578560168155547,-0.3384714193962749,-0.3394056168622642,-0.34139078647749166,-0.3451275763414492,0.23530098674607347,1.0
-0.14299059963799843,-0.1993927716471069,-0.2483213639283004,-0.2919950954633036,-0.3307642903018626,-0.33578560168155547,-0.3384714193962749,-0.3394056168622642,-0.34139078647749166,-0.3451275763414492,-0.3471127459566766,0.2041221463186782,1.0
-0.1993927716471069,-0.2483213639283004,-0.2919950954633036,-0.3307642903018626,-0.33578560168155547,-0.3384714193962749,-0.3394056168622642,-0.34139078647749166,-0.3451275763414492,-0.3471127459566766,-0.34909791557190406,0.14970514392479717,1.0
-0.2483213639283004,-0.2919950954633036,-0.3307642903018626,-0.33578560168155547,-0.3384714193962749,-0.3394056168622642,-0.34139078647749166,-0.3451275763414492,-0.3471127459566766,-0.34909791557190406,-0.3221229637414609,0.10077655164360366,1.0
-0.2919950954633036,-0.3307642903018626,-0.33578560168155547,-0.3384714193962749,-0.3394056168622642,-0.34139078647749166,-0.3451275763414492,-0.3471127459566766,-0.34909791557190406,-0.3221229637414609,-0.324575232089683,0.05710282010860046,1.0
-0.3307642903018626,-0.33578560168155547,-0.3384714193962749,-0.3394056168622642,-0.34139078647749166,-0.3451275763414492,-0.3471127459566766,-0.34909791557190406,-0.3221229637414609,-0.324575232089683,-0.29946867519121856,0.0496292403806855,1.0
-0.33578560168155547,-0.3384714193962749,-0.3394056168622642,-0.34139078647749166,-0.3451275763414492,-0.3471127459566766,-0.34909791557190406,-0.3221229637414609,-0.324575232089683,-0.29946867519121856,-0.2763472879079816,0.07275062766392248,1.0
-0.3384714193962749,-0.3394056168622642,-0.34139078647749166,-0.3451275763414492,-0.3471127459566766,-0.34909791557190406,-0.3221229637414609,-0.324575232089683,-0.29946867519121856,-0.2763472879079816,-0.25439364745723125,0.09470426811467281,1.0
-0.3394056168622642,-0.34139078647749166,-0.3451275763414492,-0.3471127459566766,-0.34909791557190406,-0.3221229637414609,-0.324575232089683,-0.29946867519121856,-0.2763472879079816,-0.25439364745723125,-0.23477550067145447,0.11432241490044959,1.0
-0.34139078647749166,-0.3451275763414492,-0.3471127459566766,-0.34909791557190406,-0.3221229637414609,-0.324575232089683,-0.29946867519121856,-0.2763472879079816,-0.25439364745723125,-0.23477550067145447,-0.21375605768669348,0.13534185788521058,2.0
-0.3451275763414492,-0.3471127459566766,-0.34909791557190406,-0.3221229637414609,-0.324575232089683,-0.29946867519121856,-0.2763472879079816,-0.25439364745723125,-0.23477550067145447,-0.21375605768669348,-0.1920359666024406,0.15706194896946346,2.0
-0.3471127459566766,-0.34909791557190406,-0.3221229637414609,-0.324575232089683,-0.29946867519121856,-0.2763472879079816,-0.25439364745723125,-0.23477550067145447,-0.21375605768669348,-0.1920359666024406,-0.1696152274186956,0.17948268815320845,2.0
-0.34909791557190406,-0.3221229637414609,-0.324575232089683,-0.29946867519121856,-0.2763472879079816,-0.25439364745723125,-0.23477550067145447,-0.21375605768669348,-0.1920359666024406,-0.1696152274186956,-0.14427512115373387,0.2048227944181702,2.0
-0.3221229637414609,-0.324575232089683,-0.29946867519121856,-0.2763472879079816,-0.25439364745723125,-0.23477550067145447,-0.21375605768669348,-0.1920359666024406,-0.1696152274186956,-0.14427512115373387,-0.11718339464004202,0.20739183744964096,2.0
-0.324575232089683,-0.29946867519121856,-0.2763472879079816,-0.25439364745723125,-0.23477550067145447,-0.21375605768669348,-0.1920359666024406,-0.1696152274186956,-0.14427512115373387,-0.11718339464004202,-0.08950779471010684,0.23506743737957614,2.0
-0.29946867519121856,-0.2763472879079816,-0.25439364745723125,-0.23477550067145447,-0.21375605768669348,-0.1920359666024406,-0.1696152274186956,-0.14427512115373387,-0.11718339464004202,-0.08950779471010684,-0.09090909090909094,0.20996088048111172,2.0
-0.2763472879079816,-0.25439364745723125,-0.23477550067145447,-0.21375605768669348,-0.1920359666024406,-0.1696152274186956,-0.14427512115373387,-0.11718339464004202,-0.08950779471010684,-0.09090909090909094,-0.06346704034565309,0.21288024756232848,2.0
-0.25439364745723125,-0.23477550067145447,-0.21375605768669348,-0.1920359666024406,-0.1696152274186956,-0.14427512115373387,-0.11718339464004202,-0.08950779471010684,-0.09090909090909094,-0.06346704034565309,-0.06533543527763186,0.19092660711157816,2.0
-0.23477550067145447,-0.21375605768669348,-0.1920359666024406,-0.1696152274186956,-0.14427512115373387,-0.11718339464004202,-0.08950779471010684,-0.09090909090909094,-0.06346704034565309,-0.06533543527763186,-0.08869037192736617,0.17130846032580138,2.0
-0.21375605768669348,-0.1920359666024406,-0.1696152274186956,-0.14427512115373387,-0.11718339464004202,-0.08950779471010684,-0.09090909090909094,-0.06346704034565309,-0.06533543527763186,-0.08869037192736617,-0.06778770362585396,0.1502890173410404,2.0
-0.1920359666024406,-0.1696152274186956,-0.14427512115373387,-0.11718339464004202,-0.08950779471010684,-0.09090909090909094,-0.06346704034565309,-0.06533543527763186,-0.08869037192736617,-0.06778770362585396,-0.06486833654463708,0.1285689262567875,2.0
-0.1696152274186956,-0.14427512115373387,-0.11718339464004202,-0.08950779471010684,-0.09090909090909094,-0.06346704034565309,-0.06533543527763186,-0.08869037192736617,-0.06778770362585396,-0.06486833654463708,-0.051439247971039825,0.11817597944765579,2.0
-0.14427512115373387,-0.11718339464004202,-0.08950779471010684,-0.09090909090909094,-0.06346704034565309,-0.06533543527763186,-0.08869037192736617,-0.06778770362585396,-0.06486833654463708,-0.051439247971039825,0.004262275938576421,0.14853739709231029,2.0
-0.11718339464004202,-0.08950779471010684,-0.09090909090909094,-0.06346704034565309,-0.06533543527763186,-0.08869037192736617,-0.06778770362585396,-0.06486833654463708,-0.051439247971039825,0.004262275938576421,0.04338179482688154,0.16056518946692355,2.0
-0.08950779471010684,-0.09090909090909094,-0.06346704034565309,-0.06533543527763186,-0.08869037192736617,-0.06778770362585396,-0.06486833654463708,-0.051439247971039825,0.004262275938576421,0.04338179482688154,0.12220470601973488,0.21311379692882582,2.0
-0.09090909090909094,-0.06346704034565309,-0.06533543527763186,-0.08869037192736617,-0.06778770362585396,-0.06486833654463708,-0.051439247971039825,0.004262275938576421,0.04338179482688154,0.12220470601973488,0.20873474630700062,0.29964383721609156,2.0
-0.06346704034565309,-0.06533543527763186,-0.08869037192736617,-0.06778770362585396,-0.06486833654463708,-0.051439247971039825,0.004262275938576421,0.04338179482688154,0.12220470601973488,0.20873474630700062,0.27319437146026737,0.36188474338763355,2.0
-0.06533543527763186,-0.08869037192736617,-0.06778770362585396,-0.06486833654463708,-0.051439247971039825,0.004262275938576421,0.04338179482688154,0.12220470601973488,0.20873474630700062,0.27319437146026737,0.3374204472470368,0.42611081917440297,2.0
-0.08869037192736617,-0.06778770362585396,-0.06486833654463708,-0.051439247971039825,0.004262275938576421,0.04338179482688154,0.12220470601973488,0.20873474630700062,0.27319437146026737,0.3374204472470368,0.4220820926023239,0.51077246452969,2.0
-0.06778770362585396,-0.06486833654463708,-0.051439247971039825,0.004262275938576421,0.04338179482688154,0.12220470601973488,0.20873474630700062,0.27319437146026737,0.3374204472470368,0.4220820926023239,0.5013721025281719,0.5691598061540258,2.0
-0.06486833654463708,-0.051439247971039825,0.004262275938576421,0.04338179482688154,0.12220470601973488,0.20873474630700062,0.27319437146026737,0.3374204472470368,0.4220820926023239,0.5013721025281719,0.6016815554387809,0.666549891983418,2.0
-0.051439247971039825,0.004262275938576421,0.04338179482688154,0.12220470601973488,0.20873474630700062,0.27319437146026737,0.3374204472470368,0.4220820926023239,0.5013721025281719,0.6016815554387809,0.6610030945291061,0.7124423425001459,2.0
0.004262275938576421,0.04338179482688154,0.12220470601973488,0.20873474630700062,0.27319437146026737,0.3374204472470368,0.4220820926023239,0.5013721025281719,0.6016815554387809,0.6610030945291061,0.7409937525544461,0.7367314766158697,2.0
0.04338179482688154,0.12220470601973488,0.20873474630700062,0.27319437146026737,0.3374204472470368,0.4220820926023239,0.5013721025281719,0.6016815554387809,0.6610030945291061,0.7409937525544461,0.8109417878204006,0.7675599929935191,2.0
0.12220470601973488,0.20873474630700062,0.27319437146026737,0.3374204472470368,0.4220820926023239,0.5013721025281719,0.6016815554387809,0.6610030945291061,0.7409937525544461,0.8109417878204006,0.8348972562062003,0.7126925501864654,2.0
0.20873474630700062,0.27319437146026737,0.3374204472470368,0.4220820926023239,0.5013721025281719,0.6016815554387809,0.6610030945291061,0.7409937525544461,0.8109417878204006,0.8348972562062003,0.8778829813061422,0.6691482349991416,2.0
0.27319437146026737,0.3374204472470368,0.4220820926023239,0.5013721025281719,0.6016815554387809,0.6610030945291061,0.7409937525544461,0.8109417878204006,0.8348972562062003,0.8778829813061422,0.8819713038053649,0.6087769323450976,2.0
0.3374204472470368,0.4220820926023239,0.5013721025281719,0.6016815554387809,0.6610030945291061,0.7409937525544461,0.8109417878204006,0.8348972562062003,0.8778829813061422,0.8819713038053649,0.8803191489361701,0.5445508565583281,2.0
0.4220820926023239,0.5013721025281719,0.6016815554387809,0.6610030945291061,0.7409937525544461,0.8109417878204006,0.8348972562062003,0.8778829813061422,0.8819713038053649,0.8803191489361701,0.904571796522859,0.48248970392053514,2.0
0.5013721025281719,0.6016815554387809,0.6610030945291061,0.7409937525544461,0.8109417878204006,0.8348972562062003,0.8778829813061422,0.8819713038053649,0.8803191489361701,0.904571796522859,0.9284917667125894,0.4271196641844175,2.0
0.6016815554387809,0.6610030945291061,0.7409937525544461,0.8109417878204006,0.8348972562062003,0.8778829813061422,0.8819713038053649,0.8803191489361701,0.904571796522859,0.9284917667125894,0.9339218833600855,0.33224032792130465,3.0
0.6610030945291061,0.7409937525544461,0.8109417878204006,0.8348972562062003,0.8778829813061422,0.8819713038053649,0.8803191489361701,0.904571796522859,0.9284917667125894,0.9339218833600855,0.9199034010867377,0.2729187888309794,3.0
0.7409937525544461,0.8109417878204006,0.8348972562062003,0.8778829813061422,0.8819713038053649,0.8803191489361701,0.904571796522859,0.9284917667125894,0.9339218833600855,0.9199034010867377,0.9157866415551221,0.19292813080563942,3.0
0.8109417878204006,0.8348972562062003,0.8778829813061422,0.8819713038053649,0.8803191489361701,0.904571796522859,0.9284917667125894,0.9339218833600855,0.9199034010867377,0.9157866415551221,0.9538857995388581,0.1429440117184575,3.0
0.8348972562062003,0.8778829813061422,0.8819713038053649,0.8803191489361701,0.904571796522859,0.9284917667125894,0.9339218833600855,0.9199034010867377,0.9157866415551221,0.9538857995388581,0.9979655499796556,0.16306829377345533,3.0
0.8778829813061422,0.8819713038053649,0.8803191489361701,0.904571796522859,0.9284917667125894,0.9339218833600855,0.9199034010867377,0.9157866415551221,0.9538857995388581,0.9979655499796556,1.0,0.12211701869385783,3.0
0.8819713038053649,0.8803191489361701,0.904571796522859,0.9284917667125894,0.9339218833600855,0.9199034010867377,0.9157866415551221,0.9538857995388581,0.9979655499796556,1.0,1.0,0.11968085106382986,3.0
0.8803191489361701,0.904571796522859,0.9284917667125894,0.9339218833600855,0.9199034010867377,0.9157866415551221,0.9538857995388581,0.9979655499796556,1.0,1.0,1.0,0.11968085106382986,3.0
0.904571796522859,0.9284917667125894,0.9339218833600855,0.9199034010867377,0.9157866415551221,0.9538857995388581,0.9979655499796556,1.0,1.0,1.0,1.0,0.09542820347714098,3.0
0.9284917667125894,0.9339218833600855,0.9199034010867377,0.9157866415551221,0.9538857995388581,0.9979655499796556,1.0,1.0,1.0,1.0,1.0,0.08421335844487787,3.0
0.9339218833600855,0.9199034010867377,0.9157866415551221,0.9538857995388581,0.9979655499796556,1.0,1.0,1.0,1.0,1.0,1.0,0.08421335844487787,3.0
0.9199034010867377,0.9157866415551221,0.9538857995388581,0.9979655499796556,1.0,1.0,1.0,1.0,1.0,1.0,1.0,0.08421335844487787,3.0
0.9157866415551221,0.9538857995388581,0.9979655499796556,1.0,1.0,1.0,1.0,1.0,1.0,1.0,1.0,0.08421335844487787,3.0
0.9538857995388581,0.9979655499796556,1.0,1.0,1.0,1.0,1.0,1.0,1.0,1.0,1.0,0.046114200461141897,3.0
0.9979655499796556,1.0,1.0,1.0,1.0,1.0,1.0,1.0,1.0,1.0,1.0,0.002034450020344414,3.0
1.0,1.0,1.0,1.0,1.0,1.0,1.0,1.0,1.0,1.0,1.0,0.0,3.0
1.0,1.0,1.0,1.0,1.0,1.0,1.0,1.0,1.0,1.0,1.0,0.0,3.0
1.0,1.0,1.0,1.0,1.0,1.0,1.0,1.0,1.0,1.0,1.0,0.0,3.0
1.0,1.0,1.0,1.0,1.0,1.0,1.0,1.0,1.0,1.0,1.0,0.0,3.0
1.0,1.0,1.0,1.0,1.0,1.0,1.0,1.0,1.0,1.0,1.0,0.0,3.0
1.0,1.0,1.0,1.0,1.0,1.0,1.0,1.0,1.0,1.0,1.0,0.0,3.0
1.0,1.0,1.0,1.0,1.0,1.0,1.0,1.0,1.0,1.0,1.0,0.0,3.0
1.0,1.0,1.0,1.0,1.0,1.0,1.0,1.0,1.0,1.0,1.0,0.0,3.0
1.0,1.0,1.0,1.0,1.0,1.0,1.0,1.0,1.0,1.0,1.0,0.0,3.0
1.0,1.0,1.0,1.0,1.0,1.0,1.0,1.0,1.0,1.0,0.9991919191919192,0.0008080808080808133,3.0
1.0,1.0,1.0,1.0,1.0,1.0,1.0,1.0,1.0,0.9991919191919192,0.9916857452705146,0.008314254729485437,3.0
1.0,1.0,1.0,1.0,1.0,1.0,1.0,1.0,0.9991919191919192,0.9916857452705146,0.9793436411415999,0.020656358858400115,3.0
1.0,1.0,1.0,1.0,1.0,1.0,1.0,0.9991919191919192,0.9916857452705146,0.9793436411415999,0.9287416732872944,0.0712583267127056,3.0
1.0,1.0,1.0,1.0,1.0,1.0,0.9991919191919192,0.9916857452705146,0.9793436411415999,0.9287416732872944,0.8959848438550388,0.10401515614496115,3.0
1.0,1.0,1.0,1.0,1.0,0.9991919191919192,0.9916857452705146,0.9793436411415999,0.9287416732872944,0.8959848438550388,0.879606429138911,0.12039357086108904,3.0
1.0,1.0,1.0,1.0,0.9991919191919192,0.9916857452705146,0.9793436411415999,0.9287416732872944,0.8959848438550388,0.879606429138911,0.8173928986127239,0.1826071013872761,3.0
1.0,1.0,1.0,0.9991919191919192,0.9916857452705146,0.9793436411415999,0.9287416732872944,0.8959848438550388,0.879606429138911,0.8173928986127239,0.7722911446556255,0.22770885534437446,3.0
1.0,1.0,0.9991919191919192,0.9916857452705146,0.9793436411415999,0.9287416732872944,0.8959848438550388,0.879606429138911,0.8173928986127239,0.7722911446556255,0.6845321762512986,0.3154678237487014,0.0
1.0,0.9991919191919192,0.9916857452705146,0.9793436411415999,0.9287416732872944,0.8959848438550388,0.879606429138911,0.8173928986127239,0.7722911446556255,0.6845321762512986,0.6195074252887611,0.3804925747112389,0.0
0.9991919191919192,0.9916857452705146,0.9793436411415999,0.9287416732872944,0.8959848438550388,0.879606429138911,0.8173928986127239,0.7722911446556255,0.6845321762512986,0.6195074252887611,0.5464156939436533,0.4527762252482659,0.0
0.9916857452705146,0.9793436411415999,0.9287416732872944,0.8959848438550388,0.879606429138911,0.8173928986127239,0.7722911446556255,0.6845321762512986,0.6195074252887611,0.5464156939436533,0.40548799119965784,0.5861977540708567,0.0
0.9793436411415999,0.9287416732872944,0.8959848438550388,0.879606429138911,0.8173928986127239,0.7722911446556255,0.6845321762512986,0.6195074252887611,0.5464156939436533,0.40548799119965784,0.26419360752918175,0.7151500336124181,0.0
0.9287416732872944,0.8959848438550388,0.879606429138911,0.8173928986127239,0.7722911446556255,0.6845321762512986,0.6195074252887611,0.5464156939436533,0.40548799119965784,0.26419360752918175,0.12326590478518606,0.8054757685021083,0.0
0.8959848438550388,0.879606429138911,0.8173928986127239,0.7722911446556255,0.6845321762512986,0.6195074252887611,0.5464156939436533,0.40548799119965784,0.26419360752918175,0.12326590478518606,-0.015950620301900642,0.9119354641569395,0.0
0.879606429138911,0.8173928986127239,0.7722911446556255,0.6845321762512986,0.6195074252887611,0.5464156939436533,0.40548799119965784,0.26419360752918175,0.12326590478518606,-0.015950620301900642,-0.12021023039784884,0.9998166595367598,0.0
0.8173928986127239,0.7722911446556255,0.6845321762512986,0.6195074252887611,0.5464156939436533,0.40548799119965784,0.26419360752918175,0.12326590478518606,-0.015950620301900642,-0.12021023039784884,-0.18657947809081465,1.0039723767035387,0.0
0.7722911446556255,0.6845321762512986,0.6195074252887611,0.5464156939436533,0.40548799119965784,0.26419360752918175,0.12326590478518606,-0.015950620301900642,-0.12021023039784884,-0.18657947809081465,-0.27421621951964803,1.0465073641752736,0.0
0.6845321762512986,0.6195074252887611,0.5464156939436533,0.40548799119965784,0.26419360752918175,0.12326590478518606,-0.015950620301900642,-0.12021023039784884,-0.18657947809081465,-0.27421621951964803,-0.32029578928069424,1.0048279655319927,0.0
0.6195074252887611,0.5464156939436533,0.40548799119965784,0.26419360752918175,0.12326590478518606,-0.015950620301900642,-0.12021023039784884,-0.18657947809081465,-0.27421621951964803,-0.32029578928069424,-0.3840982704882968,1.003605695777058,0.0
0.5464156939436533,0.40548799119965784,0.26419360752918175,0.12326590478518606,-0.015950620301900642,-0.12021023039784884,-0.18657947809081465,-0.27421621951964803,-0.32029578928069424,-0.3840982704882968,-0.40536576422416426,0.9517814581678176,0.0
0.40548799119965784,0.26419360752918175,0.12326590478518606,-0.015950620301900642,-0.12021023039784884,-0.18657947809081465,-0.27421621951964803,-0.32029578928069424,-0.3840982704882968,-0.40536576422416426,-0.4458228931125099,0.8513108843121677,0.0
0.26419360752918175,0.12326590478518606,-0.015950620301900642,-0.12021023039784884,-0.18657947809081465,-0.27421621951964803,-0.32029578928069424,-0.3840982704882968,-0.40536576422416426,-0.4458228931125099,-0.47784636069180464,0.7420399682209864,0.0
0.12326590478518606,-0.015950620301900642,-0.12021023039784884,-0.18657947809081465,-0.27421621951964803,-0.32029578928069424,-0.3840982704882968,-0.40536576422416426,-0.4458228931125099,-0.47784636069180464,-0.47307950864755854,0.6011122654769907,0.0
-0.015950620301900642,-0.12021023039784884,-0.18657947809081465,-0.27421621951964803,-0.32029578928069424,-0.3840982704882968,-0.40536576422416426,-0.4458228931125099,-0.47784636069180464,-0.47307950864755854,-0.4622013078286378,0.461895740389904,0.0
-0.12021023039784884,-0.18657947809081465,-0.27421621951964803,-0.32029578928069424,-0.3840982704882968,-0.40536576422416426,-0.4458228931125099,-0.47784636069180464,-0.47307950864755854,-0.4622013078286378,-0.44790075169589927,0.3576361302939558,0.0
-0.18657947809081465,-0.27421621951964803,-0.32029578928069424,-0.3840982704882968,-0.40536576422416426,-0.4458228931125099,-0.47784636069180464,-0.47307950864755854,-0.4622013078286378,-0.44790075169589927,-0.43250015278371934,0.29126688260099,0.0
-0.27421621951964803,-0.32029578928069424,-0.3840982704882968,-0.40536576422416426,-0.4458228931125099,-0.47784636069180464,-0.47307950864755854,-0.4622013078286378,-0.44790075169589927,-0.43250015278371934,-0.4174662347980199,0.2036301411721566,0.0
-0.32029578928069424,-0.3840982704882968,-0.40536576422416426,-0.4458228931125099,-0.47784636069180464,-0.47307950864755854,-0.4622013078286378,-0.44790075169589927,-0.43250015278371934,-0.4174662347980199,-0.46195685387765084,0.1575505714111104,0.0
-0.3840982704882968,-0.40536576422416426,-0.4458228931125099,-0.47784636069180464,-0.47307950864755854,-0.4622013078286378,-0.44790075169589927,-0.43250015278371934,-0.4174662347980199,-0.46195685387765084,-0.5068141538837622,0.12271588339546535,0.0
-0.40536576422416426,-0.4458228931125099,-0.47784636069180464,-0.47307950864755854,-0.4622013078286378,-0.44790075169589927,-0.43250015278371934,-0.4174662347980199,-0.46195685387765084,-0.5068141538837622,-0.5497158222819776,0.1443500580578133,0.0
-0.4458228931125099,-0.47784636069180464,-0.47307950864755854,-0.4622013078286378,-0.44790075169589927,-0.43250015278371934,-0.4174662347980199,-0.46195685387765084,-0.5068141538837622,-0.5497158222819776,-0.5933508525331541,0.1758846177351342,0.0
-0.47784636069180464,-0.47307950864755854,-0.4622013078286378,-0.44790075169589927,-0.43250015278371934,-0.4174662347980199,-0.46195685387765084,-0.5068141538837622,-0.5497158222819776,-0.5933508525331541,-0.6362525209313696,0.21878628613334972,0.0
-0.47307950864755854,-0.4622013078286378,-0.44790075169589927,-0.43250015278371934,-0.4174662347980199,-0.46195685387765084,-0.5068141538837622,-0.5497158222819776,-0.5933508525331541,-0.6362525209313696,-0.6771985577216892,0.2597323229236693,0.0
-0.4622013078286378,-0.44790075169589927,-0.43250015278371934,-0.4174662347980199,-0.46195685387765084,-0.5068141538837622,-0.5497158222819776,-0.5933508525331541,-0.6362525209313696,-0.6771985577216892,-0.7181445945120088,0.30067835971398893,0.0
-0.44790075169589927,-0.43250015278371934,-0.4174662347980199,-0.46195685387765084,-0.5068141538837622,-0.5497158222819776,-0.5933508525331541,-0.6362525209313696,-0.6771985577216892,-0.7181445945120088,-0.7581128154983805,0.3406465807003606,0.0
-0.43250015278371934,-0.4174662347980199,-0.46195685387765084,-0.5068141538837622,-0.5497158222819776,-0.5933508525331541,-0.6362525209313696,-0.6771985577216892,-0.7181445945120088,-0.7581128154983805,-0.7980810364847521,0.38061480168673223,0.0
-0.4174662347980199,-0.46195685387765084,-0.5068141538837622,-0.5497158222819776,-0.5933508525331541,-0.6362525209313696,-0.6771985577216892,-0.7181445945120088,-0.7581128154983805,-0.7980810364847521,-0.837071441667176,0.41960520686915603,0.0
-0.46195685387765084,-0.5068141538837622,-0.5497158222819776,-0.5933508525331541,-0.6362525209313696,-0.6771985577216892,-0.7181445945120088,-0.7581128154983805,-0.7980810364847521,-0.837071441667176,-0.8747173501191713,0.41276049624152045,0.0
-0.5068141538837622,-0.5497158222819776,-0.5933508525331541,-0.6362525209313696,-0.6771985577216892,-0.7181445945120088,-0.7581128154983805,-0.7980810364847521,-0.837071441667176,-0.8747173501191713,-0.9117521236936992,0.404937969809937,0.0
-0.5497158222819776,-0.5933508525331541,-0.6362525209313696,-0.6771985577216892,-0.7181445945120088,-0.7581128154983805,-0.7980810364847521,-0.837071441667176,-0.8747173501191713,-0.9117521236936992,-0.9183523803703477,0.36863655808837015,0.0
-0.5933508525331541,-0.6362525209313696,-0.6771985577216892,-0.7181445945120088,-0.7581128154983805,-0.7980810364847521,-0.837071441667176,-0.8747173501191713,-0.9117521236936992,-0.9183523803703477,-0.9231192324145939,0.3297683798814398,0.0
-0.6362525209313696,-0.6771985577216892,-0.7181445945120088,-0.7581128154983805,-0.7980810364847521,-0.837071441667176,-0.8747173501191713,-0.9117521236936992,-0.9183523803703477,-0.9231192324145939,-0.9281305384098271,0.29187801747845743,0.0
-0.6771985577216892,-0.7181445945120088,-0.7581128154983805,-0.7980810364847521,-0.837071441667176,-0.8747173501191713,-0.9117521236936992,-0.9183523803703477,-0.9231192324145939,-0.9281305384098271,-0.9322862555766057,0.2550876978549165,0.0
-0.7181445945120088,-0.7581128154983805,-0.7980810364847521,-0.837071441667176,-0.8747173501191713,-0.9117521236936992,-0.9183523803703477,-0.9231192324145939,-0.9281305384098271,-0.9322862555766057,-0.9349752490374625,0.2168306545254537,0.0
-0.7581128154983805,-0.7980810364847521,-0.837071441667176,-0.8747173501191713,-0.9117521236936992,-0.9183523803703477,-0.9231192324145939,-0.9281305384098271,-0.9322862555766057,-0.9349752490374625,-0.9372975615718389,0.17918474607345836,1.0
-0.7980810364847521,-0.837071441667176,-0.8747173501191713,-0.9117521236936992,-0.9183523803703477,-0.9231192324145939,-0.9281305384098271,-0.9322862555766057,-0.9349752490374625,-0.9372975615718389,-0.9392531931797348,0.14117215669498262,1.0
-0.837071441667176,-0.8747173501191713,-0.9117521236936992,-0.9183523803703477,-0.9231192324145939,-0.9281305384098271,-0.9322862555766057,-0.9349752490374625,-0.9372975615718389,-0.9392531931797348,-0.9407199168856567,0.10364847521848075,1.0
-0.8747173501191713,-0.9117521236936992,-0.9183523803703477,-0.9231192324145939,-0.9281305384098271,-0.9322862555766057,-0.9349752490374625,-0.9372975615718389,-0.9392531931797348,-0.9407199168856567,-0.9434089103465135,0.06869156022734224,1.0
-0.9117521236936992,-0.9183523803703477,-0.9231192324145939,-0.9281305384098271,-0.9322862555766057,-0.9349752490374625,-0.9372975615718389,-0.9392531931797348,-0.9407199168856567,-0.9434089103465135,-0.9478090814642792,0.036056957770580045,1.0
-0.9183523803703477,-0.9231192324145939,-0.9281305384098271,-0.9322862555766057,-0.9349752490374625,-0.9372975615718389,-0.9392531931797348,-0.9407199168856567,-0.9434089103465135,-0.9478090814642792,-0.9514758907290839,0.033123510358736175,1.0
-0.9231192324145939,-0.9281305384098271,-0.9322862555766057,-0.9349752490374625,-0.9372975615718389,-0.9392531931797348,-0.9407199168856567,-0.9434089103465135,-0.9478090814642792,-0.9514758907290839,-0.9547760190674082,0.03165678665281424,1.0
-0.9281305384098271,-0.9322862555766057,-0.9349752490374625,-0.9372975615718389,-0.9392531931797348,-0.9407199168856567,-0.9434089103465135,-0.9478090814642792,-0.9514758907290839,-0.9547760190674082,-0.9566094236998105,0.028478885289983435,1.0
-0.9322862555766057,-0.9349752490374625,-0.9372975615718389,-0.9392531931797348,-0.9407199168856567,-0.9434089103465135,-0.9478090814642792,-0.9514758907290839,-0.9547760190674082,-0.9566094236998105,-0.957220558577278,0.02493430300067223,1.0
-0.9349752490374625,-0.9372975615718389,-0.9392531931797348,-0.9407199168856567,-0.9434089103465135,-0.9478090814642792,-0.9514758907290839,-0.9547760190674082,-0.9566094236998105,-0.957220558577278,-0.9562427427733301,0.022245309539815405,1.0
-0.9372975615718389,-0.9392531931797348,-0.9407199168856567,-0.9434089103465135,-0.9478090814642792,-0.9514758907290839,-0.9547760190674082,-0.9566094236998105,-0.957220558577278,-0.9562427427733301,-0.913463301350608,0.0437572572266699,1.0
-0.9392531931797348,-0.9407199168856567,-0.9434089103465135,-0.9478090814642792,-0.9514758907290839,-0.9547760190674082,-0.9566094236998105,-0.957220558577278,-0.9562427427733301,-0.913463301350608,-0.8857177779135855,0.07150278066369242,1.0
-0.9407199168856567,-0.9434089103465135,-0.9478090814642792,-0.9514758907290839,-0.9547760190674082,-0.9566094236998105,-0.957220558577278,-0.9562427427733301,-0.913463301350608,-0.8857177779135855,-0.8489274582900446,0.10829310028723338,1.0
-0.9434089103465135,-0.9478090814642792,-0.9514758907290839,-0.9547760190674082,-0.9566094236998105,-0.957220558577278,-0.9562427427733301,-0.913463301350608,-0.8857177779135855,-0.8489274582900446,-0.7674020656358859,0.18981849294139208,1.0
-0.9478090814642792,-0.9514758907290839,-0.9547760190674082,-0.9566094236998105,-0.957220558577278,-0.9562427427733301,-0.913463301350608,-0.8857177779135855,-0.8489274582900446,-0.7674020656358859,-0.7053107620851922,0.2519097964920858,1.0
-0.9514758907290839,-0.9547760190674082,-0.9566094236998105,-0.957220558577278,-0.9562427427733301,-0.913463301350608,-0.8857177779135855,-0.8489274582900446,-0.7674020656358859,-0.7053107620851922,-0.5986066124793742,0.35861394609790376,1.0
-0.9547760190674082,-0.9566094236998105,-0.957220558577278,-0.9562427427733301,-0.913463301350608,-0.8857177779135855,-0.8489274582900446,-0.7674020656358859,-0.7053107620851922,-0.5986066124793742,-0.5097476012956059,0.447472957281672,2.0
-0.9566094236998105,-0.957220558577278,-0.9562427427733301,-0.913463301350608,-0.8857177779135855,-0.8489274582900446,-0.7674020656358859,-0.7053107620851922,-0.5986066124793742,-0.5097476012956059,-0.41062152417038444,0.5465990344068935,2.0
-0.957220558577278,-0.9562427427733301,-0.913463301350608,-0.8857177779135855,-0.8489274582900446,-0.7674020656358859,-0.7053107620851922,-0.5986066124793742,-0.5097476012956059,-0.41062152417038444,-0.31308439772657826,0.6441361608506997,2.0
-0.9562427427733301,-0.913463301350608,-0.8857177779135855,-0.8489274582900446,-0.7674020656358859,-0.7053107620851922,-0.5986066124793742,-0.5097476012956059,-0.41062152417038444,-0.31308439772657826,-0.2253254293222514,0.7309173134510787,2.0
-0.913463301350608,-0.8857177779135855,-0.8489274582900446,-0.7674020656358859,-0.7053107620851922,-0.5986066124793742,-0.5097476012956059,-0.41062152417038444,-0.31308439772657826,-0.2253254293222514,-0.11226547699077183,0.8011978243598362,2.0
-0.8857177779135855,-0.8489274582900446,-0.7674020656358859,-0.7053107620851922,-0.5986066124793742,-0.5097476012956059,-0.41062152417038444,-0.31308439772657826,-0.2253254293222514,-0.11226547699077183,-0.004827965531992939,0.8808898123815926,2.0
-0.8489274582900446,-0.7674020656358859,-0.7053107620851922,-0.5986066124793742,-0.5097476012956059,-0.41062152417038444,-0.31308439772657826,-0.2253254293222514,-0.11226547699077183,-0.004827965531992939,0.057874472896168205,0.9068019311862128,2.0
-0.7674020656358859,-0.7053107620851922,-0.5986066124793742,-0.5097476012956059,-0.41062152417038444,-0.31308439772657826,-0.2253254293222514,-0.11226547699077183,-0.004827965531992939,0.057874472896168205,0.13365519770213297,0.9010572633380188,2.0
-0.7053107620851922,-0.5986066124793742,-0.5097476012956059,-0.41062152417038444,-0.31308439772657826,-0.2253254293222514,-0.11226547699077183,-0.004827965531992939,0.057874472896168205,0.13365519770213297,0.1988021756401639,0.9041129377253561,2.0
-0.5986066124793742,-0.5097476012956059,-0.41062152417038444,-0.31308439772657826,-0.2253254293222514,-0.11226547699077183,-0.004827965531992939,0.057874472896168205,0.13365519770213297,0.1988021756401639,0.21933630752307032,0.8179429200024445,2.0
-0.5097476012956059,-0.41062152417038444,-0.31308439772657826,-0.2253254293222514,-0.11226547699077183,-0.004827965531992939,0.057874472896168205,0.13365519770213297,0.1988021756401639,0.21933630752307032,0.25979343641141606,0.769541037707022,2.0
-0.41062152417038444,-0.31308439772657826,-0.2253254293222514,-0.11226547699077183,-0.004827965531992939,0.057874472896168205,0.13365519770213297,0.1988021756401639,0.21933630752307032,0.25979343641141606,0.25747112387703974,0.6704149605818005,2.0
-0.31308439772657826,-0.2253254293222514,-0.11226547699077183,-0.004827965531992939,0.057874472896168205,0.13365519770213297,0.1988021756401639,0.21933630752307032,0.25979343641141606,0.25747112387703974,0.2731161767402066,0.5862005744667849,2.0
-0.2253254293222514,-0.11226547699077183,-0.004827965531992939,0.057874472896168205,0.13365519770213297,0.1988021756401639,0.21933630752307032,0.25979343641141606,0.25747112387703974,0.2731161767402066,0.2783719366864268,0.5036973660086782,2.0
-0.11226547699077183,-0.004827965531992939,0.057874472896168205,0.13365519770213297,0.1988021756401639,0.21933630752307032,0.25979343641141606,0.25747112387703974,0.2731161767402066,0.2783719366864268,0.2863166900935037,0.3985821670842755,2.0
-0.004827965531992939,0.057874472896168205,0.13365519770213297,0.1988021756401639,0.21933630752307032,0.25979343641141606,0.25747112387703974,0.2731161767402066,0.2783719366864268,0.2863166900935037,0.3045285094420338,0.30935647497402674,3.0
0.057874472896168205,0.13365519770213297,0.1988021756401639,0.21933630752307032,0.25979343641141606,0.25747112387703974,0.2731161767402066,0.2783719366864268,0.2863166900935037,0.3045285094420338,0.3009839271527226,0.2466540365458656,3.0
0.13365519770213297,0.1988021756401639,0.21933630752307032,0.25979343641141606,0.25747112387703974,0.2731161767402066,0.2783719366864268,0.2863166900935037,0.3045285094420338,0.3009839271527226,0.2810609301472835,0.17087331173990083,3.0
0.1988021756401639,0.21933630752307032,0.25979343641141606,0.25747112387703974,0.2731161767402066,0.2783719366864268,0.2863166900935037,0.3045285094420338,0.3009839271527226,0.2810609301472835,0.27091609118132376,0.10572633380186991,3.0
0.21933630752307032,0.25979343641141606,0.25747112387703974,0.2731161767402066,0.2783719366864268,0.2863166900935037,0.3045285094420338,0.3009839271527226,0.2810609301472835,0.27091609118132376,0.2619935219702989,0.08519220191896348,3.0
0.25979343641141606,0.25747112387703974,0.2731161767402066,0.2783719366864268,0.2863166900935037,0.3045285094420338,0.3009839271527226,0.2810609301472835,0.27091609118132376,0.2619935219702989,0.2921835849171912,0.04705738556499406,3.0
0.25747112387703974,0.2731161767402066,0.2783719366864268,0.2863166900935037,0.3045285094420338,0.3009839271527226,0.2810609301472835,0.27091609118132376,0.2619935219702989,0.2921835849171912,0.3311739900996149,0.07370286622257516,3.0
0.2731161767402066,0.2783719366864268,0.2863166900935037,0.3045285094420338,0.3009839271527226,0.2810609301472835,0.27091609118132376,0.2619935219702989,0.2921835849171912,0.3311739900996149,0.346819042962782,0.08482552099248308,3.0
0.2783719366864268,0.2863166900935037,0.3045285094420338,0.3009839271527226,0.2810609301472835,0.27091609118132376,0.2619935219702989,0.2921835849171912,0.3311739900996149,0.346819042962782,0.36050846421805294,0.09851494224775403,3.0
0.2863166900935037,0.3045285094420338,0.3009839271527226,0.2810609301472835,0.27091609118132376,0.2619935219702989,0.2921835849171912,0.3311739900996149,0.346819042962782,0.36050846421805294,0.4043879484202164,0.1423944264499175,2.0
0.3045285094420338,0.3009839271527226,0.2810609301472835,0.27091609118132376,0.2619935219702989,0.2921835849171912,0.3311739900996149,0.346819042962782,0.36050846421805294,0.4043879484202164,0.4481452056468862,0.1861516836765873,2.0
0.3009839271527226,0.2810609301472835,0.27091609118132376,0.2619935219702989,0.2921835849171912,0.3311739900996149,0.346819042962782,0.36050846421805294,0.4043879484202164,0.4481452056468862,0.48933569638819296,0.22734217441789406,2.0
0.2810609301472835,0.27091609118132376,0.2619935219702989,0.2921835849171912,0.3311739900996149,0.346819042962782,0.36050846421805294,0.4043879484202164,0.4481452056468862,0.48933569638819296,0.5136507150374543,0.2516571930671554,2.0
0.27091609118132376,0.2619935219702989,0.2921835849171912,0.3311739900996149,0.346819042962782,0.36050846421805294,0.4043879484202164,0.4481452056468862,0.48933569638819296,0.5136507150374543,0.5415093171547081,0.27951579518440917,2.0
0.2619935219702989,0.2921835849171912,0.3311739900996149,0.346819042962782,0.36050846421805294,0.4043879484202164,0.4481452056468862,0.48933569638819296,0.5136507150374543,0.5415093171547081,0.5900830575157685,0.3280895355454696,2.0
0.2921835849171912,0.3311739900996149,0.346819042962782,0.36050846421805294,0.4043879484202164,0.4481452056468862,0.48933569638819296,0.5136507150374543,0.5415093171547081,0.5900830575157685,0.6414163492162619,0.3492327642990707,2.0
0.3311739900996149,0.346819042962782,0.36050846421805294,0.4043879484202164,0.4481452056468862,0.48933569638819296,0.5136507150374543,0.5415093171547081,0.5900830575157685,0.6414163492162619,0.6661462561668645,0.3349722660672496,2.0
0.346819042962782,0.36050846421805294,0.4043879484202164,0.4481452056468862,0.48933569638819296,0.5136507150374543,0.5415093171547081,0.5900830575157685,0.6414163492162619,0.6661462561668645,0.680634484481359,0.333815441518577,2.0
0.36050846421805294,0.4043879484202164,0.4481452056468862,0.48933569638819296,0.5136507150374543,0.5415093171547081,0.5900830575157685,0.6414163492162619,0.6661462561668645,0.680634484481359,0.677886717042403,0.32012602026330605,2.0
0.4043879484202164,0.4481452056468862,0.48933569638819296,0.5136507150374543,0.5415093171547081,0.5900830575157685,0.6414163492162619,0.6661462561668645,0.680634484481359,0.677886717042403,0.656778867170424,0.2762465360611426,2.0
0.4481452056468862,0.48933569638819296,0.5136507150374543,0.5415093171547081,0.5900830575157685,0.6414163492162619,0.6661462561668645,0.680634484481359,0.677886717042403,0.656778867170424,0.6285518016611502,0.2324892788344728,2.0
0.48933569638819296,0.5136507150374543,0.5415093171547081,0.5900830575157685,0.6414163492162619,0.6661462561668645,0.680634484481359,0.677886717042403,0.656778867170424,0.6285518016611502,0.5676013239243114,0.19129878809316603,2.0
0.5136507150374543,0.5415093171547081,0.5900830575157685,0.6414163492162619,0.6661462561668645,0.680634484481359,0.677886717042403,0.656778867170424,0.6285518016611502,0.5676013239243114,0.5059014550677574,0.17473302941360158,2.0
0.5415093171547081,0.5900830575157685,0.6414163492162619,0.6661462561668645,0.680634484481359,0.677886717042403,0.656778867170424,0.6285518016611502,0.5676013239243114,0.5059014550677574,0.47455192655967027,0.20608255792168872,0.0
0.5900830575157685,0.6414163492162619,0.6661462561668645,0.680634484481359,0.677886717042403,0.656778867170424,0.6285518016611502,0.5676013239243114,0.5059014550677574,0.47455192655967027,0.4480734403297322,0.23256104415162682,0.0
0.6414163492162619,0.6661462561668645,0.680634484481359,0.677886717042403,0.656778867170424,0.6285518016611502,0.5676013239243114,0.5059014550677574,0.47455192655967027,0.4480734403297322,0.4141010429026417,0.2665334415787173,0.0
0.6661462561668645,0.680634484481359,0.677886717042403,0.656778867170424,0.6285518016611502,0.5676013239243114,0.5059014550677574,0.47455192655967027,0.4480734403297322,0.4141010429026417,0.33791294573159303,0.34272153874976596,0.0
0.680634484481359,0.677886717042403,0.656778867170424,0.6285518016611502,0.5676013239243114,0.5059014550677574,0.47455192655967027,0.4480734403297322,0.4141010429026417,0.33791294573159303,0.24611253356647733,0.43452195091488166,0.0
0.677886717042403,0.656778867170424,0.6285518016611502,0.5676013239243114,0.5059014550677574,0.47455192655967027,0.4480734403297322,0.4141010429026417,0.33791294573159303,0.24611253356647733,0.20314744270280394,0.47473927433959906,0.0
0.656778867170424,0.6285518016611502,0.5676013239243114,0.5059014550677574,0.47455192655967027,0.4480734403297322,0.4141010429026417,0.33791294573159303,0.24611253356647733,0.20314744270280394,0.08961468806594652,0.5671641791044775,0.0
0.6285518016611502,0.5676013239243114,0.5059014550677574,0.47455192655967027,0.4480734403297322,0.4141010429026417,0.33791294573159303,0.24611253356647733,0.20314744270280394,0.08961468806594652,-0.022793979891338245,0.6513457815524885,0.0
0.5676013239243114,0.5059014550677574,0.47455192655967027,0.4480734403297322,0.4141010429026417,0.33791294573159303,0.24611253356647733,0.20314744270280394,0.08961468806594652,-0.022793979891338245,-0.06763254855429968,0.6352338724786111,0.0
0.5059014550677574,0.47455192655967027,0.4480734403297322,0.4141010429026417,0.33791294573159303,0.24611253356647733,0.20314744270280394,0.08961468806594652,-0.022793979891338245,-0.06763254855429968,-0.11034784237806783,0.6162492974458252,0.0
0.47455192655967027,0.4480734403297322,0.4141010429026417,0.33791294573159303,0.24611253356647733,0.20314744270280394,0.08961468806594652,-0.022793979891338245,-0.06763254855429968,-0.11034784237806783,-0.15318803472178855,0.6277399612814588,0.0
0.4480734403297322,0.4141010429026417,0.33791294573159303,0.24611253356647733,0.20314744270280394,0.08961468806594652,-0.022793979891338245,-0.06763254855429968,-0.11034784237806783,-0.15318803472178855,-0.19902579154437017,0.6470992318741023,0.0
0.4141010429026417,0.33791294573159303,0.24611253356647733,0.20314744270280394,0.08961468806594652,-0.022793979891338245,-0.06763254855429968,-0.11034784237806783,-0.15318803472178855,-0.19902579154437017,-0.27483919315556116,0.6889402360582029,0.0
0.33791294573159303,0.24611253356647733,0.20314744270280394,0.08961468806594652,-0.022793979891338245,-0.06763254855429968,-0.11034784237806783,-0.15318803472178855,-0.19902579154437017,-0.27483919315556116,-0.34390807468931495,0.681821020420908,0.0
0.24611253356647733,0.20314744270280394,0.08961468806594652,-0.022793979891338245,-0.06763254855429968,-0.11034784237806783,-0.15318803472178855,-0.19902579154437017,-0.27483919315556116,-0.34390807468931495,-0.4064822331855368,0.6525947667520141,0.0
0.20314744270280394,0.08961468806594652,-0.022793979891338245,-0.06763254855429968,-0.11034784237806783,-0.15318803472178855,-0.19902579154437017,-0.27483919315556116,-0.34390807468931495,-0.4064822331855368,-0.4295884593767564,0.6327359020795603,0.0
0.08961468806594652,-0.022793979891338245,-0.06763254855429968,-0.11034784237806783,-0.15318803472178855,-0.19902579154437017,-0.27483919315556116,-0.34390807468931495,-0.4064822331855368,-0.4295884593767564,-0.4433272965715356,0.5329419846374821,0.0
-0.022793979891338245,-0.06763254855429968,-0.11034784237806783,-0.15318803472178855,-0.19902579154437017,-0.27483919315556116,-0.34390807468931495,-0.4064822331855368,-0.4295884593767564,-0.4433272965715356,-0.47929807031786675,0.4565040904265285,0.0
-0.06763254855429968,-0.11034784237806783,-0.15318803472178855,-0.19902579154437017,-0.27483919315556116,-0.34390807468931495,-0.4064822331855368,-0.4295884593767564,-0.4433272965715356,-0.47929807031786675,-0.4750515206394804,0.4116655217635671,0.0
-0.11034784237806783,-0.15318803472178855,-0.19902579154437017,-0.27483919315556116,-0.34390807468931495,-0.4064822331855368,-0.4295884593767564,-0.4433272965715356,-0.47929807031786675,-0.4750515206394804,-0.49778305127084244,0.3874352088927746,0.0
-0.15318803472178855,-0.19902579154437017,-0.27483919315556116,-0.34390807468931495,-0.4064822331855368,-0.4295884593767564,-0.4433272965715356,-0.47929807031786675,-0.4750515206394804,-0.49778305127084244,-0.5478673577718104,0.39467932305002185,0.0
-0.19902579154437017,-0.27483919315556116,-0.34390807468931495,-0.4064822331855368,-0.4295884593767564,-0.4433272965715356,-0.47929807031786675,-0.4750515206394804,-0.49778305127084244,-0.5478673577718104,-0.5945794042340597,0.3955536126896896,0.0
-0.27483919315556116,-0.34390807468931495,-0.4064822331855368,-0.4295884593767564,-0.4433272965715356,-0.47929807031786675,-0.4750515206394804,-0.49778305127084244,-0.5478673577718104,-0.5945794042340597,-0.6376693936176856,0.36283020046212444,0.0
-0.34390807468931495,-0.4064822331855368,-0.4295884593767564,-0.4433272965715356,-0.47929807031786675,-0.4750515206394804,-0.49778305127084244,-0.5478673577718104,-0.5945794042340597,-0.6376693936176856,-0.677886717042403,0.33397864235308805,0.0
-0.4064822331855368,-0.4295884593767564,-0.4433272965715356,-0.47929807031786675,-0.4750515206394804,-0.49778305127084244,-0.5478673577718104,-0.5945794042340597,-0.6376693936176856,-0.677886717042403,-0.7173546493474052,0.31087241616186845,0.0
-0.4295884593767564,-0.4433272965715356,-0.47929807031786675,-0.4750515206394804,-0.49778305127084244,-0.5478673577718104,-0.5945794042340597,-0.6376693936176856,-0.677886717042403,-0.7173546493474052,-0.7584462624117905,0.3288578030350341,0.0
-0.4433272965715356,-0.47929807031786675,-0.4750515206394804,-0.49778305127084244,-0.5478673577718104,-0.5945794042340597,-0.6376693936176856,-0.677886717042403,-0.7173546493474052,-0.7584462624117905,-0.7996627739961282,0.3563354774245926,0.0
-0.47929807031786675,-0.4750515206394804,-0.49778305127084244,-0.5478673577718104,-0.5945794042340597,-0.6376693936176856,-0.677886717042403,-0.7173546493474052,-0.7584462624117905,-0.7996627739961282,-0.8406294885405607,0.3655779679010803,0.0
-0.4750515206394804,-0.49778305127084244,-0.5478673577718104,-0.5945794042340597,-0.6376693936176856,-0.677886717042403,-0.7173546493474052,-0.7584462624117905,-0.7996627739961282,-0.8406294885405607,-0.8822206956847561,0.4071691750452757,0.0
-0.49778305127084244,-0.5478673577718104,-0.5945794042340597,-0.6376693936176856,-0.677886717042403,-0.7173546493474052,-0.7584462624117905,-0.7996627739961282,-0.8406294885405607,-0.8822206956847561,-0.9234372072690938,0.4256541559982514,0.0
-0.5478673577718104,-0.5945794042340597,-0.6376693936176856,-0.677886717042403,-0.7173546493474052,-0.7584462624117905,-0.7996627739961282,-0.8406294885405607,-0.8822206956847561,-0.9234372072690938,-0.9644039218135265,0.41653656404171613,0.0
-0.5945794042340597,-0.6376693936176856,-0.677886717042403,-0.7173546493474052,-0.7584462624117905,-0.7996627739961282,-0.8406294885405607,-0.8822206956847561,-0.9234372072690938,-0.9644039218135265,-0.9713982389308686,0.3768188346968089,0.0
-0.6376693936176856,-0.677886717042403,-0.7173546493474052,-0.7584462624117905,-0.7996627739961282,-0.8406294885405607,-0.8822206956847561,-0.9234372072690938,-0.9644039218135265,-0.9713982389308686,-0.9770186723287329,0.33934927871104725,0.0
-0.677886717042403,-0.7173546493474052,-0.7584462624117905,-0.7996627739961282,-0.8406294885405607,-0.8822206956847561,-0.9234372072690938,-0.9644039218135265,-0.9713982389308686,-0.9770186723287329,-0.9812652220071192,0.3033785049647162,0.0
-0.7173546493474052,-0.7584462624117905,-0.7996627739961282,-0.8406294885405607,-0.8822206956847561,-0.9234372072690938,-0.9644039218135265,-0.9713982389308686,-0.9770186723287329,-0.9812652220071192,-0.985386873165553,0.26803222381814773,0.0
-0.7584462624117905,-0.7996627739961282,-0.8406294885405607,-0.8822206956847561,-0.9234372072690938,-0.9644039218135265,-0.9713982389308686,-0.9770186723287329,-0.9812652220071192,-0.985386873165553,-0.9883844376444139,0.2299381752326234,1.0
-0.7996627739961282,-0.8406294885405607,-0.8822206956847561,-0.9234372072690938,-0.9644039218135265,-0.9713982389308686,-0.9770186723287329,-0.9812652220071192,-0.985386873165553,-0.9883844376444139,-0.9897583213638919,0.19009554736776368,1.0
-0.8406294885405607,-0.8822206956847561,-0.9234372072690938,-0.9644039218135265,-0.9713982389308686,-0.9770186723287329,-0.9812652220071192,-0.985386873165553,-0.9883844376444139,-0.9897583213638919,-0.991881596203085,0.15125210766252428,1.0
-0.8822206956847561,-0.9234372072690938,-0.9644039218135265,-0.9713982389308686,-0.9770186723287329,-0.9812652220071192,-0.985386873165553,-0.9883844376444139,-0.9897583213638919,-0.991881596203085,-0.9947542621619934,0.11253356647723722,1.0
-0.9234372072690938,-0.9644039218135265,-0.9713982389308686,-0.9770186723287329,-0.9812652220071192,-0.985386873165553,-0.9883844376444139,-0.9897583213638919,-0.991881596203085,-0.9947542621619934,-0.9990008118403797,0.07556360457128586,1.0
-0.9644039218135265,-0.9713982389308686,-0.9770186723287329,-0.9812652220071192,-0.985386873165553,-0.9883844376444139,-0.9897583213638919,-0.991881596203085,-0.9947542621619934,-0.9990008118403797,-1.0,0.03559607818647348,1.0
-0.9713982389308686,-0.9770186723287329,-0.9812652220071192,-0.985386873165553,-0.9883844376444139,-0.9897583213638919,-0.991881596203085,-0.9947542621619934,-0.9990008118403797,-1.0,-1.0,0.02860176106913137,1.0
-0.9770186723287329,-0.9812652220071192,-0.985386873165553,-0.9883844376444139,-0.9897583213638919,-0.991881596203085,-0.9947542621619934,-0.9990008118403797,-1.0,-1.0,-1.0,0.02298132767126715,1.0
-0.9812652220071192,-0.985386873165553,-0.9883844376444139,-0.9897583213638919,-0.991881596203085,-0.9947542621619934,-0.9990008118403797,-1.0,-1.0,-1.0,-1.0,0.018734777992880813,1.0
-0.985386873165553,-0.9883844376444139,-0.9897583213638919,-0.991881596203085,-0.9947542621619934,-0.9990008118403797,-1.0,-1.0,-1.0,-1.0,-1.0,0.014613126834447043,1.0
-0.9883844376444139,-0.9897583213638919,-0.991881596203085,-0.9947542621619934,-0.9990008118403797,-1.0,-1.0,-1.0,-1.0,-1.0,-1.0,0.01161556235558614,1.0
-0.9897583213638919,-0.991881596203085,-0.9947542621619934,-0.9990008118403797,-1.0,-1.0,-1.0,-1.0,-1.0,-1.0,-1.0,0.010241678636108142,1.0
-0.991881596203085,-0.9947542621619934,-0.9990008118403797,-1.0,-1.0,-1.0,-1.0,-1.0,-1.0,-1.0,-1.0,0.008118403796914975,1.0
-0.9947542621619934,-0.9990008118403797,-1.0,-1.0,-1.0,-1.0,-1.0,-1.0,-1.0,-1.0,-1.0,0.005245737838006637,1.0
-0.9990008118403797,-1.0,-1.0,-1.0,-1.0,-1.0,-1.0,-1.0,-1.0,-1.0,-1.0,0.0009991881596203012,1.0
-1.0,-1.0,-1.0,-1.0,-1.0,-1.0,-1.0,-1.0,-1.0,-1.0,-1.0,0.0,1.0
-1.0,-1.0,-1.0,-1.0,-1.0,-1.0,-1.0,-1.0,-1.0,-1.0,-1.0,0.0,1.0
-1.0,-1.0,-1.0,-1.0,-1.0,-1.0,-1.0,-1.0,-1.0,-1.0,-1.0,0.0,1.0
-1.0,-1.0,-1.0,-1.0,-1.0,-1.0,-1.0,-1.0,-1.0,-1.0,-0.9966653841220983,0.0033346158779017365,1.0
-1.0,-1.0,-1.0,-1.0,-1.0,-1.0,-1.0,-1.0,-1.0,-0.9966653841220983,-0.9455826699725955,0.054417330027404454,1.0
-1.0,-1.0,-1.0,-1.0,-1.0,-1.0,-1.0,-1.0,-0.9966653841220983,-0.9455826699725955,-0.9100842548709848,0.08991574512901523,1.0
-1.0,-1.0,-1.0,-1.0,-1.0,-1.0,-1.0,-0.9966653841220983,-0.9455826699725955,-0.9100842548709848,-0.8249676496628755,0.1750323503371245,1.0
-1.0,-1.0,-1.0,-1.0,-1.0,-1.0,-0.9966653841220983,-0.9455826699725955,-0.9100842548709848,-0.8249676496628755,-0.7229286013692888,0.2770713986307112,1.0
-1.0,-1.0,-1.0,-1.0,-1.0,-0.9966653841220983,-0.9455826699725955,-0.9100842548709848,-0.8249676496628755,-0.7229286013692888,-0.6279001468428781,0.3720998531571219,1.0
-1.0,-1.0,-1.0,-1.0,-0.9966653841220983,-0.9455826699725955,-0.9100842548709848,-0.8249676496628755,-0.7229286013692888,-0.6279001468428781,-0.49706314243759175,0.5029368575624082,1.0
-1.0,-1.0,-1.0,-0.9966653841220983,-0.9455826699725955,-0.9100842548709848,-0.8249676496628755,-0.7229286013692888,-0.6279001468428781,-0.49706314243759175,-0.3535976505139501,0.6464023494860499,2.0
-1.0,-1.0,-0.9966653841220983,-0.9455826699725955,-0.9100842548709848,-0.8249676496628755,-0.7229286013692888,-0.6279001468428781,-0.49706314243759175,-0.3535976505139501,-0.24111600587371518,0.7588839941262848,2.0
-1.0,-0.9966653841220983,-0.9455826699725955,-0.9100842548709848,-0.8249676496628755,-0.7229286013692888,-0.6279001468428781,-0.49706314243759175,-0.3535976505139501,-0.24111600587371518,-0.11997063142437592,0.8800293685756241,2.0
-0.9966653841220983,-0.9455826699725955,-0.9100842548709848,-0.8249676496628755,-0.7229286013692888,-0.6279001468428781,-0.49706314243759175,-0.3535976505139501,-0.24111600587371518,-0.11997063142437592,0.001027900146842953,0.9976932842689412,2.0
-0.9455826699725955,-0.9100842548709848,-0.8249676496628755,-0.7229286013692888,-0.6279001468428781,-0.49706314243759175,-0.3535976505139501,-0.24111600587371518,-0.11997063142437592,0.001027900146842953,0.11556534508076366,1.0611480150533592,2.0
-0.9100842548709848,-0.8249676496628755,-0.7229286013692888,-0.6279001468428781,-0.49706314243759175,-0.3535976505139501,-0.24111600587371518,-0.11997063142437592,0.001027900146842953,0.11556534508076366,0.22041116005873707,1.130495414929722,2.0
-0.8249676496628755,-0.7229286013692888,-0.6279001468428781,-0.49706314243759175,-0.3535976505139501,-0.24111600587371518,-0.11997063142437592,0.001027900146842953,0.11556534508076366,0.22041116005873707,0.303964757709251,1.1289324073721265,2.0
-0.7229286013692888,-0.6279001468428781,-0.49706314243759175,-0.3535976505139501,-0.24111600587371518,-0.11997063142437592,0.001027900146842953,0.11556534508076366,0.22041116005873707,0.303964757709251,0.3998531571218795,1.1227817584911683,2.0
-0.6279001468428781,-0.49706314243759175,-0.3535976505139501,-0.24111600587371518,-0.11997063142437592,0.001027900146842953,0.11556534508076366,0.22041116005873707,0.303964757709251,0.3998531571218795,0.4417033773861967,1.0696035242290747,2.0
-0.49706314243759175,-0.3535976505139501,-0.24111600587371518,-0.11997063142437592,0.001027900146842953,0.11556534508076366,0.22041116005873707,0.303964757709251,0.3998531571218795,0.4417033773861967,0.4700440528634362,0.967107195301028,2.0
-0.3535976505139501,-0.24111600587371518,-0.11997063142437592,0.001027900146842953,0.11556534508076366,0.22041116005873707,0.303964757709251,0.3998531571218795,0.4417033773861967,0.4700440528634362,0.5192364170337738,0.8728340675477239,2.0
-0.24111600587371518,-0.11997063142437592,0.001027900146842953,0.11556534508076366,0.22041116005873707,0.303964757709251,0.3998531571218795,0.4417033773861967,0.4700440528634362,0.5192364170337738,0.5174743024963289,0.760352422907489,2.0
-0.11997063142437592,0.001027900146842953,0.11556534508076366,0.22041116005873707,0.303964757709251,0.3998531571218795,0.4417033773861967,0.4700440528634362,0.5192364170337738,0.5174743024963289,0.5079295154185022,0.6392070484581497,2.0
0.001027900146842953,0.11556534508076366,0.22041116005873707,0.303964757709251,0.3998531571218795,0.4417033773861967,0.4700440528634362,0.5192364170337738,0.5174743024963289,0.5079295154185022,0.5337738619676946,0.5327459618208517,3.0
0.11556534508076366,0.22041116005873707,0.303964757709251,0.3998531571218795,0.4417033773861967,0.4700440528634362,0.5192364170337738,0.5174743024963289,0.5079295154185022,0.5337738619676946,0.5226138032305434,0.41820851688693095,3.0
0.22041116005873707,0.303964757709251,0.3998531571218795,0.4417033773861967,0.4700440528634362,0.5192364170337738,0.5174743024963289,0.5079295154185022,0.5337738619676946,0.5226138032305434,0.5242290748898679,0.31336270190895754,3.0
0.303964757709251,0.3998531571218795,0.4417033773861967,0.4700440528634362,0.5192364170337738,0.5174743024963289,0.5079295154185022,0.5337738619676946,0.5226138032305434,0.5242290748898679,0.5816446402349487,0.27767988252569764,3.0
0.3998531571218795,0.4417033773861967,0.4700440528634362,0.5192364170337738,0.5174743024963289,0.5079295154185022,0.5337738619676946,0.5226138032305434,0.5242290748898679,0.5816446402349487,0.6509544787077828,0.25110132158590326,3.0
0.4417033773861967,0.4700440528634362,0.5192364170337738,0.5174743024963289,0.5079295154185022,0.5337738619676946,0.5226138032305434,0.5242290748898679,0.5816446402349487,0.6509544787077828,0.65359765051395,0.21189427312775333,3.0
0.4700440528634362,0.5192364170337738,0.5174743024963289,0.5079295154185022,0.5337738619676946,0.5226138032305434,0.5242290748898679,0.5816446402349487,0.6509544787077828,0.65359765051395,0.6625550660792952,0.19251101321585895,3.0
0.5192364170337738,0.5174743024963289,0.5079295154185022,0.5337738619676946,0.5226138032305434,0.5242290748898679,0.5816446402349487,0.6509544787077828,0.65359765051395,0.6625550660792952,0.6747430249632893,0.16681350954478713,3.0
0.5174743024963289,0.5079295154185022,0.5337738619676946,0.5226138032305434,0.5242290748898679,0.5816446402349487,0.6509544787077828,0.65359765051395,0.6625550660792952,0.6747430249632893,0.6882525697503672,0.18032305433186502,2.0
0.5079295154185022,0.5337738619676946,0.5226138032305434,0.5242290748898679,0.5816446402349487,0.6509544787077828,0.65359765051395,0.6625550660792952,0.6747430249632893,0.6882525697503672,0.7066079295154184,0.19867841409691622,2.0
0.5337738619676946,0.5226138032305434,0.5242290748898679,0.5816446402349487,0.6509544787077828,0.65359765051395,0.6625550660792952,0.6747430249632893,0.6882525697503672,0.7066079295154184,0.7295154185022026,0.20690161527165918,2.0
0.5226138032305434,0.5242290748898679,0.5816446402349487,0.6509544787077828,0.65359765051395,0.6625550660792952,0.6747430249632893,0.6882525697503672,0.7066079295154184,0.7295154185022026,0.7515418502202642,0.2289280469897208,2.0
0.5242290748898679,0.5816446402349487,0.6509544787077828,0.65359765051395,0.6625550660792952,0.6747430249632893,0.6882525697503672,0.7066079295154184,0.7295154185022026,0.7515418502202642,0.7725403817914831,0.24831130690161518,2.0
0.5816446402349487,0.6509544787077828,0.65359765051395,0.6625550660792952,0.6747430249632893,0.6882525697503672,0.7066079295154184,0.7295154185022026,0.7515418502202642,0.7725403817914831,0.8662261380323055,0.28458149779735686,2.0
0.6509544787077828,0.65359765051395,0.6625550660792952,0.6747430249632893,0.6882525697503672,0.7066079295154184,0.7295154185022026,0.7515418502202642,0.7725403817914831,0.8662261380323055,0.950367107195301,0.29941262848751826,2.0
0.65359765051395,0.6625550660792952,0.6747430249632893,0.6882525697503672,0.7066079295154184,0.7295154185022026,0.7515418502202642,0.7725403817914831,0.8662261380323055,0.950367107195301,0.9872246696035243,0.33362701908957426,2.0
0.6625550660792952,0.6747430249632893,0.6882525697503672,0.7066079295154184,0.7295154185022026,0.7515418502202642,0.7725403817914831,0.8662261380323055,0.950367107195301,0.9872246696035243,1.0,0.33744493392070485,2.0
0.6747430249632893,0.6882525697503672,0.7066079295154184,0.7295154185022026,0.7515418502202642,0.7725403817914831,0.8662261380323055,0.950367107195301,0.9872246696035243,1.0,1.0,0.3252569750367107,2.0
0.6882525697503672,0.7066079295154184,0.7295154185022026,0.7515418502202642,0.7725403817914831,0.8662261380323055,0.950367107195301,0.9872246696035243,1.0,1.0,1.0,0.3117474302496328,2.0
0.7066079295154184,0.7295154185022026,0.7515418502202642,0.7725403817914831,0.8662261380323055,0.950367107195301,0.9872246696035243,1.0,1.0,1.0,1.0,0.2933920704845816,2.0
0.7295154185022026,0.7515418502202642,0.7725403817914831,0.8662261380323055,0.950367107195301,0.9872246696035243,1.0,1.0,1.0,1.0,1.0,0.2704845814977974,3.0
0.7515418502202642,0.7725403817914831,0.8662261380323055,0.950367107195301,0.9872246696035243,1.0,1.0,1.0,1.0,1.0,1.0,0.2484581497797358,3.0
0.7725403817914831,0.8662261380323055,0.950367107195301,0.9872246696035243,1.0,1.0,1.0,1.0,1.0,1.0,1.0,0.2274596182085169,3.0
0.8662261380323055,0.950367107195301,0.9872246696035243,1.0,1.0,1.0,1.0,1.0,1.0,1.0,0.9983671418702507,0.13377386196769447,3.0
0.950367107195301,0.9872246696035243,1.0,1.0,1.0,1.0,1.0,1.0,1.0,0.9983671418702507,0.9886955975632732,0.04963289280469896,3.0
0.9872246696035243,1.0,1.0,1.0,1.0,1.0,1.0,1.0,0.9983671418702507,0.9886955975632732,0.9680964642341268,0.03190353576587324,3.0
1.0,1.0,1.0,1.0,1.0,1.0,1.0,0.9983671418702507,0.9886955975632732,0.9680964642341268,0.9375745776549644,0.062425422345035564,3.0
1.0,1.0,1.0,1.0,1.0,1.0,0.9983671418702507,0.9886955975632732,0.9680964642341268,0.9375745776549644,0.8639703573447215,0.1360296426552785,3.0
1.0,1.0,1.0,1.0,1.0,0.9983671418702507,0.9886955975632732,0.9680964642341268,0.9375745776549644,0.8639703573447215,0.7795641524838284,0.22043584751617162,3.0
1.0,1.0,1.0,1.0,0.9983671418702507,0.9886955975632732,0.9680964642341268,0.9375745776549644,0.8639703573447215,0.7795641524838284,0.7182691703824655,0.2817308296175345,3.0
1.0,1.0,1.0,0.9983671418702507,0.9886955975632732,0.9680964642341268,0.9375745776549644,0.8639703573447215,0.7795641524838284,0.7182691703824655,0.6471770395026062,0.3528229604973938,3.0
1.0,1.0,0.9983671418702507,0.9886955975632732,0.9680964642341268,0.9375745776549644,0.8639703573447215,0.7795641524838284,0.7182691703824655,0.6471770395026062,0.536896313508761,0.463103686491239,0.0
1.0,0.9983671418702507,0.9886955975632732,0.9680964642341268,0.9375745776549644,0.8639703573447215,0.7795641524838284,0.7182691703824655,0.6471770395026062,0.536896313508761,0.4225962444263016,0.5774037555736984,0.0
0.9983671418702507,0.9886955975632732,0.9680964642341268,0.9375745776549644,0.8639703573447215,0.7795641524838284,0.7182691703824655,0.6471770395026062,0.536896313508761,0.4225962444263016,0.3383156440369277,0.660051497833323,0.0
0.9886955975632732,0.9680964642341268,0.9375745776549644,0.8639703573447215,0.7795641524838284,0.7182691703824655,0.6471770395026062,0.536896313508761,0.4225962444263016,0.3383156440369277,0.28694341518558053,0.7017521823776927,0.0
0.9680964642341268,0.9375745776549644,0.8639703573447215,0.7795641524838284,0.7182691703824655,0.6471770395026062,0.536896313508761,0.4225962444263016,0.3383156440369277,0.28694341518558053,0.23695283552094448,0.7311436287131823,0.0
0.9375745776549644,0.8639703573447215,0.7795641524838284,0.7182691703824655,0.6471770395026062,0.536896313508761,0.4225962444263016,0.3383156440369277,0.28694341518558053,0.23695283552094448,0.18846950951453878,0.7491050681404257,0.0
0.8639703573447215,0.7795641524838284,0.7182691703824655,0.6471770395026062,0.536896313508761,0.4225962444263016,0.3383156440369277,0.28694341518558053,0.23695283552094448,0.18846950951453878,0.11046913270112424,0.7535012246435973,0.0
0.7795641524838284,0.7182691703824655,0.6471770395026062,0.536896313508761,0.4225962444263016,0.3383156440369277,0.28694341518558053,0.23695283552094448,0.18846950951453878,0.11046913270112424,0.003328518495258503,0.7762356339885699,0.0
0.7182691703824655,0.6471770395026062,0.536896313508761,0.4225962444263016,0.3383156440369277,0.28694341518558053,0.23695283552094448,0.18846950951453878,0.11046913270112424,0.003328518495258503,-0.0662563587263707,0.7845255291088362,0.0
0.6471770395026062,0.536896313508761,0.4225962444263016,0.3383156440369277,0.28694341518558053,0.23695283552094448,0.18846950951453878,0.11046913270112424,0.003328518495258503,-0.0662563587263707,-0.12981222131507886,0.776989260817685,0.0
0.536896313508761,0.4225962444263016,0.3383156440369277,0.28694341518558053,0.23695283552094448,0.18846950951453878,0.11046913270112424,0.003328518495258503,-0.0662563587263707,-0.12981222131507886,-0.22087546316648876,0.7577717766752498,0.0
0.4225962444263016,0.3383156440369277,0.28694341518558053,0.23695283552094448,0.18846950951453878,0.11046913270112424,0.003328518495258503,-0.0662563587263707,-0.12981222131507886,-0.22087546316648876,-0.27450857250518124,0.6971048169314829,0.0
0.3383156440369277,0.28694341518558053,0.23695283552094448,0.18846950951453878,0.11046913270112424,0.003328518495258503,-0.0662563587263707,-0.12981222131507886,-0.22087546316648876,-0.27450857250518124,-0.2890786912014067,0.6273943352383344,0.0
0.28694341518558053,0.23695283552094448,0.18846950951453878,0.11046913270112424,0.003328518495258503,-0.0662563587263707,-0.12981222131507886,-0.22087546316648876,-0.27450857250518124,-0.2890786912014067,-0.30251836965395973,0.5894617848395403,0.0
0.23695283552094448,0.18846950951453878,0.11046913270112424,0.003328518495258503,-0.0662563587263707,-0.12981222131507886,-0.22087546316648876,-0.27450857250518124,-0.2890786912014067,-0.30251836965395973,-0.3469823525717516,0.5839351880926961,0.0
0.18846950951453878,0.11046913270112424,0.003328518495258503,-0.0662563587263707,-0.12981222131507886,-0.22087546316648876,-0.27450857250518124,-0.2890786912014067,-0.30251836965395973,-0.3469823525717516,-0.38843182817308297,0.5769013376876218,0.0
0.11046913270112424,0.003328518495258503,-0.0662563587263707,-0.12981222131507886,-0.22087546316648876,-0.27450857250518124,-0.2890786912014067,-0.30251836965395973,-0.3469823525717516,-0.38843182817308297,-0.4609056082396533,0.5713747409407776,0.0
0.003328518495258503,-0.0662563587263707,-0.12981222131507886,-0.22087546316648876,-0.27450857250518124,-0.2890786912014067,-0.30251836965395973,-0.3469823525717516,-0.38843182817308297,-0.4609056082396533,-0.5312441122903975,0.534572630785656,0.0
-0.0662563587263707,-0.12981222131507886,-0.22087546316648876,-0.27450857250518124,-0.2890786912014067,-0.30251836965395973,-0.3469823525717516,-0.38843182817308297,-0.4609056082396533,-0.5312441122903975,-0.5999497582113924,0.5336933994850217,0.0
-0.12981222131507886,-0.22087546316648876,-0.27450857250518124,-0.2890786912014067,-0.30251836965395973,-0.3469823525717516,-0.38843182817308297,-0.4609056082396533,-0.5312441122903975,-0.5999497582113924,-0.6333605476354958,0.5035483263204169,0.0
-0.22087546316648876,-0.27450857250518124,-0.2890786912014067,-0.30251836965395973,-0.3469823525717516,-0.38843182817308297,-0.4609056082396533,-0.5312441122903975,-0.5999497582113924,-0.6333605476354958,-0.6631288073855429,0.44225334421905416,0.0
-0.27450857250518124,-0.2890786912014067,-0.30251836965395973,-0.3469823525717516,-0.38843182817308297,-0.4609056082396533,-0.5312441122903975,-0.5999497582113924,-0.6333605476354958,-0.6631288073855429,-0.6877472838033034,0.4132387112981222,0.0
-0.2890786912014067,-0.30251836965395973,-0.3469823525717516,-0.38843182817308297,-0.4609056082396533,-0.5312441122903975,-0.5999497582113924,-0.6333605476354958,-0.6631288073855429,-0.6877472838033034,-0.7096024618476418,0.42052377064623503,0.0
-0.30251836965395973,-0.3469823525717516,-0.38843182817308297,-0.4609056082396533,-0.5312441122903975,-0.5999497582113924,-0.6333605476354958,-0.6631288073855429,-0.6877472838033034,-0.7096024618476418,-0.759718645983797,0.4572002763298373,0.0
-0.3469823525717516,-0.38843182817308297,-0.4609056082396533,-0.5312441122903975,-0.5999497582113924,-0.6333605476354958,-0.6631288073855429,-0.6877472838033034,-0.7096024618476418,-0.759718645983797,-0.8097092256484331,0.4627268730766815,0.0
-0.38843182817308297,-0.4609056082396533,-0.5312441122903975,-0.5999497582113924,-0.6333605476354958,-0.6631288073855429,-0.6877472838033034,-0.7096024618476418,-0.759718645983797,-0.8097092256484331,-0.8565596935250894,0.46812786535200646,0.0
-0.4609056082396533,-0.5312441122903975,-0.5999497582113924,-0.6333605476354958,-0.6631288073855429,-0.6877472838033034,-0.7096024618476418,-0.759718645983797,-0.8097092256484331,-0.8565596935250894,-0.8992652138416127,0.4383596056019594,0.0
-0.5312441122903975,-0.5999497582113924,-0.6333605476354958,-0.6631288073855429,-0.6877472838033034,-0.7096024618476418,-0.759718645983797,-0.8097092256484331,-0.8565596935250894,-0.8992652138416127,-0.9412171073290209,0.4099729950386234,0.0
-0.5999497582113924,-0.6333605476354958,-0.6631288073855429,-0.6877472838033034,-0.7096024618476418,-0.759718645983797,-0.8097092256484331,-0.8565596935250894,-0.8992652138416127,-0.9412171073290209,-0.9478741443195378,0.34792438610814536,0.0
-0.6333605476354958,-0.6631288073855429,-0.6877472838033034,-0.7096024618476418,-0.759718645983797,-0.8097092256484331,-0.8565596935250894,-0.8992652138416127,-0.9412171073290209,-0.9478741443195378,-0.952772718708786,0.31941217107329023,0.0
-0.6631288073855429,-0.6877472838033034,-0.7096024618476418,-0.759718645983797,-0.8097092256484331,-0.8565596935250894,-0.8992652138416127,-0.9412171073290209,-0.9478741443195378,-0.952772718708786,-0.9566664573258808,0.29353764994033793,0.0
-0.6877472838033034,-0.7096024618476418,-0.759718645983797,-0.8097092256484331,-0.8565596935250894,-0.8992652138416127,-0.9412171073290209,-0.9478741443195378,-0.952772718708786,-0.9566664573258808,-0.9594297556993029,0.2716824718959995,0.0
-0.7096024618476418,-0.759718645983797,-0.8097092256484331,-0.8565596935250894,-0.8992652138416127,-0.9412171073290209,-0.9478741443195378,-0.952772718708786,-0.9566664573258808,-0.9594297556993029,-0.9624442630157634,0.2528418011681216,1.0
-0.759718645983797,-0.8097092256484331,-0.8565596935250894,-0.8992652138416127,-0.9412171073290209,-0.9478741443195378,-0.952772718708786,-0.9566664573258808,-0.9594297556993029,-0.9624442630157634,-0.9680964642341268,0.20837781825032975,1.0
-0.8097092256484331,-0.8565596935250894,-0.8992652138416127,-0.9412171073290209,-0.9478741443195378,-0.952772718708786,-0.9566664573258808,-0.9594297556993029,-0.9624442630157634,-0.9680964642341268,-0.9717389939081831,0.16202976825975002,1.0
-0.8565596935250894,-0.8992652138416127,-0.9412171073290209,-0.9478741443195378,-0.952772718708786,-0.9566664573258808,-0.9594297556993029,-0.9624442630157634,-0.9680964642341268,-0.9717389939081831,-0.9753815235822395,0.11882183005715008,1.0
-0.8992652138416127,-0.9412171073290209,-0.9478741443195378,-0.952772718708786,-0.9566664573258808,-0.9594297556993029,-0.9624442630157634,-0.9680964642341268,-0.9717389939081831,-0.9753815235822395,-0.9781448219556617,0.07887960811404893,1.0
-0.9412171073290209,-0.9478741443195378,-0.952772718708786,-0.9566664573258808,-0.9594297556993029,-0.9624442630157634,-0.9680964642341268,-0.9717389939081831,-0.9753815235822395,-0.9781448219556617,-0.9786472398417384,0.03743013251271754,1.0
-0.9478741443195378,-0.952772718708786,-0.9566664573258808,-0.9594297556993029,-0.9624442630157634,-0.9680964642341268,-0.9717389939081831,-0.9753815235822395,-0.9781448219556617,-0.9786472398417384,-0.9792752621993343,0.03140111787979649,1.0
-0.952772718708786,-0.9566664573258808,-0.9594297556993029,-0.9624442630157634,-0.9680964642341268,-0.9717389939081831,-0.9753815235822395,-0.9781448219556617,-0.9786472398417384,-0.9792752621993343,-0.9794008666708535,0.026628147962067472,1.0
-0.9566664573258808,-0.9594297556993029,-0.9624442630157634,-0.9680964642341268,-0.9717389939081831,-0.9753815235822395,-0.9781448219556617,-0.9786472398417384,-0.9792752621993343,-0.9794008666708535,-0.9799032845569302,0.023236827231049362,1.0
-0.9594297556993029,-0.9624442630157634,-0.9680964642341268,-0.9717389939081831,-0.9753815235822395,-0.9781448219556617,-0.9786472398417384,-0.9792752621993343,-0.9794008666708535,-0.9799032845569302,-0.9822897695157947,0.02286001381649183,1.0
-0.9624442630157634,-0.9680964642341268,-0.9717389939081831,-0.9753815235822395,-0.9781448219556617,-0.9786472398417384,-0.9792752621993343,-0.9794008666708535,-0.9799032845569302,-0.9822897695157947,-0.9835458142309866,0.02110155121522328,1.0
-0.9680964642341268,-0.9717389939081831,-0.9753815235822395,-0.9781448219556617,-0.9786472398417384,-0.9792752621993343,-0.9794008666708535,-0.9799032845569302,-0.9822897695157947,-0.9835458142309866,-0.9827921874018715,0.015449349996859874,1.0
-0.9717389939081831,-0.9753815235822395,-0.9781448219556617,-0.9786472398417384,-0.9792752621993343,-0.9794008666708535,-0.9799032845569302,-0.9822897695157947,-0.9835458142309866,-0.9827921874018715,-0.9354393016391384,0.04810651259184828,1.0
-0.9753815235822395,-0.9781448219556617,-0.9786472398417384,-0.9792752621993343,-0.9794008666708535,-0.9799032845569302,-0.9822897695157947,-0.9835458142309866,-0.9827921874018715,-0.9354393016391384,-0.9019029077435157,0.08164290648747097,1.0
-0.9781448219556617,-0.9786472398417384,-0.9792752621993343,-0.9794008666708535,-0.9799032845569302,-0.9822897695157947,-0.9835458142309866,-0.9827921874018715,-0.9354393016391384,-0.9019029077435157,-0.8232745085725052,0.16027130565848147,1.0
-0.9786472398417384,-0.9792752621993343,-0.9794008666708535,-0.9799032845569302,-0.9822897695157947,-0.9835458142309866,-0.9827921874018715,-0.9354393016391384,-0.9019029077435157,-0.8232745085725052,-0.7628587577717767,0.22068705645920994,1.0
-0.9792752621993343,-0.9794008666708535,-0.9799032845569302,-0.9822897695157947,-0.9835458142309866,-0.9827921874018715,-0.9354393016391384,-0.9019029077435157,-0.8232745085725052,-0.7628587577717767,-0.6915154179488789,0.2920303962821077,1.0
-0.9794008666708535,-0.9799032845569302,-0.9822897695157947,-0.9835458142309866,-0.9827921874018715,-0.9354393016391384,-0.9019029077435157,-0.8232745085725052,-0.7628587577717767,-0.6915154179488789,-0.578220184638573,0.4053256295924136,2.0
-0.9799032845569302,-0.9822897695157947,-0.9835458142309866,-0.9827921874018715,-0.9354393016391384,-0.9019029077435157,-0.8232745085725052,-0.7628587577717767,-0.6915154179488789,-0.578220184638573,-0.4879105696162783,0.4956352446147083,2.0
-0.9822897695157947,-0.9835458142309866,-0.9827921874018715,-0.9354393016391384,-0.9019029077435157,-0.8232745085725052,-0.7628587577717767,-0.6915154179488789,-0.578220184638573,-0.4879105696162783,-0.38931105947371725,0.5942347547572694,2.0
-0.9835458142309866,-0.9827921874018715,-0.9354393016391384,-0.9019029077435157,-0.8232745085725052,-0.7628587577717767,-0.6915154179488789,-0.578220184638573,-0.4879105696162783,-0.38931105947371725,-0.2518997676317277,0.7316460465992589,2.0
-0.9827921874018715,-0.9354393016391384,-0.9019029077435157,-0.8232745085725052,-0.7628587577717767,-0.6915154179488789,-0.578220184638573,-0.4879105696162783,-0.38931105947371725,-0.2518997676317277,-0.10632418514099107,0.8764680022608804,2.0
-0.9354393016391384,-0.9019029077435157,-0.8232745085725052,-0.7628587577717767,-0.6915154179488789,-0.578220184638573,-0.4879105696162783,-0.38931105947371725,-0.2518997676317277,-0.10632418514099107,0.04553162092570506,0.9809709225648434,2.0
-0.9019029077435157,-0.8232745085725052,-0.7628587577717767,-0.6915154179488789,-0.578220184638573,-0.4879105696162783,-0.38931105947371725,-0.2518997676317277,-0.10632418514099107,0.04553162092570506,0.1955033599196132,1.0974062676631289,2.0
-0.8232745085725052,-0.7628587577717767,-0.6915154179488789,-0.578220184638573,-0.4879105696162783,-0.38931105947371725,-0.2518997676317277,-0.10632418514099107,0.04553162092570506,0.1955033599196132,0.29510770583432766,1.1183822144068327,2.0
-0.7628587577717767,-0.6915154179488789,-0.578220184638573,-0.4879105696162783,-0.38931105947371725,-0.2518997676317277,-0.10632418514099107,0.04553162092570506,0.1955033599196132,0.29510770583432766,0.4056396407712115,1.1684983985429882,2.0
-0.6915154179488789,-0.578220184638573,-0.4879105696162783,-0.38931105947371725,-0.2518997676317277,-0.10632418514099107,0.04553162092570506,0.1955033599196132,0.29510770583432766,0.4056396407712115,0.46580418262890166,1.1573196005777806,2.0
-0.578220184638573,-0.4879105696162783,-0.38931105947371725,-0.2518997676317277,-0.10632418514099107,0.04553162092570506,0.1955033599196132,0.29510770583432766,0.4056396407712115,0.46580418262890166,0.5070024492871947,1.0852226339257678,2.0
-0.4879105696162783,-0.38931105947371725,-0.2518997676317277,-0.10632418514099107,0.04553162092570506,0.1955033599196132,0.29510770583432766,0.4056396407712115,0.46580418262890166,0.5070024492871947,0.5333793883062237,1.021289957922502,2.0
-0.38931105947371725,-0.2518997676317277,-0.10632418514099107,0.04553162092570506,0.1955033599196132,0.29510770583432766,0.4056396407712115,0.46580418262890166,0.5070024492871947,0.5333793883062237,0.5144131131068266,0.9226904477799409,2.0
-0.2518997676317277,-0.10632418514099107,0.04553162092570506,0.1955033599196132,0.29510770583432766,0.4056396407712115,0.46580418262890166,0.5070024492871947,0.5333793883062237,0.5144131131068266,0.5155435533504993,0.7852791559379514,2.0
-0.10632418514099107,0.04553162092570506,0.1955033599196132,0.29510770583432766,0.4056396407712115,0.46580418262890166,0.5070024492871947,0.5333793883062237,0.5144131131068266,0.5155435533504993,0.5063744269295987,0.6397035734472147,2.0
0.04553162092570506,0.1955033599196132,0.29510770583432766,0.4056396407712115,0.46580418262890166,0.5070024492871947,0.5333793883062237,0.5144131131068266,0.5155435533504993,0.5063744269295987,0.489669032217547,0.4878477673805186,3.0
0.1955033599196132,0.29510770583432766,0.4056396407712115,0.46580418262890166,0.5070024492871947,0.5333793883062237,0.5144131131068266,0.5155435533504993,0.5063744269295987,0.489669032217547,0.4647993468567482,0.33787602838661046,3.0
0.29510770583432766,0.4056396407712115,0.46580418262890166,0.5070024492871947,0.5333793883062237,0.5144131131068266,0.5155435533504993,0.5063744269295987,0.489669032217547,0.4647993468567482,0.4312629529611254,0.238271682471896,3.0
0.4056396407712115,0.46580418262890166,0.5070024492871947,0.5333793883062237,0.5144131131068266,0.5155435533504993,0.5063744269295987,0.489669032217547,0.4647993468567482,0.4312629529611254,0.39684732776486853,0.13653206054135514,3.0
0.46580418262890166,0.5070024492871947,0.5333793883062237,0.5144131131068266,0.5155435533504993,0.5063744269295987,0.489669032217547,0.4647993468567482,0.4312629529611254,0.39684732776486853,0.366199836714187,0.16717955159203668,3.0
0.5070024492871947,0.5333793883062237,0.5144131131068266,0.5155435533504993,0.5063744269295987,0.489669032217547,0.4647993468567482,0.4312629529611254,0.39684732776486853,0.366199836714187,0.33881806192300457,0.1945613263832191,3.0
0.5333793883062237,0.5144131131068266,0.5155435533504993,0.5063744269295987,0.489669032217547,0.4647993468567482,0.4312629529611254,0.39684732776486853,0.366199836714187,0.33881806192300457,0.3148276078628398,0.21855178044338386,3.0
0.5144131131068266,0.5155435533504993,0.5063744269295987,0.489669032217547,0.4647993468567482,0.4312629529611254,0.39684732776486853,0.366199836714187,0.33881806192300457,0.3148276078628398,0.3280160773723544,0.20071594548765948,3.0
0.5155435533504993,0.5063744269295987,0.489669032217547,0.4647993468567482,0.4312629529611254,0.39684732776486853,0.366199836714187,0.33881806192300457,0.3148276078628398,0.3280160773723544,0.3447214720844063,0.20071594548765948,3.0
0.5063744269295987,0.489669032217547,0.4647993468567482,0.4312629529611254,0.39684732776486853,0.366199836714187,0.33881806192300457,0.3148276078628398,0.3280160773723544,0.3447214720844063,0.36594862777114856,0.19154681906675886,3.0
0.489669032217547,0.4647993468567482,0.4312629529611254,0.39684732776486853,0.366199836714187,0.33881806192300457,0.3148276078628398,0.3280160773723544,0.3447214720844063,0.36594862777114856,0.39270238020473536,0.17484142435470718,3.0
0.4647993468567482,0.4312629529611254,0.39684732776486853,0.366199836714187,0.33881806192300457,0.3148276078628398,0.3280160773723544,0.3447214720844063,0.36594862777114856,0.39270238020473536,0.39270238020473536,0.14997173899390837,3.0
0.4312629529611254,0.39684732776486853,0.366199836714187,0.33881806192300457,0.3148276078628398,0.3280160773723544,0.3447214720844063,0.36594862777114856,0.39270238020473536,0.39270238020473536,0.3716008289895121,0.11643534509828557,3.0
0.39684732776486853,0.366199836714187,0.33881806192300457,0.3148276078628398,0.3280160773723544,0.3447214720844063,0.36594862777114856,0.39270238020473536,0.39270238020473536,0.3716008289895121,0.39358161150536963,0.08201971990202872,3.0
0.366199836714187,0.33881806192300457,0.3148276078628398,0.3280160773723544,0.3447214720844063,0.36594862777114856,0.39270238020473536,0.39270238020473536,0.3716008289895121,0.39358161150536963,0.4261131696288387,0.11128556176599891,3.0
0.33881806192300457,0.3148276078628398,0.3280160773723544,0.3447214720844063,0.36594862777114856,0.39270238020473536,0.39270238020473536,0.3716008289895121,0.39358161150536963,0.4261131696288387,0.4315141619041638,0.116686554041324,3.0
0.3148276078628398,0.3280160773723544,0.3447214720844063,0.36594862777114856,0.39270238020473536,0.39270238020473536,0.3716008289895121,0.39358161150536963,0.4261131696288387,0.4315141619041638,0.44193933304025634,0.12711172517741653,3.0
0.3280160773723544,0.3447214720844063,0.36594862777114856,0.39270238020473536,0.39270238020473536,0.3716008289895121,0.39358161150536963,0.4261131696288387,0.4315141619041638,0.44193933304025634,0.45701186962255846,0.12899579225020408,3.0
0.3447214720844063,0.36594862777114856,0.39270238020473536,0.39270238020473536,0.3716008289895121,0.39358161150536963,0.4261131696288387,0.4315141619041638,0.44193933304025634,0.45701186962255846,0.47610374929347477,0.13138227720906848,3.0
0.36594862777114856,0.39270238020473536,0.39270238020473536,0.3716008289895121,0.39358161150536963,0.4261131696288387,0.4315141619041638,0.44193933304025634,0.45701186962255846,0.47610374929347477,0.49733090498021726,0.1313822772090687,3.0
0.39270238020473536,0.39270238020473536,0.3716008289895121,0.39358161150536963,0.4261131696288387,0.4315141619041638,0.44193933304025634,0.45701186962255846,0.47610374929347477,0.49733090498021726,0.5554857752936004,0.18388494630408836,3.0
0.39270238020473536,0.3716008289895121,0.39358161150536963,0.4261131696288387,0.4315141619041638,0.44193933304025634,0.45701186962255846,0.47610374929347477,0.49733090498021726,0.5554857752936004,0.6169063618664825,0.24530553287697043,3.0
0.3716008289895121,0.39358161150536963,0.4261131696288387,0.4315141619041638,0.44193933304025634,0.45701186962255846,0.47610374929347477,0.49733090498021726,0.5554857752936004,0.6169063618664825,0.678703761853922,0.3071029328644099,3.0
0.39358161150536963,0.4261131696288387,0.4315141619041638,0.44193933304025634,0.45701186962255846,0.47610374929347477,0.49733090498021726,0.5554857752936004,0.6169063618664825,0.678703761853922,0.7729071154933116,0.37932550398794196,2.0
0.4261131696288387,0.4315141619041638,0.44193933304025634,0.45701186962255846,0.47610374929347477,0.49733090498021726,0.5554857752936004,0.6169063618664825,0.678703761853922,0.7729071154933116,0.8288011053193494,0.40268793569051065,2.0
0.4315141619041638,0.44193933304025634,0.45701186962255846,0.47610374929347477,0.49733090498021726,0.5554857752936004,0.6169063618664825,0.678703761853922,0.7729071154933116,0.8288011053193494,0.8431200150725366,0.41160585316837284,2.0
0.44193933304025634,0.45701186962255846,0.47610374929347477,0.49733090498021726,0.5554857752936004,0.6169063618664825,0.678703761853922,0.7729071154933116,0.8288011053193494,0.8431200150725366,0.8477673805187464,0.4058280474784901,2.0
0.45701186962255846,0.47610374929347477,0.49733090498021726,0.5554857752936004,0.6169063618664825,0.678703761853922,0.7729071154933116,0.8288011053193494,0.8431200150725366,0.8477673805187464,0.8814293788858882,0.4244175092633298,2.0
0.47610374929347477,0.49733090498021726,0.5554857752936004,0.6169063618664825,0.678703761853922,0.7729071154933116,0.8288011053193494,0.8431200150725366,0.8477673805187464,0.8814293788858882,0.912202474408089,0.4360987251146142,2.0
0.49733090498021726,0.5554857752936004,0.6169063618664825,0.678703761853922,0.7729071154933116,0.8288011053193494,0.8431200150725366,0.8477673805187464,0.8814293788858882,0.912202474408089,0.9409658983859825,0.4436349934057653,2.0
0.5554857752936004,0.6169063618664825,0.678703761853922,0.7729071154933116,0.8288011053193494,0.8431200150725366,0.8477673805187464,0.8814293788858882,0.912202474408089,0.9409658983859825,0.9649563524461471,0.40947057715254664,3.0
0.6169063618664825,0.678703761853922,0.7729071154933116,0.8288011053193494,0.8431200150725366,0.8477673805187464,0.8814293788858882,0.912202474408089,0.9409658983859825,0.9649563524461471,0.9842994410601018,0.3673930791936193,3.0
0.678703761853922,0.7729071154933116,0.8288011053193494,0.8431200150725366,0.8477673805187464,0.8814293788858882,0.912202474408089,0.9409658983859825,0.9649563524461471,0.9842994410601018,0.9948502166677133,0.31614645481379133,3.0
0.7729071154933116,0.8288011053193494,0.8431200150725366,0.8477673805187464,0.8814293788858882,0.912202474408089,0.9409658983859825,0.9649563524461471,0.9842994410601018,0.9948502166677133,0.9924637317088489,0.22194310117440175,3.0
0.8288011053193494,0.8431200150725366,0.8477673805187464,0.8814293788858882,0.912202474408089,0.9409658983859825,0.9649563524461471,0.9842994410601018,0.9948502166677133,0.9924637317088489,0.9445178335535007,0.16604911134836398,3.0
0.8431200150725366,0.8477673805187464,0.8814293788858882,0.912202474408089,0.9409658983859825,0.9649563524461471,0.9842994410601018,0.9948502166677133,0.9924637317088489,0.9445178335535007,0.8804457953394123,0.1517302015951767,3.0
0.8477673805187464,0.8814293788858882,0.912202474408089,0.9409658983859825,0.9649563524461471,0.9842994410601018,0.9948502166677133,0.9924637317088489,0.9445178335535007,0.8804457953394123,0.8648682877406282,0.1470828361489669,3.0
0.8814293788858882,0.912202474408089,0.9409658983859825,0.9649563524461471,0.9842994410601018,0.9948502166677133,0.9924637317088489,0.9445178335535007,0.8804457953394123,0.8648682877406282,0.8050911854103344,0.18975903125737892,3.0
0.912202474408089,0.9409658983859825,0.9649563524461471,0.9842994410601018,0.9948502166677133,0.9924637317088489,0.9445178335535007,0.8804457953394123,0.8648682877406282,0.8050911854103344,0.7698834853090173,0.22496673135869605,3.0
0.9409658983859825,0.9649563524461471,0.9842994410601018,0.9948502166677133,0.9924637317088489,0.9445178335535007,0.8804457953394123,0.8648682877406282,0.8050911854103344,0.7698834853090173,0.7263171225937184,0.26853309407399495,0.0
0.9649563524461471,0.9842994410601018,0.9948502166677133,0.9924637317088489,0.9445178335535007,0.8804457953394123,0.8648682877406282,0.8050911854103344,0.7698834853090173,0.7263171225937184,0.6395643363728469,0.3552858802948664,0.0
0.9842994410601018,0.9948502166677133,0.9924637317088489,0.9445178335535007,0.8804457953394123,0.8648682877406282,0.8050911854103344,0.7698834853090173,0.7263171225937184,0.6395643363728469,0.5440729483282676,0.45077726833944576,0.0
0.9948502166677133,0.9924637317088489,0.9445178335535007,0.8804457953394123,0.8648682877406282,0.8050911854103344,0.7698834853090173,0.7263171225937184,0.6395643363728469,0.5440729483282676,0.4426291793313071,0.5522210373364063,0.0
0.9924637317088489,0.9445178335535007,0.8804457953394123,0.8648682877406282,0.8050911854103344,0.7698834853090173,0.7263171225937184,0.6395643363728469,0.5440729483282676,0.4426291793313071,0.36879432624113484,0.6236694054677141,0.0
0.9445178335535007,0.8804457953394123,0.8648682877406282,0.8050911854103344,0.7698834853090173,0.7263171225937184,0.6395643363728469,0.5440729483282676,0.4426291793313071,0.36879432624113484,0.258611955420466,0.6859058781330347,0.0
0.8804457953394123,0.8648682877406282,0.8050911854103344,0.7698834853090173,0.7263171225937184,0.6395643363728469,0.5440729483282676,0.4426291793313071,0.36879432624113484,0.258611955420466,0.11727456940222902,0.7631712259371832,0.0
0.8648682877406282,0.8050911854103344,0.7698834853090173,0.7263171225937184,0.6395643363728469,0.5440729483282676,0.4426291793313071,0.36879432624113484,0.258611955420466,0.11727456940222902,0.015704154002026405,0.8491641337386018,0.0
0.8050911854103344,0.7698834853090173,0.7263171225937184,0.6395643363728469,0.5440729483282676,0.4426291793313071,0.36879432624113484,0.258611955420466,0.11727456940222902,0.015704154002026405,-0.0792806484295846,0.884371833839919,0.0
0.7698834853090173,0.7263171225937184,0.6395643363728469,0.5440729483282676,0.4426291793313071,0.36879432624113484,0.258611955420466,0.11727456940222902,0.015704154002026405,-0.0792806484295846,-0.16388044579533945,0.9337639311043567,0.0
0.7263171225937184,0.6395643363728469,0.5440729483282676,0.4426291793313071,0.36879432624113484,0.258611955420466,0.11727456940222902,0.015704154002026405,-0.0792806484295846,-0.16388044579533945,-0.20795339412360692,0.9342705167173253,0.0
0.6395643363728469,0.5440729483282676,0.4426291793313071,0.36879432624113484,0.258611955420466,0.11727456940222902,0.015704154002026405,-0.0792806484295846,-0.16388044579533945,-0.20795339412360692,-0.28090172239108413,0.9204660587639311,0.0
0.5440729483282676,0.4426291793313071,0.36879432624113484,0.258611955420466,0.11727456940222902,0.015704154002026405,-0.0792806484295846,-0.16388044579533945,-0.20795339412360692,-0.28090172239108413,-0.350177304964539,0.8942502532928066,0.0
0.4426291793313071,0.36879432624113484,0.258611955420466,0.11727456940222902,0.015704154002026405,-0.0792806484295846,-0.16388044579533945,-0.20795339412360692,-0.28090172239108413,-0.350177304964539,-0.3814589665653495,0.8240881458966566,0.0
0.36879432624113484,0.258611955420466,0.11727456940222902,0.015704154002026405,-0.0792806484295846,-0.16388044579533945,-0.20795339412360692,-0.28090172239108413,-0.350177304964539,-0.3814589665653495,-0.43971631205673756,0.8085106382978724,0.0
0.258611955420466,0.11727456940222902,0.015704154002026405,-0.0792806484295846,-0.16388044579533945,-0.20795339412360692,-0.28090172239108413,-0.350177304964539,-0.3814589665653495,-0.43971631205673756,-0.4906281661600811,0.7492401215805471,0.0
0.11727456940222902,0.015704154002026405,-0.0792806484295846,-0.16388044579533945,-0.20795339412360692,-0.28090172239108413,-0.350177304964539,-0.3814589665653495,-0.43971631205673756,-0.4906281661600811,-0.5653495440729484,0.6826241134751774,0.0
0.015704154002026405,-0.0792806484295846,-0.16388044579533945,-0.20795339412360692,-0.28090172239108413,-0.350177304964539,-0.3814589665653495,-0.43971631205673756,-0.4906281661600811,-0.5653495440729484,-0.6342451874366768,0.6499493414387032,0.0
-0.0792806484295846,-0.16388044579533945,-0.20795339412360692,-0.28090172239108413,-0.350177304964539,-0.3814589665653495,-0.43971631205673756,-0.4906281661600811,-0.5653495440729484,-0.6342451874366768,-0.6656534954407295,0.5863728470111449,0.0
-0.16388044579533945,-0.20795339412360692,-0.28090172239108413,-0.350177304964539,-0.3814589665653495,-0.43971631205673756,-0.4906281661600811,-0.5653495440729484,-0.6342451874366768,-0.6656534954407295,-0.6950354609929078,0.5311550151975684,0.0
-0.20795339412360692,-0.28090172239108413,-0.350177304964539,-0.3814589665653495,-0.43971631205673756,-0.4906281661600811,-0.5653495440729484,-0.6342451874366768,-0.6656534954407295,-0.6950354609929078,-0.7212512664640325,0.5132978723404256,0.0
-0.28090172239108413,-0.350177304964539,-0.3814589665653495,-0.43971631205673756,-0.4906281661600811,-0.5653495440729484,-0.6342451874366768,-0.6656534954407295,-0.6950354609929078,-0.7212512664640325,-0.7771023302938196,0.49620060790273546,0.0
-0.350177304964539,-0.3814589665653495,-0.43971631205673756,-0.4906281661600811,-0.5653495440729484,-0.6342451874366768,-0.6656534954407295,-0.6950354609929078,-0.7212512664640325,-0.7771023302938196,-0.8309270516717325,0.4807497467071935,0.0
-0.3814589665653495,-0.43971631205673756,-0.4906281661600811,-0.5653495440729484,-0.6342451874366768,-0.6656534954407295,-0.6950354609929078,-0.7212512664640325,-0.7771023302938196,-0.8309270516717325,-0.8804457953394124,0.49898682877406286,0.0
-0.43971631205673756,-0.4906281661600811,-0.5653495440729484,-0.6342451874366768,-0.6656534954407295,-0.6950354609929078,-0.7212512664640325,-0.7771023302938196,-0.8309270516717325,-0.8804457953394124,-0.9257852077001013,0.48606889564336375,0.0
-0.4906281661600811,-0.5653495440729484,-0.6342451874366768,-0.6656534954407295,-0.6950354609929078,-0.7212512664640325,-0.7771023302938196,-0.8309270516717325,-0.8804457953394124,-0.9257852077001013,-0.9679584599797366,0.4773302938196555,0.0
-0.5653495440729484,-0.6342451874366768,-0.6656534954407295,-0.6950354609929078,-0.7212512664640325,-0.7771023302938196,-0.8309270516717325,-0.8804457953394124,-0.9257852077001013,-0.9679584599797366,-0.9770770010131712,0.41172745694022284,0.0
-0.6342451874366768,-0.6656534954407295,-0.6950354609929078,-0.7212512664640325,-0.7771023302938196,-0.8309270516717325,-0.8804457953394124,-0.9257852077001013,-0.9679584599797366,-0.9770770010131712,-0.9858156028368794,0.3515704154002026,0.0
-0.6656534954407295,-0.6950354609929078,-0.7212512664640325,-0.7771023302938196,-0.8309270516717325,-0.8804457953394124,-0.9257852077001013,-0.9679584599797366,-0.9770770010131712,-0.9858156028368794,-0.9960739614994935,0.33042046605876396,0.0
-0.6950354609929078,-0.7212512664640325,-0.7771023302938196,-0.8309270516717325,-0.8804457953394124,-0.9257852077001013,-0.9679584599797366,-0.9770770010131712,-0.9858156028368794,-0.9960739614994935,-1.0,0.3049645390070922,0.0
-0.7212512664640325,-0.7771023302938196,-0.8309270516717325,-0.8804457953394124,-0.9257852077001013,-0.9679584599797366,-0.9770770010131712,-0.9858156028368794,-0.9960739614994935,-1.0,-1.0,0.2787487335359675,1.0
-0.7771023302938196,-0.8309270516717325,-0.8804457953394124,-0.9257852077001013,-0.9679584599797366,-0.9770770010131712,-0.9858156028368794,-0.9960739614994935,-1.0,-1.0,-1.0,0.2228976697061804,1.0
-0.8309270516717325,-0.8804457953394124,-0.9257852077001013,-0.9679584599797366,-0.9770770010131712,-0.9858156028368794,-0.9960739614994935,-1.0,-1.0,-1.0,-1.0,0.16907294832826747,1.0
-0.8804457953394124,-0.9257852077001013,-0.9679584599797366,-0.9770770010131712,-0.9858156028368794,-0.9960739614994935,-1.0,-1.0,-1.0,-1.0,-1.0,0.11955420466058764,1.0
-0.9257852077001013,-0.9679584599797366,-0.9770770010131712,-0.9858156028368794,-0.9960739614994935,-1.0,-1.0,-1.0,-1.0,-1.0,-1.0,0.07421479229989869,1.0
-0.9679584599797366,-0.9770770010131712,-0.9858156028368794,-0.9960739614994935,-1.0,-1.0,-1.0,-1.0,-1.0,-1.0,-0.9987490617963473,0.03204154002026338,1.0
-0.9770770010131712,-0.9858156028368794,-0.9960739614994935,-1.0,-1.0,-1.0,-1.0,-1.0,-1.0,-0.9987490617963473,-0.9964973730297724,0.022922998986828813,1.0
-0.9858156028368794,-0.9960739614994935,-1.0,-1.0,-1.0,-1.0,-1.0,-1.0,-0.9987490617963473,-0.9964973730297724,-0.9510883162371779,0.04891168376282207,1.0
-0.9960739614994935,-1.0,-1.0,-1.0,-1.0,-1.0,-1.0,-0.9987490617963473,-0.9964973730297724,-0.9510883162371779,-0.9153677621283255,0.08463223787167451,1.0
-1.0,-1.0,-1.0,-1.0,-1.0,-1.0,-0.9987490617963473,-0.9964973730297724,-0.9510883162371779,-0.9153677621283255,-0.83332288204678,0.16667711795322004,1.0
-1.0,-1.0,-1.0,-1.0,-1.0,-0.9987490617963473,-0.9964973730297724,-0.9510883162371779,-0.9153677621283255,-0.83332288204678,-0.7499216153508497,0.25007838464915033,1.0
-1.0,-1.0,-1.0,-1.0,-0.9987490617963473,-0.9964973730297724,-0.9510883162371779,-0.9153677621283255,-0.83332288204678,-0.7499216153508497,-0.6677745030413245,0.33222549695867554,1.0
-1.0,-1.0,-1.0,-0.9987490617963473,-0.9964973730297724,-0.9510883162371779,-0.9153677621283255,-0.83332288204678,-0.7499216153508497,-0.6677745030413245,-0.5853765598545181,0.4146234401454819,1.0
-1.0,-1.0,-0.9987490617963473,-0.9964973730297724,-0.9510883162371779,-0.9153677621283255,-0.83332288204678,-0.7499216153508497,-0.6677745030413245,-0.5853765598545181,-0.5027277857904309,0.49727221420956913,2.0
-1.0,-0.9987490617963473,-0.9964973730297724,-0.9510883162371779,-0.9153677621283255,-0.83332288204678,-0.7499216153508497,-0.6677745030413245,-0.5853765598545181,-0.5027277857904309,-0.42170941242867,0.57829058757133,2.0
-0.9987490617963473,-0.9964973730297724,-0.9510883162371779,-0.9153677621283255,-0.83332288204678,-0.7499216153508497,-0.6677745030413245,-0.5853765598545181,-0.5027277857904309,-0.42170941242867,-0.3443280867874835,0.6544209750088638,2.0
-0.9964973730297724,-0.9510883162371779,-0.9153677621283255,-0.83332288204678,-0.7499216153508497,-0.6677745030413245,-0.5853765598545181,-0.5027277857904309,-0.42170941242867,-0.3443280867874835,-0.2676992537781401,0.7287981192516323,2.0
-0.9510883162371779,-0.9153677621283255,-0.83332288204678,-0.7499216153508497,-0.6677745030413245,-0.5853765598545181,-0.5027277857904309,-0.42170941242867,-0.3443280867874835,-0.2676992537781401,-0.19332789866432554,0.7577604175728524,2.0
-0.9153677621283255,-0.83332288204678,-0.7499216153508497,-0.6677745030413245,-0.5853765598545181,-0.5027277857904309,-0.42170941242867,-0.3443280867874835,-0.2676992537781401,-0.19332789866432554,-0.12096319056875904,0.7944045715595665,2.0
-0.83332288204678,-0.7499216153508497,-0.6677745030413245,-0.5853765598545181,-0.5027277857904309,-0.42170941242867,-0.3443280867874835,-0.2676992537781401,-0.19332789866432554,-0.12096319056875904,-0.09174139336552334,0.7415814886812566,2.0
-0.7499216153508497,-0.6677745030413245,-0.5853765598545181,-0.5027277857904309,-0.42170941242867,-0.3443280867874835,-0.2676992537781401,-0.19332789866432554,-0.12096319056875904,-0.09174139336552334,-0.045212265629898996,0.7047093497209507,2.0
-0.6677745030413245,-0.5853765598545181,-0.5027277857904309,-0.42170941242867,-0.3443280867874835,-0.2676992537781401,-0.19332789866432554,-0.12096319056875904,-0.09174139336552334,-0.045212265629898996,-0.06076378002132066,0.6225622374114255,2.0
-0.5853765598545181,-0.5027277857904309,-0.42170941242867,-0.3443280867874835,-0.2676992537781401,-0.19332789866432554,-0.12096319056875904,-0.09174139336552334,-0.045212265629898996,-0.06076378002132066,-0.028281181413431944,0.5570953784410861,2.0
-0.5027277857904309,-0.42170941242867,-0.3443280867874835,-0.2676992537781401,-0.19332789866432554,-0.12096319056875904,-0.09174139336552334,-0.045212265629898996,-0.06076378002132066,-0.028281181413431944,-0.010848435442402993,0.4918793503480279,2.0
-0.42170941242867,-0.3443280867874835,-0.2676992537781401,-0.19332789866432554,-0.12096319056875904,-0.09174139336552334,-0.045212265629898996,-0.06076378002132066,-0.028281181413431944,-0.010848435442402993,0.04997805229823782,0.4716874647269078,2.0
-0.3443280867874835,-0.2676992537781401,-0.19332789866432554,-0.12096319056875904,-0.09174139336552334,-0.045212265629898996,-0.06076378002132066,-0.028281181413431944,-0.010848435442402993,0.04997805229823782,0.11995986705963513,0.46428795384711863,2.0
-0.2676992537781401,-0.19332789866432554,-0.12096319056875904,-0.09174139336552334,-0.045212265629898996,-0.06076378002132066,-0.028281181413431944,-0.010848435442402993,0.04997805229823782,0.11995986705963513,0.1689973035680692,0.43669655734620927,2.0
-0.19332789866432554,-0.12096319056875904,-0.09174139336552334,-0.045212265629898996,-0.06076378002132066,-0.028281181413431944,-0.010848435442402993,0.04997805229823782,0.11995986705963513,0.1689973035680692,0.22819339060638355,0.4215212892707091,2.0
-0.12096319056875904,-0.09174139336552334,-0.045212265629898996,-0.06076378002132066,-0.028281181413431944,-0.010848435442402993,0.04997805229823782,0.11995986705963513,0.1689973035680692,0.22819339060638355,0.3271461716937354,0.4481093622624944,2.0
-0.09174139336552334,-0.045212265629898996,-0.06076378002132066,-0.028281181413431944,-0.010848435442402993,0.04997805229823782,0.11995986705963513,0.1689973035680692,0.22819339060638355,0.3271461716937354,0.4309901548880668,0.5227315482535901,2.0
-0.045212265629898996,-0.06076378002132066,-0.028281181413431944,-0.010848435442402993,0.04997805229823782,0.11995986705963513,0.1689973035680692,0.22819339060638355,0.3271461716937354,0.4309901548880668,0.5369662005392863,0.597729980560607,2.0
-0.06076378002132066,-0.028281181413431944,-0.010848435442402993,0.04997805229823782,0.11995986705963513,0.1689973035680692,0.22819339060638355,0.3271461716937354,0.4309901548880668,0.5369662005392863,0.6463284630337995,0.7070922430551202,2.0
-0.028281181413431944,-0.010848435442402993,0.04997805229823782,0.11995986705963513,0.1689973035680692,0.22819339060638355,0.3271461716937354,0.4309901548880668,0.5369662005392863,0.6463284630337995,0.7198219100771306,0.7481030914905625,2.0
-0.010848435442402993,0.04997805229823782,0.11995986705963513,0.1689973035680692,0.22819339060638355,0.3271461716937354,0.4309901548880668,0.5369662005392863,0.6463284630337995,0.7198219100771306,0.8122530883551766,0.8231015237975796,2.0
0.04997805229823782,0.11995986705963513,0.1689973035680692,0.22819339060638355,0.3271461716937354,0.4309901548880668,0.5369662005392863,0.6463284630337995,0.7198219100771306,0.8122530883551766,0.8610396939863296,0.8110616416880918,2.0
0.11995986705963513,0.1689973035680692,0.22819339060638355,0.3271461716937354,0.4309901548880668,0.5369662005392863,0.6463284630337995,0.7198219100771306,0.8122530883551766,0.8610396939863296,0.9308960933090864,0.8109362262494513,2.0
0.1689973035680692,0.22819339060638355,0.3271461716937354,0.4309901548880668,0.5369662005392863,0.6463284630337995,0.7198219100771306,0.8122530883551766,0.8610396939863296,0.9308960933090864,0.9922242428042891,0.8232269392362199,2.0
0.22819339060638355,0.3271461716937354,0.4309901548880668,0.5369662005392863,0.6463284630337995,0.7198219100771306,0.8122530883551766,0.8610396939863296,0.9308960933090864,0.9922242428042891,1.0,0.7718066093936164,2.0
0.3271461716937354,0.4309901548880668,0.5369662005392863,0.6463284630337995,0.7198219100771306,0.8122530883551766,0.8610396939863296,0.9308960933090864,0.9922242428042891,1.0,1.0,0.6728538283062646,2.0
0.4309901548880668,0.5369662005392863,0.6463284630337995,0.7198219100771306,0.8122530883551766,0.8610396939863296,0.9308960933090864,0.9922242428042891,1.0,1.0,1.0,0.5690098451119332,2.0
0.5369662005392863,0.6463284630337995,0.7198219100771306,0.8122530883551766,0.8610396939863296,0.9308960933090864,0.9922242428042891,1.0,1.0,1.0,1.0,0.46303379946071366,2.0
0.6463284630337995,0.7198219100771306,0.8122530883551766,0.8610396939863296,0.9308960933090864,0.9922242428042891,1.0,1.0,1.0,1.0,0.9911824553470494,0.35367153696620046,3.0
0.7198219100771306,0.8122530883551766,0.8610396939863296,0.9308960933090864,0.9922242428042891,1.0,1.0,1.0,1.0,0.9911824553470494,0.9754691385937146,0.2801780899228694,3.0
0.8122530883551766,0.8610396939863296,0.9308960933090864,0.9922242428042891,1.0,1.0,1.0,1.0,0.9911824553470494,0.9754691385937146,0.9499208681890119,0.18774691164482338,3.0
0.8610396939863296,0.9308960933090864,0.9922242428042891,1.0,1.0,1.0,1.0,0.9911824553470494,0.9754691385937146,0.9499208681890119,0.9732082297083429,0.13896030601367038,3.0
0.9308960933090864,0.9922242428042891,1.0,1.0,1.0,1.0,0.9911824553470494,0.9754691385937146,0.9499208681890119,0.9732082297083429,0.9860954103549626,0.0691039066909136,3.0
0.9922242428042891,1.0,1.0,1.0,1.0,0.9911824553470494,0.9754691385937146,0.9499208681890119,0.9732082297083429,0.9860954103549626,0.9552340040696361,0.05007913181098811,3.0
1.0,1.0,1.0,1.0,0.9911824553470494,0.9754691385937146,0.9499208681890119,0.9732082297083429,0.9860954103549626,0.9552340040696361,0.9359032330997061,0.06409676690029387,3.0
1.0,1.0,1.0,0.9911824553470494,0.9754691385937146,0.9499208681890119,0.9732082297083429,0.9860954103549626,0.9552340040696361,0.9359032330997061,0.8441103323536061,0.1558896676463939,3.0
1.0,1.0,0.9911824553470494,0.9754691385937146,0.9499208681890119,0.9732082297083429,0.9860954103549626,0.9552340040696361,0.9359032330997061,0.8441103323536061,0.7407867962921095,0.25921320370789047,3.0
1.0,0.9911824553470494,0.9754691385937146,0.9499208681890119,0.9732082297083429,0.9860954103549626,0.9552340040696361,0.9359032330997061,0.8441103323536061,0.7407867962921095,0.6595071218629889,0.3404928781370111,3.0
0.9911824553470494,0.9754691385937146,0.9499208681890119,0.9732082297083429,0.9860954103549626,0.9552340040696361,0.9359032330997061,0.8441103323536061,0.7407867962921095,0.6595071218629889,0.5728012661089759,0.41838118923807355,3.0
0.9754691385937146,0.9499208681890119,0.9732082297083429,0.9860954103549626,0.9552340040696361,0.9359032330997061,0.8441103323536061,0.7407867962921095,0.6595071218629889,0.5728012661089759,0.4509382771874293,0.5351571331675333,0.0
0.9499208681890119,0.9732082297083429,0.9860954103549626,0.9552340040696361,0.9359032330997061,0.8441103323536061,0.7407867962921095,0.6595071218629889,0.5728012661089759,0.4509382771874293,0.3546235586705855,0.6314718516843771,0.0
0.9732082297083429,0.9860954103549626,0.9552340040696361,0.9359032330997061,0.8441103323536061,0.7407867962921095,0.6595071218629889,0.5728012661089759,0.4509382771874293,0.3546235586705855,0.28679629210942803,0.6992991182455346,0.0
0.9860954103549626,0.9552340040696361,0.9359032330997061,0.8441103323536061,0.7407867962921095,0.6595071218629889,0.5728012661089759,0.4509382771874293,0.3546235586705855,0.28679629210942803,0.22043861632376216,0.7656567940312005,0.0
0.9552340040696361,0.9359032330997061,0.8441103323536061,0.7407867962921095,0.6595071218629889,0.5728012661089759,0.4509382771874293,0.3546235586705855,0.28679629210942803,0.22043861632376216,0.12706307935790195,0.8281709247117341,0.0
0.9359032330997061,0.8441103323536061,0.7407867962921095,0.6595071218629889,0.5728012661089759,0.4509382771874293,0.3546235586705855,0.28679629210942803,0.22043861632376216,0.12706307935790195,0.007800135654533191,0.9281030974451729,0.0
0.8441103323536061,0.7407867962921095,0.6595071218629889,0.5728012661089759,0.4509382771874293,0.3546235586705855,0.28679629210942803,0.22043861632376216,0.12706307935790195,0.007800135654533191,-0.07766222021252545,0.9217725525661316,0.0
0.7407867962921095,0.6595071218629889,0.5728012661089759,0.4509382771874293,0.3546235586705855,0.28679629210942803,0.22043861632376216,0.12706307935790195,0.007800135654533191,-0.07766222021252545,-0.18302057427085694,0.9238073705629665,0.0
0.6595071218629889,0.5728012661089759,0.4509382771874293,0.3546235586705855,0.28679629210942803,0.22043861632376216,0.12706307935790195,0.007800135654533191,-0.07766222021252545,-0.18302057427085694,-0.2500565227221343,0.9095636445851232,0.0
0.5728012661089759,0.4509382771874293,0.3546235586705855,0.28679629210942803,0.22043861632376216,0.12706307935790195,0.007800135654533191,-0.07766222021252545,-0.18302057427085694,-0.2500565227221343,-0.28261361067148993,0.8554148767804658,0.0
0.4509382771874293,0.3546235586705855,0.28679629210942803,0.22043861632376216,0.12706307935790195,0.007800135654533191,-0.07766222021252545,-0.18302057427085694,-0.2500565227221343,-0.28261361067148993,-0.3387971964729821,0.7897354736604114,0.0
0.3546235586705855,0.28679629210942803,0.22043861632376216,0.12706307935790195,0.007800135654533191,-0.07766222021252545,-0.18302057427085694,-0.2500565227221343,-0.28261361067148993,-0.3387971964729821,-0.3923807370562966,0.7470042957268821,0.0
0.28679629210942803,0.22043861632376216,0.12706307935790195,0.007800135654533191,-0.07766222021252545,-0.18302057427085694,-0.2500565227221343,-0.28261361067148993,-0.3387971964729821,-0.3923807370562966,-0.4137463260230613,0.7005426181324893,0.0
0.22043861632376216,0.12706307935790195,0.007800135654533191,-0.07766222021252545,-0.18302057427085694,-0.2500565227221343,-0.28261361067148993,-0.3387971964729821,-0.3923807370562966,-0.4137463260230613,-0.43183359710603664,0.6522722134297988,0.0
0.12706307935790195,0.007800135654533191,-0.07766222021252545,-0.18302057427085694,-0.2500565227221343,-0.28261361067148993,-0.3387971964729821,-0.3923807370562966,-0.4137463260230613,-0.43183359710603664,-0.5035044087723265,0.6305674881302284,0.0
0.007800135654533191,-0.07766222021252545,-0.18302057427085694,-0.2500565227221343,-0.28261361067148993,-0.3387971964729821,-0.3923807370562966,-0.4137463260230613,-0.43183359710603664,-0.5035044087723265,-0.5716708116662899,0.579470947320823,0.0
-0.07766222021252545,-0.18302057427085694,-0.2500565227221343,-0.28261361067148993,-0.3387971964729821,-0.3923807370562966,-0.4137463260230613,-0.43183359710603664,-0.5035044087723265,-0.5716708116662899,-0.6368980330092697,0.5592358127967443,0.0
-0.18302057427085694,-0.2500565227221343,-0.28261361067148993,-0.3387971964729821,-0.3923807370562966,-0.4137463260230613,-0.43183359710603664,-0.5035044087723265,-0.5716708116662899,-0.6368980330092697,-0.6691159846258196,0.4860954103549626,0.0
-0.2500565227221343,-0.28261361067148993,-0.3387971964729821,-0.3923807370562966,-0.4137463260230613,-0.43183359710603664,-0.5035044087723265,-0.5716708116662899,-0.6368980330092697,-0.6691159846258196,-0.6974903911372372,0.4474338684151029,0.0
-0.28261361067148993,-0.3387971964729821,-0.3923807370562966,-0.4137463260230613,-0.43183359710603664,-0.5035044087723265,-0.5716708116662899,-0.6368980330092697,-0.6691159846258196,-0.6974903911372372,-0.721342979877911,0.438729369206421,0.0
-0.3387971964729821,-0.3923807370562966,-0.4137463260230613,-0.43183359710603664,-0.5035044087723265,-0.5716708116662899,-0.6368980330092697,-0.6691159846258196,-0.6974903911372372,-0.721342979877911,-0.7425955234004069,0.4037983269274248,0.0
-0.3923807370562966,-0.4137463260230613,-0.43183359710603664,-0.5035044087723265,-0.5716708116662899,-0.6368980330092697,-0.6691159846258196,-0.6974903911372372,-0.721342979877911,-0.7425955234004069,-0.7895093827718743,0.3971286457155777,0.0
-0.4137463260230613,-0.43183359710603664,-0.5035044087723265,-0.5716708116662899,-0.6368980330092697,-0.6691159846258196,-0.6974903911372372,-0.721342979877911,-0.7425955234004069,-0.7895093827718743,-0.8339362423694325,0.42018991634637126,0.0
-0.43183359710603664,-0.5035044087723265,-0.5716708116662899,-0.6368980330092697,-0.6691159846258196,-0.6974903911372372,-0.721342979877911,-0.7425955234004069,-0.7895093827718743,-0.8339362423694325,-0.8747456477503956,0.442912050644359,0.0
-0.5035044087723265,-0.5716708116662899,-0.6368980330092697,-0.6691159846258196,-0.6974903911372372,-0.721342979877911,-0.7425955234004069,-0.7895093827718743,-0.8339362423694325,-0.8747456477503956,-0.9132941442459869,0.4097897354736604,0.0
-0.5716708116662899,-0.6368980330092697,-0.6691159846258196,-0.6974903911372372,-0.721342979877911,-0.7425955234004069,-0.7895093827718743,-0.8339362423694325,-0.8747456477503956,-0.9132941442459869,-0.9498078227447434,0.37813701107845354,0.0
-0.6368980330092697,-0.6691159846258196,-0.6974903911372372,-0.721342979877911,-0.7425955234004069,-0.7895093827718743,-0.8339362423694325,-0.8747456477503956,-0.9132941442459869,-0.9498078227447434,-0.9556861858467104,0.31878815283744066,0.0
-0.6691159846258196,-0.6974903911372372,-0.721342979877911,-0.7425955234004069,-0.7895093827718743,-0.8339362423694325,-0.8747456477503956,-0.9132941442459869,-0.9498078227447434,-0.9556861858467104,-0.9613384580601402,0.2922224734343206,0.0
-0.6974903911372372,-0.721342979877911,-0.7425955234004069,-0.7895093827718743,-0.8339362423694325,-0.8747456477503956,-0.9132941442459869,-0.9498078227447434,-0.9556861858467104,-0.9613384580601402,-0.9645037304996609,0.26701333936242366,0.0
-0.721342979877911,-0.7425955234004069,-0.7895093827718743,-0.8339362423694325,-0.8747456477503956,-0.9132941442459869,-0.9498078227447434,-0.9556861858467104,-0.9613384580601402,-0.9645037304996609,-0.9667646393850328,0.2454216595071218,1.0
-0.7425955234004069,-0.7895093827718743,-0.8339362423694325,-0.8747456477503956,-0.9132941442459869,-0.9498078227447434,-0.9556861858467104,-0.9613384580601402,-0.9645037304996609,-0.9667646393850328,-0.9639385032783179,0.22416911598462586,1.0
-0.7895093827718743,-0.8339362423694325,-0.8747456477503956,-0.9132941442459869,-0.9498078227447434,-0.9556861858467104,-0.9613384580601402,-0.9645037304996609,-0.9667646393850328,-0.9639385032783179,-0.9209812344562514,0.17725525661315844,1.0
-0.8339362423694325,-0.8747456477503956,-0.9132941442459869,-0.9498078227447434,-0.9556861858467104,-0.9613384580601402,-0.9645037304996609,-0.9667646393850328,-0.9639385032783179,-0.9209812344562514,-0.8937372823875198,0.13282839701560023,1.0
-0.8747456477503956,-0.9132941442459869,-0.9498078227447434,-0.9556861858467104,-0.9613384580601402,-0.9645037304996609,-0.9667646393850328,-0.9639385032783179,-0.9209812344562514,-0.8937372823875198,-0.8207099253900068,0.146054713995026,1.0
-0.9132941442459869,-0.9498078227447434,-0.9556861858467104,-0.9613384580601402,-0.9645037304996609,-0.9667646393850328,-0.9639385032783179,-0.9209812344562514,-0.8937372823875198,-0.8207099253900068,-0.7575175220438617,0.20924711734117107,1.0
-0.9498078227447434,-0.9556861858467104,-0.9613384580601402,-0.9645037304996609,-0.9667646393850328,-0.9639385032783179,-0.9209812344562514,-0.8937372823875198,-0.8207099253900068,-0.7575175220438617,-0.6509156680985757,0.31584897128645706,1.0
-0.9556861858467104,-0.9613384580601402,-0.9645037304996609,-0.9667646393850328,-0.9639385032783179,-0.9209812344562514,-0.8937372823875198,-0.8207099253900068,-0.7575175220438617,-0.6509156680985757,-0.5457834049287813,0.42098123445625146,1.0
-0.9613384580601402,-0.9645037304996609,-0.9667646393850328,-0.9639385032783179,-0.9209812344562514,-0.8937372823875198,-0.8207099253900068,-0.7575175220438617,-0.6509156680985757,-0.5457834049287813,-0.4430250960886276,0.5237395432964052,2.0
-0.9645037304996609,-0.9667646393850328,-0.9639385032783179,-0.9209812344562514,-0.8937372823875198,-0.8207099253900068,-0.7575175220438617,-0.6509156680985757,-0.5457834049287813,-0.4430250960886276,-0.3436581505765318,0.623106488808501,2.0
-0.9667646393850328,-0.9639385032783179,-0.9209812344562514,-0.8937372823875198,-0.8207099253900068,-0.7575175220438617,-0.6509156680985757,-0.5457834049287813,-0.4430250960886276,-0.3436581505765318,-0.24553470495139051,0.7212299344336423,2.0
-0.9639385032783179,-0.9209812344562514,-0.8937372823875198,-0.8207099253900068,-0.7575175220438617,-0.6509156680985757,-0.5457834049287813,-0.4430250960886276,-0.3436581505765318,-0.24553470495139051,-0.1493330318788153,0.8146054713995026,2.0
-0.9209812344562514,-0.8937372823875198,-0.8207099253900068,-0.7575175220438617,-0.6509156680985757,-0.5457834049287813,-0.4430250960886276,-0.3436581505765318,-0.24553470495139051,-0.1493330318788153,-0.05267917702916569,0.8683020574270857,2.0
-0.8937372823875198,-0.8207099253900068,-0.7575175220438617,-0.6509156680985757,-0.5457834049287813,-0.4430250960886276,-0.3436581505765318,-0.24553470495139051,-0.1493330318788153,-0.05267917702916569,0.04250508704499212,0.9362423694325119,2.0
-0.8207099253900068,-0.7575175220438617,-0.6509156680985757,-0.5457834049287813,-0.4430250960886276,-0.3436581505765318,-0.24553470495139051,-0.1493330318788153,-0.05267917702916569,0.04250508704499212,0.09710603662672401,0.9178159620167308,2.0
-0.7575175220438617,-0.6509156680985757,-0.5457834049287813,-0.4430250960886276,-0.3436581505765318,-0.24553470495139051,-0.1493330318788153,-0.05267917702916569,0.04250508704499212,0.09710603662672401,0.16742030296179067,0.9249378250056524,2.0
-0.6509156680985757,-0.5457834049287813,-0.4430250960886276,-0.3436581505765318,-0.24553470495139051,-0.1493330318788153,-0.05267917702916569,0.04250508704499212,0.09710603662672401,0.16742030296179067,0.19251639158941902,0.8434320596879947,2.0
-0.5457834049287813,-0.4430250960886276,-0.3436581505765318,-0.24553470495139051,-0.1493330318788153,-0.05267917702916569,0.04250508704499212,0.09710603662672401,0.16742030296179067,0.19251639158941902,0.22676916120280355,0.7725525661315849,2.0
-0.4430250960886276,-0.3436581505765318,-0.24553470495139051,-0.1493330318788153,-0.05267917702916569,0.04250508704499212,0.09710603662672401,0.16742030296179067,0.19251639158941902,0.22676916120280355,0.21682116210716718,0.6697942572914312,2.0
-0.3436581505765318,-0.24553470495139051,-0.1493330318788153,-0.05267917702916569,0.04250508704499212,0.09710603662672401,0.16742030296179067,0.19251639158941902,0.22676916120280355,0.21682116210716718,0.20890798100836538,0.5704273117793354,2.0
-0.24553470495139051,-0.1493330318788153,-0.05267917702916569,0.04250508704499212,0.09710603662672401,0.16742030296179067,0.19251639158941902,0.22676916120280355,0.21682116210716718,0.20890798100836538,0.204273117793353,0.47230386615419406,2.0
-0.1493330318788153,-0.05267917702916569,0.04250508704499212,0.09710603662672401,0.16742030296179067,0.19251639158941902,0.22676916120280355,0.21682116210716718,0.20890798100836538,0.204273117793353,0.2029165724621298,0.37610219308161885,3.0
-0.05267917702916569,0.04250508704499212,0.09710603662672401,0.16742030296179067,0.19251639158941902,0.22676916120280355,0.21682116210716718,0.20890798100836538,0.204273117793353,0.2029165724621298,0.2033687542392042,0.27944833823196924,3.0
0.04250508704499212,0.09710603662672401,0.16742030296179067,0.19251639158941902,0.22676916120280355,0.21682116210716718,0.20890798100836538,0.204273117793353,0.2029165724621298,0.2033687542392042,0.2051774813475018,0.18426407415781143,3.0
0.09710603662672401,0.16742030296179067,0.19251639158941902,0.22676916120280355,0.21682116210716718,0.20890798100836538,0.204273117793353,0.2029165724621298,0.2033687542392042,0.2051774813475018,0.20551661768030738,0.12966312457607954,3.0
0.16742030296179067,0.19251639158941902,0.22676916120280355,0.21682116210716718,0.20890798100836538,0.204273117793353,0.2029165724621298,0.2033687542392042,0.2051774813475018,0.20551661768030738,0.2030296179063984,0.05934885824101288,3.0
0.19251639158941902,0.22676916120280355,0.21682116210716718,0.20890798100836538,0.204273117793353,0.2029165724621298,0.2033687542392042,0.2051774813475018,0.20551661768030738,0.2030296179063984,0.200316527243952,0.034252769613384526,3.0
0.22676916120280355,0.21682116210716718,0.20890798100836538,0.204273117793353,0.2029165724621298,0.2033687542392042,0.2051774813475018,0.20551661768030738,0.2030296179063984,0.200316527243952,0.1982817092471174,0.02848745195568614,3.0
0.21682116210716718,0.20890798100836538,0.204273117793353,0.2029165724621298,0.2033687542392042,0.2051774813475018,0.20551661768030738,0.2030296179063984,0.200316527243952,0.1982817092471174,0.1964729821388198,0.02034817996834737,3.0
0.20890798100836538,0.204273117793353,0.2029165724621298,0.2033687542392042,0.2051774813475018,0.20551661768030738,0.2030296179063984,0.200316527243952,0.1982817092471174,0.1964729821388198,0.1945512095862536,0.01435677142211178,3.0
0.204273117793353,0.2029165724621298,0.2033687542392042,0.2051774813475018,0.20551661768030738,0.2030296179063984,0.200316527243952,0.1982817092471174,0.1964729821388198,0.1945512095862536,0.19274248247795622,0.012774135202351156,3.0
0.2029165724621298,0.2033687542392042,0.2051774813475018,0.20551661768030738,0.2030296179063984,0.200316527243952,0.1982817092471174,0.1964729821388198,0.1945512095862536,0.19274248247795622,0.19070766448112142,0.014808953199185959,3.0
0.2033687542392042,0.2051774813475018,0.20551661768030738,0.2030296179063984,0.200316527243952,0.1982817092471174,0.1964729821388198,0.1945512095862536,0.19274248247795622,0.19070766448112142,0.18731630115306364,0.018200316527243743,3.0
0.2051774813475018,0.20551661768030738,0.2030296179063984,0.200316527243952,0.1982817092471174,0.1964729821388198,0.1945512095862536,0.19274248247795622,0.19070766448112142,0.18731630115306364,0.18335971060366263,0.02215690707664475,3.0
0.20551661768030738,0.2030296179063984,0.200316527243952,0.1982817092471174,0.1964729821388198,0.1945512095862536,0.19274248247795622,0.19070766448112142,0.18731630115306364,0.18335971060366263,0.17996834727560485,0.025548270404702533,3.0
0.2030296179063984,0.200316527243952,0.1982817092471174,0.1964729821388198,0.1945512095862536,0.19274248247795622,0.19070766448112142,0.18731630115306364,0.18335971060366263,0.17996834727560485,0.17612480217047244,0.026904815735925958,3.0
0.200316527243952,0.1982817092471174,0.1964729821388198,0.1945512095862536,0.19274248247795622,0.19070766448112142,0.18731630115306364,0.18335971060366263,0.17996834727560485,0.17612480217047244,0.17341171150802626,0.026904815735925736,3.0
0.1982817092471174,0.1964729821388198,0.1945512095862536,0.19274248247795622,0.19070766448112142,0.18731630115306364,0.18335971060366263,0.17996834727560485,0.17612480217047244,0.17341171150802626,0.17137689351119145,0.026904815735925958,3.0
0.1964729821388198,0.1945512095862536,0.19274248247795622,0.19070766448112142,0.18731630115306364,0.18335971060366263,0.17996834727560485,0.17612480217047244,0.17341171150802626,0.17137689351119145,0.1400633054487903,0.0564096766900295,3.0
0.1945512095862536,0.19274248247795622,0.19070766448112142,0.18731630115306364,0.18335971060366263,0.17996834727560485,0.17612480217047244,0.17341171150802626,0.17137689351119145,0.1400633054487903,0.10829753560931499,0.08625367397693862,3.0
0.19274248247795622,0.19070766448112142,0.18731630115306364,0.18335971060366263,0.17996834727560485,0.17612480217047244,0.17341171150802626,0.17137689351119145,0.1400633054487903,0.10829753560931499,0.07540131132715344,0.11734117115080278,3.0
0.19070766448112142,0.18731630115306364,0.18335971060366263,0.17996834727560485,0.17612480217047244,0.17341171150802626,0.17137689351119145,0.1400633054487903,0.10829753560931499,0.07540131132715344,0.04250508704499212,0.1482025774361293,3.0
0.18731630115306364,0.18335971060366263,0.17996834727560485,0.17612480217047244,0.17341171150802626,0.17137689351119145,0.1400633054487903,0.10829753560931499,0.07540131132715344,0.04250508704499212,0.008704499208681993,0.17861180194438164,3.0
0.18335971060366263,0.17996834727560485,0.17612480217047244,0.17341171150802626,0.17137689351119145,0.1400633054487903,0.10829753560931499,0.07540131132715344,0.04250508704499212,0.008704499208681993,-0.025774361293239845,0.20913407189690247,3.0
0.17996834727560485,0.17612480217047244,0.17341171150802626,0.17137689351119145,0.1400633054487903,0.10829753560931499,0.07540131132715344,0.04250508704499212,0.008704499208681993,-0.025774361293239845,-0.06014017635089308,0.24010852362649793,3.0
0.17612480217047244,0.17341171150802626,0.17137689351119145,0.1400633054487903,0.10829753560931499,0.07540131132715344,0.04250508704499212,0.008704499208681993,-0.025774361293239845,-0.06014017635089308,-0.09360162785439752,0.26972643002486996,3.0
0.17341171150802626,0.17137689351119145,0.1400633054487903,0.10829753560931499,0.07540131132715344,0.04250508704499212,0.008704499208681993,-0.025774361293239845,-0.06014017635089308,-0.09360162785439752,-0.12706307935790184,0.3004747908659281,3.0
0.17137689351119145,0.1400633054487903,0.10829753560931499,0.07540131132715344,0.04250508704499212,0.008704499208681993,-0.025774361293239845,-0.06014017635089308,-0.09360162785439752,-0.12706307935790184,-0.16108975808274928,0.33246665159394073,3.0
0.1400633054487903,0.10829753560931499,0.07540131132715344,0.04250508704499212,0.008704499208681993,-0.025774361293239845,-0.06014017635089308,-0.09360162785439752,-0.12706307935790184,-0.16108975808274928,-0.1953425276961338,0.3354058331449241,3.0
0.10829753560931499,0.07540131132715344,0.04250508704499212,0.008704499208681993,-0.025774361293239845,-0.06014017635089308,-0.09360162785439752,-0.12706307935790184,-0.16108975808274928,-0.1953425276961338,-0.23083879719647293,0.3391363328057879,3.0
0.07540131132715344,0.04250508704499212,0.008704499208681993,-0.025774361293239845,-0.06014017635089308,-0.09360162785439752,-0.12706307935790184,-0.16108975808274928,-0.1953425276961338,-0.23083879719647293,-0.23479538774587383,0.31019669907302727,3.0
0.04250508704499212,0.008704499208681993,-0.025774361293239845,-0.06014017635089308,-0.09360162785439752,-0.12706307935790184,-0.16108975808274928,-0.1953425276961338,-0.23083879719647293,-0.23479538774587383,-0.1981686638028487,0.27730047479086595,3.0
0.008704499208681993,-0.025774361293239845,-0.06014017635089308,-0.09360162785439752,-0.12706307935790184,-0.16108975808274928,-0.1953425276961338,-0.23083879719647293,-0.23479538774587383,-0.1981686638028487,-0.17329866606375766,0.24349988695455582,3.0
-0.025774361293239845,-0.06014017635089308,-0.09360162785439752,-0.12706307935790184,-0.16108975808274928,-0.1953425276961338,-0.23083879719647293,-0.23479538774587383,-0.1981686638028487,-0.17329866606375766,-0.10400180872710829,0.20902102645263398,3.0
-0.06014017635089308,-0.09360162785439752,-0.12706307935790184,-0.16108975808274928,-0.1953425276961338,-0.23083879719647293,-0.23479538774587383,-0.1981686638028487,-0.17329866606375766,-0.10400180872710829,-0.05267917702916569,0.18211621071670814,3.0
-0.09360162785439752,-0.12706307935790184,-0.16108975808274928,-0.1953425276961338,-0.23083879719647293,-0.23479538774587383,-0.1981686638028487,-0.17329866606375766,-0.10400180872710829,-0.05267917702916569,0.006104453990504188,0.24089984173637802,2.0
-0.12706307935790184,-0.16108975808274928,-0.1953425276961338,-0.23083879719647293,-0.23479538774587383,-0.1981686638028487,-0.17329866606375766,-0.10400180872710829,-0.05267917702916569,0.006104453990504188,0.0998191272891702,0.334614515035044,2.0
-0.16108975808274928,-0.1953425276961338,-0.23083879719647293,-0.23479538774587383,-0.1981686638028487,-0.17329866606375766,-0.10400180872710829,-0.05267917702916569,0.006104453990504188,0.0998191272891702,0.1968121184716256,0.43160750621749944,2.0
-0.1953425276961338,-0.23083879719647293,-0.23479538774587383,-0.1981686638028487,-0.17329866606375766,-0.10400180872710829,-0.05267917702916569,0.006104453990504188,0.0998191272891702,0.1968121184716256,0.2975356093149446,0.5323309970608184,2.0
-0.23083879719647293,-0.23479538774587383,-0.1981686638028487,-0.17329866606375766,-0.10400180872710829,-0.05267917702916569,0.006104453990504188,0.0998191272891702,0.1968121184716256,0.2975356093149446,0.4014243725977844,0.6362197603436582,2.0
-0.23479538774587383,-0.1981686638028487,-0.17329866606375766,-0.10400180872710829,-0.05267917702916569,0.006104453990504188,0.0998191272891702,0.1968121184716256,0.2975356093149446,0.4014243725977844,0.5072349084331902,0.742030296179064,2.0
-0.1981686638028487,-0.17329866606375766,-0.10400180872710829,-0.05267917702916569,0.006104453990504188,0.0998191272891702,0.1968121184716256,0.2975356093149446,0.4014243725977844,0.5072349084331902,0.585914537644133,0.7840832014469817,2.0
-0.17329866606375766,-0.10400180872710829,-0.05267917702916569,0.006104453990504188,0.0998191272891702,0.1968121184716256,0.2975356093149446,0.4014243725977844,0.5072349084331902,0.585914537644133,0.6632376215238527,0.8365362875876103,2.0
-0.10400180872710829,-0.05267917702916569,0.006104453990504188,0.0998191272891702,0.1968121184716256,0.2975356093149446,0.4014243725977844,0.5072349084331902,0.585914537644133,0.6632376215238527,0.700316527243952,0.8043183359710603,2.0
-0.05267917702916569,0.006104453990504188,0.0998191272891702,0.1968121184716256,0.2975356093149446,0.4014243725977844,0.5072349084331902,0.585914537644133,0.6632376215238527,0.700316527243952,0.7507347953877459,0.8034139724169116,2.0
0.006104453990504188,0.0998191272891702,0.1968121184716256,0.2975356093149446,0.4014243725977844,0.5072349084331902,0.585914537644133,0.6632376215238527,0.700316527243952,0.7507347953877459,0.7604567035948451,0.7543522496043409,2.0
0.0998191272891702,0.1968121184716256,0.2975356093149446,0.4014243725977844,0.5072349084331902,0.585914537644133,0.6632376215238527,0.700316527243952,0.7507347953877459,0.7604567035948451,0.7910920189916346,0.6912728917024644,2.0
0.1968121184716256,0.2975356093149446,0.4014243725977844,0.5072349084331902,0.585914537644133,0.6632376215238527,0.700316527243952,0.7507347953877459,0.7604567035948451,0.7910920189916346,0.8147185168437712,0.6179063983721456,2.0
0.2975356093149446,0.4014243725977844,0.5072349084331902,0.585914537644133,0.6632376215238527,0.700316527243952,0.7507347953877459,0.7604567035948451,0.7910920189916346,0.8147185168437712,0.801605245308614,0.5171829075288266,2.0
0.4014243725977844,0.5072349084331902,0.585914537644133,0.6632376215238527,0.700316527243952,0.7507347953877459,0.7604567035948451,0.7910920189916346,0.8147185168437712,0.801605245308614,0.808048835631924,0.41329414424598676,2.0
0.5072349084331902,0.585914537644133,0.6632376215238527,0.700316527243952,0.7507347953877459,0.7604567035948451,0.7910920189916346,0.8147185168437712,0.801605245308614,0.808048835631924,0.8037531087497174,0.307483608410581,2.0
0.585914537644133,0.6632376215238527,0.700316527243952,0.7507347953877459,0.7604567035948451,0.7910920189916346,0.8147185168437712,0.801605245308614,0.808048835631924,0.8037531087497174,0.7588740673750849,0.22880397919963813,2.0
0.6632376215238527,0.700316527243952,0.7507347953877459,0.7604567035948451,0.7910920189916346,0.8147185168437712,0.801605245308614,0.808048835631924,0.8037531087497174,0.7588740673750849,0.727786570201221,0.15148089531991848,2.0
0.700316527243952,0.7507347953877459,0.7604567035948451,0.7910920189916346,0.8147185168437712,0.801605245308614,0.808048835631924,0.8037531087497174,0.7588740673750849,0.727786570201221,0.6835199638049994,0.13119855303877181,2.0
0.7507347953877459,0.7604567035948451,0.7910920189916346,0.8147185168437712,0.801605245308614,0.808048835631924,0.8037531087497174,0.7588740673750849,0.727786570201221,0.6835199638049994,0.6269248188405796,0.18779369800319157,0.0
0.7604567035948451,0.7910920189916346,0.8147185168437712,0.801605245308614,0.808048835631924,0.8037531087497174,0.7588740673750849,0.727786570201221,0.6835199638049994,0.6269248188405796,0.583055523623405,0.2316629932203662,0.0
0.7910920189916346,0.8147185168437712,0.801605245308614,0.808048835631924,0.8037531087497174,0.7588740673750849,0.727786570201221,0.6835199638049994,0.6269248188405796,0.583055523623405,0.5060351764570641,0.3086833403867071,0.0
0.8147185168437712,0.801605245308614,0.808048835631924,0.8037531087497174,0.7588740673750849,0.727786570201221,0.6835199638049994,0.6269248188405796,0.583055523623405,0.5060351764570641,0.4179790780549488,0.39673943878882234,0.0
0.801605245308614,0.808048835631924,0.8037531087497174,0.7588740673750849,0.727786570201221,0.6835199638049994,0.6269248188405796,0.583055523623405,0.5060351764570641,0.4179790780549488,0.34866076560524206,0.4593880700266819,0.0
0.808048835631924,0.8037531087497174,0.7588740673750849,0.727786570201221,0.6835199638049994,0.6269248188405796,0.583055523623405,0.5060351764570641,0.4179790780549488,0.34866076560524206,0.27164041843890097,0.536408417193023,0.0
0.8037531087497174,0.7588740673750849,0.727786570201221,0.6835199638049994,0.6269248188405796,0.583055523623405,0.5060351764570641,0.4179790780549488,0.34866076560524206,0.27164041843890097,0.16139786182319815,0.6423552469265192,0.0
0.7588740673750849,0.727786570201221,0.6835199638049994,0.6269248188405796,0.583055523623405,0.5060351764570641,0.4179790780549488,0.34866076560524206,0.27164041843890097,0.16139786182319815,0.02184159098746985,0.737032476387615,0.0
0.727786570201221,0.6835199638049994,0.6269248188405796,0.583055523623405,0.5060351764570641,0.4179790780549488,0.34866076560524206,0.27164041843890097,0.16139786182319815,0.02184159098746985,-0.11564547649155077,0.8434320466927717,0.0
0.6835199638049994,0.6269248188405796,0.583055523623405,0.5060351764570641,0.4179790780549488,0.34866076560524206,0.27164041843890097,0.16139786182319815,0.02184159098746985,-0.11564547649155077,-0.18875732842855497,0.8722772922335543,0.0
0.6269248188405796,0.583055523623405,0.5060351764570641,0.4179790780549488,0.34866076560524206,0.27164041843890097,0.16139786182319815,0.02184159098746985,-0.11564547649155077,-0.18875732842855497,-0.2817565237383607,0.9086813425789403,0.0
0.583055523623405,0.5060351764570641,0.4179790780549488,0.34866076560524206,0.27164041843890097,0.16139786182319815,0.02184159098746985,-0.11564547649155077,-0.18875732842855497,-0.2817565237383607,-0.3352109437866422,0.9182664674100471,0.0
0.5060351764570641,0.4179790780549488,0.34866076560524206,0.27164041843890097,0.16139786182319815,0.02184159098746985,-0.11564547649155077,-0.18875732842855497,-0.2817565237383607,-0.3352109437866422,-0.37808943556730656,0.8841246120243706,0.0
0.4179790780549488,0.34866076560524206,0.27164041843890097,0.16139786182319815,0.02184159098746985,-0.11564547649155077,-0.18875732842855497,-0.2817565237383607,-0.3352109437866422,-0.37808943556730656,-0.44246465110932287,0.8604437291642717,0.0
0.34866076560524206,0.27164041843890097,0.16139786182319815,0.02184159098746985,-0.11564547649155077,-0.18875732842855497,-0.2817565237383607,-0.3352109437866422,-0.37808943556730656,-0.44246465110932287,-0.5002873893550983,0.8489481549603404,0.0
0.27164041843890097,0.16139786182319815,0.02184159098746985,-0.11564547649155077,-0.18875732842855497,-0.2817565237383607,-0.3352109437866422,-0.37808943556730656,-0.44246465110932287,-0.5002873893550983,-0.5510978273364755,0.8227382457753765,0.0
0.16139786182319815,0.02184159098746985,-0.11564547649155077,-0.18875732842855497,-0.2817565237383607,-0.3352109437866422,-0.37808943556730656,-0.44246465110932287,-0.5002873893550983,-0.5510978273364755,-0.6240947235314405,0.7854925853546386,0.0
0.02184159098746985,-0.11564547649155077,-0.18875732842855497,-0.2817565237383607,-0.3352109437866422,-0.37808943556730656,-0.44246465110932287,-0.5002873893550983,-0.5510978273364755,-0.6240947235314405,-0.6896194964938498,0.7114610874813196,0.0
-0.11564547649155077,-0.18875732842855497,-0.2817565237383607,-0.3352109437866422,-0.37808943556730656,-0.44246465110932287,-0.5002873893550983,-0.5510978273364755,-0.6240947235314405,-0.6896194964938498,-0.7201977238763075,0.6045522473847568,0.0
-0.18875732842855497,-0.2817565237383607,-0.3352109437866422,-0.37808943556730656,-0.44246465110932287,-0.5002873893550983,-0.5510978273364755,-0.6240947235314405,-0.6896194964938498,-0.7201977238763075,-0.745143119898839,0.556385791470284,0.0
-0.2817565237383607,-0.3352109437866422,-0.37808943556730656,-0.44246465110932287,-0.5002873893550983,-0.5510978273364755,-0.6240947235314405,-0.6896194964938498,-0.7201977238763075,-0.745143119898839,-0.7648005517875618,0.4830440280492011,0.0
-0.3352109437866422,-0.37808943556730656,-0.44246465110932287,-0.5002873893550983,-0.5510978273364755,-0.6240947235314405,-0.6896194964938498,-0.7201977238763075,-0.745143119898839,-0.7648005517875618,-0.8089435567306587,0.4737326129440165,0.0
-0.37808943556730656,-0.44246465110932287,-0.5002873893550983,-0.5510978273364755,-0.6240947235314405,-0.6896194964938498,-0.7201977238763075,-0.745143119898839,-0.7648005517875618,-0.8089435567306587,-0.8492930221864582,0.4712035866191516,0.0
-0.44246465110932287,-0.5002873893550983,-0.5510978273364755,-0.6240947235314405,-0.6896194964938498,-0.7201977238763075,-0.745143119898839,-0.7648005517875618,-0.8089435567306587,-0.8492930221864582,-0.8871134613173928,0.4446488102080699,0.0
-0.5002873893550983,-0.5510978273364755,-0.6240947235314405,-0.6896194964938498,-0.7201977238763075,-0.745143119898839,-0.7648005517875618,-0.8089435567306587,-0.8492930221864582,-0.8871134613173928,-0.9240142545120129,0.4237268651569146,0.0
-0.5510978273364755,-0.6240947235314405,-0.6896194964938498,-0.7201977238763075,-0.745143119898839,-0.7648005517875618,-0.8089435567306587,-0.8492930221864582,-0.8871134613173928,-0.9240142545120129,-0.9602253132543971,0.4091274859179216,0.0
-0.6240947235314405,-0.6896194964938498,-0.7201977238763075,-0.745143119898839,-0.7648005517875618,-0.8089435567306587,-0.8492930221864582,-0.8871134613173928,-0.9240142545120129,-0.9602253132543971,-0.9643637199678123,0.3402689964363719,0.0
-0.6896194964938498,-0.7201977238763075,-0.745143119898839,-0.7648005517875618,-0.8089435567306587,-0.8492930221864582,-0.8871134613173928,-0.9240142545120129,-0.9602253132543971,-0.9643637199678123,-0.9682722151971491,0.27865271870329933,0.0
-0.7201977238763075,-0.745143119898839,-0.7648005517875618,-0.8089435567306587,-0.8492930221864582,-0.8871134613173928,-0.9240142545120129,-0.9602253132543971,-0.9643637199678123,-0.9682722151971491,-0.9705713300379354,0.25037360616162785,0.0
-0.745143119898839,-0.7648005517875618,-0.8089435567306587,-0.8492930221864582,-0.8871134613173928,-0.9240142545120129,-0.9602253132543971,-0.9643637199678123,-0.9682722151971491,-0.9705713300379354,-0.9714909759742499,0.22634785607541097,0.0
-0.7648005517875618,-0.8089435567306587,-0.8492930221864582,-0.8871134613173928,-0.9240142545120129,-0.9602253132543971,-0.9643637199678123,-0.9682722151971491,-0.9705713300379354,-0.9714909759742499,-0.9722956661685251,0.20749511438096335,1.0
-0.8089435567306587,-0.8492930221864582,-0.8871134613173928,-0.9240142545120129,-0.9602253132543971,-0.9643637199678123,-0.9682722151971491,-0.9705713300379354,-0.9714909759742499,-0.9722956661685251,-0.9727554891366824,0.16381193240602376,1.0
-0.8492930221864582,-0.8871134613173928,-0.9240142545120129,-0.9602253132543971,-0.9643637199678123,-0.9682722151971491,-0.9705713300379354,-0.9714909759742499,-0.9722956661685251,-0.9727554891366824,-0.9731003563628003,0.12380733417634215,1.0
-0.8871134613173928,-0.9240142545120129,-0.9602253132543971,-0.9643637199678123,-0.9682722151971491,-0.9705713300379354,-0.9714909759742499,-0.9722956661685251,-0.9727554891366824,-0.9731003563628003,-0.9753994712035866,0.08828600988619384,1.0
-0.9240142545120129,-0.9602253132543971,-0.9643637199678123,-0.9682722151971491,-0.9705713300379354,-0.9714909759742499,-0.9722956661685251,-0.9727554891366824,-0.9731003563628003,-0.9753994712035866,-0.9733302678468789,0.0513852166915737,1.0
-0.9602253132543971,-0.9643637199678123,-0.9682722151971491,-0.9705713300379354,-0.9714909759742499,-0.9722956661685251,-0.9727554891366824,-0.9731003563628003,-0.9753994712035866,-0.9733302678468789,-0.9259815242494226,0.049417946954164016,1.0
-0.9643637199678123,-0.9682722151971491,-0.9705713300379354,-0.9714909759742499,-0.9722956661685251,-0.9727554891366824,-0.9731003563628003,-0.9753994712035866,-0.9733302678468789,-0.9259815242494226,-0.8623444283646888,0.11305504283889778,1.0
-0.9682722151971491,-0.9705713300379354,-0.9714909759742499,-0.9722956661685251,-0.9727554891366824,-0.9731003563628003,-0.9753994712035866,-0.9733302678468789,-0.9259815242494226,-0.8623444283646888,-0.8114037626628076,0.16399570854077905,1.0
-0.9705713300379354,-0.9714909759742499,-0.9722956661685251,-0.9727554891366824,-0.9731003563628003,-0.9753994712035866,-0.9733302678468789,-0.9259815242494226,-0.8623444283646888,-0.8114037626628076,-0.7168162083936325,0.25858326280995414,1.0
-0.9714909759742499,-0.9722956661685251,-0.9727554891366824,-0.9731003563628003,-0.9753994712035866,-0.9733302678468789,-0.9259815242494226,-0.8623444283646888,-0.8114037626628076,-0.7168162083936325,-0.6156295224312591,0.3597699487723275,1.0
-0.9722956661685251,-0.9727554891366824,-0.9731003563628003,-0.9753994712035866,-0.9733302678468789,-0.9259815242494226,-0.8623444283646888,-0.8114037626628076,-0.7168162083936325,-0.6156295224312591,-0.506646276908599,0.46875319429498763,2.0
-0.9727554891366824,-0.9731003563628003,-0.9753994712035866,-0.9733302678468789,-0.9259815242494226,-0.8623444283646888,-0.8114037626628076,-0.7168162083936325,-0.6156295224312591,-0.506646276908599,-0.4001544768581784,0.5752449943454082,2.0
-0.9731003563628003,-0.9753994712035866,-0.9733302678468789,-0.9259815242494226,-0.8623444283646888,-0.8114037626628076,-0.7168162083936325,-0.6156295224312591,-0.506646276908599,-0.4001544768581784,-0.26312503901616835,0.7122744321874183,2.0
-0.9753994712035866,-0.9733302678468789,-0.9259815242494226,-0.8623444283646888,-0.8114037626628076,-0.7168162083936325,-0.6156295224312591,-0.506646276908599,-0.4001544768581784,-0.26312503901616835,-0.14436195190050127,0.8310375193030853,2.0
-0.9733302678468789,-0.9259815242494226,-0.8623444283646888,-0.8114037626628076,-0.7168162083936325,-0.6156295224312591,-0.506646276908599,-0.4001544768581784,-0.26312503901616835,-0.14436195190050127,-0.039152230471476646,0.9341780373754023,2.0
-0.9259815242494226,-0.8623444283646888,-0.8114037626628076,-0.7168162083936325,-0.6156295224312591,-0.506646276908599,-0.4001544768581784,-0.26312503901616835,-0.14436195190050127,-0.039152230471476646,0.06618440256361446,0.9921659268130371,2.0
-0.8623444283646888,-0.8114037626628076,-0.7168162083936325,-0.6156295224312591,-0.506646276908599,-0.4001544768581784,-0.26312503901616835,-0.14436195190050127,-0.039152230471476646,0.06618440256361446,0.16745986420458148,1.0298042925692703,2.0
-0.8114037626628076,-0.7168162083936325,-0.6156295224312591,-0.506646276908599,-0.4001544768581784,-0.26312503901616835,-0.14436195190050127,-0.039152230471476646,0.06618440256361446,0.16745986420458148,0.21949362269179518,1.0308973853546028,2.0
-0.7168162083936325,-0.6156295224312591,-0.506646276908599,-0.4001544768581784,-0.26312503901616835,-0.14436195190050127,-0.039152230471476646,0.06618440256361446,0.16745986420458148,0.21949362269179518,0.2532521099054508,0.9700683182990832,2.0
-0.6156295224312591,-0.506646276908599,-0.4001544768581784,-0.26312503901616835,-0.14436195190050127,-0.039152230471476646,0.06618440256361446,0.16745986420458148,0.21949362269179518,0.2532521099054508,0.30274763627133705,0.9183771587025962,2.0
-0.506646276908599,-0.4001544768581784,-0.26312503901616835,-0.14436195190050127,-0.039152230471476646,0.06618440256361446,0.16745986420458148,0.21949362269179518,0.2532521099054508,0.30274763627133705,0.30274763627133705,0.809393913179936,2.0
-0.4001544768581784,-0.26312503901616835,-0.14436195190050127,-0.039152230471476646,0.06618440256361446,0.16745986420458148,0.21949362269179518,0.2532521099054508,0.30274763627133705,0.30274763627133705,0.29602132114981905,0.7029021131295154,2.0
-0.26312503901616835,-0.14436195190050127,-0.039152230471476646,0.06618440256361446,0.16745986420458148,0.21949362269179518,0.2532521099054508,0.30274763627133705,0.30274763627133705,0.29602132114981905,0.2896757408465005,0.5658726752875054,2.0
-0.14436195190050127,-0.039152230471476646,0.06618440256361446,0.16745986420458148,0.21949362269179518,0.2532521099054508,0.30274763627133705,0.30274763627133705,0.29602132114981905,0.2896757408465005,0.2852338346341774,0.4471095881718383,2.0
-0.039152230471476646,0.06618440256361446,0.16745986420458148,0.21949362269179518,0.2532521099054508,0.30274763627133705,0.30274763627133705,0.29602132114981905,0.2896757408465005,0.2852338346341774,0.2807919284218541,0.3418998667428137,3.0
0.06618440256361446,0.16745986420458148,0.21949362269179518,0.2532521099054508,0.30274763627133705,0.30274763627133705,0.29602132114981905,0.2896757408465005,0.2852338346341774,0.2807919284218541,0.2772384034519957,0.2365632337077226,3.0
0.16745986420458148,0.21949362269179518,0.2532521099054508,0.30274763627133705,0.30274763627133705,0.29602132114981905,0.2896757408465005,0.2852338346341774,0.2807919284218541,0.2772384034519957,0.274953994542801,0.13528777206675557,3.0
0.21949362269179518,0.2532521099054508,0.30274763627133705,0.30274763627133705,0.29602132114981905,0.2896757408465005,0.2852338346341774,0.2807919284218541,0.2772384034519957,0.274953994542801,0.23979947966241522,0.08325401357954187,3.0
0.2532521099054508,0.30274763627133705,0.30274763627133705,0.29602132114981905,0.2896757408465005,0.2852338346341774,0.2807919284218541,0.2772384034519957,0.274953994542801,0.23979947966241522,0.20413731835776372,0.09861031791357333,3.0
0.30274763627133705,0.30274763627133705,0.29602132114981905,0.2896757408465005,0.2852338346341774,0.2807919284218541,0.2772384034519957,0.274953994542801,0.23979947966241522,0.20413731835776372,0.16758677581064796,0.1351608604606891,3.0
0.30274763627133705,0.29602132114981905,0.2896757408465005,0.2852338346341774,0.2807919284218541,0.2772384034519957,0.274953994542801,0.23979947966241522,0.20413731835776372,0.16758677581064796,0.13154387968779746,0.1712037565835396,3.0
0.29602132114981905,0.2896757408465005,0.2852338346341774,0.2807919284218541,0.2772384034519957,0.274953994542801,0.23979947966241522,0.20413731835776372,0.16758677581064796,0.13154387968779746,0.094485690716416,0.20153563043340306,3.0
0.2896757408465005,0.2852338346341774,0.2807919284218541,0.2772384034519957,0.274953994542801,0.23979947966241522,0.20413731835776372,0.16758677581064796,0.13154387968779746,0.094485690716416,0.05768132495716727,0.23199441588933323,3.0
0.2852338346341774,0.2807919284218541,0.2772384034519957,0.274953994542801,0.23979947966241522,0.20413731835776372,0.16758677581064796,0.13154387968779746,0.094485690716416,0.05768132495716727,0.020750047591852283,0.2644837870423251,3.0
0.2807919284218541,0.2772384034519957,0.274953994542801,0.23979947966241522,0.20413731835776372,0.16758677581064796,0.13154387968779746,0.094485690716416,0.05768132495716727,0.020750047591852283,-0.017450345834126524,0.2982422742559806,3.0
0.2772384034519957,0.274953994542801,0.23979947966241522,0.20413731835776372,0.16758677581064796,0.13154387968779746,0.094485690716416,0.05768132495716727,0.020750047591852283,-0.017450345834126524,-0.0557776508661717,0.3330160543181674,3.0
0.274953994542801,0.23979947966241522,0.20413731835776372,0.16758677581064796,0.13154387968779746,0.094485690716416,0.05768132495716727,0.020750047591852283,-0.017450345834126524,-0.0557776508661717,-0.09512024874674785,0.37007424328954885,3.0
0.23979947966241522,0.20413731835776372,0.16758677581064796,0.13154387968779746,0.094485690716416,0.05768132495716727,0.020750047591852283,-0.017450345834126524,-0.0557776508661717,-0.09512024874674785,-0.13370137699092577,0.373500856653341,3.0
0.20413731835776372,0.16758677581064796,0.13154387968779746,0.094485690716416,0.05768132495716727,0.020750047591852283,-0.017450345834126524,-0.0557776508661717,-0.09512024874674785,-0.13370137699092577,-0.1726632400533029,0.37680055841106663,3.0
0.16758677581064796,0.13154387968779746,0.094485690716416,0.05768132495716727,0.020750047591852283,-0.017450345834126524,-0.0557776508661717,-0.09512024874674785,-0.13370137699092577,-0.1726632400533029,-0.17875499714448884,0.3463417729551368,3.0
0.13154387968779746,0.094485690716416,0.05768132495716727,0.020750047591852283,-0.017450345834126524,-0.0557776508661717,-0.09512024874674785,-0.13370137699092577,-0.1726632400533029,-0.17875499714448884,-0.1847198426296085,0.31626372231740596,3.0
0.094485690716416,0.05768132495716727,0.020750047591852283,-0.017450345834126524,-0.0557776508661717,-0.09512024874674785,-0.13370137699092577,-0.1726632400533029,-0.17875499714448884,-0.1847198426296085,-0.19068468811472805,0.28517037883114404,3.0
0.05768132495716727,0.020750047591852283,-0.017450345834126524,-0.0557776508661717,-0.09512024874674785,-0.13370137699092577,-0.1726632400533029,-0.17875499714448884,-0.1847198426296085,-0.19068468811472805,-0.19690335681198046,0.2545846817691477,3.0
0.020750047591852283,-0.017450345834126524,-0.0557776508661717,-0.09512024874674785,-0.13370137699092577,-0.1726632400533029,-0.17875499714448884,-0.1847198426296085,-0.19068468811472805,-0.19690335681198046,-0.20324893711529923,0.22399898470715152,3.0
-0.017450345834126524,-0.0557776508661717,-0.09512024874674785,-0.13370137699092577,-0.1726632400533029,-0.17875499714448884,-0.1847198426296085,-0.19068468811472805,-0.19690335681198046,-0.20324893711529923,-0.20946760581255153,0.192017259978425,3.0
-0.0557776508661717,-0.09512024874674785,-0.13370137699092577,-0.1726632400533029,-0.17875499714448884,-0.1847198426296085,-0.19068468811472805,-0.19690335681198046,-0.20324893711529923,-0.20946760581255153,-0.21619392093406942,0.16041627006789771,3.0
-0.09512024874674785,-0.13370137699092577,-0.1726632400533029,-0.17875499714448884,-0.1847198426296085,-0.19068468811472805,-0.19690335681198046,-0.20324893711529923,-0.20946760581255153,-0.21619392093406942,-0.22473623998983094,0.1296159912430831,3.0
-0.13370137699092577,-0.1726632400533029,-0.17875499714448884,-0.1847198426296085,-0.19068468811472805,-0.19690335681198046,-0.20324893711529923,-0.20946760581255153,-0.21619392093406942,-0.22473623998983094,-0.2473464136378256,0.11364503664689984,3.0
-0.1726632400533029,-0.17875499714448884,-0.1847198426296085,-0.19068468811472805,-0.19690335681198046,-0.20324893711529923,-0.20946760581255153,-0.21619392093406942,-0.22473623998983094,-0.2473464136378256,-0.25480862013509165,0.08214538008178873,3.0
-0.17875499714448884,-0.1847198426296085,-0.19068468811472805,-0.19690335681198046,-0.20324893711529923,-0.20946760581255153,-0.21619392093406942,-0.22473623998983094,-0.2473464136378256,-0.25480862013509165,-0.2635574139594725,0.08480241681498368,3.0
-0.1847198426296085,-0.19068468811472805,-0.19690335681198046,-0.20324893711529923,-0.20946760581255153,-0.21619392093406942,-0.22473623998983094,-0.2473464136378256,-0.25480862013509165,-0.2635574139594725,-0.24129945320038593,0.07883757132986402,3.0
-0.19068468811472805,-0.19690335681198046,-0.20324893711529923,-0.20946760581255153,-0.21619392093406942,-0.22473623998983094,-0.2473464136378256,-0.25480862013509165,-0.2635574139594725,-0.24129945320038593,-0.2495336120939209,0.07287272584474447,3.0
-0.19690335681198046,-0.20324893711529923,-0.20946760581255153,-0.21619392093406942,-0.22473623998983094,-0.2473464136378256,-0.25480862013509165,-0.2635574139594725,-0.24129945320038593,-0.2495336120939209,-0.24824702476680605,0.06665405714749206,3.0
-0.20324893711529923,-0.20946760581255153,-0.21619392093406942,-0.22473623998983094,-0.2473464136378256,-0.25480862013509165,-0.2635574139594725,-0.24129945320038593,-0.2495336120939209,-0.24824702476680605,-0.1976841428111933,0.06587327114827923,3.0
-0.20946760581255153,-0.21619392093406942,-0.22473623998983094,-0.2473464136378256,-0.25480862013509165,-0.2635574139594725,-0.24129945320038593,-0.2495336120939209,-0.24824702476680605,-0.1976841428111933,-0.16281762624638152,0.100739787713091,3.0
-0.21619392093406942,-0.22473623998983094,-0.2473464136378256,-0.25480862013509165,-0.2635574139594725,-0.24129945320038593,-0.2495336120939209,-0.24824702476680605,-0.1976841428111933,-0.16281762624638152,-0.08009006111289807,0.18346735284657445,3.0
-0.22473623998983094,-0.2473464136378256,-0.25480862013509165,-0.2635574139594725,-0.24129945320038593,-0.2495336120939209,-0.24824702476680605,-0.1976841428111933,-0.16281762624638152,-0.08009006111289807,-0.019234480540366694,0.24432293341910583,3.0
-0.2473464136378256,-0.25480862013509165,-0.2635574139594725,-0.24129945320038593,-0.2495336120939209,-0.24824702476680605,-0.1976841428111933,-0.16281762624638152,-0.08009006111289807,-0.019234480540366694,0.04998391765841115,0.31354133161788367,2.0
-0.25480862013509165,-0.2635574139594725,-0.24129945320038593,-0.2495336120939209,-0.24824702476680605,-0.1976841428111933,-0.16281762624638152,-0.08009006111289807,-0.019234480540366694,0.04998391765841115,0.1237053715020906,0.3872627854615631,2.0
-0.2635574139594725,-0.24129945320038593,-0.2495336120939209,-0.24824702476680605,-0.1976841428111933,-0.16281762624638152,-0.08009006111289807,-0.019234480540366694,0.04998391765841115,0.1237053715020906,0.18996461884850424,0.45352203280797676,2.0
-0.24129945320038593,-0.2495336120939209,-0.24824702476680605,-0.1976841428111933,-0.16281762624638152,-0.08009006111289807,-0.019234480540366694,0.04998391765841115,0.1237053715020906,0.18996461884850424,0.2598263107108394,0.5093599228047603,2.0
-0.2495336120939209,-0.24824702476680605,-0.1976841428111933,-0.16281762624638152,-0.08009006111289807,-0.019234480540366694,0.04998391765841115,0.1237053715020906,0.18996461884850424,0.2598263107108394,0.33573496301061434,0.5852685751045352,2.0
-0.24824702476680605,-0.1976841428111933,-0.16281762624638152,-0.08009006111289807,-0.019234480540366694,0.04998391765841115,0.1237053715020906,0.18996461884850424,0.2598263107108394,0.33573496301061434,0.42064972660019295,0.668896751366999,2.0
-0.1976841428111933,-0.16281762624638152,-0.08009006111289807,-0.019234480540366694,0.04998391765841115,0.1237053715020906,0.18996461884850424,0.2598263107108394,0.33573496301061434,0.42064972660019295,0.5439047925377936,0.7415889353489868,2.0
-0.16281762624638152,-0.08009006111289807,-0.019234480540366694,0.04998391765841115,0.1237053715020906,0.18996461884850424,0.2598263107108394,0.33573496301061434,0.42064972660019295,0.5439047925377936,0.6609842393052427,0.8238018655516243,2.0
-0.08009006111289807,-0.019234480540366694,0.04998391765841115,0.1237053715020906,0.18996461884850424,0.2598263107108394,0.33573496301061434,0.42064972660019295,0.5439047925377936,0.6609842393052427,0.7299453200385977,0.8100353811514958,2.0
-0.019234480540366694,0.04998391765841115,0.1237053715020906,0.18996461884850424,0.2598263107108394,0.33573496301061434,0.42064972660019295,0.5439047925377936,0.6609842393052427,0.7299453200385977,0.8137021550337729,0.8329366355741396,2.0
0.04998391765841115,0.1237053715020906,0.18996461884850424,0.2598263107108394,0.33573496301061434,0.42064972660019295,0.5439047925377936,0.6609842393052427,0.7299453200385977,0.8137021550337729,0.8485686715985847,0.7985847539401736,2.0
0.1237053715020906,0.18996461884850424,0.2598263107108394,0.33573496301061434,0.42064972660019295,0.5439047925377936,0.6609842393052427,0.7299453200385977,0.8137021550337729,0.8485686715985847,0.9042779028626569,0.7805725313605663,2.0
0.18996461884850424,0.2598263107108394,0.33573496301061434,0.42064972660019295,0.5439047925377936,0.6609842393052427,0.7299453200385977,0.8137021550337729,0.8485686715985847,0.9042779028626569,0.948279189449984,0.7583145706014798,2.0
0.2598263107108394,0.33573496301061434,0.42064972660019295,0.5439047925377936,0.6609842393052427,0.7299453200385977,0.8137021550337729,0.8485686715985847,0.9042779028626569,0.948279189449984,0.947507237053715,0.6884528787391446,2.0
0.33573496301061434,0.42064972660019295,0.5439047925377936,0.6609842393052427,0.7299453200385977,0.8137021550337729,0.8485686715985847,0.9042779028626569,0.948279189449984,0.947507237053715,0.9755548407848182,0.6398198777742039,2.0
0.42064972660019295,0.5439047925377936,0.6609842393052427,0.7299453200385977,0.8137021550337729,0.8485686715985847,0.9042779028626569,0.948279189449984,0.947507237053715,0.9755548407848182,0.9502090704406561,0.5549051141846253,2.0
0.5439047925377936,0.6609842393052427,0.7299453200385977,0.8137021550337729,0.8485686715985847,0.9042779028626569,0.948279189449984,0.947507237053715,0.9755548407848182,0.9502090704406561,0.9379864908330653,0.4316500482470247,2.0
0.6609842393052427,0.7299453200385977,0.8137021550337729,0.8485686715985847,0.9042779028626569,0.948279189449984,0.947507237053715,0.9755548407848182,0.9502090704406561,0.9379864908330653,0.8730138308137665,0.3145706014795755,2.0
0.7299453200385977,0.8137021550337729,0.8485686715985847,0.9042779028626569,0.948279189449984,0.947507237053715,0.9755548407848182,0.9502090704406561,0.9379864908330653,0.8730138308137665,0.7573496301061435,0.24560952074622056,2.0
0.8137021550337729,0.8485686715985847,0.9042779028626569,0.948279189449984,0.947507237053715,0.9755548407848182,0.9502090704406561,0.9379864908330653,0.8730138308137665,0.7573496301061435,0.6608555805725314,0.3146992602122869,2.0
0.8485686715985847,0.9042779028626569,0.948279189449984,0.947507237053715,0.9755548407848182,0.9502090704406561,0.9379864908330653,0.8730138308137665,0.7573496301061435,0.6608555805725314,0.5566420070762303,0.4189128337085879,0.0
0.9042779028626569,0.948279189449984,0.947507237053715,0.9755548407848182,0.9502090704406561,0.9379864908330653,0.8730138308137665,0.7573496301061435,0.6608555805725314,0.5566420070762303,0.44676744934062396,0.5287873914441943,0.0
0.948279189449984,0.947507237053715,0.9755548407848182,0.9502090704406561,0.9379864908330653,0.8730138308137665,0.7573496301061435,0.6608555805725314,0.5566420070762303,0.44676744934062396,0.2986812479897074,0.6768735927951108,0.0
0.947507237053715,0.9755548407848182,0.9502090704406561,0.9379864908330653,0.8730138308137665,0.7573496301061435,0.6608555805725314,0.5566420070762303,0.44676744934062396,0.2986812479897074,0.1464779671920231,0.8290768735927951,0.0
0.9755548407848182,0.9502090704406561,0.9379864908330653,0.8730138308137665,0.7573496301061435,0.6608555805725314,0.5566420070762303,0.44676744934062396,0.2986812479897074,0.1464779671920231,0.02656802830492122,0.948986812479897,0.0
0.9502090704406561,0.9379864908330653,0.8730138308137665,0.7573496301061435,0.6608555805725314,0.5566420070762303,0.44676744934062396,0.2986812479897074,0.1464779671920231,0.02656802830492122,-0.05706014795754266,1.0072692183981986,0.0
0.9379864908330653,0.8730138308137665,0.7573496301061435,0.6608555805725314,0.5566420070762303,0.44676744934062396,0.2986812479897074,0.1464779671920231,0.02656802830492122,-0.05706014795754266,-0.16449018977163077,1.102476680604696,0.0
0.8730138308137665,0.7573496301061435,0.6608555805725314,0.5566420070762303,0.44676744934062396,0.2986812479897074,0.1464779671920231,0.02656802830492122,-0.05706014795754266,-0.16449018977163077,-0.2243165004824702,1.0973303312962366,0.0
0.7573496301061435,0.6608555805725314,0.5566420070762303,0.44676744934062396,0.2986812479897074,0.1464779671920231,0.02656802830492122,-0.05706014795754266,-0.16449018977163077,-0.2243165004824702,-0.304470890961724,1.0618205210678675,0.0
0.6608555805725314,0.5566420070762303,0.44676744934062396,0.2986812479897074,0.1464779671920231,0.02656802830492122,-0.05706014795754266,-0.16449018977163077,-0.2243165004824702,-0.304470890961724,-0.372402701833387,1.0332582824059182,0.0
0.5566420070762303,0.44676744934062396,0.2986812479897074,0.1464779671920231,0.02656802830492122,-0.05706014795754266,-0.16449018977163077,-0.2243165004824702,-0.304470890961724,-0.372402701833387,-0.39749115471212604,0.9541331617883564,0.0
0.44676744934062396,0.2986812479897074,0.1464779671920231,0.02656802830492122,-0.05706014795754266,-0.16449018977163077,-0.2243165004824702,-0.304470890961724,-0.372402701833387,-0.39749115471212604,-0.480347378578321,0.927114827918945,0.0
0.2986812479897074,0.1464779671920231,0.02656802830492122,-0.05706014795754266,-0.16449018977163077,-0.2243165004824702,-0.304470890961724,-0.372402701833387,-0.39749115471212604,-0.480347378578321,-0.5571566420070762,0.8558378899967836,0.0
0.1464779671920231,0.02656802830492122,-0.05706014795754266,-0.16449018977163077,-0.2243165004824702,-0.304470890961724,-0.372402701833387,-0.39749115471212604,-0.480347378578321,-0.5571566420070762,-0.6285622386619492,0.7750402058539723,0.0
0.02656802830492122,-0.05706014795754266,-0.16449018977163077,-0.2243165004824702,-0.304470890961724,-0.372402701833387,-0.39749115471212604,-0.480347378578321,-0.5571566420070762,-0.6285622386619492,-0.66072692183982,0.6872949501447412,0.0
-0.05706014795754266,-0.16449018977163077,-0.2243165004824702,-0.304470890961724,-0.372402701833387,-0.39749115471212604,-0.480347378578321,-0.5571566420070762,-0.6285622386619492,-0.66072692183982,-0.6878739144419428,0.6308137664844001,0.0
-0.16449018977163077,-0.2243165004824702,-0.304470890961724,-0.372402701833387,-0.39749115471212604,-0.480347378578321,-0.5571566420070762,-0.6285622386619492,-0.66072692183982,-0.6878739144419428,-0.7440977806368607,0.57960759086523,0.0
-0.2243165004824702,-0.304470890961724,-0.372402701833387,-0.39749115471212604,-0.480347378578321,-0.5571566420070762,-0.6285622386619492,-0.66072692183982,-0.6878739144419428,-0.7440977806368607,-0.7955612737214539,0.5712447732389837,0.0
-0.304470890961724,-0.372402701833387,-0.39749115471212604,-0.480347378578321,-0.5571566420070762,-0.6285622386619492,-0.66072692183982,-0.6878739144419428,-0.7440977806368607,-0.7955612737214539,-0.843036346091991,0.538565455130267,0.0
-0.372402701833387,-0.39749115471212604,-0.480347378578321,-0.5571566420070762,-0.6285622386619492,-0.66072692183982,-0.6878739144419428,-0.7440977806368607,-0.7955612737214539,-0.843036346091991,-0.887552267610164,0.5151495657767771,0.0
-0.39749115471212604,-0.480347378578321,-0.5571566420070762,-0.6285622386619492,-0.66072692183982,-0.6878739144419428,-0.7440977806368607,-0.7955612737214539,-0.843036346091991,-0.887552267610164,-0.9296236732068189,0.5321325184946929,0.0
-0.480347378578321,-0.5571566420070762,-0.6285622386619492,-0.66072692183982,-0.6878739144419428,-0.7440977806368607,-0.7955612737214539,-0.843036346091991,-0.887552267610164,-0.9296236732068189,-0.970408491476359,0.490061112898038,0.0
-0.5571566420070762,-0.6285622386619492,-0.66072692183982,-0.6878739144419428,-0.7440977806368607,-0.7955612737214539,-0.843036346091991,-0.887552267610164,-0.9296236732068189,-0.970408491476359,-1.0,0.44284335799292385,0.0
-0.6285622386619492,-0.66072692183982,-0.6878739144419428,-0.7440977806368607,-0.7955612737214539,-0.843036346091991,-0.887552267610164,-0.9296236732068189,-0.970408491476359,-1.0,-0.9621216968456076,0.37143776133805084,0.0
-0.66072692183982,-0.6878739144419428,-0.7440977806368607,-0.7955612737214539,-0.843036346091991,-0.887552267610164,-0.9296236732068189,-0.970408491476359,-1.0,-0.9621216968456076,-0.940879134941455,0.33927307816018004,0.0
-0.6878739144419428,-0.7440977806368607,-0.7955612737214539,-0.843036346091991,-0.887552267610164,-0.9296236732068189,-0.970408491476359,-1.0,-0.9621216968456076,-0.940879134941455,-0.9067118817582699,0.3121260855580572,0.0
-0.7440977806368607,-0.7955612737214539,-0.843036346091991,-0.887552267610164,-0.9296236732068189,-0.970408491476359,-1.0,-0.9621216968456076,-0.940879134941455,-0.9067118817582699,-0.8281399961609828,0.2559022193631393,0.0
-0.7955612737214539,-0.843036346091991,-0.887552267610164,-0.9296236732068189,-0.970408491476359,-1.0,-0.9621216968456076,-0.940879134941455,-0.9067118817582699,-0.8281399961609828,-0.7717064431505535,0.22829355684944652,2.0
-0.843036346091991,-0.887552267610164,-0.9296236732068189,-0.970408491476359,-1.0,-0.9621216968456076,-0.940879134941455,-0.9067118817582699,-0.8281399961609828,-0.7717064431505535,-0.7038838057457291,0.29611619425427094,2.0
-0.887552267610164,-0.9296236732068189,-0.970408491476359,-1.0,-0.9621216968456076,-0.940879134941455,-0.9067118817582699,-0.8281399961609828,-0.7717064431505535,-0.7038838057457291,-0.5977989634653529,0.4022010365346471,2.0
-0.9296236732068189,-0.970408491476359,-1.0,-0.9621216968456076,-0.940879134941455,-0.9067118817582699,-0.8281399961609828,-0.7717064431505535,-0.7038838057457291,-0.5977989634653529,-0.49094631774265785,0.5090536822573422,2.0
-0.970408491476359,-1.0,-0.9621216968456076,-0.940879134941455,-0.9067118817582699,-0.8281399961609828,-0.7717064431505535,-0.7038838057457291,-0.5977989634653529,-0.49094631774265785,-0.38243009789493887,0.6175699021050611,2.0
-1.0,-0.9621216968456076,-0.940879134941455,-0.9067118817582699,-0.8281399961609828,-0.7717064431505535,-0.7038838057457291,-0.5977989634653529,-0.49094631774265785,-0.38243009789493887,-0.2745537142491522,0.7254462857508478,2.0
-0.9621216968456076,-0.940879134941455,-0.9067118817582699,-0.8281399961609828,-0.7717064431505535,-0.7038838057457291,-0.5977989634653529,-0.49094631774265785,-0.38243009789493887,-0.2745537142491522,-0.16846887196877602,0.7936528248768315,2.0
-0.940879134941455,-0.9067118817582699,-0.8281399961609828,-0.7717064431505535,-0.7038838057457291,-0.5977989634653529,-0.49094631774265785,-0.38243009789493887,-0.2745537142491522,-0.16846887196877602,-0.06251199692878628,0.8783671380126687,2.0
-0.9067118817582699,-0.8281399961609828,-0.7717064431505535,-0.7038838057457291,-0.5977989634653529,-0.49094631774265785,-0.38243009789493887,-0.2745537142491522,-0.16846887196877602,-0.06251199692878628,0.000447885341352539,0.9071597670996224,2.0
-0.8281399961609828,-0.7717064431505535,-0.7038838057457291,-0.5977989634653529,-0.49094631774265785,-0.38243009789493887,-0.2745537142491522,-0.16846887196877602,-0.06251199692878628,0.000447885341352539,0.08554913294797695,0.9136891291089597,2.0
-0.7717064431505535,-0.7038838057457291,-0.5977989634653529,-0.49094631774265785,-0.38243009789493887,-0.2745537142491522,-0.16846887196877602,-0.06251199692878628,0.000447885341352539,0.08554913294797695,0.15529865125240838,0.9270050944029619,2.0
-0.7038838057457291,-0.5977989634653529,-0.49094631774265785,-0.38243009789493887,-0.2745537142491522,-0.16846887196877602,-0.06251199692878628,0.000447885341352539,0.08554913294797695,0.15529865125240838,0.15001287664177188,0.8591824569981374,2.0
-0.5977989634653529,-0.49094631774265785,-0.38243009789493887,-0.2745537142491522,-0.16846887196877602,-0.06251199692878628,0.000447885341352539,0.08554913294797695,0.15529865125240838,0.15001287664177188,0.17131938597059393,0.7691183494359468,2.0
-0.49094631774265785,-0.38243009789493887,-0.2745537142491522,-0.16846887196877602,-0.06251199692878628,0.000447885341352539,0.08554913294797695,0.15529865125240838,0.15001287664177188,0.17131938597059393,0.17326251700239648,0.6642088347450543,2.0
-0.38243009789493887,-0.2745537142491522,-0.16846887196877602,-0.06251199692878628,0.000447885341352539,0.08554913294797695,0.15529865125240838,0.15001287664177188,0.17131938597059393,0.17326251700239648,0.13621348532936062,0.5556926148973353,2.0
-0.2745537142491522,-0.16846887196877602,-0.06251199692878628,0.000447885341352539,0.08554913294797695,0.15529865125240838,0.15001287664177188,0.17131938597059393,0.17326251700239648,0.13621348532936062,0.09748040676209602,0.4478162312515487,3.0
-0.16846887196877602,-0.06251199692878628,0.000447885341352539,0.08554913294797695,0.15529865125240838,0.15001287664177188,0.17131938597059393,0.17326251700239648,0.13621348532936062,0.09748040676209602,0.05758144957574962,0.3417313889711725,3.0
-0.06251199692878628,0.000447885341352539,0.08554913294797695,0.15529865125240838,0.15001287664177188,0.17131938597059393,0.17326251700239648,0.13621348532936062,0.09748040676209602,0.05758144957574962,0.01729386618304285,0.23577451393118276,3.0
0.000447885341352539,0.08554913294797695,0.15529865125240838,0.15001287664177188,0.17131938597059393,0.17326251700239648,0.13621348532936062,0.09748040676209602,0.05758144957574962,0.01729386618304285,-0.02286417514087702,0.1961266921432735,3.0
0.08554913294797695,0.15529865125240838,0.15001287664177188,0.17131938597059393,0.17326251700239648,0.13621348532936062,0.09748040676209602,0.05758144957574962,0.01729386618304285,-0.02286417514087702,-0.062374506120862705,0.23563702312325918,3.0
0.15529865125240838,0.15001287664177188,0.17131938597059393,0.17326251700239648,0.13621348532936062,0.09748040676209602,0.05758144957574962,0.01729386618304285,-0.02286417514087702,-0.062374506120862705,-0.10343934192629056,0.27670185892868704,3.0
0.15001287664177188,0.17131938597059393,0.17326251700239648,0.13621348532936062,0.09748040676209602,0.05758144957574962,0.01729386618304285,-0.02286417514087702,-0.062374506120862705,-0.10343934192629056,-0.1455405142820131,0.31880303128440957,3.0
0.17131938597059393,0.17326251700239648,0.13621348532936062,0.09748040676209602,0.05758144957574962,0.01729386618304285,-0.02286417514087702,-0.062374506120862705,-0.10343934192629056,-0.1455405142820131,-0.18893710732560398,0.36219962432800046,3.0
0.17326251700239648,0.13621348532936062,0.09748040676209602,0.05758144957574962,0.01729386618304285,-0.02286417514087702,-0.062374506120862705,-0.10343934192629056,-0.1455405142820131,-0.18893710732560398,-0.19865276248461683,0.3719152794870133,3.0
0.13621348532936062,0.09748040676209602,0.05758144957574962,0.01729386618304285,-0.02286417514087702,-0.062374506120862705,-0.10343934192629056,-0.1455405142820131,-0.18893710732560398,-0.19865276248461683,-0.20953429626271136,0.345747781592072,3.0
0.09748040676209602,0.05758144957574962,0.01729386618304285,-0.02286417514087702,-0.062374506120862705,-0.10343934192629056,-0.1455405142820131,-0.18893710732560398,-0.19865276248461683,-0.20953429626271136,-0.22080445624716627,0.3182848630092623,3.0
0.05758144957574962,0.01729386618304285,-0.02286417514087702,-0.062374506120862705,-0.10343934192629056,-0.1455405142820131,-0.18893710732560398,-0.19865276248461683,-0.20953429626271136,-0.22080445624716627,-0.23207461623162118,0.2896560658073708,3.0
0.01729386618304285,-0.02286417514087702,-0.062374506120862705,-0.10343934192629056,-0.1455405142820131,-0.18893710732560398,-0.19865276248461683,-0.20953429626271136,-0.22080445624716627,-0.23207461623162118,-0.24412202862879717,0.26141589481184,3.0
-0.02286417514087702,-0.062374506120862705,-0.10343934192629056,-0.1455405142820131,-0.18893710732560398,-0.19865276248461683,-0.20953429626271136,-0.22080445624716627,-0.23207461623162118,-0.24412202862879717,-0.25655806723233365,0.23369389209145663,3.0
-0.062374506120862705,-0.10343934192629056,-0.1455405142820131,-0.18893710732560398,-0.19865276248461683,-0.20953429626271136,-0.22080445624716627,-0.23207461623162118,-0.24412202862879717,-0.25655806723233365,-0.26510784377226504,0.20273333765140233,3.0
-0.10343934192629056,-0.1455405142820131,-0.18893710732560398,-0.19865276248461683,-0.20953429626271136,-0.22080445624716627,-0.23207461623162118,-0.24412202862879717,-0.25655806723233365,-0.26510784377226504,-0.22417255003562409,0.16166850184597448,3.0
-0.1455405142820131,-0.18893710732560398,-0.19865276248461683,-0.20953429626271136,-0.22080445624716627,-0.23207461623162118,-0.24412202862879717,-0.25655806723233365,-0.26510784377226504,-0.22417255003562409,-0.19126886456376713,0.11956732949025195,3.0
-0.18893710732560398,-0.19865276248461683,-0.20953429626271136,-0.22080445624716627,-0.23207461623162118,-0.24412202862879717,-0.25655806723233365,-0.26510784377226504,-0.22417255003562409,-0.19126886456376713,-0.10706651985232207,0.15804132391994297,3.0
-0.19865276248461683,-0.20953429626271136,-0.22080445624716627,-0.23207461623162118,-0.24412202862879717,-0.25655806723233365,-0.26510784377226504,-0.22417255003562409,-0.19126886456376713,-0.10706651985232207,-0.0430727378716238,0.22203510590064124,3.0
-0.20953429626271136,-0.22080445624716627,-0.23207461623162118,-0.24412202862879717,-0.25655806723233365,-0.26510784377226504,-0.22417255003562409,-0.19126886456376713,-0.10706651985232207,-0.0430727378716238,0.06677893645961519,0.33188678023188023,2.0
-0.22080445624716627,-0.23207461623162118,-0.24412202862879717,-0.25655806723233365,-0.26510784377226504,-0.22417255003562409,-0.19126886456376713,-0.10706651985232207,-0.0430727378716238,0.06677893645961519,0.18621672388108035,0.4513245676533454,2.0
-0.23207461623162118,-0.24412202862879717,-0.25655806723233365,-0.26510784377226504,-0.22417255003562409,-0.19126886456376713,-0.10706651985232207,-0.0430727378716238,0.06677893645961519,0.18621672388108035,0.2827255651272751,0.5478334088995401,2.0
-0.24412202862879717,-0.25655806723233365,-0.26510784377226504,-0.22417255003562409,-0.19126886456376713,-0.10706651985232207,-0.0430727378716238,0.06677893645961519,0.18621672388108035,0.2827255651272751,0.3884318932573354,0.6535397370296004,2.0
-0.25655806723233365,-0.26510784377226504,-0.22417255003562409,-0.19126886456376713,-0.10706651985232207,-0.0430727378716238,0.06677893645961519,0.18621672388108035,0.2827255651272751,0.3884318932573354,0.4978949413822138,0.7630027851544788,2.0
-0.26510784377226504,-0.22417255003562409,-0.19126886456376713,-0.10706651985232207,-0.0430727378716238,0.06677893645961519,0.18621672388108035,0.2827255651272751,0.3884318932573354,0.4978949413822138,0.6124101301897791,0.8775179739620441,2.0
-0.22417255003562409,-0.19126886456376713,-0.10706651985232207,-0.0430727378716238,0.06677893645961519,0.18621672388108035,0.2827255651272751,0.3884318932573354,0.4978949413822138,0.6124101301897791,0.7625493879137251,0.9867219379493491,2.0
-0.19126886456376713,-0.10706651985232207,-0.0430727378716238,0.06677893645961519,0.18621672388108035,0.2827255651272751,0.3884318932573354,0.4978949413822138,0.6124101301897791,0.7625493879137251,0.9103568883995077,1.1016257529632747,2.0
-0.10706651985232207,-0.0430727378716238,0.06677893645961519,0.18621672388108035,0.2827255651272751,0.3884318932573354,0.4978949413822138,0.6124101301897791,0.7625493879137251,0.9103568883995077,1.0,1.1070665198523222,2.0
-0.0430727378716238,0.06677893645961519,0.18621672388108035,0.2827255651272751,0.3884318932573354,0.4978949413822138,0.6124101301897791,0.7625493879137251,0.9103568883995077,1.0,1.0,1.0430727378716238,2.0
0.06677893645961519,0.18621672388108035,0.2827255651272751,0.3884318932573354,0.4978949413822138,0.6124101301897791,0.7625493879137251,0.9103568883995077,1.0,1.0,1.0,0.9332210635403848,2.0
0.18621672388108035,0.2827255651272751,0.3884318932573354,0.4978949413822138,0.6124101301897791,0.7625493879137251,0.9103568883995077,1.0,1.0,1.0,1.0,0.8137832761189197,2.0
0.2827255651272751,0.3884318932573354,0.4978949413822138,0.6124101301897791,0.7625493879137251,0.9103568883995077,1.0,1.0,1.0,1.0,0.9880853091862267,0.7172744348727249,2.0
0.3884318932573354,0.4978949413822138,0.6124101301897791,0.7625493879137251,0.9103568883995077,1.0,1.0,1.0,1.0,0.9880853091862267,0.9922554509710473,0.6115681067426646,3.0
0.4978949413822138,0.6124101301897791,0.7625493879137251,0.9103568883995077,1.0,1.0,1.0,1.0,0.9880853091862267,0.9922554509710473,1.0,0.5021050586177862,3.0
0.6124101301897791,0.7625493879137251,0.9103568883995077,1.0,1.0,1.0,1.0,0.9880853091862267,0.9922554509710473,1.0,0.9706021811284968,0.3875898698102209,3.0
0.7625493879137251,0.9103568883995077,1.0,1.0,1.0,1.0,0.9880853091862267,0.9922554509710473,1.0,0.9706021811284968,0.9561403508771931,0.23745061208627494,3.0
0.9103568883995077,1.0,1.0,1.0,1.0,0.9880853091862267,0.9922554509710473,1.0,0.9706021811284968,0.9561403508771931,0.927335229966809,0.08964311160049232,3.0
1.0,1.0,1.0,1.0,0.9880853091862267,0.9922554509710473,1.0,0.9706021811284968,0.9561403508771931,0.927335229966809,0.8251541014698909,0.17484589853010912,3.0
1.0,1.0,1.0,0.9880853091862267,0.9922554509710473,1.0,0.9706021811284968,0.9561403508771931,0.927335229966809,0.8251541014698909,0.7431247036510193,0.25687529634898065,3.0
1.0,1.0,0.9880853091862267,0.9922554509710473,1.0,0.9706021811284968,0.9561403508771931,0.927335229966809,0.8251541014698909,0.7431247036510193,0.6535087719298245,0.3464912280701755,3.0
1.0,0.9880853091862267,0.9922554509710473,1.0,0.9706021811284968,0.9561403508771931,0.927335229966809,0.8251541014698909,0.7431247036510193,0.6535087719298245,0.5261972498814604,0.47380275011853956,3.0
0.9880853091862267,0.9922554509710473,1.0,0.9706021811284968,0.9561403508771931,0.927335229966809,0.8251541014698909,0.7431247036510193,0.6535087719298245,0.5261972498814604,0.42176386913229025,0.5782361308677098,0.0
0.9922554509710473,1.0,0.9706021811284968,0.9561403508771931,0.927335229966809,0.8251541014698909,0.7431247036510193,0.6535087719298245,0.5261972498814604,0.42176386913229025,0.34589853010905647,0.6541014698909435,0.0
1.0,0.9706021811284968,0.9561403508771931,0.927335229966809,0.8251541014698909,0.7431247036510193,0.6535087719298245,0.5261972498814604,0.42176386913229025,0.34589853010905647,0.26967757230915135,0.7303224276908487,0.0
0.9706021811284968,0.9561403508771931,0.927335229966809,0.8251541014698909,0.7431247036510193,0.6535087719298245,0.5261972498814604,0.42176386913229025,0.34589853010905647,0.26967757230915135,0.13157894736842102,0.8390232337600758,0.0
0.9561403508771931,0.927335229966809,0.8251541014698909,0.7431247036510193,0.6535087719298245,0.5261972498814604,0.42176386913229025,0.34589853010905647,0.26967757230915135,0.13157894736842102,-0.002963489805595021,0.9591038406827881,0.0
0.927335229966809,0.8251541014698909,0.7431247036510193,0.6535087719298245,0.5261972498814604,0.42176386913229025,0.34589853010905647,0.26967757230915135,0.13157894736842102,-0.002963489805595021,-0.10253674727358941,1.0298719772403984,0.0
0.8251541014698909,0.7431247036510193,0.6535087719298245,0.5261972498814604,0.42176386913229025,0.34589853010905647,0.26967757230915135,0.13157894736842102,-0.002963489805595021,-0.10253674727358941,-0.1944049312470365,1.0195590327169275,0.0
0.7431247036510193,0.6535087719298245,0.5261972498814604,0.42176386913229025,0.34589853010905647,0.26967757230915135,0.13157894736842102,-0.002963489805595021,-0.10253674727358941,-0.1944049312470365,-0.2780938833570412,1.0212185870080606,0.0
0.6535087719298245,0.5261972498814604,0.42176386913229025,0.34589853010905647,0.26967757230915135,0.13157894736842102,-0.002963489805595021,-0.10253674727358941,-0.1944049312470365,-0.2780938833570412,-0.3223091512565197,0.9758179231863442,0.0
0.5261972498814604,0.42176386913229025,0.34589853010905647,0.26967757230915135,0.13157894736842102,-0.002963489805595021,-0.10253674727358941,-0.1944049312470365,-0.2780938833570412,-0.3223091512565197,-0.3911806543385491,0.9173779042200095,0.0
0.42176386913229025,0.34589853010905647,0.26967757230915135,0.13157894736842102,-0.002963489805595021,-0.10253674727358941,-0.1944049312470365,-0.2780938833570412,-0.3223091512565197,-0.3911806543385491,-0.4532954006638217,0.8750592697961119,0.0
0.34589853010905647,0.26967757230915135,0.13157894736842102,-0.002963489805595021,-0.10253674727358941,-0.1944049312470365,-0.2780938833570412,-0.3223091512565197,-0.3911806543385491,-0.4532954006638217,-0.5091275486012328,0.8550260787102892,0.0
0.26967757230915135,0.13157894736842102,-0.002963489805595021,-0.10253674727358941,-0.1944049312470365,-0.2780938833570412,-0.3223091512565197,-0.3911806543385491,-0.4532954006638217,-0.5091275486012328,-0.5572546230440967,0.826932195353248,0.0
0.13157894736842102,-0.002963489805595021,-0.10253674727358941,-0.1944049312470365,-0.2780938833570412,-0.3223091512565197,-0.3911806543385491,-0.4532954006638217,-0.5091275486012328,-0.5572546230440967,-0.6299193930772878,0.7614983404457089,0.0
-0.002963489805595021,-0.10253674727358941,-0.1944049312470365,-0.2780938833570412,-0.3223091512565197,-0.3911806543385491,-0.4532954006638217,-0.5091275486012328,-0.5572546230440967,-0.6299193930772878,-0.697724039829303,0.694760550023708,0.0
-0.10253674727358941,-0.1944049312470365,-0.2780938833570412,-0.3223091512565197,-0.3911806543385491,-0.4532954006638217,-0.5091275486012328,-0.5572546230440967,-0.6299193930772878,-0.697724039829303,-0.7279516358463727,0.6254148885727833,0.0
-0.1944049312470365,-0.2780938833570412,-0.3223091512565197,-0.3911806543385491,-0.4532954006638217,-0.5091275486012328,-0.5572546230440967,-0.6299193930772878,-0.697724039829303,-0.7279516358463727,-0.7522522522522522,0.5578473210052157,0.0
-0.2780938833570412,-0.3223091512565197,-0.3911806543385491,-0.4532954006638217,-0.5091275486012328,-0.5572546230440967,-0.6299193930772878,-0.697724039829303,-0.7279516358463727,-0.7522522522522522,-0.7709815078236131,0.49288762446657186,0.0
-0.3223091512565197,-0.3911806543385491,-0.4532954006638217,-0.5091275486012328,-0.5572546230440967,-0.6299193930772878,-0.697724039829303,-0.7279516358463727,-0.7522522522522522,-0.7709815078236131,-0.8151967757230916,0.49288762446657186,0.0
-0.3911806543385491,-0.4532954006638217,-0.5091275486012328,-0.5572546230440967,-0.6299193930772878,-0.697724039829303,-0.7279516358463727,-0.7522522522522522,-0.7709815078236131,-0.8151967757230916,-0.8568041725936463,0.4656235182550972,0.0
-0.4532954006638217,-0.5091275486012328,-0.5572546230440967,-0.6299193930772878,-0.697724039829303,-0.7279516358463727,-0.7522522522522522,-0.7709815078236131,-0.8151967757230916,-0.8568041725936463,-0.8982930298719772,0.44499762920815555,0.0
-0.5091275486012328,-0.5572546230440967,-0.6299193930772878,-0.697724039829303,-0.7279516358463727,-0.7522522522522522,-0.7709815078236131,-0.8151967757230916,-0.8568041725936463,-0.8982930298719772,-0.9352773826458037,0.42614983404457096,0.0
-0.5572546230440967,-0.6299193930772878,-0.697724039829303,-0.7279516358463727,-0.7522522522522522,-0.7709815078236131,-0.8151967757230916,-0.8568041725936463,-0.8982930298719772,-0.9352773826458037,-0.9713134186818397,0.41405879563774306,0.0
-0.6299193930772878,-0.697724039829303,-0.7279516358463727,-0.7522522522522522,-0.7709815078236131,-0.8151967757230916,-0.8568041725936463,-0.8982930298719772,-0.9352773826458037,-0.9713134186818397,-0.9746325272641062,0.34471313418681837,0.0
-0.697724039829303,-0.7279516358463727,-0.7522522522522522,-0.7709815078236131,-0.8151967757230916,-0.8568041725936463,-0.8982930298719772,-0.9352773826458037,-0.9713134186818397,-0.9746325272641062,-0.9743954480796586,0.27690848743480323,0.0
-0.7279516358463727,-0.7522522522522522,-0.7709815078236131,-0.8151967757230916,-0.8568041725936463,-0.8982930298719772,-0.9352773826458037,-0.9713134186818397,-0.9746325272641062,-0.9743954480796586,-0.940493124703651,0.24668089141773353,0.0
-0.7522522522522522,-0.7709815078236131,-0.8151967757230916,-0.8568041725936463,-0.8982930298719772,-0.9352773826458037,-0.9713134186818397,-0.9746325272641062,-0.9743954480796586,-0.940493124703651,-0.9052868658131816,0.22238027501185398,0.0
-0.7709815078236131,-0.8151967757230916,-0.8568041725936463,-0.8982930298719772,-0.9352773826458037,-0.9713134186818397,-0.9746325272641062,-0.9743954480796586,-0.940493124703651,-0.9052868658131816,-0.869606448553817,0.20365101944049313,0.0
-0.8151967757230916,-0.8568041725936463,-0.8982930298719772,-0.9352773826458037,-0.9713134186818397,-0.9746325272641062,-0.9743954480796586,-0.940493124703651,-0.9052868658131816,-0.869606448553817,-0.8345187292555714,0.15943575154101464,0.0
-0.8568041725936463,-0.8982930298719772,-0.9352773826458037,-0.9713134186818397,-0.9746325272641062,-0.9743954480796586,-0.940493124703651,-0.9052868658131816,-0.869606448553817,-0.8345187292555714,-0.7990753911806543,0.17555713608345191,2.0
-0.8982930298719772,-0.9352773826458037,-0.9713134186818397,-0.9746325272641062,-0.9743954480796586,-0.940493124703651,-0.9052868658131816,-0.869606448553817,-0.8345187292555714,-0.7990753911806543,-0.7639876718824088,0.21064485538169742,2.0
-0.9352773826458037,-0.9713134186818397,-0.9746325272641062,-0.9743954480796586,-0.940493124703651,-0.9052868658131816,-0.869606448553817,-0.8345187292555714,-0.7990753911806543,-0.7639876718824088,-0.729611190137506,0.24502133712660024,2.0
-0.9713134186818397,-0.9746325272641062,-0.9743954480796586,-0.940493124703651,-0.9052868658131816,-0.869606448553817,-0.8345187292555714,-0.7990753911806543,-0.7639876718824088,-0.729611190137506,-0.694049312470365,0.28058321479374115,2.0
-0.9746325272641062,-0.9743954480796586,-0.940493124703651,-0.9052868658131816,-0.869606448553817,-0.8345187292555714,-0.7990753911806543,-0.7639876718824088,-0.729611190137506,-0.694049312470365,-0.6586059743954481,0.3160265528686581,2.0
-0.9743954480796586,-0.940493124703651,-0.9052868658131816,-0.869606448553817,-0.8345187292555714,-0.7990753911806543,-0.7639876718824088,-0.729611190137506,-0.694049312470365,-0.6586059743954481,-0.6228070175438596,0.351588430535799,2.0
-0.940493124703651,-0.9052868658131816,-0.869606448553817,-0.8345187292555714,-0.7990753911806543,-0.7639876718824088,-0.729611190137506,-0.694049312470365,-0.6586059743954481,-0.6228070175438596,-0.5862968231389284,0.3541963015647226,2.0
-0.9052868658131816,-0.869606448553817,-0.8345187292555714,-0.7990753911806543,-0.7639876718824088,-0.729611190137506,-0.694049312470365,-0.6586059743954481,-0.6228070175438596,-0.5862968231389284,-0.5439781887150308,0.36130867709815084,2.0
-0.869606448553817,-0.8345187292555714,-0.7990753911806543,-0.7639876718824088,-0.729611190137506,-0.694049312470365,-0.6586059743954481,-0.6228070175438596,-0.5862968231389284,-0.5439781887150308,-0.5558321479374111,0.3256282598387862,2.0
-0.8345187292555714,-0.7990753911806543,-0.7639876718824088,-0.729611190137506,-0.694049312470365,-0.6586059743954481,-0.6228070175438596,-0.5862968231389284,-0.5439781887150308,-0.5558321479374111,-0.5585585585585586,0.29054054054054057,2.0
-0.7990753911806543,-0.7639876718824088,-0.729611190137506,-0.694049312470365,-0.6586059743954481,-0.6228070175438596,-0.5862968231389284,-0.5439781887150308,-0.5558321479374111,-0.5585585585585586,-0.5211000474158369,0.27797534376481736,2.0
-0.7639876718824088,-0.729611190137506,-0.694049312470365,-0.6586059743954481,-0.6228070175438596,-0.5862968231389284,-0.5439781887150308,-0.5558321479374111,-0.5585585585585586,-0.5211000474158369,-0.5037932669511617,0.2601944049312471,2.0
-0.729611190137506,-0.694049312470365,-0.6586059743954481,-0.6228070175438596,-0.5862968231389284,-0.5439781887150308,-0.5558321479374111,-0.5585585585585586,-0.5211000474158369,-0.5037932669511617,-0.47593646277856805,0.2536747273589379,2.0
-0.694049312470365,-0.6586059743954481,-0.6228070175438596,-0.5862968231389284,-0.5439781887150308,-0.5558321479374111,-0.5585585585585586,-0.5211000474158369,-0.5037932669511617,-0.47593646277856805,-0.40801327643432905,0.286036036036036,2.0
-0.6586059743954481,-0.6228070175438596,-0.5862968231389284,-0.5439781887150308,-0.5558321479374111,-0.5585585585585586,-0.5211000474158369,-0.5037932669511617,-0.47593646277856805,-0.40801327643432905,-0.36201991465149364,0.29658605974395447,2.0
-0.6228070175438596,-0.5862968231389284,-0.5439781887150308,-0.5558321479374111,-0.5585585585585586,-0.5211000474158369,-0.5037932669511617,-0.47593646277856805,-0.40801327643432905,-0.36201991465149364,-0.30915125651967756,0.313655761024182,2.0
-0.5862968231389284,-0.5439781887150308,-0.5558321479374111,-0.5585585585585586,-0.5211000474158369,-0.5037932669511617,-0.47593646277856805,-0.40801327643432905,-0.36201991465149364,-0.30915125651967756,-0.25154101469890944,0.33475580844001895,2.0
-0.5439781887150308,-0.5558321479374111,-0.5585585585585586,-0.5211000474158369,-0.5037932669511617,-0.47593646277856805,-0.40801327643432905,-0.36201991465149364,-0.30915125651967756,-0.25154101469890944,-0.15896159317211944,0.3995969653864392,2.0
-0.5558321479374111,-0.5585585585585586,-0.5211000474158369,-0.5037932669511617,-0.47593646277856805,-0.40801327643432905,-0.36201991465149364,-0.30915125651967756,-0.25154101469890944,-0.15896159317211944,-0.06614509246088196,0.49241346609767667,2.0
-0.5585585585585586,-0.5211000474158369,-0.5037932669511617,-0.47593646277856805,-0.40801327643432905,-0.36201991465149364,-0.30915125651967756,-0.25154101469890944,-0.15896159317211944,-0.06614509246088196,0.01944049312470364,0.5779990516832623,2.0
-0.5211000474158369,-0.5037932669511617,-0.47593646277856805,-0.40801327643432905,-0.36201991465149364,-0.30915125651967756,-0.25154101469890944,-0.15896159317211944,-0.06614509246088196,0.01944049312470364,0.12541488857278327,0.6465149359886202,2.0
-0.5037932669511617,-0.47593646277856805,-0.40801327643432905,-0.36201991465149364,-0.30915125651967756,-0.25154101469890944,-0.15896159317211944,-0.06614509246088196,0.01944049312470364,0.12541488857278327,0.22249881460407783,0.7262920815552395,2.0
-0.47593646277856805,-0.40801327643432905,-0.36201991465149364,-0.30915125651967756,-0.25154101469890944,-0.15896159317211944,-0.06614509246088196,0.01944049312470364,0.12541488857278327,0.22249881460407783,0.278923660502608,0.754860123281176,2.0
-0.40801327643432905,-0.36201991465149364,-0.30915125651967756,-0.25154101469890944,-0.15896159317211944,-0.06614509246088196,0.01944049312470364,0.12541488857278327,0.22249881460407783,0.278923660502608,0.3541963015647227,0.7622095779990518,2.0
-0.36201991465149364,-0.30915125651967756,-0.25154101469890944,-0.15896159317211944,-0.06614509246088196,0.01944049312470364,0.12541488857278327,0.22249881460407783,0.278923660502608,0.3541963015647227,0.4183262209577998,0.7803461356092934,2.0
-0.30915125651967756,-0.25154101469890944,-0.15896159317211944,-0.06614509246088196,0.01944049312470364,0.12541488857278327,0.22249881460407783,0.278923660502608,0.3541963015647227,0.4183262209577998,0.44132290184921774,0.7504741583688953,2.0
-0.25154101469890944,-0.15896159317211944,-0.06614509246088196,0.01944049312470364,0.12541488857278327,0.22249881460407783,0.278923660502608,0.3541963015647227,0.4183262209577998,0.44132290184921774,0.48565670934091987,0.7371977240398293,2.0
-0.15896159317211944,-0.06614509246088196,0.01944049312470364,0.12541488857278327,0.22249881460407783,0.278923660502608,0.3541963015647227,0.4183262209577998,0.44132290184921774,0.48565670934091987,0.492769084874348,0.6517306780464674,2.0
-0.06614509246088196,0.01944049312470364,0.12541488857278327,0.22249881460407783,0.278923660502608,0.3541963015647227,0.4183262209577998,0.44132290184921774,0.48565670934091987,0.492769084874348,0.4941915599810336,0.5603366524419156,2.0
0.01944049312470364,0.12541488857278327,0.22249881460407783,0.278923660502608,0.3541963015647227,0.4183262209577998,0.44132290184921774,0.48565670934091987,0.492769084874348,0.4941915599810336,0.4602892366050262,0.47475106685632995,2.0
0.12541488857278327,0.22249881460407783,0.278923660502608,0.3541963015647227,0.4183262209577998,0.44132290184921774,0.48565670934091987,0.492769084874348,0.4941915599810336,0.4602892366050262,0.42389758179231873,0.3687766714082503,2.0
0.22249881460407783,0.278923660502608,0.3541963015647227,0.4183262209577998,0.44132290184921774,0.48565670934091987,0.492769084874348,0.4941915599810336,0.4602892366050262,0.42389758179231873,0.3866761498340445,0.27169274537695576,3.0
0.278923660502608,0.3541963015647227,0.4183262209577998,0.44132290184921774,0.48565670934091987,0.492769084874348,0.4941915599810336,0.4602892366050262,0.42389758179231873,0.3866761498340445,0.34945471787577054,0.21526789947842562,3.0
0.3541963015647227,0.4183262209577998,0.44132290184921774,0.48565670934091987,0.492769084874348,0.4941915599810336,0.4602892366050262,0.42389758179231873,0.3866761498340445,0.34945471787577054,0.3111664295874823,0.18302513039355128,3.0
0.4183262209577998,0.44132290184921774,0.48565670934091987,0.492769084874348,0.4941915599810336,0.4602892366050262,0.42389758179231873,0.3866761498340445,0.34945471787577054,0.3111664295874823,0.2725225225225225,0.22166903745851108,3.0
0.44132290184921774,0.48565670934091987,0.492769084874348,0.4941915599810336,0.4602892366050262,0.42389758179231873,0.3866761498340445,0.34945471787577054,0.3111664295874823,0.2725225225225225,0.235538169748696,0.2586533902323376,3.0
0.48565670934091987,0.492769084874348,0.4941915599810336,0.4602892366050262,0.42389758179231873,0.3866761498340445,0.34945471787577054,0.3111664295874823,0.2725225225225225,0.235538169748696,0.19938359412043627,0.2948079658605973,3.0
0.492769084874348,0.4941915599810336,0.4602892366050262,0.42389758179231873,0.3866761498340445,0.34945471787577054,0.3111664295874823,0.2725225225225225,0.235538169748696,0.19938359412043627,0.1632290184921763,0.3309625414888573,3.0
0.4941915599810336,0.4602892366050262,0.42389758179231873,0.3866761498340445,0.34945471787577054,0.3111664295874823,0.2725225225225225,0.235538169748696,0.19938359412043627,0.1632290184921763,0.12778568041725946,0.36640587956377413,3.0
0.4602892366050262,0.42389758179231873,0.3866761498340445,0.34945471787577054,0.3111664295874823,0.2725225225225225,0.235538169748696,0.19938359412043627,0.1632290184921763,0.12778568041725946,0.12233285917496439,0.3379563774300618,3.0
0.42389758179231873,0.3866761498340445,0.34945471787577054,0.3111664295874823,0.2725225225225225,0.235538169748696,0.19938359412043627,0.1632290184921763,0.12778568041725946,0.12233285917496439,0.11569464201043145,0.3082029397818873,3.0
0.3866761498340445,0.34945471787577054,0.3111664295874823,0.2725225225225225,0.235538169748696,0.19938359412043627,0.1632290184921763,0.12778568041725946,0.12233285917496439,0.11569464201043145,0.10810810810810811,0.2785680417259364,3.0
0.34945471787577054,0.3111664295874823,0.2725225225225225,0.235538169748696,0.19938359412043627,0.1632290184921763,0.12778568041725946,0.12233285917496439,0.11569464201043145,0.10810810810810811,0.09969179706021802,0.2497629208155525,3.0
0.3111664295874823,0.2725225225225225,0.235538169748696,0.19938359412043627,0.1632290184921763,0.12778568041725946,0.12233285917496439,0.11569464201043145,0.10810810810810811,0.09969179706021802,0.08973447131341872,0.2214319582740636,3.0
0.2725225225225225,0.235538169748696,0.19938359412043627,0.1632290184921763,0.12778568041725946,0.12233285917496439,0.11569464201043145,0.10810810810810811,0.09969179706021802,0.08973447131341872,0.0800142247510669,0.19250829777145562,3.0
0.235538169748696,0.19938359412043627,0.1632290184921763,0.12778568041725946,0.12233285917496439,0.11569464201043145,0.10810810810810811,0.09969179706021802,0.08973447131341872,0.0800142247510669,0.07124229492650547,0.16429587482219055,3.0
0.19938359412043627,0.1632290184921763,0.12778568041725946,0.12233285917496439,0.11569464201043145,0.10810810810810811,0.09969179706021802,0.08973447131341872,0.0800142247510669,0.07124229492650547,0.06685633001422464,0.13252726410621163,3.0
0.1632290184921763,0.12778568041725946,0.12233285917496439,0.11569464201043145,0.10810810810810811,0.09969179706021802,0.08973447131341872,0.0800142247510669,0.07124229492650547,0.06685633001422464,0.10075865339023227,0.09637268847795166,3.0
0.12778568041725946,0.12233285917496439,0.11569464201043145,0.10810810810810811,0.09969179706021802,0.08973447131341872,0.0800142247510669,0.07124229492650547,0.06685633001422464,0.10075865339023227,0.1426031294452348,0.07574679943101015,3.0
0.12233285917496439,0.11569464201043145,0.10810810810810811,0.09969179706021802,0.08973447131341872,0.0800142247510669,0.07124229492650547,0.06685633001422464,0.10075865339023227,0.1426031294452348,0.19238975817923176,0.12553342816500712,3.0
0.11569464201043145,0.10810810810810811,0.09969179706021802,0.08973447131341872,0.0800142247510669,0.07124229492650547,0.06685633001422464,0.10075865339023227,0.1426031294452348,0.19238975817923176,0.21834992887624471,0.15149359886202007,3.0
0.10810810810810811,0.09969179706021802,0.08973447131341872,0.0800142247510669,0.07124229492650547,0.06685633001422464,0.10075865339023227,0.1426031294452348,0.19238975817923176,0.21834992887624471,0.2509483167377904,0.18409198672356575,2.0
0.09969179706021802,0.08973447131341872,0.0800142247510669,0.07124229492650547,0.06685633001422464,0.10075865339023227,0.1426031294452348,0.19238975817923176,0.21834992887624471,0.2509483167377904,0.3201754385964912,0.2533191085822666,2.0
0.08973447131341872,0.0800142247510669,0.07124229492650547,0.06685633001422464,0.10075865339023227,0.1426031294452348,0.19238975817923176,0.21834992887624471,0.2509483167377904,0.3201754385964912,0.39592223802750115,0.3290659080132765,2.0
0.0800142247510669,0.07124229492650547,0.06685633001422464,0.10075865339023227,0.1426031294452348,0.19238975817923176,0.21834992887624471,0.2509483167377904,0.3201754385964912,0.39592223802750115,0.4765291607396871,0.40967283072546246,2.0
0.07124229492650547,0.06685633001422464,0.10075865339023227,0.1426031294452348,0.19238975817923176,0.21834992887624471,0.2509483167377904,0.3201754385964912,0.39592223802750115,0.4765291607396871,0.5610478899952585,0.4941915599810338,2.0
0.06685633001422464,0.10075865339023227,0.1426031294452348,0.19238975817923176,0.21834992887624471,0.2509483167377904,0.3201754385964912,0.39592223802750115,0.4765291607396871,0.5610478899952585,0.6491228070175439,0.5822664770033192,2.0
0.10075865339023227,0.1426031294452348,0.19238975817923176,0.21834992887624471,0.2509483167377904,0.3201754385964912,0.39592223802750115,0.4765291607396871,0.5610478899952585,0.6491228070175439,0.7092223802750119,0.6084637268847797,2.0
0.1426031294452348,0.19238975817923176,0.21834992887624471,0.2509483167377904,0.3201754385964912,0.39592223802750115,0.4765291607396871,0.5610478899952585,0.6491228070175439,0.7092223802750119,0.7675438596491229,0.6249407302038881,2.0
0.19238975817923176,0.21834992887624471,0.2509483167377904,0.3201754385964912,0.39592223802750115,0.4765291607396871,0.5610478899952585,0.6491228070175439,0.7092223802750119,0.7675438596491229,0.7880512091038407,0.595661450924609,2.0
0.21834992887624471,0.2509483167377904,0.3201754385964912,0.39592223802750115,0.4765291607396871,0.5610478899952585,0.6491228070175439,0.7092223802750119,0.7675438596491229,0.7880512091038407,0.8003361748109017,0.581986245934657,2.0
0.2509483167377904,0.3201754385964912,0.39592223802750115,0.4765291607396871,0.5610478899952585,0.6491228070175439,0.7092223802750119,0.7675438596491229,0.7880512091038407,0.8003361748109017,0.8115019810301356,0.5605536642923452,2.0
0.3201754385964912,0.39592223802750115,0.4765291607396871,0.5610478899952585,0.6491228070175439,0.7092223802750119,0.7675438596491229,0.7880512091038407,0.8003361748109017,0.8115019810301356,0.8483611477968545,0.5281857092003632,2.0
0.39592223802750115,0.4765291607396871,0.5610478899952585,0.6491228070175439,0.7092223802750119,0.7675438596491229,0.7880512091038407,0.8003361748109017,0.8115019810301356,0.8483611477968545,0.877056069155961,0.48113383112845987,2.0
0.4765291607396871,0.5610478899952585,0.6491228070175439,0.7092223802750119,0.7675438596491229,0.7880512091038407,0.8003361748109017,0.8115019810301356,0.8483611477968545,0.877056069155961,0.8658902629367271,0.4005269084162739,2.0
0.5610478899952585,0.6491228070175439,0.7092223802750119,0.7675438596491229,0.7880512091038407,0.8003361748109017,0.8115019810301356,0.8483611477968545,0.877056069155961,0.8658902629367271,0.8453595869852324,0.31600817916070256,2.0
0.6491228070175439,0.7092223802750119,0.7675438596491229,0.7880512091038407,0.8003361748109017,0.8115019810301356,0.8483611477968545,0.877056069155961,0.8658902629367271,0.8453595869852324,0.8487213350942491,0.22793326213841714,2.0
0.7092223802750119,0.7675438596491229,0.7880512091038407,0.8003361748109017,0.8115019810301356,0.8483611477968545,0.877056069155961,0.8658902629367271,0.8453595869852324,0.8487213350942491,0.8449993996878378,0.16783368888094907,2.0
0.7675438596491229,0.7880512091038407,0.8003361748109017,0.8115019810301356,0.8483611477968545,0.877056069155961,0.8658902629367271,0.8453595869852324,0.8487213350942491,0.8449993996878378,0.797934926161604,0.10951220950683815,0.0
0.7880512091038407,0.8003361748109017,0.8115019810301356,0.8483611477968545,0.877056069155961,0.8658902629367271,0.8453595869852324,0.8487213350942491,0.8449993996878378,0.797934926161604,0.7661183815584103,0.11093768759755074,0.0
0.8003361748109017,0.8115019810301356,0.8483611477968545,0.877056069155961,0.8658902629367271,0.8453595869852324,0.8487213350942491,0.8449993996878378,0.797934926161604,0.7661183815584103,0.7518309520950894,0.12522511706087158,0.0
0.8115019810301356,0.8483611477968545,0.877056069155961,0.8658902629367271,0.8453595869852324,0.8487213350942491,0.8449993996878378,0.797934926161604,0.7661183815584103,0.7518309520950894,0.7317805258734542,0.1452755432825068,0.0
0.8483611477968545,0.877056069155961,0.8658902629367271,0.8453595869852324,0.8487213350942491,0.8449993996878378,0.797934926161604,0.7661183815584103,0.7518309520950894,0.7317805258734542,0.6704286228838996,0.20662744627206142,0.0
0.877056069155961,0.8658902629367271,0.8453595869852324,0.8487213350942491,0.8449993996878378,0.797934926161604,0.7661183815584103,0.7518309520950894,0.7317805258734542,0.6704286228838996,0.6280465842237963,0.24900948493216468,0.0
0.8658902629367271,0.8453595869852324,0.8487213350942491,0.8449993996878378,0.797934926161604,0.7661183815584103,0.7518309520950894,0.7317805258734542,0.6704286228838996,0.6280465842237963,0.5748589266418538,0.2910313362948733,0.0
0.8453595869852324,0.8487213350942491,0.8449993996878378,0.797934926161604,0.7661183815584103,0.7518309520950894,0.7317805258734542,0.6704286228838996,0.6280465842237963,0.5748589266418538,0.4862528514827711,0.362468483611478,0.0
0.8487213350942491,0.8449993996878378,0.797934926161604,0.7661183815584103,0.7518309520950894,0.7317805258734542,0.6704286228838996,0.6280465842237963,0.5748589266418538,0.4862528514827711,0.39452515307960145,0.4541961820146476,0.0
0.8449993996878378,0.797934926161604,0.7661183815584103,0.7518309520950894,0.7317805258734542,0.6704286228838996,0.6280465842237963,0.5748589266418538,0.4862528514827711,0.39452515307960145,0.3310121263056789,0.5139872733821589,0.0
0.797934926161604,0.7661183815584103,0.7518309520950894,0.7317805258734542,0.6704286228838996,0.6280465842237963,0.5748589266418538,0.4862528514827711,0.39452515307960145,0.3310121263056789,0.23508224276623846,0.5628526833953655,0.0
0.7661183815584103,0.7518309520950894,0.7317805258734542,0.6704286228838996,0.6280465842237963,0.5748589266418538,0.4862528514827711,0.39452515307960145,0.3310121263056789,0.23508224276623846,0.1365109857125706,0.6296073958458397,0.0
0.7518309520950894,0.7317805258734542,0.6704286228838996,0.6280465842237963,0.5748589266418538,0.4862528514827711,0.39452515307960145,0.3310121263056789,0.23508224276623846,0.1365109857125706,0.0413014767679194,0.71052947532717,0.0
0.7317805258734542,0.6704286228838996,0.6280465842237963,0.5748589266418538,0.4862528514827711,0.39452515307960145,0.3310121263056789,0.23508224276623846,0.1365109857125706,0.0413014767679194,-0.04598391163404969,0.7777644375075039,0.0
0.6704286228838996,0.6280465842237963,0.5748589266418538,0.4862528514827711,0.39452515307960145,0.3310121263056789,0.23508224276623846,0.1365109857125706,0.0413014767679194,-0.04598391163404969,-0.1589626605835034,0.829391283467403,0.0
0.6280465842237963,0.5748589266418538,0.4862528514827711,0.39452515307960145,0.3310121263056789,0.23508224276623846,0.1365109857125706,0.0413014767679194,-0.04598391163404969,-0.1589626605835034,-0.239644615199904,0.8676911994237003,0.0
0.5748589266418538,0.4862528514827711,0.39452515307960145,0.3310121263056789,0.23508224276623846,0.1365109857125706,0.0413014767679194,-0.04598391163404969,-0.1589626605835034,-0.239644615199904,-0.28526833953655906,0.8601272661784128,0.0
0.4862528514827711,0.39452515307960145,0.3310121263056789,0.23508224276623846,0.1365109857125706,0.0413014767679194,-0.04598391163404969,-0.1589626605835034,-0.239644615199904,-0.28526833953655906,-0.3553848000960499,0.841637651578821,0.0
0.39452515307960145,0.3310121263056789,0.23508224276623846,0.1365109857125706,0.0413014767679194,-0.04598391163404969,-0.1589626605835034,-0.239644615199904,-0.28526833953655906,-0.3553848000960499,-0.4158962660583504,0.8104214191379518,0.0
0.3310121263056789,0.23508224276623846,0.1365109857125706,0.0413014767679194,-0.04598391163404969,-0.1589626605835034,-0.239644615199904,-0.28526833953655906,-0.3553848000960499,-0.4158962660583504,-0.4412294393084404,0.7722415656141193,0.0
0.23508224276623846,0.1365109857125706,0.0413014767679194,-0.04598391163404969,-0.1589626605835034,-0.239644615199904,-0.28526833953655906,-0.3553848000960499,-0.4158962660583504,-0.4412294393084404,-0.4603193660703566,0.6954016088365951,0.0
0.1365109857125706,0.0413014767679194,-0.04598391163404969,-0.1589626605835034,-0.239644615199904,-0.28526833953655906,-0.3553848000960499,-0.4158962660583504,-0.4412294393084404,-0.4603193660703566,-0.5051026533797575,0.641613639092328,0.0
0.0413014767679194,-0.04598391163404969,-0.1589626605835034,-0.239644615199904,-0.28526833953655906,-0.3553848000960499,-0.4158962660583504,-0.4412294393084404,-0.4603193660703566,-0.5051026533797575,-0.577740425021011,0.6190419017889304,0.0
-0.04598391163404969,-0.1589626605835034,-0.239644615199904,-0.28526833953655906,-0.3553848000960499,-0.4158962660583504,-0.4412294393084404,-0.4603193660703566,-0.5051026533797575,-0.577740425021011,-0.6438948253091608,0.5979109136751111,0.0
-0.1589626605835034,-0.239644615199904,-0.28526833953655906,-0.3553848000960499,-0.4158962660583504,-0.4412294393084404,-0.4603193660703566,-0.5051026533797575,-0.577740425021011,-0.6438948253091608,-0.6748709328851002,0.5159082723015969,0.0
-0.239644615199904,-0.28526833953655906,-0.3553848000960499,-0.4158962660583504,-0.4412294393084404,-0.4603193660703566,-0.5051026533797575,-0.577740425021011,-0.6438948253091608,-0.6748709328851002,-0.7006843558650498,0.46103974066514586,0.0
-0.28526833953655906,-0.3553848000960499,-0.4158962660583504,-0.4412294393084404,-0.4603193660703566,-0.5051026533797575,-0.577740425021011,-0.6438948253091608,-0.6748709328851002,-0.7006843558650498,-0.7208548445191499,0.4355865049825909,0.0
-0.3553848000960499,-0.4158962660583504,-0.4412294393084404,-0.4603193660703566,-0.5051026533797575,-0.577740425021011,-0.6438948253091608,-0.6748709328851002,-0.7006843558650498,-0.7208548445191499,-0.7692400048024973,0.41385520470644743,0.0
-0.4158962660583504,-0.4412294393084404,-0.4603193660703566,-0.5051026533797575,-0.577740425021011,-0.6438948253091608,-0.6748709328851002,-0.7006843558650498,-0.7208548445191499,-0.7692400048024973,-0.8140232921118982,0.3981270260535478,0.0
-0.4412294393084404,-0.4603193660703566,-0.5051026533797575,-0.577740425021011,-0.6438948253091608,-0.6748709328851002,-0.7006843558650498,-0.7208548445191499,-0.7692400048024973,-0.8140232921118982,-0.8590467042862289,0.4178172649777885,0.0
-0.4603193660703566,-0.5051026533797575,-0.577740425021011,-0.6438948253091608,-0.6748709328851002,-0.7006843558650498,-0.7208548445191499,-0.7692400048024973,-0.8140232921118982,-0.8590467042862289,-0.9043102413254893,0.4439908752551327,0.0
-0.5051026533797575,-0.577740425021011,-0.6438948253091608,-0.6748709328851002,-0.7006843558650498,-0.7208548445191499,-0.7692400048024973,-0.8140232921118982,-0.8590467042862289,-0.9043102413254893,-0.9476527794453116,0.4425501260655541,0.0
-0.577740425021011,-0.6438948253091608,-0.6748709328851002,-0.7006843558650498,-0.7208548445191499,-0.7692400048024973,-0.8140232921118982,-0.8590467042862289,-0.9043102413254893,-0.9476527794453116,-0.9895545683755553,0.41181414335454436,0.0
-0.6438948253091608,-0.6748709328851002,-0.7006843558650498,-0.7208548445191499,-0.7692400048024973,-0.8140232921118982,-0.8590467042862289,-0.9043102413254893,-0.9476527794453116,-0.9895545683755553,-1.0,0.35610517469083924,0.0
-0.6748709328851002,-0.7006843558650498,-0.7208548445191499,-0.7692400048024973,-0.8140232921118982,-0.8590467042862289,-0.9043102413254893,-0.9476527794453116,-0.9895545683755553,-1.0,-1.0,0.32512906711489975,0.0
-0.7006843558650498,-0.7208548445191499,-0.7692400048024973,-0.8140232921118982,-0.8590467042862289,-0.9043102413254893,-0.9476527794453116,-0.9895545683755553,-1.0,-1.0,-1.0,0.29931564413495015,0.0
-0.7208548445191499,-0.7692400048024973,-0.8140232921118982,-0.8590467042862289,-0.9043102413254893,-0.9476527794453116,-0.9895545683755553,-1.0,-1.0,-1.0,-1.0,0.27914515548085006,0.0
-0.7692400048024973,-0.8140232921118982,-0.8590467042862289,-0.9043102413254893,-0.9476527794453116,-0.9895545683755553,-1.0,-1.0,-1.0,-1.0,-1.0,0.23075999519750268,1.0
-0.8140232921118982,-0.8590467042862289,-0.9043102413254893,-0.9476527794453116,-0.9895545683755553,-1.0,-1.0,-1.0,-1.0,-1.0,-1.0,0.18597670788810183,1.0
-0.8590467042862289,-0.9043102413254893,-0.9476527794453116,-0.9895545683755553,-1.0,-1.0,-1.0,-1.0,-1.0,-1.0,-1.0,0.14095329571377113,1.0
-0.9043102413254893,-0.9476527794453116,-0.9895545683755553,-1.0,-1.0,-1.0,-1.0,-1.0,-1.0,-1.0,-1.0,0.09568975867451068,1.0
-0.9476527794453116,-0.9895545683755553,-1.0,-1.0,-1.0,-1.0,-1.0,-1.0,-1.0,-1.0,-1.0,0.052347220554688434,1.0
-0.9895545683755553,-1.0,-1.0,-1.0,-1.0,-1.0,-1.0,-1.0,-1.0,-1.0,-1.0,0.010445431624444668,1.0
-1.0,-1.0,-1.0,-1.0,-1.0,-1.0,-1.0,-1.0,-1.0,-1.0,-0.9984941503532955,0.0015058496467045268,1.0
-1.0,-1.0,-1.0,-1.0,-1.0,-1.0,-1.0,-1.0,-1.0,-0.9984941503532955,-0.9955982856480945,0.004401714351905506,1.0
-1.0,-1.0,-1.0,-1.0,-1.0,-1.0,-1.0,-1.0,-0.9984941503532955,-0.9955982856480945,-0.9877776471970854,0.012222352802914616,1.0
-1.0,-1.0,-1.0,-1.0,-1.0,-1.0,-1.0,-0.9984941503532955,-0.9955982856480945,-0.9877776471970854,-0.9375,0.0625,1.0
-1.0,-1.0,-1.0,-1.0,-1.0,-1.0,-0.9984941503532955,-0.9955982856480945,-0.9877776471970854,-0.9375,-0.9005584579355072,0.09944154206449285,1.0
-1.0,-1.0,-1.0,-1.0,-1.0,-0.9984941503532955,-0.9955982856480945,-0.9877776471970854,-0.9375,-0.9005584579355072,-0.8117226942494766,0.18827730575052337,1.0
-1.0,-1.0,-1.0,-1.0,-0.9984941503532955,-0.9955982856480945,-0.9877776471970854,-0.9375,-0.9005584579355072,-0.8117226942494766,-0.7428888067971925,0.2571111932028075,1.0
-1.0,-1.0,-1.0,-0.9984941503532955,-0.9955982856480945,-0.9877776471970854,-0.9375,-0.9005584579355072,-0.8117226942494766,-0.7428888067971925,-0.6339120797931289,0.3660879202068711,1.0
-1.0,-1.0,-0.9984941503532955,-0.9955982856480945,-0.9877776471970854,-0.9375,-0.9005584579355072,-0.8117226942494766,-0.7428888067971925,-0.6339120797931289,-0.5262898657800763,0.4737101342199237,2.0
-1.0,-0.9984941503532955,-0.9955982856480945,-0.9877776471970854,-0.9375,-0.9005584579355072,-0.8117226942494766,-0.7428888067971925,-0.6339120797931289,-0.5262898657800763,-0.454008127077946,0.545991872922054,2.0
-0.9984941503532955,-0.9955982856480945,-0.9877776471970854,-0.9375,-0.9005584579355072,-0.8117226942494766,-0.7428888067971925,-0.6339120797931289,-0.5262898657800763,-0.454008127077946,-0.3819726634650905,0.616521486888205,2.0
-0.9955982856480945,-0.9877776471970854,-0.9375,-0.9005584579355072,-0.8117226942494766,-0.7428888067971925,-0.6339120797931289,-0.5262898657800763,-0.454008127077946,-0.3819726634650905,-0.31190740056643274,0.6836908850816618,2.0
-0.9877776471970854,-0.9375,-0.9005584579355072,-0.8117226942494766,-0.7428888067971925,-0.6339120797931289,-0.5262898657800763,-0.454008127077946,-0.3819726634650905,-0.31190740056643274,-0.2460288141854451,0.7417488330116403,2.0
-0.9375,-0.9005584579355072,-0.8117226942494766,-0.7428888067971925,-0.6339120797931289,-0.5262898657800763,-0.454008127077946,-0.3819726634650905,-0.31190740056643274,-0.2460288141854451,-0.18224356606329273,0.7552564339367073,2.0
-0.9005584579355072,-0.8117226942494766,-0.7428888067971925,-0.6339120797931289,-0.5262898657800763,-0.454008127077946,-0.3819726634650905,-0.31190740056643274,-0.2460288141854451,-0.18224356606329273,-0.12436892008373357,0.7761895378517736,2.0
-0.8117226942494766,-0.7428888067971925,-0.6339120797931289,-0.5262898657800763,-0.454008127077946,-0.3819726634650905,-0.31190740056643274,-0.2460288141854451,-0.18224356606329273,-0.12436892008373357,-0.11070065262898654,0.7010220416204901,2.0
-0.7428888067971925,-0.6339120797931289,-0.5262898657800763,-0.454008127077946,-0.3819726634650905,-0.31190740056643274,-0.2460288141854451,-0.18224356606329273,-0.12436892008373357,-0.11070065262898654,-0.08040881664819599,0.6624799901489965,2.0
-0.6339120797931289,-0.5262898657800763,-0.454008127077946,-0.3819726634650905,-0.31190740056643274,-0.2460288141854451,-0.18224356606329273,-0.12436892008373357,-0.11070065262898654,-0.08040881664819599,-0.09838689816525059,0.5535032631449329,2.0
-0.5262898657800763,-0.454008127077946,-0.3819726634650905,-0.31190740056643274,-0.2460288141854451,-0.18224356606329273,-0.12436892008373357,-0.11070065262898654,-0.08040881664819599,-0.09838689816525059,-0.09974141115626156,0.4458810491318803,2.0
-0.454008127077946,-0.3819726634650905,-0.31190740056643274,-0.2460288141854451,-0.18224356606329273,-0.12436892008373357,-0.11070065262898654,-0.08040881664819599,-0.09838689816525059,-0.09974141115626156,-0.14049993843122766,0.37359931042975003,3.0
-0.3819726634650905,-0.31190740056643274,-0.2460288141854451,-0.18224356606329273,-0.12436892008373357,-0.11070065262898654,-0.08040881664819599,-0.09838689816525059,-0.09974141115626156,-0.14049993843122766,-0.18088905307228176,0.3015638468168945,3.0
-0.31190740056643274,-0.2460288141854451,-0.18224356606329273,-0.12436892008373357,-0.11070065262898654,-0.08040881664819599,-0.09838689816525059,-0.09974141115626156,-0.14049993843122766,-0.18088905307228176,-0.1865533801256003,0.23149858391823674,3.0
-0.2460288141854451,-0.18224356606329273,-0.12436892008373357,-0.11070065262898654,-0.08040881664819599,-0.09838689816525059,-0.09974141115626156,-0.14049993843122766,-0.18088905307228176,-0.1865533801256003,-0.1917251570003694,0.1656199975372491,3.0
-0.18224356606329273,-0.12436892008373357,-0.11070065262898654,-0.08040881664819599,-0.09838689816525059,-0.09974141115626156,-0.14049993843122766,-0.18088905307228176,-0.1865533801256003,-0.1917251570003694,-0.19295653244674305,0.11254771579854705,3.0
-0.12436892008373357,-0.11070065262898654,-0.08040881664819599,-0.09838689816525059,-0.09974141115626156,-0.14049993843122766,-0.18088905307228176,-0.1865533801256003,-0.1917251570003694,-0.19295653244674305,-0.1909863317325452,0.11254771579854705,3.0
-0.11070065262898654,-0.08040881664819599,-0.09838689816525059,-0.09974141115626156,-0.14049993843122766,-0.18088905307228176,-0.1865533801256003,-0.1917251570003694,-0.19295653244674305,-0.1909863317325452,-0.18938554365225957,0.11254771579854705,3.0
-0.08040881664819599,-0.09838689816525059,-0.09974141115626156,-0.14049993843122766,-0.18088905307228176,-0.1865533801256003,-0.1917251570003694,-0.19295653244674305,-0.1909863317325452,-0.18938554365225957,-0.18593769240241353,0.11254771579854705,3.0
-0.09838689816525059,-0.09974141115626156,-0.14049993843122766,-0.18088905307228176,-0.1865533801256003,-0.1917251570003694,-0.19295653244674305,-0.1909863317325452,-0.18938554365225957,-0.18593769240241353,-0.14677995320773307,0.09456963428149245,3.0
-0.09974141115626156,-0.14049993843122766,-0.18088905307228176,-0.1865533801256003,-0.1917251570003694,-0.19295653244674305,-0.1909863317325452,-0.18938554365225957,-0.18593769240241353,-0.14677995320773307,-0.09641669745105286,0.09653983499569019,3.0
-0.14049993843122766,-0.18088905307228176,-0.1865533801256003,-0.1917251570003694,-0.19295653244674305,-0.1909863317325452,-0.18938554365225957,-0.18593769240241353,-0.14677995320773307,-0.09641669745105286,-0.065016623568526,0.12793990887821705,3.0
-0.18088905307228176,-0.1865533801256003,-0.1917251570003694,-0.19295653244674305,-0.1909863317325452,-0.18938554365225957,-0.18593769240241353,-0.14677995320773307,-0.09641669745105286,-0.065016623568526,0.00812707794606582,0.20108361039280886,3.0
-0.1865533801256003,-0.1917251570003694,-0.19295653244674305,-0.1909863317325452,-0.18938554365225957,-0.18593769240241353,-0.14677995320773307,-0.09641669745105286,-0.065016623568526,0.00812707794606582,0.08952099495136068,0.2824775273981037,3.0
-0.1917251570003694,-0.19295653244674305,-0.1909863317325452,-0.18938554365225957,-0.18593769240241353,-0.14677995320773307,-0.09641669745105286,-0.065016623568526,0.00812707794606582,0.08952099495136068,0.14480975249353523,0.33776628494027827,2.0
-0.19295653244674305,-0.1909863317325452,-0.18938554365225957,-0.18593769240241353,-0.14677995320773307,-0.09641669745105286,-0.065016623568526,0.00812707794606582,0.08952099495136068,0.14480975249353523,0.20650166235685252,0.39945819480359557,2.0
-0.1909863317325452,-0.18938554365225957,-0.18593769240241353,-0.14677995320773307,-0.09641669745105286,-0.065016623568526,0.00812707794606582,0.08952099495136068,0.14480975249353523,0.20650166235685252,0.2706563231129171,0.4616426548454623,2.0
-0.18938554365225957,-0.18593769240241353,-0.14677995320773307,-0.09641669745105286,-0.065016623568526,0.00812707794606582,0.08952099495136068,0.14480975249353523,0.20650166235685252,0.2706563231129171,0.33653490949390474,0.5259204531461643,2.0
-0.18593769240241353,-0.14677995320773307,-0.09641669745105286,-0.065016623568526,0.00812707794606582,0.08952099495136068,0.14480975249353523,0.20650166235685252,0.2706563231129171,0.33653490949390474,0.4349218076591552,0.6208595000615688,2.0
-0.14677995320773307,-0.09641669745105286,-0.065016623568526,0.00812707794606582,0.08952099495136068,0.14480975249353523,0.20650166235685252,0.2706563231129171,0.33653490949390474,0.4349218076591552,0.5397118581455487,0.6864918113532817,2.0
-0.09641669745105286,-0.065016623568526,0.00812707794606582,0.08952099495136068,0.14480975249353523,0.20650166235685252,0.2706563231129171,0.33653490949390474,0.4349218076591552,0.5397118581455487,0.6457332840783154,0.7421499815293683,2.0
-0.065016623568526,0.00812707794606582,0.08952099495136068,0.14480975249353523,0.20650166235685252,0.2706563231129171,0.33653490949390474,0.4349218076591552,0.5397118581455487,0.6457332840783154,0.7139514838074128,0.7789681073759388,2.0
0.00812707794606582,0.08952099495136068,0.14480975249353523,0.20650166235685252,0.2706563231129171,0.33653490949390474,0.4349218076591552,0.5397118581455487,0.6457332840783154,0.7139514838074128,0.7660386651890161,0.7579115872429503,2.0
0.08952099495136068,0.14480975249353523,0.20650166235685252,0.2706563231129171,0.33653490949390474,0.4349218076591552,0.5397118581455487,0.6457332840783154,0.7139514838074128,0.7660386651890161,0.8359807905430365,0.7464597955916759,2.0
0.14480975249353523,0.20650166235685252,0.2706563231129171,0.33653490949390474,0.4349218076591552,0.5397118581455487,0.6457332840783154,0.7139514838074128,0.7660386651890161,0.8359807905430365,0.8314247013914542,0.6911710380495013,2.0
0.20650166235685252,0.2706563231129171,0.33653490949390474,0.4349218076591552,0.5397118581455487,0.6457332840783154,0.7139514838074128,0.7660386651890161,0.8359807905430365,0.8314247013914542,0.8154168205885974,0.629479128186184,2.0
0.2706563231129171,0.33653490949390474,0.4349218076591552,0.5397118581455487,0.6457332840783154,0.7139514838074128,0.7660386651890161,0.8359807905430365,0.8314247013914542,0.8154168205885974,0.8225587981775644,0.5653244674301194,2.0
0.33653490949390474,0.4349218076591552,0.5397118581455487,0.6457332840783154,0.7139514838074128,0.7660386651890161,0.8359807905430365,0.8314247013914542,0.8154168205885974,0.8225587981775644,0.821081147641916,0.4994458810491318,2.0
0.4349218076591552,0.5397118581455487,0.6457332840783154,0.7139514838074128,0.7660386651890161,0.8359807905430365,0.8314247013914542,0.8154168205885974,0.8225587981775644,0.821081147641916,0.8124615195173008,0.4010589828838813,3.0
0.5397118581455487,0.6457332840783154,0.7139514838074128,0.7660386651890161,0.8359807905430365,0.8314247013914542,0.8154168205885974,0.8225587981775644,0.821081147641916,0.8124615195173008,0.8280999876862456,0.29626893239748786,3.0
0.6457332840783154,0.7139514838074128,0.7660386651890161,0.8359807905430365,0.8314247013914542,0.8154168205885974,0.8225587981775644,0.821081147641916,0.8124615195173008,0.8280999876862456,0.8054426794729712,0.1902475064647211,3.0
0.7139514838074128,0.7660386651890161,0.8359807905430365,0.8314247013914542,0.8154168205885974,0.8225587981775644,0.821081147641916,0.8124615195173008,0.8280999876862456,0.8054426794729712,0.7699790666174116,0.12202930673562373,3.0
0.7660386651890161,0.8359807905430365,0.8314247013914542,0.8154168205885974,0.8225587981775644,0.821081147641916,0.8124615195173008,0.8280999876862456,0.8054426794729712,0.7699790666174116,0.693141238763699,0.1428395517793375,3.0
0.8359807905430365,0.8314247013914542,0.8154168205885974,0.8225587981775644,0.821081147641916,0.8124615195173008,0.8280999876862456,0.8054426794729712,0.7699790666174116,0.693141238763699,0.6092845708656569,0.22669621967737963,3.0
0.8314247013914542,0.8154168205885974,0.8225587981775644,0.821081147641916,0.8124615195173008,0.8280999876862456,0.8054426794729712,0.7699790666174116,0.693141238763699,0.6092845708656569,0.5525181627878339,0.27890653860362025,3.0
0.8154168205885974,0.8225587981775644,0.821081147641916,0.8124615195173008,0.8280999876862456,0.8054426794729712,0.7699790666174116,0.693141238763699,0.6092845708656569,0.5525181627878339,0.48971801502278045,0.33838197266346515,3.0
0.8225587981775644,0.821081147641916,0.8124615195173008,0.8280999876862456,0.8054426794729712,0.7699790666174116,0.693141238763699,0.6092845708656569,0.5525181627878339,0.48971801502278045,0.4226080531954193,0.4054919344908263,0.0
0.821081147641916,0.8124615195173008,0.8280999876862456,0.8054426794729712,0.7699790666174116,0.693141238763699,0.6092845708656569,0.5525181627878339,0.48971801502278045,0.4226080531954193,0.3530353404753108,0.4750646472109348,0.0
0.8124615195173008,0.8280999876862456,0.8054426794729712,0.7699790666174116,0.693141238763699,0.6092845708656569,0.5525181627878339,0.48971801502278045,0.4226080531954193,0.3530353404753108,0.2819849772195542,0.5461150104666914,0.0
0.8280999876862456,0.8054426794729712,0.7699790666174116,0.693141238763699,0.6092845708656569,0.5525181627878339,0.48971801502278045,0.4226080531954193,0.3530353404753108,0.2819849772195542,0.24270410048023638,0.5853958872060092,0.0
0.8054426794729712,0.7699790666174116,0.693141238763699,0.6092845708656569,0.5525181627878339,0.48971801502278045,0.4226080531954193,0.3530353404753108,0.2819849772195542,0.24270410048023638,0.20219184829454506,0.6032508311784262,0.0
0.7699790666174116,0.693141238763699,0.6092845708656569,0.5525181627878339,0.48971801502278045,0.4226080531954193,0.3530353404753108,0.2819849772195542,0.24270410048023638,0.20219184829454506,0.12867873414604114,0.6413003324713704,0.0
0.693141238763699,0.6092845708656569,0.5525181627878339,0.48971801502278045,0.4226080531954193,0.3530353404753108,0.2819849772195542,0.24270410048023638,0.20219184829454506,0.12867873414604114,0.056150720354636086,0.636990518409063,0.0
0.6092845708656569,0.5525181627878339,0.48971801502278045,0.4226080531954193,0.3530353404753108,0.2819849772195542,0.24270410048023638,0.20219184829454506,0.12867873414604114,0.056150720354636086,-0.04396010343553747,0.6532446743011944,0.0
0.5525181627878339,0.48971801502278045,0.4226080531954193,0.3530353404753108,0.2819849772195542,0.24270410048023638,0.20219184829454506,0.12867873414604114,0.056150720354636086,-0.04396010343553747,-0.10909986454870091,0.6616180273365349,0.0
0.48971801502278045,0.4226080531954193,0.3530353404753108,0.2819849772195542,0.24270410048023638,0.20219184829454506,0.12867873414604114,0.056150720354636086,-0.04396010343553747,-0.10909986454870091,-0.17054549932274354,0.660263514345524,0.0
0.4226080531954193,0.3530353404753108,0.2819849772195542,0.24270410048023638,0.20219184829454506,0.12867873414604114,0.056150720354636086,-0.04396010343553747,-0.10909986454870091,-0.17054549932274354,-0.2295283832040389,0.6521364363994582,0.0
0.3530353404753108,0.2819849772195542,0.24270410048023638,0.20219184829454506,0.12867873414604114,0.056150720354636086,-0.04396010343553747,-0.10909986454870091,-0.17054549932274354,-0.2295283832040389,-0.2835857652998399,0.6366211057751507,0.0
0.2819849772195542,0.24270410048023638,0.20219184829454506,0.12867873414604114,0.056150720354636086,-0.04396010343553747,-0.10909986454870091,-0.17054549932274354,-0.2295283832040389,-0.2835857652998399,-0.30205639699544395,0.5840413742149981,0.0
0.24270410048023638,0.20219184829454506,0.12867873414604114,0.056150720354636086,-0.04396010343553747,-0.10909986454870091,-0.17054549932274354,-0.2295283832040389,-0.2835857652998399,-0.30205639699544395,-0.3184336904322128,0.5611377909124492,0.0
0.20219184829454506,0.12867873414604114,0.056150720354636086,-0.04396010343553747,-0.10909986454870091,-0.17054549932274354,-0.2295283832040389,-0.2835857652998399,-0.30205639699544395,-0.3184336904322128,-0.3316094077084103,0.5338012560029554,0.0
0.12867873414604114,0.056150720354636086,-0.04396010343553747,-0.10909986454870091,-0.17054549932274354,-0.2295283832040389,-0.2835857652998399,-0.30205639699544395,-0.3184336904322128,-0.3316094077084103,-0.37618519886713464,0.5048639330131758,0.0
0.056150720354636086,-0.04396010343553747,-0.10909986454870091,-0.17054549932274354,-0.2295283832040389,-0.2835857652998399,-0.30205639699544395,-0.3184336904322128,-0.3316094077084103,-0.37618519886713464,-0.4168205885974634,0.4729713089520995,0.0
-0.04396010343553747,-0.10909986454870091,-0.17054549932274354,-0.2295283832040389,-0.2835857652998399,-0.30205639699544395,-0.3184336904322128,-0.3316094077084103,-0.37618519886713464,-0.4168205885974634,-0.45228420145302306,0.4083240980174856,0.0
-0.10909986454870091,-0.17054549932274354,-0.2295283832040389,-0.2835857652998399,-0.30205639699544395,-0.3184336904322128,-0.3316094077084103,-0.37618519886713464,-0.4168205885974634,-0.45228420145302306,-0.4839305504248246,0.37483068587612367,0.0
-0.17054549932274354,-0.2295283832040389,-0.2835857652998399,-0.30205639699544395,-0.3184336904322128,-0.3316094077084103,-0.37618519886713464,-0.4168205885974634,-0.45228420145302306,-0.4839305504248246,-0.48097524935352787,0.31338505110208104,0.0
-0.2295283832040389,-0.2835857652998399,-0.30205639699544395,-0.3184336904322128,-0.3316094077084103,-0.37618519886713464,-0.4168205885974634,-0.45228420145302306,-0.4839305504248246,-0.48097524935352787,-0.5056027582809999,0.276074375076961,0.0
-0.2835857652998399,-0.30205639699544395,-0.3184336904322128,-0.3316094077084103,-0.37618519886713464,-0.4168205885974634,-0.45228420145302306,-0.4839305504248246,-0.48097524935352787,-0.5056027582809999,-0.5266592784139884,0.2430735131141485,0.0
-0.30205639699544395,-0.3184336904322128,-0.3316094077084103,-0.37618519886713464,-0.4168205885974634,-0.45228420145302306,-0.4839305504248246,-0.48097524935352787,-0.5056027582809999,-0.5266592784139884,-0.5728358576529984,0.2707794606575544,0.0
-0.3184336904322128,-0.3316094077084103,-0.37618519886713464,-0.4168205885974634,-0.45228420145302306,-0.4839305504248246,-0.48097524935352787,-0.5056027582809999,-0.5266592784139884,-0.5728358576529984,-0.6167959610885358,0.29836227065632304,0.0
-0.3316094077084103,-0.37618519886713464,-0.4168205885974634,-0.45228420145302306,-0.4839305504248246,-0.48097524935352787,-0.5056027582809999,-0.5266592784139884,-0.5728358576529984,-0.6167959610885358,-0.6590321388991504,0.32742273119074006,0.0
-0.37618519886713464,-0.4168205885974634,-0.45228420145302306,-0.4839305504248246,-0.48097524935352787,-0.5056027582809999,-0.5266592784139884,-0.5728358576529984,-0.6167959610885358,-0.6590321388991504,-0.6969585026474572,0.32077330378032254,0.0
-0.4168205885974634,-0.45228420145302306,-0.4839305504248246,-0.48097524935352787,-0.5056027582809999,-0.5266592784139884,-0.5728358576529984,-0.6167959610885358,-0.6590321388991504,-0.6969585026474572,-0.734515453761852,0.3176948651643886,0.0
-0.45228420145302306,-0.4839305504248246,-0.48097524935352787,-0.5056027582809999,-0.5266592784139884,-0.5728358576529984,-0.6167959610885358,-0.6590321388991504,-0.6969585026474572,-0.734515453761852,-0.7699790666174117,0.3176948651643886,0.0
-0.4839305504248246,-0.48097524935352787,-0.5056027582809999,-0.5266592784139884,-0.5728358576529984,-0.6167959610885358,-0.6590321388991504,-0.6969585026474572,-0.734515453761852,-0.7699790666174117,-0.8044575791158725,0.3234823297623446,0.0
-0.48097524935352787,-0.5056027582809999,-0.5266592784139884,-0.5728358576529984,-0.6167959610885358,-0.6590321388991504,-0.6969585026474572,-0.734515453761852,-0.7699790666174117,-0.8044575791158725,-0.8402906046053442,0.35931535525181635,0.0
-0.5056027582809999,-0.5266592784139884,-0.5728358576529984,-0.6167959610885358,-0.6590321388991504,-0.6969585026474572,-0.734515453761852,-0.7699790666174117,-0.8044575791158725,-0.8402906046053442,-0.8748922546484423,0.36928949636744246,0.0
-0.5266592784139884,-0.5728358576529984,-0.6167959610885358,-0.6590321388991504,-0.6969585026474572,-0.734515453761852,-0.7699790666174117,-0.8044575791158725,-0.8402906046053442,-0.8748922546484423,-0.9102327299593647,0.38357345154537625,0.0
-0.5728358576529984,-0.6167959610885358,-0.6590321388991504,-0.6969585026474572,-0.734515453761852,-0.7699790666174117,-0.8044575791158725,-0.8402906046053442,-0.8748922546484423,-0.9102327299593647,-0.9133111685752986,0.3404753109223002,0.0
-0.6167959610885358,-0.6590321388991504,-0.6969585026474572,-0.734515453761852,-0.7699790666174117,-0.8044575791158725,-0.8402906046053442,-0.8748922546484423,-0.9102327299593647,-0.9133111685752986,-0.9129417559413865,0.29651520748676274,0.0
-0.6590321388991504,-0.6969585026474572,-0.734515453761852,-0.7699790666174117,-0.8044575791158725,-0.8402906046053442,-0.8748922546484423,-0.9102327299593647,-0.9133111685752986,-0.9129417559413865,-0.9136805812092107,0.25464844231006034,0.0
-0.6969585026474572,-0.734515453761852,-0.7699790666174117,-0.8044575791158725,-0.8402906046053442,-0.8748922546484423,-0.9102327299593647,-0.9133111685752986,-0.9129417559413865,-0.9136805812092107,-0.9131880310306613,0.21672207856175352,0.0
-0.734515453761852,-0.7699790666174117,-0.8044575791158725,-0.8402906046053442,-0.8748922546484423,-0.9102327299593647,-0.9133111685752986,-0.9129417559413865,-0.9136805812092107,-0.9131880310306613,-0.9133111685752986,0.17916512744735869,0.0
-0.7699790666174117,-0.8044575791158725,-0.8402906046053442,-0.8748922546484423,-0.9102327299593647,-0.9133111685752986,-0.9129417559413865,-0.9136805812092107,-0.9131880310306613,-0.9133111685752986,-0.9144194064770348,0.14444033985962312,1.0
-0.8044575791158725,-0.8402906046053442,-0.8748922546484423,-0.9102327299593647,-0.9133111685752986,-0.9129417559413865,-0.9136805812092107,-0.9131880310306613,-0.9133111685752986,-0.9144194064770348,-0.9147888191109469,0.11033123999507444,1.0
-0.8402906046053442,-0.8748922546484423,-0.9102327299593647,-0.9133111685752986,-0.9129417559413865,-0.9136805812092107,-0.9131880310306613,-0.9133111685752986,-0.9144194064770348,-0.9147888191109469,-0.9152813692894963,0.07499076468415211,1.0
-0.8748922546484423,-0.9102327299593647,-0.9133111685752986,-0.9129417559413865,-0.9136805812092107,-0.9131880310306613,-0.9133111685752986,-0.9144194064770348,-0.9147888191109469,-0.9152813692894963,-0.8811722694249476,0.04038911464105399,1.0
-0.9102327299593647,-0.9133111685752986,-0.9129417559413865,-0.9136805812092107,-0.9131880310306613,-0.9133111685752986,-0.9144194064770348,-0.9147888191109469,-0.9152813692894963,-0.8811722694249476,-0.844354143578377,0.07092722571111931,1.0
-0.9133111685752986,-0.9129417559413865,-0.9136805812092107,-0.9131880310306613,-0.9133111685752986,-0.9144194064770348,-0.9147888191109469,-0.9152813692894963,-0.8811722694249476,-0.844354143578377,-0.8051964043836966,0.11008496490579978,1.0
-0.9129417559413865,-0.9136805812092107,-0.9131880310306613,-0.9133111685752986,-0.9144194064770348,-0.9147888191109469,-0.9152813692894963,-0.8811722694249476,-0.844354143578377,-0.8051964043836966,-0.7620982637606206,0.1531831055288757,1.0
-0.9136805812092107,-0.9131880310306613,-0.9133111685752986,-0.9144194064770348,-0.9147888191109469,-0.9152813692894963,-0.8811722694249476,-0.844354143578377,-0.8051964043836966,-0.7620982637606206,-0.7210934613963798,0.19418790789311657,1.0
-0.9131880310306613,-0.9133111685752986,-0.9144194064770348,-0.9147888191109469,-0.9152813692894963,-0.8811722694249476,-0.844354143578377,-0.8051964043836966,-0.7620982637606206,-0.7210934613963798,-0.6815663095677873,0.23371505972170903,2.0
-0.9133111685752986,-0.9144194064770348,-0.9147888191109469,-0.9152813692894963,-0.8811722694249476,-0.844354143578377,-0.8051964043836966,-0.7620982637606206,-0.7210934613963798,-0.6815663095677873,-0.6425317079177442,0.27274966137175216,2.0
-0.9144194064770348,-0.9147888191109469,-0.9152813692894963,-0.8811722694249476,-0.844354143578377,-0.8051964043836966,-0.7620982637606206,-0.7210934613963798,-0.6815663095677873,-0.6425317079177442,-0.6032508311784264,0.31203053811106995,2.0
-0.9147888191109469,-0.9152813692894963,-0.8811722694249476,-0.844354143578377,-0.8051964043836966,-0.7620982637606206,-0.7210934613963798,-0.6815663095677873,-0.6425317079177442,-0.6032508311784264,-0.5614589138646355,0.3538224554248608,2.0
-0.9152813692894963,-0.8811722694249476,-0.844354143578377,-0.8051964043836966,-0.7620982637606206,-0.7210934613963798,-0.6815663095677873,-0.6425317079177442,-0.6032508311784264,-0.5614589138646355,-0.5181806822441584,0.39710068704533796,2.0
-0.8811722694249476,-0.844354143578377,-0.8051964043836966,-0.7620982637606206,-0.7210934613963798,-0.6815663095677873,-0.6425317079177442,-0.6032508311784264,-0.5614589138646355,-0.5181806822441584,-0.4785705360489816,0.40260173337596605,2.0
-0.844354143578377,-0.8051964043836966,-0.7620982637606206,-0.7210934613963798,-0.6815663095677873,-0.6425317079177442,-0.6032508311784264,-0.5614589138646355,-0.5181806822441584,-0.4785705360489816,-0.4396244131455399,0.4047297304328371,2.0
-0.8051964043836966,-0.7620982637606206,-0.7210934613963798,-0.6815663095677873,-0.6425317079177442,-0.6032508311784264,-0.5614589138646355,-0.5181806822441584,-0.4785705360489816,-0.4396244131455399,-0.4221908490021177,0.3830055553815789,2.0
-0.7620982637606206,-0.7210934613963798,-0.6815663095677873,-0.6425317079177442,-0.6032508311784264,-0.5614589138646355,-0.5181806822441584,-0.4785705360489816,-0.4396244131455399,-0.4221908490021177,-0.4112808460634547,0.3508174176971659,2.0
-0.7210934613963798,-0.6815663095677873,-0.6425317079177442,-0.6032508311784264,-0.5614589138646355,-0.5181806822441584,-0.4785705360489816,-0.4396244131455399,-0.4221908490021177,-0.4112808460634547,-0.40838213040331606,0.3127113309930637,2.0
-0.6815663095677873,-0.6425317079177442,-0.6032508311784264,-0.5614589138646355,-0.5181806822441584,-0.4785705360489816,-0.4396244131455399,-0.4221908490021177,-0.4112808460634547,-0.40838213040331606,-0.40633315593400743,0.27523315363377987,2.0
-0.6425317079177442,-0.6032508311784264,-0.5614589138646355,-0.5181806822441584,-0.4785705360489816,-0.4396244131455399,-0.4221908490021177,-0.4112808460634547,-0.40838213040331606,-0.40633315593400743,-0.4044265593561368,0.23810514856160736,1.0
-0.6032508311784264,-0.5614589138646355,-0.5181806822441584,-0.4785705360489816,-0.4396244131455399,-0.4221908490021177,-0.4112808460634547,-0.40838213040331606,-0.40633315593400743,-0.4044265593561368,-0.40751173708920185,0.19882427182228957,1.0
-0.5614589138646355,-0.5181806822441584,-0.4785705360489816,-0.4396244131455399,-0.4221908490021177,-0.4112808460634547,-0.40838213040331606,-0.40633315593400743,-0.4044265593561368,-0.40751173708920185,-0.4105969148222669,0.15703235450849873,1.0
-0.5181806822441584,-0.4785705360489816,-0.4396244131455399,-0.4221908490021177,-0.4112808460634547,-0.40838213040331606,-0.40633315593400743,-0.4044265593561368,-0.40751173708920185,-0.4105969148222669,-0.4138162307176392,0.11375412288802156,1.0
-0.4785705360489816,-0.4396244131455399,-0.4221908490021177,-0.4112808460634547,-0.40838213040331606,-0.40633315593400743,-0.4044265593561368,-0.40751173708920185,-0.4105969148222669,-0.4138162307176392,-0.4166331321260899,0.07414397669284478,1.0
-0.4396244131455399,-0.4221908490021177,-0.4112808460634547,-0.40838213040331606,-0.40633315593400743,-0.4044265593561368,-0.40751173708920185,-0.4105969148222669,-0.4138162307176392,-0.4166331321260899,-0.4189134808853119,0.0351978537894031,1.0
-0.4221908490021177,-0.4112808460634547,-0.40838213040331606,-0.40633315593400743,-0.4044265593561368,-0.40751173708920185,-0.4105969148222669,-0.4138162307176392,-0.4166331321260899,-0.4189134808853119,-0.4201207243460765,0.01776428964598087,1.0
-0.4112808460634547,-0.40838213040331606,-0.40633315593400743,-0.4044265593561368,-0.40751173708920185,-0.4105969148222669,-0.4138162307176392,-0.4166331321260899,-0.4189134808853119,-0.4201207243460765,-0.4202548625083836,0.015828303152246814,1.0
-0.40838213040331606,-0.40633315593400743,-0.4044265593561368,-0.40751173708920185,-0.4105969148222669,-0.4138162307176392,-0.4166331321260899,-0.4189134808853119,-0.4201207243460765,-0.4202548625083836,-0.4206572769953052,0.01623071763916839,1.0
-0.40633315593400743,-0.4044265593561368,-0.40751173708920185,-0.4105969148222669,-0.4138162307176392,-0.4166331321260899,-0.4189134808853119,-0.4201207243460765,-0.4202548625083836,-0.4206572769953052,-0.4207914151576123,0.01636485580147551,1.0
-0.4044265593561368,-0.40751173708920185,-0.4105969148222669,-0.4138162307176392,-0.4166331321260899,-0.4189134808853119,-0.4201207243460765,-0.4202548625083836,-0.4206572769953052,-0.4207914151576123,-0.42146210596914824,0.017035546613011432,1.0
-0.40751173708920185,-0.4105969148222669,-0.4138162307176392,-0.4166331321260899,-0.4189134808853119,-0.4201207243460765,-0.4202548625083836,-0.4206572769953052,-0.4207914151576123,-0.42146210596914824,-0.4224010731052985,0.014889336016096655,1.0
-0.4105969148222669,-0.4138162307176392,-0.4166331321260899,-0.4189134808853119,-0.4201207243460765,-0.4202548625083836,-0.4206572769953052,-0.4207914151576123,-0.42146210596914824,-0.4224010731052985,-0.4234741784037559,0.012877263581488996,1.0
-0.4138162307176392,-0.4166331321260899,-0.4189134808853119,-0.4201207243460765,-0.4202548625083836,-0.4206572769953052,-0.4207914151576123,-0.42146210596914824,-0.4224010731052985,-0.4234741784037559,-0.42374245472837024,0.009926224010731066,1.0
-0.4166331321260899,-0.4189134808853119,-0.4201207243460765,-0.4202548625083836,-0.4206572769953052,-0.4207914151576123,-0.42146210596914824,-0.4224010731052985,-0.4234741784037559,-0.42374245472837024,-0.4230717639168343,0.007109322602280366,1.0
-0.4189134808853119,-0.4201207243460765,-0.4202548625083836,-0.4206572769953052,-0.4207914151576123,-0.42146210596914824,-0.4224010731052985,-0.4234741784037559,-0.42374245472837024,-0.4230717639168343,-0.4225352112676056,0.0048289738430583595,1.0
-0.4201207243460765,-0.4202548625083836,-0.4206572769953052,-0.4207914151576123,-0.42146210596914824,-0.4224010731052985,-0.4234741784037559,-0.42374245472837024,-0.4230717639168343,-0.4225352112676056,-0.4217303822937626,0.003621730382293742,1.0
-0.4202548625083836,-0.4206572769953052,-0.4207914151576123,-0.42146210596914824,-0.4224010731052985,-0.4234741784037559,-0.42374245472837024,-0.4230717639168343,-0.4225352112676056,-0.4217303822937626,-0.4218645204560697,0.003487592219986624,1.0
-0.4206572769953052,-0.4207914151576123,-0.42146210596914824,-0.4224010731052985,-0.4234741784037559,-0.42374245472837024,-0.4230717639168343,-0.4225352112676056,-0.4217303822937626,-0.4218645204560697,-0.42266934942991286,0.0030851777330650476,1.0
-0.4207914151576123,-0.42146210596914824,-0.4224010731052985,-0.4234741784037559,-0.42374245472837024,-0.4230717639168343,-0.4225352112676056,-0.4217303822937626,-0.4218645204560697,-0.42266934942991286,-0.423608316566063,0.0029510395707579296,1.0
-0.42146210596914824,-0.4224010731052985,-0.4234741784037559,-0.42374245472837024,-0.4230717639168343,-0.4225352112676056,-0.4217303822937626,-0.4218645204560697,-0.42266934942991286,-0.423608316566063,-0.42481556002682763,0.0033534540576793948,1.0
-0.4224010731052985,-0.4234741784037559,-0.42374245472837024,-0.4230717639168343,-0.4225352112676056,-0.4217303822937626,-0.4218645204560697,-0.42266934942991286,-0.423608316566063,-0.42481556002682763,-0.42494969818913486,0.0032193158953722767,1.0
-0.4234741784037559,-0.42374245472837024,-0.4230717639168343,-0.4225352112676056,-0.4217303822937626,-0.4218645204560697,-0.42266934942991286,-0.423608316566063,-0.42481556002682763,-0.42494969818913486,-0.42494969818913486,0.0032193158953722767,1.0
-0.42374245472837024,-0.4230717639168343,-0.4225352112676056,-0.4217303822937626,-0.4218645204560697,-0.42266934942991286,-0.423608316566063,-0.42481556002682763,-0.42494969818913486,-0.42494969818913486,-0.4253521126760563,0.003621730382293742,1.0
-0.4230717639168343,-0.4225352112676056,-0.4217303822937626,-0.4218645204560697,-0.42266934942991286,-0.423608316566063,-0.42481556002682763,-0.42494969818913486,-0.42494969818913486,-0.4253521126760563,-0.4253521126760563,0.003621730382293742,1.0
-0.4225352112676056,-0.4217303822937626,-0.4218645204560697,-0.42266934942991286,-0.423608316566063,-0.42481556002682763,-0.42494969818913486,-0.42494969818913486,-0.4253521126760563,-0.4253521126760563,-0.42669349429912806,0.004963112005365478,1.0
-0.4217303822937626,-0.4218645204560697,-0.42266934942991286,-0.423608316566063,-0.42481556002682763,-0.42494969818913486,-0.42494969818913486,-0.4253521126760563,-0.4253521126760563,-0.42669349429912806,-0.4173038229376258,0.009389671361502261,1.0
-0.4218645204560697,-0.42266934942991286,-0.423608316566063,-0.42481556002682763,-0.42494969818913486,-0.42494969818913486,-0.4253521126760563,-0.4253521126760563,-0.42669349429912806,-0.4173038229376258,-0.38108651911468816,0.0456069751844399,1.0
-0.42266934942991286,-0.423608316566063,-0.42481556002682763,-0.42494969818913486,-0.42494969818913486,-0.4253521126760563,-0.4253521126760563,-0.42669349429912806,-0.4173038229376258,-0.38108651911468816,-0.35801475519785375,0.06867873910127431,1.0
-0.423608316566063,-0.42481556002682763,-0.42494969818913486,-0.42494969818913486,-0.4253521126760563,-0.4253521126760563,-0.42669349429912806,-0.4173038229376258,-0.38108651911468816,-0.35801475519785375,-0.2823608316566063,0.14433266264252176,1.0
-0.42481556002682763,-0.42494969818913486,-0.42494969818913486,-0.4253521126760563,-0.4253521126760563,-0.42669349429912806,-0.4173038229376258,-0.38108651911468816,-0.35801475519785375,-0.2823608316566063,-0.22414486921529175,0.2025486250838363,1.0
-0.42494969818913486,-0.42494969818913486,-0.4253521126760563,-0.4253521126760563,-0.42669349429912806,-0.4173038229376258,-0.38108651911468816,-0.35801475519785375,-0.2823608316566063,-0.22414486921529175,-0.11723675385647214,0.3094567404426559,2.0
-0.42494969818913486,-0.4253521126760563,-0.4253521126760563,-0.42669349429912806,-0.4173038229376258,-0.38108651911468816,-0.35801475519785375,-0.2823608316566063,-0.22414486921529175,-0.11723675385647214,-0.000670690811535923,0.42602280348759214,2.0
-0.4253521126760563,-0.4253521126760563,-0.42669349429912806,-0.4173038229376258,-0.38108651911468816,-0.35801475519785375,-0.2823608316566063,-0.22414486921529175,-0.11723675385647214,-0.000670690811535923,0.08987256874580818,0.5165660630449362,2.0
-0.4253521126760563,-0.42669349429912806,-0.4173038229376258,-0.38108651911468816,-0.35801475519785375,-0.2823608316566063,-0.22414486921529175,-0.11723675385647214,-0.000670690811535923,0.08987256874580818,0.18470824949698184,0.6114017437961099,2.0
-0.42669349429912806,-0.4173038229376258,-0.38108651911468816,-0.35801475519785375,-0.2823608316566063,-0.22414486921529175,-0.11723675385647214,-0.000670690811535923,0.08987256874580818,0.18470824949698184,0.27927565392354126,0.7059691482226693,2.0
-0.4173038229376258,-0.38108651911468816,-0.35801475519785375,-0.2823608316566063,-0.22414486921529175,-0.11723675385647214,-0.000670690811535923,0.08987256874580818,0.18470824949698184,0.27927565392354126,0.3746478873239436,0.7919517102615694,2.0
-0.38108651911468816,-0.35801475519785375,-0.2823608316566063,-0.22414486921529175,-0.11723675385647214,-0.000670690811535923,0.08987256874580818,0.18470824949698184,0.27927565392354126,0.3746478873239436,0.4723004694835682,0.8533869885982563,2.0
-0.35801475519785375,-0.2823608316566063,-0.22414486921529175,-0.11723675385647214,-0.000670690811535923,0.08987256874580818,0.18470824949698184,0.27927565392354126,0.3746478873239436,0.4723004694835682,0.5602951039570758,0.9183098591549296,2.0
-0.2823608316566063,-0.22414486921529175,-0.11723675385647214,-0.000670690811535923,0.08987256874580818,0.18470824949698184,0.27927565392354126,0.3746478873239436,0.4723004694835682,0.5602951039570758,0.6201919849634154,0.9025528166200217,2.0
-0.22414486921529175,-0.11723675385647214,-0.000670690811535923,0.08987256874580818,0.18470824949698184,0.27927565392354126,0.3746478873239436,0.4723004694835682,0.5602951039570758,0.6201919849634154,0.6920387305002689,0.9161835997155606,2.0
-0.11723675385647214,-0.000670690811535923,0.08987256874580818,0.18470824949698184,0.27927565392354126,0.3746478873239436,0.4723004694835682,0.5602951039570758,0.6201919849634154,0.6920387305002689,0.7097122788058896,0.8269490326623617,2.0
-0.000670690811535923,0.08987256874580818,0.18470824949698184,0.27927565392354126,0.3746478873239436,0.4723004694835682,0.5602951039570758,0.6201919849634154,0.6920387305002689,0.7097122788058896,0.7363370880267,0.7370077788382359,2.0
0.08987256874580818,0.18470824949698184,0.27927565392354126,0.3746478873239436,0.4723004694835682,0.5602951039570758,0.6201919849634154,0.6920387305002689,0.7097122788058896,0.7363370880267,0.7143861622837857,0.6464645192808918,2.0
0.18470824949698184,0.27927565392354126,0.3746478873239436,0.4723004694835682,0.5602951039570758,0.6201919849634154,0.6920387305002689,0.7097122788058896,0.7363370880267,0.7143861622837857,0.6837294332723949,0.5516288385297181,2.0
0.27927565392354126,0.3746478873239436,0.4723004694835682,0.5602951039570758,0.6201919849634154,0.6920387305002689,0.7097122788058896,0.7363370880267,0.7143861622837857,0.6837294332723949,0.6816200253128955,0.4570614341031587,3.0
0.3746478873239436,0.4723004694835682,0.5602951039570758,0.6201919849634154,0.6920387305002689,0.7097122788058896,0.7363370880267,0.7143861622837857,0.6837294332723949,0.6816200253128955,0.6754324286316973,0.36168920070275634,3.0
0.4723004694835682,0.5602951039570758,0.6201919849634154,0.6920387305002689,0.7097122788058896,0.7363370880267,0.7143861622837857,0.6837294332723949,0.6816200253128955,0.6754324286316973,0.670088595134299,0.26403661854313176,3.0
0.5602951039570758,0.6201919849634154,0.6920387305002689,0.7097122788058896,0.7363370880267,0.7143861622837857,0.6837294332723949,0.6816200253128955,0.6754324286316973,0.670088595134299,0.663619744058501,0.17604198406962412,3.0
0.6201919849634154,0.6920387305002689,0.7097122788058896,0.7363370880267,0.7143861622837857,0.6837294332723949,0.6816200253128955,0.6754324286316973,0.670088595134299,0.663619744058501,0.6543383490367036,0.11614510306328452,3.0
0.6920387305002689,0.7097122788058896,0.7363370880267,0.7143861622837857,0.6837294332723949,0.6816200253128955,0.6754324286316973,0.670088595134299,0.663619744058501,0.6543383490367036,0.640275629306708,0.09606145871999194,3.0
0.7097122788058896,0.7363370880267,0.7143861622837857,0.6837294332723949,0.6816200253128955,0.6754324286316973,0.670088595134299,0.663619744058501,0.6543383490367036,0.640275629306708,0.6537758402475038,0.09606145871999194,3.0
0.7363370880267,0.7143861622837857,0.6837294332723949,0.6816200253128955,0.6754324286316973,0.670088595134299,0.663619744058501,0.6543383490367036,0.640275629306708,0.6537758402475038,0.616931514554915,0.11940557347178493,3.0
0.7143861622837857,0.6837294332723949,0.6816200253128955,0.6754324286316973,0.670088595134299,0.663619744058501,0.6543383490367036,0.640275629306708,0.6537758402475038,0.616931514554915,0.6010406412600198,0.11334552102376594,3.0
0.6837294332723949,0.6816200253128955,0.6754324286316973,0.670088595134299,0.663619744058501,0.6543383490367036,0.640275629306708,0.6537758402475038,0.616931514554915,0.6010406412600198,0.5748839825622276,0.10884545071016727,3.0
0.6816200253128955,0.6754324286316973,0.670088595134299,0.663619744058501,0.6543383490367036,0.640275629306708,0.6537758402475038,0.616931514554915,0.6010406412600198,0.5748839825622276,0.5009140767824498,0.18070594853044564,3.0
0.6754324286316973,0.670088595134299,0.663619744058501,0.6543383490367036,0.640275629306708,0.6537758402475038,0.616931514554915,0.6010406412600198,0.5748839825622276,0.5009140767824498,0.45296020250316404,0.22247222612853323,3.0
0.670088595134299,0.663619744058501,0.6543383490367036,0.640275629306708,0.6537758402475038,0.616931514554915,0.6010406412600198,0.5748839825622276,0.5009140767824498,0.45296020250316404,0.3936155252425819,0.27647306989171705,3.0
0.663619744058501,0.6543383490367036,0.640275629306708,0.6537758402475038,0.616931514554915,0.6010406412600198,0.5748839825622276,0.5009140767824498,0.45296020250316404,0.3936155252425819,0.2871607368865139,0.3764590071719871,3.0
0.6543383490367036,0.640275629306708,0.6537758402475038,0.616931514554915,0.6010406412600198,0.5748839825622276,0.5009140767824498,0.45296020250316404,0.3936155252425819,0.2871607368865139,0.17395584306004785,0.48038250597665577,0.0
0.640275629306708,0.6537758402475038,0.616931514554915,0.6010406412600198,0.5748839825622276,0.5009140767824498,0.45296020250316404,0.3936155252425819,0.2871607368865139,0.17395584306004785,0.09042328786387288,0.5633525523836309,0.0
0.6537758402475038,0.616931514554915,0.6010406412600198,0.5748839825622276,0.5009140767824498,0.45296020250316404,0.3936155252425819,0.2871607368865139,0.17395584306004785,0.09042328786387288,0.003093798340598974,0.6506820419069048,0.0
0.616931514554915,0.6010406412600198,0.5748839825622276,0.5009140767824498,0.45296020250316404,0.3936155252425819,0.2871607368865139,0.17395584306004785,0.09042328786387288,0.003093798340598974,-0.08325130080157506,0.7001828153564901,0.0
0.6010406412600198,0.5748839825622276,0.5009140767824498,0.45296020250316404,0.3936155252425819,0.2871607368865139,0.17395584306004785,0.09042328786387288,0.003093798340598974,-0.08325130080157506,-0.19786246660104068,0.7989031078610604,0.0
