1.0,1.0,1.0,0.9827284397245886,0.984128836503676,1.0,0.8694541231126598,0.7066202090592335,0.6295005807200929,0.46852497096399537,0.283855981416957,0.716144018583043,0.0
1.0,1.0,0.9827284397245886,0.984128836503676,1.0,0.8694541231126598,0.7066202090592335,0.6295005807200929,0.46852497096399537,0.283855981416957,0.07874564459930311,0.9212543554006969,0.0
1.0,0.9827284397245886,0.984128836503676,1.0,0.8694541231126598,0.7066202090592335,0.6295005807200929,0.46852497096399537,0.283855981416957,0.07874564459930311,-0.07874564459930311,1.078745644599303,0.0
0.9827284397245886,0.984128836503676,1.0,0.8694541231126598,0.7066202090592335,0.6295005807200929,0.46852497096399537,0.283855981416957,0.07874564459930311,-0.07874564459930311,-0.23646922183507546,1.2364692218350755,0.0
0.984128836503676,1.0,0.8694541231126598,0.7066202090592335,0.6295005807200929,0.46852497096399537,0.283855981416957,0.07874564459930311,-0.07874564459930311,-0.23646922183507546,-0.4957026713124274,1.4957026713124275,0.0
1.0,0.8694541231126598,0.7066202090592335,0.6295005807200929,0.46852497096399537,0.283855981416957,0.07874564459930311,-0.07874564459930311,-0.23646922183507546,-0.4957026713124274,-0.6778164924506388,1.677816492450639,0.0
0.8694541231126598,0.7066202090592335,0.6295005807200929,0.46852497096399537,0.283855981416957,0.07874564459930311,-0.07874564459930311,-0.23646922183507546,-0.4957026713124274,-0.6778164924506388,-0.9031358885017422,1.772590011614402,0.0
0.7066202090592335,0.6295005807200929,0.46852497096399537,0.283855981416957,0.07874564459930311,-0.07874564459930311,-0.23646922183507546,-0.4957026713124274,-0.6778164924506388,-0.9031358885017422,-1.0,1.7066202090592335,0.0
0.6295005807200929,0.46852497096399537,0.283855981416957,0.07874564459930311,-0.07874564459930311,-0.23646922183507546,-0.4957026713124274,-0.6778164924506388,-0.9031358885017422,-1.0,-1.0,1.6295005807200929,0.0
0.46852497096399537,0.283855981416957,0.07874564459930311,-0.07874564459930311,-0.23646922183507546,-0.4957026713124274,-0.6778164924506388,-0.9031358885017422,-1.0,-1.0,-1.0,1.4685249709639954,0.0
0.283855981416957,0.07874564459930311,-0.07874564459930311,-0.23646922183507546,-0.4957026713124274,-0.6778164924506388,-0.9031358885017422,-1.0,-1.0,-1.0,-1.0,1.283855981416957,0.0
0.07874564459930311,-0.07874564459930311,-0.23646922183507546,-0.4957026713124274,-0.6778164924506388,-0.9031358885017422,-1.0,-1.0,-1.0,-1.0,-1.0,1.078745644599303,0.0
-0.07874564459930311,-0.23646922183507546,-0.4957026713124274,-0.6778164924506388,-0.9031358885017422,-1.0,-1.0,-1.0,-1.0,-1.0,-1.0,0.9212543554006969,1.0
-0.23646922183507546,-0.4957026713124274,-0.6778164924506388,-0.9031358885017422,-1.0,-1.0,-1.0,-1.0,-1.0,-1.0,-1.0,0.7635307781649245,1.0
-0.4957026713124274,-0.6778164924506388,-0.9031358885017422,-1.0,-1.0,-1.0,-1.0,-1.0,-1.0,-1.0,-1.0,0.5042973286875726,1.0
-0.6778164924506388,-0.9031358885017422,-1.0,-1.0,-1.0,-1.0,-1.0,-1.0,-1.0,-1.0,-1.0,0.3221835075493612,1.0
-0.9031358885017422,-1.0,-1.0,-1.0,-1.0,-1.0,-1.0,-1.0,-1.0,-1.0,-0.9751530428519986,0.0968641114982578,1.0
-1.0,-1.0,-1.0,-1.0,-1.0,-1.0,-1.0,-1.0,-1.0,-0.9751530428519986,-0.9445444724522867,0.055455527547713324,1.0
-1.0,-1.0,-1.0,-1.0,-1.0,-1.0,-1.0,-1.0,-0.9751530428519986,-0.9445444724522867,-0.9087144400432121,0.09128555995678789,1.0
-1.0,-1.0,-1.0,-1.0,-1.0,-1.0,-1.0,-0.9751530428519986,-0.9445444724522867,-0.9087144400432121,-0.8698235505941664,0.13017644940583362,1.0
-1.0,-1.0,-1.0,-1.0,-1.0,-1.0,-0.9751530428519986,-0.9445444724522867,-0.9087144400432121,-0.8698235505941664,-0.8255311487216421,0.17446885127835787,1.0
-1.0,-1.0,-1.0,-1.0,-1.0,-0.9751530428519986,-0.9445444724522867,-0.9087144400432121,-0.8698235505941664,-0.8255311487216421,-0.8260712999639899,0.17446885127835787,1.0
-1.0,-1.0,-1.0,-1.0,-0.9751530428519986,-0.9445444724522867,-0.9087144400432121,-0.8698235505941664,-0.8255311487216421,-0.8260712999639899,-0.8248109470651782,0.1751890529348218,1.0
-1.0,-1.0,-1.0,-0.9751530428519986,-0.9445444724522867,-0.9087144400432121,-0.8698235505941664,-0.8255311487216421,-0.8260712999639899,-0.8248109470651782,-0.8233705437522506,0.1766294562477494,1.0
-1.0,-1.0,-0.9751530428519986,-0.9445444724522867,-0.9087144400432121,-0.8698235505941664,-0.8255311487216421,-0.8260712999639899,-0.8248109470651782,-0.8233705437522506,-0.8653222902412676,0.1766294562477494,1.0
-1.0,-0.9751530428519986,-0.9445444724522867,-0.9087144400432121,-0.8698235505941664,-0.8255311487216421,-0.8260712999639899,-0.8248109470651782,-0.8233705437522506,-0.8653222902412676,-0.8629816348577601,0.1766294562477494,1.0
-0.9751530428519986,-0.9445444724522867,-0.9087144400432121,-0.8698235505941664,-0.8255311487216421,-0.8260712999639899,-0.8248109470651782,-0.8233705437522506,-0.8653222902412676,-0.8629816348577601,-0.9065538350738207,0.15178249909974795,1.0
-0.9445444724522867,-0.9087144400432121,-0.8698235505941664,-0.8255311487216421,-0.8260712999639899,-0.8248109470651782,-0.8233705437522506,-0.8653222902412676,-0.8629816348577601,-0.9065538350738207,-0.9504861361181131,0.12711559236586245,1.0
-0.9087144400432121,-0.8698235505941664,-0.8255311487216421,-0.8260712999639899,-0.8248109470651782,-0.8233705437522506,-0.8653222902412676,-0.8629816348577601,-0.9065538350738207,-0.9504861361181131,-0.9481454807346057,0.12711559236586245,1.0
-0.8698235505941664,-0.8255311487216421,-0.8260712999639899,-0.8248109470651782,-0.8233705437522506,-0.8653222902412676,-0.8629816348577601,-0.9065538350738207,-0.9504861361181131,-0.9481454807346057,-0.9917176809506661,0.16834713719841554,1.0
-0.8255311487216421,-0.8260712999639899,-0.8248109470651782,-0.8233705437522506,-0.8653222902412676,-0.8629816348577601,-0.9065538350738207,-0.9504861361181131,-0.9481454807346057,-0.9917176809506661,-0.9906373784659704,0.16834713719841554,1.0
-0.8260712999639899,-0.8248109470651782,-0.8233705437522506,-0.8653222902412676,-0.8629816348577601,-0.9065538350738207,-0.9504861361181131,-0.9481454807346057,-0.9917176809506661,-0.9906373784659704,-1.0,0.1766294562477494,1.0
-0.8248109470651782,-0.8233705437522506,-0.8653222902412676,-0.8629816348577601,-0.9065538350738207,-0.9504861361181131,-0.9481454807346057,-0.9917176809506661,-0.9906373784659704,-1.0,-1.0,0.1766294562477494,1.0
-0.8233705437522506,-0.8653222902412676,-0.8629816348577601,-0.9065538350738207,-0.9504861361181131,-0.9481454807346057,-0.9917176809506661,-0.9906373784659704,-1.0,-1.0,-1.0,0.1766294562477494,1.0
-0.8653222902412676,-0.8629816348577601,-0.9065538350738207,-0.9504861361181131,-0.9481454807346057,-0.9917176809506661,-0.9906373784659704,-1.0,-1.0,-1.0,-1.0,0.13701836514223986,1.0
-0.8629816348577601,-0.9065538350738207,-0.9504861361181131,-0.9481454807346057,-0.9917176809506661,-0.9906373784659704,-1.0,-1.0,-1.0,-1.0,-1.0,0.13701836514223986,1.0
-0.9065538350738207,-0.9504861361181131,-0.9481454807346057,-0.9917176809506661,-0.9906373784659704,-1.0,-1.0,-1.0,-1.0,-1.0,-1.0,0.0934461649261793,1.0
-0.9504861361181131,-0.9481454807346057,-0.9917176809506661,-0.9906373784659704,-1.0,-1.0,-1.0,-1.0,-1.0,-1.0,-1.0,0.051854519265394305,1.0
-0.9481454807346057,-0.9917176809506661,-0.9906373784659704,-1.0,-1.0,-1.0,-1.0,-1.0,-1.0,-1.0,-0.9996802046690119,0.051854519265394305,1.0
-0.9917176809506661,-0.9906373784659704,-1.0,-1.0,-1.0,-1.0,-1.0,-1.0,-1.0,-0.9996802046690119,-0.9995203070035178,0.009362621534029558,1.0
-0.9906373784659704,-1.0,-1.0,-1.0,-1.0,-1.0,-1.0,-1.0,-0.9996802046690119,-0.9995203070035178,-1.0,0.009362621534029558,1.0
-1.0,-1.0,-1.0,-1.0,-1.0,-1.0,-1.0,-0.9996802046690119,-0.9995203070035178,-1.0,-0.9962341126627962,0.0037658873372038437,1.0
-1.0,-1.0,-1.0,-1.0,-1.0,-1.0,-0.9996802046690119,-0.9995203070035178,-1.0,-0.9962341126627962,-1.0,0.0037658873372038437,1.0
-1.0,-1.0,-1.0,-1.0,-1.0,-0.9996802046690119,-0.9995203070035178,-1.0,-0.9962341126627962,-1.0,-0.9983028619918228,0.0037658873372038437,1.0
-1.0,-1.0,-1.0,-1.0,-0.9996802046690119,-0.9995203070035178,-1.0,-0.9962341126627962,-1.0,-0.9983028619918228,-0.9978400061714109,0.0037658873372038437,1.0
-1.0,-1.0,-1.0,-0.9996802046690119,-0.9995203070035178,-1.0,-0.9962341126627962,-1.0,-0.9983028619918228,-0.9978400061714109,-0.9973771503509989,0.0037658873372038437,1.0
-1.0,-1.0,-0.9996802046690119,-0.9995203070035178,-1.0,-0.9962341126627962,-1.0,-0.9983028619918228,-0.9978400061714109,-0.9973771503509989,-0.9964514387101752,0.0037658873372038437,1.0
-1.0,-0.9996802046690119,-0.9995203070035178,-1.0,-0.9962341126627962,-1.0,-0.9983028619918228,-0.9978400061714109,-0.9973771503509989,-0.9964514387101752,-0.9956800123428219,0.004319987657178115,1.0
-0.9996802046690119,-0.9995203070035178,-1.0,-0.9962341126627962,-1.0,-0.9983028619918228,-0.9978400061714109,-0.9973771503509989,-0.9964514387101752,-0.9956800123428219,-0.9939828743346447,0.006017125665355283,1.0
-0.9995203070035178,-1.0,-0.9962341126627962,-1.0,-0.9983028619918228,-0.9978400061714109,-0.9973771503509989,-0.9964514387101752,-0.9956800123428219,-0.9939828743346447,-0.9912057394121732,0.008794260587826841,1.0
-1.0,-0.9962341126627962,-1.0,-0.9983028619918228,-0.9978400061714109,-0.9973771503509989,-0.9964514387101752,-0.9956800123428219,-0.9939828743346447,-0.9912057394121732,-0.9892000308570547,0.010799969142945343,1.0
-0.9962341126627962,-1.0,-0.9983028619918228,-0.9978400061714109,-0.9973771503509989,-0.9964514387101752,-0.9956800123428219,-0.9939828743346447,-0.9912057394121732,-0.9892000308570547,-0.9879657486692895,0.012034251330710455,1.0
-1.0,-0.9983028619918228,-0.9978400061714109,-0.9973771503509989,-0.9964514387101752,-0.9956800123428219,-0.9939828743346447,-0.9912057394121732,-0.9892000308570547,-0.9879657486692895,-0.9876571781223482,0.012342821877651788,1.0
-0.9983028619918228,-0.9978400061714109,-0.9973771503509989,-0.9964514387101752,-0.9956800123428219,-0.9939828743346447,-0.9912057394121732,-0.9892000308570547,-0.9879657486692895,-0.9876571781223482,-0.9893543161305254,0.01064568386947462,1.0
-0.9978400061714109,-0.9973771503509989,-0.9964514387101752,-0.9956800123428219,-0.9939828743346447,-0.9912057394121732,-0.9892000308570547,-0.9879657486692895,-0.9876571781223482,-0.9893543161305254,-0.9893543161305254,0.010182828049062675,1.0
-0.9973771503509989,-0.9964514387101752,-0.9956800123428219,-0.9939828743346447,-0.9912057394121732,-0.9892000308570547,-0.9879657486692895,-0.9876571781223482,-0.9893543161305254,-0.9893543161305254,-0.9893543161305254,0.00971997222865073,1.0
-0.9964514387101752,-0.9956800123428219,-0.9939828743346447,-0.9912057394121732,-0.9892000308570547,-0.9879657486692895,-0.9876571781223482,-0.9893543161305254,-0.9893543161305254,-0.9893543161305254,-0.9882743192162308,0.008794260587826952,1.0
-0.9956800123428219,-0.9939828743346447,-0.9912057394121732,-0.9892000308570547,-0.9879657486692895,-0.9876571781223482,-0.9893543161305254,-0.9893543161305254,-0.9893543161305254,-0.9882743192162308,-0.9876571781223482,0.008022834220473674,1.0
-0.9939828743346447,-0.9912057394121732,-0.9892000308570547,-0.9879657486692895,-0.9876571781223482,-0.9893543161305254,-0.9893543161305254,-0.9893543161305254,-0.9882743192162308,-0.9876571781223482,-0.9867314664815243,0.007251407853120395,1.0
-0.9912057394121732,-0.9892000308570547,-0.9879657486692895,-0.9876571781223482,-0.9893543161305254,-0.9893543161305254,-0.9893543161305254,-0.9882743192162308,-0.9876571781223482,-0.9867314664815243,-0.9847257579264059,0.006479981485767228,1.0
-0.9892000308570547,-0.9879657486692895,-0.9876571781223482,-0.9893543161305254,-0.9893543161305254,-0.9893543161305254,-0.9882743192162308,-0.9876571781223482,-0.9867314664815243,-0.9847257579264059,-0.9845714726529353,0.00478284347759006,1.0
-0.9879657486692895,-0.9876571781223482,-0.9893543161305254,-0.9893543161305254,-0.9893543161305254,-0.9882743192162308,-0.9876571781223482,-0.9867314664815243,-0.9847257579264059,-0.9845714726529353,-0.9853428990202885,0.00478284347759006,1.0
-0.9876571781223482,-0.9893543161305254,-0.9893543161305254,-0.9893543161305254,-0.9882743192162308,-0.9876571781223482,-0.9867314664815243,-0.9847257579264059,-0.9845714726529353,-0.9853428990202885,-0.9859600401141712,0.00478284347759006,1.0
-0.9893543161305254,-0.9893543161305254,-0.9893543161305254,-0.9882743192162308,-0.9876571781223482,-0.9867314664815243,-0.9847257579264059,-0.9845714726529353,-0.9853428990202885,-0.9859600401141712,-0.9858057548407004,0.00478284347759006,1.0
-0.9893543161305254,-0.9893543161305254,-0.9882743192162308,-0.9876571781223482,-0.9867314664815243,-0.9847257579264059,-0.9845714726529353,-0.9853428990202885,-0.9859600401141712,-0.9858057548407004,-0.9841086168325234,0.0052456992980020045,1.0
-0.9893543161305254,-0.9882743192162308,-0.9876571781223482,-0.9867314664815243,-0.9847257579264059,-0.9845714726529353,-0.9853428990202885,-0.9859600401141712,-0.9858057548407004,-0.9841086168325234,-0.9833371904651701,0.006017125665355283,1.0
-0.9882743192162308,-0.9876571781223482,-0.9867314664815243,-0.9847257579264059,-0.9845714726529353,-0.9853428990202885,-0.9859600401141712,-0.9858057548407004,-0.9841086168325234,-0.9833371904651701,-0.9824114788243462,0.005862840391884561,1.0
-0.9876571781223482,-0.9867314664815243,-0.9847257579264059,-0.9845714726529353,-0.9853428990202885,-0.9859600401141712,-0.9858057548407004,-0.9841086168325234,-0.9833371904651701,-0.9824114788243462,-0.9816400524569929,0.006017125665355283,1.0
-0.9867314664815243,-0.9847257579264059,-0.9845714726529353,-0.9853428990202885,-0.9859600401141712,-0.9858057548407004,-0.9841086168325234,-0.9833371904651701,-0.9824114788243462,-0.9816400524569929,-0.9819486230039343,0.005091414024531393,1.0
-0.9847257579264059,-0.9845714726529353,-0.9853428990202885,-0.9859600401141712,-0.9858057548407004,-0.9841086168325234,-0.9833371904651701,-0.9824114788243462,-0.9816400524569929,-0.9819486230039343,-0.9813314819100517,0.004628558204119448,1.0
-0.9845714726529353,-0.9853428990202885,-0.9859600401141712,-0.9858057548407004,-0.9841086168325234,-0.9833371904651701,-0.9824114788243462,-0.9816400524569929,-0.9819486230039343,-0.9813314819100517,-0.9814857671835223,0.004628558204119448,1.0
-0.9853428990202885,-0.9859600401141712,-0.9858057548407004,-0.9841086168325234,-0.9833371904651701,-0.9824114788243462,-0.9816400524569929,-0.9819486230039343,-0.9813314819100517,-0.9814857671835223,-0.9810229113631104,0.004937128751060782,1.0
-0.9859600401141712,-0.9858057548407004,-0.9841086168325234,-0.9833371904651701,-0.9824114788243462,-0.9816400524569929,-0.9819486230039343,-0.9813314819100517,-0.9814857671835223,-0.9810229113631104,-0.9805600555426984,0.005399984571472727,1.0
-0.9858057548407004,-0.9841086168325234,-0.9833371904651701,-0.9824114788243462,-0.9816400524569929,-0.9819486230039343,-0.9813314819100517,-0.9814857671835223,-0.9810229113631104,-0.9805600555426984,-0.9794800586284039,0.0063256962122965055,1.0
-0.9841086168325234,-0.9833371904651701,-0.9824114788243462,-0.9816400524569929,-0.9819486230039343,-0.9813314819100517,-0.9814857671835223,-0.9810229113631104,-0.9805600555426984,-0.9794800586284039,-0.9770114942528736,0.007097122579649784,1.0
-0.9833371904651701,-0.9824114788243462,-0.9816400524569929,-0.9819486230039343,-0.9813314819100517,-0.9814857671835223,-0.9810229113631104,-0.9805600555426984,-0.9794800586284039,-0.9770114942528736,-0.9765486384324616,0.00678855203270845,1.0
-0.9824114788243462,-0.9816400524569929,-0.9819486230039343,-0.9813314819100517,-0.9814857671835223,-0.9810229113631104,-0.9805600555426984,-0.9794800586284039,-0.9770114942528736,-0.9765486384324616,-0.9771657795263442,0.005862840391884561,1.0
-0.9816400524569929,-0.9819486230039343,-0.9813314819100517,-0.9814857671835223,-0.9810229113631104,-0.9805600555426984,-0.9794800586284039,-0.9770114942528736,-0.9765486384324616,-0.9771657795263442,-0.9774743500732855,0.005399984571472616,1.0
-0.9819486230039343,-0.9813314819100517,-0.9814857671835223,-0.9810229113631104,-0.9805600555426984,-0.9794800586284039,-0.9770114942528736,-0.9765486384324616,-0.9771657795263442,-0.9774743500732855,-0.9777829206202268,0.005399984571472616,1.0
-0.9813314819100517,-0.9814857671835223,-0.9810229113631104,-0.9805600555426984,-0.9794800586284039,-0.9770114942528736,-0.9765486384324616,-0.9771657795263442,-0.9774743500732855,-0.9777829206202268,-0.9768572089794029,0.004937128751060671,1.0
-0.9814857671835223,-0.9810229113631104,-0.9805600555426984,-0.9794800586284039,-0.9770114942528736,-0.9765486384324616,-0.9771657795263442,-0.9774743500732855,-0.9777829206202268,-0.9768572089794029,-0.9776286353467561,0.004937128751060671,1.0
-0.9810229113631104,-0.9805600555426984,-0.9794800586284039,-0.9770114942528736,-0.9765486384324616,-0.9771657795263442,-0.9774743500732855,-0.9777829206202268,-0.9768572089794029,-0.9776286353467561,-0.9774743500732855,0.004474272930648726,1.0
-0.9805600555426984,-0.9794800586284039,-0.9770114942528736,-0.9765486384324616,-0.9771657795263442,-0.9774743500732855,-0.9777829206202268,-0.9768572089794029,-0.9776286353467561,-0.9774743500732855,-0.9770114942528736,0.004011417110236781,1.0
-0.9794800586284039,-0.9770114942528736,-0.9765486384324616,-0.9771657795263442,-0.9774743500732855,-0.9777829206202268,-0.9768572089794029,-0.9776286353467561,-0.9774743500732855,-0.9770114942528736,-0.9788629175345214,0.0029314201959422803,1.0
-0.9770114942528736,-0.9765486384324616,-0.9771657795263442,-0.9774743500732855,-0.9777829206202268,-0.9768572089794029,-0.9776286353467561,-0.9774743500732855,-0.9770114942528736,-0.9788629175345214,-0.9788629175345214,0.002314279102059724,1.0
-0.9765486384324616,-0.9771657795263442,-0.9774743500732855,-0.9777829206202268,-0.9768572089794029,-0.9776286353467561,-0.9774743500732855,-0.9770114942528736,-0.9788629175345214,-0.9788629175345214,-0.9810229113631104,0.004474272930648726,1.0
-0.9771657795263442,-0.9774743500732855,-0.9777829206202268,-0.9768572089794029,-0.9776286353467561,-0.9774743500732855,-0.9770114942528736,-0.9788629175345214,-0.9788629175345214,-0.9810229113631104,-0.9822571935508756,0.005399984571472727,1.0
-0.9774743500732855,-0.9777829206202268,-0.9768572089794029,-0.9776286353467561,-0.9774743500732855,-0.9770114942528736,-0.9788629175345214,-0.9788629175345214,-0.9810229113631104,-0.9822571935508756,-0.9722286507752835,0.010028542775592064,1.0
-0.9777829206202268,-0.9768572089794029,-0.9776286353467561,-0.9774743500732855,-0.9770114942528736,-0.9788629175345214,-0.9788629175345214,-0.9810229113631104,-0.9822571935508756,-0.9722286507752835,-0.9069659800971998,0.07529121345367584,1.0
-0.9768572089794029,-0.9776286353467561,-0.9774743500732855,-0.9770114942528736,-0.9788629175345214,-0.9788629175345214,-0.9810229113631104,-0.9822571935508756,-0.9722286507752835,-0.9069659800971998,-0.8633032477050065,0.11895394584586905,1.0
-0.9776286353467561,-0.9774743500732855,-0.9770114942528736,-0.9788629175345214,-0.9788629175345214,-0.9810229113631104,-0.9822571935508756,-0.9722286507752835,-0.9069659800971998,-0.8633032477050065,-0.7611663966674381,0.22109079688343747,1.0
-0.9774743500732855,-0.9770114942528736,-0.9788629175345214,-0.9788629175345214,-0.9810229113631104,-0.9822571935508756,-0.9722286507752835,-0.9069659800971998,-0.8633032477050065,-0.7611663966674381,-0.6823266219239373,0.29993057162693826,1.0
-0.9770114942528736,-0.9788629175345214,-0.9788629175345214,-0.9810229113631104,-0.9822571935508756,-0.9722286507752835,-0.9069659800971998,-0.8633032477050065,-0.7611663966674381,-0.6823266219239373,-0.54470415798812,0.4375530355627556,2.0
-0.9788629175345214,-0.9788629175345214,-0.9810229113631104,-0.9822571935508756,-0.9722286507752835,-0.9069659800971998,-0.8633032477050065,-0.7611663966674381,-0.6823266219239373,-0.54470415798812,-0.3930417341664738,0.5892154593844018,2.0
-0.9788629175345214,-0.9810229113631104,-0.9822571935508756,-0.9722286507752835,-0.9069659800971998,-0.8633032477050065,-0.7611663966674381,-0.6823266219239373,-0.54470415798812,-0.3930417341664738,-0.26791637738177887,0.7143408161690967,2.0
-0.9810229113631104,-0.9822571935508756,-0.9722286507752835,-0.9069659800971998,-0.8633032477050065,-0.7611663966674381,-0.6823266219239373,-0.54470415798812,-0.3930417341664738,-0.26791637738177887,-0.09064259816400522,0.8916145953868704,2.0
-0.9822571935508756,-0.9722286507752835,-0.9069659800971998,-0.8633032477050065,-0.7611663966674381,-0.6823266219239373,-0.54470415798812,-0.3930417341664738,-0.26791637738177887,-0.09064259816400522,0.09511687109465394,1.0773740646455296,2.0
-0.9722286507752835,-0.9069659800971998,-0.8633032477050065,-0.7611663966674381,-0.6823266219239373,-0.54470415798812,-0.3930417341664738,-0.26791637738177887,-0.09064259816400522,0.09511687109465394,0.2898248862146109,1.2620535369898944,2.0
-0.9069659800971998,-0.8633032477050065,-0.7611663966674381,-0.6823266219239373,-0.54470415798812,-0.3930417341664738,-0.26791637738177887,-0.09064259816400522,0.09511687109465394,0.2898248862146109,0.4519787086322611,1.3589446887294607,2.0
-0.8633032477050065,-0.7611663966674381,-0.6823266219239373,-0.54470415798812,-0.3930417341664738,-0.26791637738177887,-0.09064259816400522,0.09511687109465394,0.2898248862146109,0.4519787086322611,0.609812543392733,1.4731157910977397,2.0
-0.7611663966674381,-0.6823266219239373,-0.54470415798812,-0.3930417341664738,-0.26791637738177887,-0.09064259816400522,0.09511687109465394,0.2898248862146109,0.4519787086322611,0.609812543392733,0.7176579495487156,1.4788243462161539,2.0
-0.6823266219239373,-0.54470415798812,-0.3930417341664738,-0.26791637738177887,-0.09064259816400522,0.09511687109465394,0.2898248862146109,0.4519787086322611,0.609812543392733,0.7176579495487156,0.894160302399136,1.5764869243230732,2.0
-0.54470415798812,-0.3930417341664738,-0.26791637738177887,-0.09064259816400522,0.09511687109465394,0.2898248862146109,0.4519787086322611,0.609812543392733,0.7176579495487156,0.894160302399136,1.0,1.54470415798812,2.0
-0.3930417341664738,-0.26791637738177887,-0.09064259816400522,0.09511687109465394,0.2898248862146109,0.4519787086322611,0.609812543392733,0.7176579495487156,0.894160302399136,1.0,1.0,1.3930417341664738,2.0
-0.26791637738177887,-0.09064259816400522,0.09511687109465394,0.2898248862146109,0.4519787086322611,0.609812543392733,0.7176579495487156,0.894160302399136,1.0,1.0,1.0,1.2679163773817788,2.0
-0.09064259816400522,0.09511687109465394,0.2898248862146109,0.4519787086322611,0.609812543392733,0.7176579495487156,0.894160302399136,1.0,1.0,1.0,1.0,1.0906425981640053,2.0
0.09511687109465394,0.2898248862146109,0.4519787086322611,0.609812543392733,0.7176579495487156,0.894160302399136,1.0,1.0,1.0,1.0,1.0,0.9048831289053461,2.0
0.2898248862146109,0.4519787086322611,0.609812543392733,0.7176579495487156,0.894160302399136,1.0,1.0,1.0,1.0,1.0,1.0,0.7101751137853891,3.0
0.4519787086322611,0.609812543392733,0.7176579495487156,0.894160302399136,1.0,1.0,1.0,1.0,1.0,1.0,1.0,0.5480212913677389,3.0
0.609812543392733,0.7176579495487156,0.894160302399136,1.0,1.0,1.0,1.0,1.0,1.0,1.0,1.0,0.39018745660726695,3.0
0.7176579495487156,0.894160302399136,1.0,1.0,1.0,1.0,1.0,1.0,1.0,1.0,1.0,0.28234205045128435,3.0
0.894160302399136,1.0,1.0,1.0,1.0,1.0,1.0,1.0,1.0,1.0,1.0,0.10583969760086398,3.0
1.0,1.0,1.0,1.0,1.0,1.0,1.0,1.0,1.0,1.0,1.0,0.0,3.0
1.0,1.0,1.0,1.0,1.0,1.0,1.0,1.0,1.0,1.0,0.9855389476242558,0.014461052375744243,3.0
1.0,1.0,1.0,1.0,1.0,1.0,1.0,1.0,1.0,0.9855389476242558,0.9617207437112651,0.03827925628873485,3.0
1.0,1.0,1.0,1.0,1.0,1.0,1.0,1.0,0.9855389476242558,0.9617207437112651,0.9539433710049823,0.04605662899501772,3.0
1.0,1.0,1.0,1.0,1.0,1.0,1.0,0.9855389476242558,0.9617207437112651,0.9539433710049823,0.9295175598493135,0.0704824401506865,3.0
1.0,1.0,1.0,1.0,1.0,1.0,0.9855389476242558,0.9617207437112651,0.9539433710049823,0.9295175598493135,0.9213756227974237,0.07862437720257631,3.0
1.0,1.0,1.0,1.0,1.0,0.9855389476242558,0.9617207437112651,0.9539433710049823,0.9295175598493135,0.9213756227974237,0.9013245837890387,0.09867541621096132,3.0
1.0,1.0,1.0,1.0,0.9855389476242558,0.9617207437112651,0.9539433710049823,0.9295175598493135,0.9213756227974237,0.9013245837890387,0.8406853809697412,0.1593146190302588,3.0
1.0,1.0,1.0,0.9855389476242558,0.9617207437112651,0.9539433710049823,0.9295175598493135,0.9213756227974237,0.9013245837890387,0.8406853809697412,0.7697168550249118,0.23028314497508817,3.0
1.0,1.0,0.9855389476242558,0.9617207437112651,0.9539433710049823,0.9295175598493135,0.9213756227974237,0.9013245837890387,0.8406853809697412,0.7697168550249118,0.7222019686474663,0.27779803135253367,3.0
1.0,0.9855389476242558,0.9617207437112651,0.9539433710049823,0.9295175598493135,0.9213756227974237,0.9013245837890387,0.8406853809697412,0.7697168550249118,0.7222019686474663,0.6658160165269169,0.3341839834730831,3.0
0.9855389476242558,0.9617207437112651,0.9539433710049823,0.9295175598493135,0.9213756227974237,0.9013245837890387,0.8406853809697412,0.7697168550249118,0.7222019686474663,0.6658160165269169,0.5694495078381334,0.41608943978612234,0.0
0.9617207437112651,0.9539433710049823,0.9295175598493135,0.9213756227974237,0.9013245837890387,0.8406853809697412,0.7697168550249118,0.7222019686474663,0.6658160165269169,0.5694495078381334,0.49714424595941176,0.4645764977518534,0.0
0.9539433710049823,0.9295175598493135,0.9213756227974237,0.9013245837890387,0.8406853809697412,0.7697168550249118,0.7222019686474663,0.6658160165269169,0.5694495078381334,0.49714424595941176,0.4193705188965853,0.534572852108397,0.0
0.9295175598493135,0.9213756227974237,0.9013245837890387,0.8406853809697412,0.7697168550249118,0.7222019686474663,0.6658160165269169,0.5694495078381334,0.49714424595941176,0.4193705188965853,0.3411107060396159,0.5884068538096976,0.0
0.9213756227974237,0.9013245837890387,0.8406853809697412,0.7697168550249118,0.7222019686474663,0.6658160165269169,0.5694495078381334,0.49714424595941176,0.4193705188965853,0.3411107060396159,0.2016040831206709,0.7197715396767528,0.0
0.9013245837890387,0.8406853809697412,0.7697168550249118,0.7222019686474663,0.6658160165269169,0.5694495078381334,0.49714424595941176,0.4193705188965853,0.3411107060396159,0.2016040831206709,0.10171345242435281,0.7996111313646859,0.0
0.8406853809697412,0.7697168550249118,0.7222019686474663,0.6658160165269169,0.5694495078381334,0.49714424595941176,0.4193705188965853,0.3411107060396159,0.2016040831206709,0.10171345242435281,0.010207801676995976,0.8304775792927452,0.0
0.7697168550249118,0.7222019686474663,0.6658160165269169,0.5694495078381334,0.49714424595941176,0.4193705188965853,0.3411107060396159,0.2016040831206709,0.10171345242435281,0.010207801676995976,-0.0748572122979706,0.8445740673228824,0.0
0.7222019686474663,0.6658160165269169,0.5694495078381334,0.49714424595941176,0.4193705188965853,0.3411107060396159,0.2016040831206709,0.10171345242435281,0.010207801676995976,-0.0748572122979706,-0.12237209867541621,0.8445740673228825,0.0
0.6658160165269169,0.5694495078381334,0.49714424595941176,0.4193705188965853,0.3411107060396159,0.2016040831206709,0.10171345242435281,0.010207801676995976,-0.0748572122979706,-0.12237209867541621,-0.16283874103779317,0.8286547575647101,0.0
0.5694495078381334,0.49714424595941176,0.4193705188965853,0.3411107060396159,0.2016040831206709,0.10171345242435281,0.010207801676995976,-0.0748572122979706,-0.12237209867541621,-0.16283874103779317,-0.2267590229675538,0.7962085308056872,0.0
0.49714424595941176,0.4193705188965853,0.3411107060396159,0.2016040831206709,0.10171345242435281,0.010207801676995976,-0.0748572122979706,-0.12237209867541621,-0.16283874103779317,-0.2267590229675538,-0.28192976060274644,0.7790740065621582,0.0
0.4193705188965853,0.3411107060396159,0.2016040831206709,0.10171345242435281,0.010207801676995976,-0.0748572122979706,-0.12237209867541621,-0.16283874103779317,-0.2267590229675538,-0.28192976060274644,-0.2972414631182404,0.7166119820148257,0.0
0.3411107060396159,0.2016040831206709,0.10171345242435281,0.010207801676995976,-0.0748572122979706,-0.12237209867541621,-0.16283874103779317,-0.2267590229675538,-0.28192976060274644,-0.2972414631182404,-0.3366144124437963,0.6777251184834122,0.0
0.2016040831206709,0.10171345242435281,0.010207801676995976,-0.0748572122979706,-0.12237209867541621,-0.16283874103779317,-0.2267590229675538,-0.28192976060274644,-0.2972414631182404,-0.3366144124437963,-0.36869607485721234,0.5703001579778832,0.0
0.10171345242435281,0.010207801676995976,-0.0748572122979706,-0.12237209867541621,-0.16283874103779317,-0.2267590229675538,-0.28192976060274644,-0.2972414631182404,-0.3366144124437963,-0.36869607485721234,-0.3956738364321303,0.4973872888564831,0.0
0.010207801676995976,-0.0748572122979706,-0.12237209867541621,-0.16283874103779317,-0.2267590229675538,-0.28192976060274644,-0.2972414631182404,-0.3366144124437963,-0.36869607485721234,-0.3956738364321303,-0.3832786486814923,0.40588163810912625,0.0
-0.0748572122979706,-0.12237209867541621,-0.16283874103779317,-0.2267590229675538,-0.28192976060274644,-0.2972414631182404,-0.3366144124437963,-0.36869607485721234,-0.3956738364321303,-0.3832786486814923,-0.3652934742982137,0.3208166241341597,0.0
-0.12237209867541621,-0.16283874103779317,-0.2267590229675538,-0.28192976060274644,-0.2972414631182404,-0.3366144124437963,-0.36869607485721234,-0.3956738364321303,-0.3832786486814923,-0.3652934742982137,-0.37550127597520966,0.27330173775671407,0.0
-0.16283874103779317,-0.2267590229675538,-0.28192976060274644,-0.2972414631182404,-0.3366144124437963,-0.36869607485721234,-0.3956738364321303,-0.3832786486814923,-0.3652934742982137,-0.37550127597520966,-0.38279256288734964,0.2328350953943371,1.0
-0.2267590229675538,-0.28192976060274644,-0.2972414631182404,-0.3366144124437963,-0.36869607485721234,-0.3956738364321303,-0.3832786486814923,-0.3652934742982137,-0.37550127597520966,-0.38279256288734964,-0.3885040709685259,0.16891481346457649,1.0
-0.28192976060274644,-0.2972414631182404,-0.3366144124437963,-0.36869607485721234,-0.3956738364321303,-0.3832786486814923,-0.3652934742982137,-0.37550127597520966,-0.38279256288734964,-0.3885040709685259,-0.3922712358731316,0.11374407582938384,1.0
-0.2972414631182404,-0.3366144124437963,-0.36869607485721234,-0.3956738364321303,-0.3832786486814923,-0.3652934742982137,-0.37550127597520966,-0.38279256288734964,-0.3885040709685259,-0.3922712358731316,-0.3971320938145583,0.09989063069631787,1.0
-0.3366144124437963,-0.36869607485721234,-0.3956738364321303,-0.3832786486814923,-0.3652934742982137,-0.37550127597520966,-0.38279256288734964,-0.3885040709685259,-0.3922712358731316,-0.3971320938145583,-0.40126382306477093,0.06464941062097462,1.0
-0.36869607485721234,-0.3956738364321303,-0.3832786486814923,-0.3652934742982137,-0.37550127597520966,-0.38279256288734964,-0.3885040709685259,-0.3922712358731316,-0.3971320938145583,-0.40126382306477093,-0.4046664236237696,0.039372949325555906,1.0
-0.3956738364321303,-0.3832786486814923,-0.3652934742982137,-0.37550127597520966,-0.38279256288734964,-0.3885040709685259,-0.3922712358731316,-0.3971320938145583,-0.40126382306477093,-0.4046664236237696,-0.40648924535180464,0.04119577105359096,1.0
-0.3832786486814923,-0.3652934742982137,-0.37550127597520966,-0.38279256288734964,-0.3885040709685259,-0.3922712358731316,-0.3971320938145583,-0.40126382306477093,-0.4046664236237696,-0.40648924535180464,-0.4077044598371613,0.04241098553894762,1.0
-0.3652934742982137,-0.37550127597520966,-0.38279256288734964,-0.3885040709685259,-0.3922712358731316,-0.3971320938145583,-0.40126382306477093,-0.4046664236237696,-0.40648924535180464,-0.4077044598371613,-0.4090411957710536,0.043747721472839896,1.0
-0.37550127597520966,-0.38279256288734964,-0.3885040709685259,-0.3922712358731316,-0.3971320938145583,-0.40126382306477093,-0.4046664236237696,-0.40648924535180464,-0.4077044598371613,-0.4090411957710536,-0.40879815287398225,0.03353991979584392,1.0
-0.38279256288734964,-0.3885040709685259,-0.3922712358731316,-0.3971320938145583,-0.40126382306477093,-0.4046664236237696,-0.40648924535180464,-0.4077044598371613,-0.4090411957710536,-0.40879815287398225,-0.40940576011666063,0.026613197229310992,1.0
-0.3885040709685259,-0.3922712358731316,-0.3971320938145583,-0.40126382306477093,-0.4046664236237696,-0.40648924535180464,-0.4077044598371613,-0.4090411957710536,-0.40879815287398225,-0.40940576011666063,-0.4085551099769109,0.020901689148134728,1.0
-0.3922712358731316,-0.3971320938145583,-0.40126382306477093,-0.4046664236237696,-0.40648924535180464,-0.4077044598371613,-0.4090411957710536,-0.40879815287398225,-0.40940576011666063,-0.4085551099769109,-0.40891967432251797,0.017134524243529015,1.0
-0.3971320938145583,-0.40126382306477093,-0.4046664236237696,-0.40648924535180464,-0.4077044598371613,-0.4090411957710536,-0.40879815287398225,-0.40940576011666063,-0.4085551099769109,-0.40891967432251797,-0.4098918459108033,0.012759752096245025,1.0
-0.40126382306477093,-0.4046664236237696,-0.40648924535180464,-0.4077044598371613,-0.4090411957710536,-0.40879815287398225,-0.40940576011666063,-0.4085551099769109,-0.40891967432251797,-0.4098918459108033,-0.41183618908737396,0.01057236602260303,1.0
-0.4046664236237696,-0.40648924535180464,-0.4077044598371613,-0.4090411957710536,-0.40879815287398225,-0.40940576011666063,-0.4085551099769109,-0.40891967432251797,-0.4098918459108033,-0.41183618908737396,-0.41256531777858796,0.00789889415481837,1.0
-0.40648924535180464,-0.4077044598371613,-0.4090411957710536,-0.40879815287398225,-0.40940576011666063,-0.4085551099769109,-0.40891967432251797,-0.4098918459108033,-0.41183618908737396,-0.41256531777858796,-0.4128083606756593,0.006319115323854652,1.0
-0.4077044598371613,-0.4090411957710536,-0.40879815287398225,-0.40940576011666063,-0.4085551099769109,-0.40891967432251797,-0.4098918459108033,-0.41183618908737396,-0.41256531777858796,-0.4128083606756593,-0.41341596791833757,0.005711508081176264,1.0
-0.4090411957710536,-0.40879815287398225,-0.40940576011666063,-0.4085551099769109,-0.40891967432251797,-0.4098918459108033,-0.41183618908737396,-0.41256531777858796,-0.4128083606756593,-0.41341596791833757,-0.41341596791833757,0.004860857941426655,1.0
-0.40879815287398225,-0.40940576011666063,-0.4085551099769109,-0.40891967432251797,-0.4098918459108033,-0.41183618908737396,-0.41256531777858796,-0.4128083606756593,-0.41341596791833757,-0.41341596791833757,-0.4137805322639446,0.00522542228703371,1.0
-0.40940576011666063,-0.4085551099769109,-0.40891967432251797,-0.4098918459108033,-0.41183618908737396,-0.41256531777858796,-0.4128083606756593,-0.41341596791833757,-0.41341596791833757,-0.4137805322639446,-0.41268683922712357,0.00522542228703371,1.0
-0.4085551099769109,-0.40891967432251797,-0.4098918459108033,-0.41183618908737396,-0.41256531777858796,-0.4128083606756593,-0.41341596791833757,-0.41341596791833757,-0.4137805322639446,-0.41268683922712357,-0.4130514035727306,0.00522542228703371,1.0
-0.40891967432251797,-0.4098918459108033,-0.41183618908737396,-0.41256531777858796,-0.4128083606756593,-0.41341596791833757,-0.41341596791833757,-0.4137805322639446,-0.41268683922712357,-0.4130514035727306,-0.41402357516101596,0.005103900838497988,1.0
-0.4098918459108033,-0.41183618908737396,-0.41256531777858796,-0.4128083606756593,-0.41341596791833757,-0.41341596791833757,-0.4137805322639446,-0.41268683922712357,-0.4130514035727306,-0.41402357516101596,-0.4159679183375866,0.006076072426783319,1.0
-0.41183618908737396,-0.41256531777858796,-0.4128083606756593,-0.41341596791833757,-0.41341596791833757,-0.4137805322639446,-0.41268683922712357,-0.4130514035727306,-0.41402357516101596,-0.4159679183375866,-0.4174261757200146,0.005589986632640653,1.0
-0.41256531777858796,-0.4128083606756593,-0.41341596791833757,-0.41341596791833757,-0.4137805322639446,-0.41268683922712357,-0.4130514035727306,-0.41402357516101596,-0.4159679183375866,-0.4174261757200146,-0.41839834730829994,0.005833029529711986,1.0
-0.4128083606756593,-0.41341596791833757,-0.41341596791833757,-0.4137805322639446,-0.41268683922712357,-0.4130514035727306,-0.41402357516101596,-0.4159679183375866,-0.4174261757200146,-0.41839834730829994,-0.4196135617936566,0.006926722566533039,1.0
-0.41341596791833757,-0.41341596791833757,-0.4137805322639446,-0.41268683922712357,-0.4130514035727306,-0.41402357516101596,-0.4159679183375866,-0.4174261757200146,-0.41839834730829994,-0.4196135617936566,-0.41997812613926355,0.007291286912139983,1.0
-0.41341596791833757,-0.4137805322639446,-0.41268683922712357,-0.4130514035727306,-0.41402357516101596,-0.4159679183375866,-0.4174261757200146,-0.41839834730829994,-0.4196135617936566,-0.41997812613926355,-0.4197350832421922,0.007291286912139983,1.0
-0.4137805322639446,-0.41268683922712357,-0.4130514035727306,-0.41402357516101596,-0.4159679183375866,-0.4174261757200146,-0.41839834730829994,-0.4196135617936566,-0.41997812613926355,-0.4197350832421922,-0.4202211690363349,0.007534329809211315,1.0
-0.41268683922712357,-0.4130514035727306,-0.41402357516101596,-0.4159679183375866,-0.4174261757200146,-0.41839834730829994,-0.4196135617936566,-0.41997812613926355,-0.4197350832421922,-0.4202211690363349,-0.42058573338194194,0.00789889415481837,1.0
-0.4130514035727306,-0.41402357516101596,-0.4159679183375866,-0.4174261757200146,-0.41839834730829994,-0.4196135617936566,-0.41997812613926355,-0.4197350832421922,-0.4202211690363349,-0.42058573338194194,-0.42131486207315594,0.008263458500425314,1.0
-0.41402357516101596,-0.4159679183375866,-0.4174261757200146,-0.41839834730829994,-0.4196135617936566,-0.41997812613926355,-0.4197350832421922,-0.4202211690363349,-0.42058573338194194,-0.42131486207315594,-0.4239883339409406,0.009964758779924643,1.0
-0.4159679183375866,-0.4174261757200146,-0.41839834730829994,-0.4196135617936566,-0.41997812613926355,-0.4197350832421922,-0.4202211690363349,-0.42058573338194194,-0.42131486207315594,-0.4239883339409406,-0.4248389840806902,0.00887106574310359,1.0
-0.4174261757200146,-0.41839834730829994,-0.4196135617936566,-0.41997812613926355,-0.4197350832421922,-0.4202211690363349,-0.42058573338194194,-0.42131486207315594,-0.4239883339409406,-0.4248389840806902,-0.42593267711751126,0.008506501397496646,1.0
-0.41839834730829994,-0.4196135617936566,-0.41997812613926355,-0.4197350832421922,-0.4202211690363349,-0.42058573338194194,-0.42131486207315594,-0.4239883339409406,-0.4248389840806902,-0.42593267711751126,-0.4269048487057966,0.008506501397496646,1.0
-0.4196135617936566,-0.41997812613926355,-0.4197350832421922,-0.4202211690363349,-0.42058573338194194,-0.42131486207315594,-0.4239883339409406,-0.4248389840806902,-0.42593267711751126,-0.4269048487057966,-0.4261757200145826,0.007291286912139983,1.0
-0.41997812613926355,-0.4197350832421922,-0.4202211690363349,-0.42058573338194194,-0.42131486207315594,-0.4239883339409406,-0.4248389840806902,-0.42593267711751126,-0.4269048487057966,-0.4261757200145826,-0.42581115566897554,0.007169765463604372,1.0
-0.4197350832421922,-0.4202211690363349,-0.42058573338194194,-0.42131486207315594,-0.4239883339409406,-0.4248389840806902,-0.42593267711751126,-0.4269048487057966,-0.4261757200145826,-0.42581115566897554,-0.4255681127719042,0.007169765463604372,1.0
-0.4202211690363349,-0.42058573338194194,-0.42131486207315594,-0.4239883339409406,-0.4248389840806902,-0.42593267711751126,-0.4269048487057966,-0.4261757200145826,-0.42581115566897554,-0.4255681127719042,-0.4261757200145826,0.006683679669461706,1.0
-0.42058573338194194,-0.42131486207315594,-0.4239883339409406,-0.4248389840806902,-0.42593267711751126,-0.4269048487057966,-0.4261757200145826,-0.42581115566897554,-0.4255681127719042,-0.4261757200145826,-0.4277554988455462,0.007169765463604261,1.0
-0.42131486207315594,-0.4239883339409406,-0.4248389840806902,-0.42593267711751126,-0.4269048487057966,-0.4261757200145826,-0.42581115566897554,-0.4255681127719042,-0.4261757200145826,-0.4277554988455462,-0.4283631060882246,0.00704824401506865,1.0
-0.4239883339409406,-0.4248389840806902,-0.42593267711751126,-0.4269048487057966,-0.4261757200145826,-0.42581115566897554,-0.4255681127719042,-0.4261757200145826,-0.4277554988455462,-0.4283631060882246,-0.42945679912504553,0.005468465184104931,1.0
-0.4248389840806902,-0.42593267711751126,-0.4269048487057966,-0.4261757200145826,-0.42581115566897554,-0.4255681127719042,-0.4261757200145826,-0.4277554988455462,-0.4283631060882246,-0.42945679912504553,-0.43042897071333086,0.005589986632640653,1.0
-0.42593267711751126,-0.4269048487057966,-0.4261757200145826,-0.42581115566897554,-0.4255681127719042,-0.4261757200145826,-0.4277554988455462,-0.4283631060882246,-0.42945679912504553,-0.43042897071333086,-0.43042897071333086,0.004860857941426655,1.0
-0.4269048487057966,-0.4261757200145826,-0.42581115566897554,-0.4255681127719042,-0.4261757200145826,-0.4277554988455462,-0.4283631060882246,-0.42945679912504553,-0.43042897071333086,-0.43042897071333086,-0.4300644063677239,0.004860857941426655,1.0
-0.4261757200145826,-0.42581115566897554,-0.4255681127719042,-0.4261757200145826,-0.4277554988455462,-0.4283631060882246,-0.42945679912504553,-0.43042897071333086,-0.43042897071333086,-0.4300644063677239,-0.4300644063677239,0.004860857941426655,1.0
-0.42581115566897554,-0.4255681127719042,-0.4261757200145826,-0.4277554988455462,-0.4283631060882246,-0.42945679912504553,-0.43042897071333086,-0.43042897071333086,-0.4300644063677239,-0.4300644063677239,-0.43042897071333086,0.004860857941426655,1.0
-0.4255681127719042,-0.4261757200145826,-0.4277554988455462,-0.4283631060882246,-0.42945679912504553,-0.43042897071333086,-0.43042897071333086,-0.4300644063677239,-0.4300644063677239,-0.43042897071333086,-0.4316441851986875,0.006076072426783319,1.0
-0.4261757200145826,-0.4277554988455462,-0.4283631060882246,-0.42945679912504553,-0.43042897071333086,-0.43042897071333086,-0.4300644063677239,-0.4300644063677239,-0.43042897071333086,-0.4316441851986875,-0.43334548547818685,0.007169765463604261,1.0
-0.4277554988455462,-0.4283631060882246,-0.42945679912504553,-0.43042897071333086,-0.43042897071333086,-0.4300644063677239,-0.4300644063677239,-0.43042897071333086,-0.4316441851986875,-0.43334548547818685,-0.43539855292758556,0.007643054082039358,1.0
-0.4283631060882246,-0.42945679912504553,-0.43042897071333086,-0.43042897071333086,-0.4300644063677239,-0.4300644063677239,-0.43042897071333086,-0.4316441851986875,-0.43334548547818685,-0.43539855292758556,-0.4366334225249331,0.008270316436708502,1.0
-0.42945679912504553,-0.43042897071333086,-0.43042897071333086,-0.4300644063677239,-0.4300644063677239,-0.43042897071333086,-0.4316441851986875,-0.43334548547818685,-0.43539855292758556,-0.4366334225249331,-0.4376254485736877,0.008168649448642151,1.0
-0.43042897071333086,-0.43042897071333086,-0.4300644063677239,-0.4300644063677239,-0.43042897071333086,-0.4316441851986875,-0.43334548547818685,-0.43539855292758556,-0.4366334225249331,-0.4376254485736877,-0.438150289017341,0.008085882649617071,1.0
-0.43042897071333086,-0.4300644063677239,-0.4300644063677239,-0.43042897071333086,-0.4316441851986875,-0.43334548547818685,-0.43539855292758556,-0.4366334225249331,-0.4376254485736877,-0.438150289017341,-0.4391965916007303,0.009132185233006407,1.0
-0.4300644063677239,-0.4300644063677239,-0.43042897071333086,-0.4316441851986875,-0.43334548547818685,-0.43539855292758556,-0.4366334225249331,-0.4376254485736877,-0.438150289017341,-0.4391965916007303,-0.44076983981972107,0.010705433451997148,1.0
-0.4300644063677239,-0.43042897071333086,-0.4316441851986875,-0.43334548547818685,-0.43539855292758556,-0.4366334225249331,-0.4376254485736877,-0.438150289017341,-0.4391965916007303,-0.44076983981972107,-0.4430827388573867,0.013018332489662776,1.0
-0.43042897071333086,-0.4316441851986875,-0.43334548547818685,-0.43539855292758556,-0.4366334225249331,-0.4376254485736877,-0.438150289017341,-0.4391965916007303,-0.44076983981972107,-0.4430827388573867,-0.44658002318628354,0.016151052472952676,1.0
-0.4316441851986875,-0.43334548547818685,-0.43539855292758556,-0.4366334225249331,-0.4376254485736877,-0.438150289017341,-0.4391965916007303,-0.44076983981972107,-0.4430827388573867,-0.44658002318628354,-0.44792238696686804,0.01627820176818051,1.0
-0.43334548547818685,-0.43539855292758556,-0.4366334225249331,-0.4376254485736877,-0.438150289017341,-0.4391965916007303,-0.44076983981972107,-0.4430827388573867,-0.44658002318628354,-0.44792238696686804,-0.48087131612667033,0.04752583064848348,1.0
-0.43539855292758556,-0.4366334225249331,-0.4376254485736877,-0.438150289017341,-0.4391965916007303,-0.44076983981972107,-0.4430827388573867,-0.44658002318628354,-0.44792238696686804,-0.48087131612667033,-0.48221367990725483,0.046815126979669275,1.0
-0.4366334225249331,-0.4376254485736877,-0.438150289017341,-0.4391965916007303,-0.44076983981972107,-0.4430827388573867,-0.44658002318628354,-0.44792238696686804,-0.48087131612667033,-0.48221367990725483,-0.48245774604917935,0.04582432352424626,1.0
-0.4376254485736877,-0.438150289017341,-0.4391965916007303,-0.44076983981972107,-0.4430827388573867,-0.44658002318628354,-0.44792238696686804,-0.48087131612667033,-0.48221367990725483,-0.48245774604917935,-0.48355604368783944,0.04593059511415176,1.0
-0.438150289017341,-0.4391965916007303,-0.44076983981972107,-0.4430827388573867,-0.44658002318628354,-0.44792238696686804,-0.48087131612667033,-0.48221367990725483,-0.48245774604917935,-0.48355604368783944,-0.48467830545720914,0.04652801643986815,1.0
-0.4391965916007303,-0.44076983981972107,-0.4430827388573867,-0.44658002318628354,-0.44792238696686804,-0.48087131612667033,-0.48221367990725483,-0.48245774604917935,-0.48355604368783944,-0.48467830545720914,-0.48540725363292225,0.04621066203219193,1.0
-0.44076983981972107,-0.4430827388573867,-0.44658002318628354,-0.44792238696686804,-0.48087131612667033,-0.48221367990725483,-0.48245774604917935,-0.48355604368783944,-0.48467830545720914,-0.48540725363292225,-0.519301246029807,0.07853140621008592,1.0
-0.4430827388573867,-0.44658002318628354,-0.44792238696686804,-0.48087131612667033,-0.48221367990725483,-0.48245774604917935,-0.48355604368783944,-0.48467830545720914,-0.48540725363292225,-0.519301246029807,-0.5519032198936885,0.10882048103630182,1.0
-0.44658002318628354,-0.44792238696686804,-0.48087131612667033,-0.48221367990725483,-0.48245774604917935,-0.48355604368783944,-0.48467830545720914,-0.48540725363292225,-0.519301246029807,-0.5519032198936885,-0.5844076495387059,0.1378276263524224,1.0
-0.44792238696686804,-0.48087131612667033,-0.48221367990725483,-0.48245774604917935,-0.48355604368783944,-0.48467830545720914,-0.48540725363292225,-0.519301246029807,-0.5519032198936885,-0.5844076495387059,-0.6167898820797947,0.16886749511292665,1.0
-0.48087131612667033,-0.48221367990725483,-0.48245774604917935,-0.48355604368783944,-0.48467830545720914,-0.48540725363292225,-0.519301246029807,-0.5519032198936885,-0.5844076495387059,-0.6167898820797947,-0.6163010936640801,0.13591856595312435,1.0
-0.48221367990725483,-0.48245774604917935,-0.48355604368783944,-0.48467830545720914,-0.48540725363292225,-0.519301246029807,-0.5519032198936885,-0.5844076495387059,-0.6167898820797947,-0.6163010936640801,-0.6166442624954174,0.13457620217253985,1.0
-0.48245774604917935,-0.48355604368783944,-0.48467830545720914,-0.48540725363292225,-0.519301246029807,-0.5519032198936885,-0.5844076495387059,-0.6167898820797947,-0.6163010936640801,-0.6166442624954174,-0.5856924487924182,0.13433213603061533,1.0
-0.48355604368783944,-0.48467830545720914,-0.48540725363292225,-0.519301246029807,-0.5519032198936885,-0.5844076495387059,-0.6167898820797947,-0.6163010936640801,-0.6166442624954174,-0.5856924487924182,-0.5842201834862386,0.13323383839195524,1.0
-0.48467830545720914,-0.48540725363292225,-0.519301246029807,-0.5519032198936885,-0.5844076495387059,-0.6167898820797947,-0.6163010936640801,-0.6166442624954174,-0.5856924487924182,-0.5842201834862386,-0.5799069995105237,0.13211157662258555,1.0
-0.48540725363292225,-0.519301246029807,-0.5519032198936885,-0.5844076495387059,-0.6167898820797947,-0.6163010936640801,-0.6166442624954174,-0.5856924487924182,-0.5842201834862386,-0.5799069995105237,-0.5675212629260233,0.13138262844687243,1.0
-0.519301246029807,-0.5519032198936885,-0.5844076495387059,-0.6167898820797947,-0.6163010936640801,-0.6166442624954174,-0.5856924487924182,-0.5842201834862386,-0.5799069995105237,-0.5675212629260233,-0.5778008933488343,0.0974886360499877,1.0
-0.5519032198936885,-0.5844076495387059,-0.6167898820797947,-0.6163010936640801,-0.6166442624954174,-0.5856924487924182,-0.5842201834862386,-0.5799069995105237,-0.5675212629260233,-0.5778008933488343,-0.5795141650859695,0.06488666218610617,1.0
-0.5844076495387059,-0.6167898820797947,-0.6163010936640801,-0.6166442624954174,-0.5856924487924182,-0.5842201834862386,-0.5799069995105237,-0.5675212629260233,-0.5778008933488343,-0.5795141650859695,-0.5089028942054703,0.10788698787432438,1.0
-0.6167898820797947,-0.6163010936640801,-0.6166442624954174,-0.5856924487924182,-0.5842201834862386,-0.5799069995105237,-0.5675212629260233,-0.5778008933488343,-0.5795141650859695,-0.5089028942054703,-0.46154316832894815,0.15524671375084653,1.0
-0.6163010936640801,-0.6166442624954174,-0.5856924487924182,-0.5842201834862386,-0.5799069995105237,-0.5675212629260233,-0.5778008933488343,-0.5795141650859695,-0.5089028942054703,-0.46154316832894815,-0.4052499541087927,0.21139430838662465,1.0
-0.6166442624954174,-0.5856924487924182,-0.5842201834862386,-0.5799069995105237,-0.5675212629260233,-0.5778008933488343,-0.5795141650859695,-0.5089028942054703,-0.46154316832894815,-0.4052499541087927,-0.30918436027657104,0.30745990221884634,1.0
-0.5856924487924182,-0.5842201834862386,-0.5799069995105237,-0.5675212629260233,-0.5778008933488343,-0.5795141650859695,-0.5089028942054703,-0.46154316832894815,-0.4052499541087927,-0.30918436027657104,-0.23832833629076666,0.34736411250165156,2.0
-0.5842201834862386,-0.5799069995105237,-0.5675212629260233,-0.5778008933488343,-0.5795141650859695,-0.5089028942054703,-0.46154316832894815,-0.4052499541087927,-0.30918436027657104,-0.23832833629076666,-0.16037447225111667,0.42384571123512194,2.0
-0.5799069995105237,-0.5675212629260233,-0.5778008933488343,-0.5795141650859695,-0.5089028942054703,-0.46154316832894815,-0.4052499541087927,-0.30918436027657104,-0.23832833629076666,-0.16037447225111667,-0.10775255461053657,0.47215444489998715,2.0
-0.5675212629260233,-0.5778008933488343,-0.5795141650859695,-0.5089028942054703,-0.46154316832894815,-0.4052499541087927,-0.30918436027657104,-0.23832833629076666,-0.16037447225111667,-0.10775255461053657,-0.05096983417977119,0.5285443309061983,2.0
-0.5778008933488343,-0.5795141650859695,-0.5089028942054703,-0.46154316832894815,-0.4052499541087927,-0.30918436027657104,-0.23832833629076666,-0.16037447225111667,-0.10775255461053657,-0.05096983417977119,0.03995594444104511,0.6194701095270146,2.0
-0.5795141650859695,-0.5089028942054703,-0.46154316832894815,-0.4052499541087927,-0.30918436027657104,-0.23832833629076666,-0.16037447225111667,-0.10775255461053657,-0.05096983417977119,0.03995594444104511,0.12941320443003113,0.7089273695160007,2.0
-0.5089028942054703,-0.46154316832894815,-0.4052499541087927,-0.30918436027657104,-0.23832833629076666,-0.16037447225111667,-0.10775255461053657,-0.05096983417977119,0.03995594444104511,0.12941320443003113,0.24738420118705262,0.7562870953925229,2.0
-0.46154316832894815,-0.4052499541087927,-0.30918436027657104,-0.23832833629076666,-0.16037447225111667,-0.10775255461053657,-0.05096983417977119,0.03995594444104511,0.12941320443003113,0.24738420118705262,0.3293764914642354,0.7909196597931836,2.0
-0.4052499541087927,-0.30918436027657104,-0.23832833629076666,-0.16037447225111667,-0.10775255461053657,-0.05096983417977119,0.03995594444104511,0.12941320443003113,0.24738420118705262,0.3293764914642354,0.37649146423545243,0.7817414183442452,2.0
-0.30918436027657104,-0.23832833629076666,-0.16037447225111667,-0.10775255461053657,-0.05096983417977119,0.03995594444104511,0.12941320443003113,0.24738420118705262,0.3293764914642354,0.37649146423545243,0.44991739582695955,0.7591017561035306,2.0
-0.23832833629076666,-0.16037447225111667,-0.10775255461053657,-0.05096983417977119,0.03995594444104511,0.12941320443003113,0.24738420118705262,0.3293764914642354,0.37649146423545243,0.44991739582695955,0.5178363825491037,0.7561647188398704,2.0
-0.16037447225111667,-0.10775255461053657,-0.05096983417977119,0.03995594444104511,0.12941320443003113,0.24738420118705262,0.3293764914642354,0.37649146423545243,0.44991739582695955,0.5178363825491037,0.5817169430337148,0.7420914152848315,2.0
-0.10775255461053657,-0.05096983417977119,0.03995594444104511,0.12941320443003113,0.24738420118705262,0.3293764914642354,0.37649146423545243,0.44991739582695955,0.5178363825491037,0.5817169430337148,0.6420485834914031,0.7498011381019397,2.0
-0.05096983417977119,0.03995594444104511,0.12941320443003113,0.24738420118705262,0.3293764914642354,0.37649146423545243,0.44991739582695955,0.5178363825491037,0.5817169430337148,0.6420485834914031,0.6976287013146578,0.748598535494429,2.0
0.03995594444104511,0.12941320443003113,0.24738420118705262,0.3293764914642354,0.37649146423545243,0.44991739582695955,0.5178363825491037,0.5817169430337148,0.6420485834914031,0.6976287013146578,0.7749605802585935,0.7350046358175484,2.0
0.12941320443003113,0.24738420118705262,0.3293764914642354,0.37649146423545243,0.44991739582695955,0.5178363825491037,0.5817169430337148,0.6420485834914031,0.6976287013146578,0.7749605802585935,0.8543539686617005,0.7249407642316694,2.0
0.24738420118705262,0.3293764914642354,0.37649146423545243,0.44991739582695955,0.5178363825491037,0.5817169430337148,0.6420485834914031,0.6976287013146578,0.7749605802585935,0.8543539686617005,0.8960429242119383,0.6486587230248857,2.0
0.3293764914642354,0.37649146423545243,0.44991739582695955,0.5178363825491037,0.5817169430337148,0.6420485834914031,0.6976287013146578,0.7749605802585935,0.8543539686617005,0.8960429242119383,0.9031877213695396,0.5738112299053042,2.0
0.37649146423545243,0.44991739582695955,0.5178363825491037,0.5817169430337148,0.6420485834914031,0.6976287013146578,0.7749605802585935,0.8543539686617005,0.8960429242119383,0.9031877213695396,0.9043458947212557,0.5278544304858033,2.0
0.44991739582695955,0.5178363825491037,0.5817169430337148,0.6420485834914031,0.6976287013146578,0.7749605802585935,0.8543539686617005,0.8960429242119383,0.9031877213695396,0.9043458947212557,0.9446753835688912,0.4947579877419317,2.0
0.5178363825491037,0.5817169430337148,0.6420485834914031,0.6976287013146578,0.7749605802585935,0.8543539686617005,0.8960429242119383,0.9031877213695396,0.9043458947212557,0.9446753835688912,0.9780817776434132,0.4602453950943095,2.0
0.5817169430337148,0.6420485834914031,0.6976287013146578,0.7749605802585935,0.8543539686617005,0.8960429242119383,0.9031877213695396,0.9043458947212557,0.9446753835688912,0.9780817776434132,1.0,0.4182830569662852,2.0
0.6420485834914031,0.6976287013146578,0.7749605802585935,0.8543539686617005,0.8960429242119383,0.9031877213695396,0.9043458947212557,0.9446753835688912,0.9780817776434132,1.0,1.0,0.35795141650859685,2.0
0.6976287013146578,0.7749605802585935,0.8543539686617005,0.8960429242119383,0.9031877213695396,0.9043458947212557,0.9446753835688912,0.9780817776434132,1.0,1.0,0.9528799595287996,0.3023712986853422,2.0
0.7749605802585935,0.8543539686617005,0.8960429242119383,0.9031877213695396,0.9043458947212557,0.9446753835688912,0.9780817776434132,1.0,1.0,0.9528799595287996,0.923393799233938,0.2250394197414065,2.0
0.8543539686617005,0.8960429242119383,0.9031877213695396,0.9043458947212557,0.9446753835688912,0.9780817776434132,1.0,1.0,0.9528799595287996,0.923393799233938,0.8758401387584014,0.14564603133829945,2.0
0.8960429242119383,0.9031877213695396,0.9043458947212557,0.9446753835688912,0.9780817776434132,1.0,1.0,0.9528799595287996,0.923393799233938,0.8758401387584014,0.7805882778058828,0.2194117221941172,2.0
0.9031877213695396,0.9043458947212557,0.9446753835688912,0.9780817776434132,1.0,1.0,0.9528799595287996,0.923393799233938,0.8758401387584014,0.7805882778058828,0.6740622967406229,0.3259377032593771,0.0
0.9043458947212557,0.9446753835688912,0.9780817776434132,1.0,1.0,0.9528799595287996,0.923393799233938,0.8758401387584014,0.7805882778058828,0.6740622967406229,0.5932644359326444,0.40673556406735556,0.0
0.9446753835688912,0.9780817776434132,1.0,1.0,0.9528799595287996,0.923393799233938,0.8758401387584014,0.7805882778058828,0.6740622967406229,0.5932644359326444,0.5380501553805015,0.4619498446194985,0.0
0.9780817776434132,1.0,1.0,0.9528799595287996,0.923393799233938,0.8758401387584014,0.7805882778058828,0.6740622967406229,0.5932644359326444,0.5380501553805015,0.4336922743369227,0.5663077256630773,0.0
1.0,1.0,0.9528799595287996,0.923393799233938,0.8758401387584014,0.7805882778058828,0.6740622967406229,0.5932644359326444,0.5380501553805015,0.4336922743369227,0.3202283732022837,0.6797716267977163,0.0
1.0,0.9528799595287996,0.923393799233938,0.8758401387584014,0.7805882778058828,0.6740622967406229,0.5932644359326444,0.5380501553805015,0.4336922743369227,0.3202283732022837,0.23827419238274183,0.7617258076172582,0.0
0.9528799595287996,0.923393799233938,0.8758401387584014,0.7805882778058828,0.6740622967406229,0.5932644359326444,0.5380501553805015,0.4336922743369227,0.3202283732022837,0.23827419238274183,0.11657151116571507,0.8363084483630845,0.0
0.923393799233938,0.8758401387584014,0.7805882778058828,0.6740622967406229,0.5932644359326444,0.5380501553805015,0.4336922743369227,0.3202283732022837,0.23827419238274183,0.11657151116571507,-0.001373130013731294,0.9247669292476693,0.0
0.8758401387584014,0.7805882778058828,0.6740622967406229,0.5932644359326444,0.5380501553805015,0.4336922743369227,0.3202283732022837,0.23827419238274183,0.11657151116571507,-0.001373130013731294,-0.11353617113536174,0.9893763098937631,0.0
0.7805882778058828,0.6740622967406229,0.5932644359326444,0.5380501553805015,0.4336922743369227,0.3202283732022837,0.23827419238274183,0.11657151116571507,-0.001373130013731294,-0.11353617113536174,-0.25272819252728196,1.0333164703331648,0.0
0.6740622967406229,0.5932644359326444,0.5380501553805015,0.4336922743369227,0.3202283732022837,0.23827419238274183,0.11657151116571507,-0.001373130013731294,-0.11353617113536174,-0.25272819252728196,-0.3819469538194695,1.0560092505600924,0.0
0.5932644359326444,0.5380501553805015,0.4336922743369227,0.3202283732022837,0.23827419238274183,0.11657151116571507,-0.001373130013731294,-0.11353617113536174,-0.25272819252728196,-0.3819469538194695,-0.43282503432825037,1.026089470260895,0.0
0.5380501553805015,0.4336922743369227,0.3202283732022837,0.23827419238274183,0.11657151116571507,-0.001373130013731294,-0.11353617113536174,-0.25272819252728196,-0.3819469538194695,-0.43282503432825037,-0.4783551347835513,1.0164052901640528,0.0
0.4336922743369227,0.3202283732022837,0.23827419238274183,0.11657151116571507,-0.001373130013731294,-0.11353617113536174,-0.25272819252728196,-0.3819469538194695,-0.43282503432825037,-0.4783551347835513,-0.5552504155525042,0.9889426898894269,0.0
0.3202283732022837,0.23827419238274183,0.11657151116571507,-0.001373130013731294,-0.11353617113536174,-0.25272819252728196,-0.3819469538194695,-0.43282503432825037,-0.4783551347835513,-0.5552504155525042,-0.6254968562549685,0.9457252294572522,0.0
0.23827419238274183,0.11657151116571507,-0.001373130013731294,-0.11353617113536174,-0.25272819252728196,-0.3819469538194695,-0.43282503432825037,-0.4783551347835513,-0.5552504155525042,-0.6254968562549685,-0.6510804365108044,0.8893546288935462,0.0
0.11657151116571507,-0.001373130013731294,-0.11353617113536174,-0.25272819252728196,-0.3819469538194695,-0.43282503432825037,-0.4783551347835513,-0.5552504155525042,-0.6254968562549685,-0.6510804365108044,-0.669003396690034,0.785574907855749,0.0
-0.001373130013731294,-0.11353617113536174,-0.25272819252728196,-0.3819469538194695,-0.43282503432825037,-0.4783551347835513,-0.5552504155525042,-0.6254968562549685,-0.6510804365108044,-0.669003396690034,-0.7182915371829154,0.7169184071691841,0.0
-0.11353617113536174,-0.25272819252728196,-0.3819469538194695,-0.43282503432825037,-0.4783551347835513,-0.5552504155525042,-0.6254968562549685,-0.6510804365108044,-0.669003396690034,-0.7182915371829154,-0.7610753776107537,0.647539206475392,0.0
-0.25272819252728196,-0.3819469538194695,-0.43282503432825037,-0.4783551347835513,-0.5552504155525042,-0.6254968562549685,-0.6510804365108044,-0.669003396690034,-0.7182915371829154,-0.7610753776107537,-0.7989448579894486,0.5462166654621666,0.0
-0.3819469538194695,-0.43282503432825037,-0.4783551347835513,-0.5552504155525042,-0.6254968562549685,-0.6510804365108044,-0.669003396690034,-0.7182915371829154,-0.7610753776107537,-0.7989448579894486,-0.8285755582857556,0.44662860446628605,0.0
-0.43282503432825037,-0.4783551347835513,-0.5552504155525042,-0.6254968562549685,-0.6510804365108044,-0.669003396690034,-0.7182915371829154,-0.7610753776107537,-0.7989448579894486,-0.8285755582857556,-0.852569198525692,0.41974416419744165,0.0
-0.4783551347835513,-0.5552504155525042,-0.6254968562549685,-0.6510804365108044,-0.669003396690034,-0.7182915371829154,-0.7610753776107537,-0.7989448579894486,-0.8285755582857556,-0.852569198525692,-0.8726602587266026,0.3943051239430513,0.0
-0.5552504155525042,-0.6254968562549685,-0.6510804365108044,-0.669003396690034,-0.7182915371829154,-0.7610753776107537,-0.7989448579894486,-0.8285755582857556,-0.852569198525692,-0.8726602587266026,-0.9245501192455012,0.36929970369299703,0.0
-0.6254968562549685,-0.6510804365108044,-0.669003396690034,-0.7182915371829154,-0.7610753776107537,-0.7989448579894486,-0.8285755582857556,-0.852569198525692,-0.8726602587266026,-0.9245501192455012,-0.9361133193611332,0.31061646310616464,0.0
-0.6510804365108044,-0.669003396690034,-0.7182915371829154,-0.7610753776107537,-0.7989448579894486,-0.8285755582857556,-0.852569198525692,-0.8726602587266026,-0.9245501192455012,-0.9361133193611332,-0.943629399436294,0.2925489629254896,0.0
-0.669003396690034,-0.7182915371829154,-0.7610753776107537,-0.7989448579894486,-0.8285755582857556,-0.852569198525692,-0.8726602587266026,-0.9245501192455012,-0.9361133193611332,-0.943629399436294,-0.9872804798728048,0.3182770831827708,0.0
-0.7182915371829154,-0.7610753776107537,-0.7989448579894486,-0.8285755582857556,-0.852569198525692,-0.8726602587266026,-0.9245501192455012,-0.9361133193611332,-0.943629399436294,-0.9872804798728048,-1.0,0.2817084628170846,0.0
-0.7610753776107537,-0.7989448579894486,-0.8285755582857556,-0.852569198525692,-0.8726602587266026,-0.9245501192455012,-0.9361133193611332,-0.943629399436294,-0.9872804798728048,-1.0,-1.0,0.23892462238924628,1.0
-0.7989448579894486,-0.8285755582857556,-0.852569198525692,-0.8726602587266026,-0.9245501192455012,-0.9361133193611332,-0.943629399436294,-0.9872804798728048,-1.0,-1.0,-1.0,0.2010551420105514,1.0
-0.8285755582857556,-0.852569198525692,-0.8726602587266026,-0.9245501192455012,-0.9361133193611332,-0.943629399436294,-0.9872804798728048,-1.0,-1.0,-1.0,-1.0,0.17142444171424442,1.0
-0.852569198525692,-0.8726602587266026,-0.9245501192455012,-0.9361133193611332,-0.943629399436294,-0.9872804798728048,-1.0,-1.0,-1.0,-1.0,-1.0,0.14743080147430798,1.0
-0.8726602587266026,-0.9245501192455012,-0.9361133193611332,-0.943629399436294,-0.9872804798728048,-1.0,-1.0,-1.0,-1.0,-1.0,-1.0,0.12733974127339742,1.0
-0.9245501192455012,-0.9361133193611332,-0.943629399436294,-0.9872804798728048,-1.0,-1.0,-1.0,-1.0,-1.0,-1.0,-1.0,0.07544988075449877,1.0
-0.9361133193611332,-0.943629399436294,-0.9872804798728048,-1.0,-1.0,-1.0,-1.0,-1.0,-1.0,-1.0,-0.9646861362873448,0.06388668063886682,1.0
-0.943629399436294,-0.9872804798728048,-1.0,-1.0,-1.0,-1.0,-1.0,-1.0,-1.0,-0.9646861362873448,-0.9652232292715677,0.05637060056370602,1.0
-0.9872804798728048,-1.0,-1.0,-1.0,-1.0,-1.0,-1.0,-1.0,-0.9646861362873448,-0.9652232292715677,-1.0,0.035313863712655214,1.0
-1.0,-1.0,-1.0,-1.0,-1.0,-1.0,-1.0,-0.9646861362873448,-0.9652232292715677,-1.0,-1.0,0.035313863712655214,1.0
-1.0,-1.0,-1.0,-1.0,-1.0,-1.0,-0.9646861362873448,-0.9652232292715677,-1.0,-1.0,-1.0,0.035313863712655214,1.0
-1.0,-1.0,-1.0,-1.0,-1.0,-0.9646861362873448,-0.9652232292715677,-1.0,-1.0,-1.0,-1.0,0.035313863712655214,1.0
-1.0,-1.0,-1.0,-1.0,-0.9646861362873448,-0.9652232292715677,-1.0,-1.0,-1.0,-1.0,-1.0,0.035313863712655214,1.0
-1.0,-1.0,-1.0,-0.9646861362873448,-0.9652232292715677,-1.0,-1.0,-1.0,-1.0,-1.0,-1.0,0.035313863712655214,1.0
-1.0,-1.0,-0.9646861362873448,-0.9652232292715677,-1.0,-1.0,-1.0,-1.0,-1.0,-1.0,-1.0,0.035313863712655214,1.0
-1.0,-0.9646861362873448,-0.9652232292715677,-1.0,-1.0,-1.0,-1.0,-1.0,-1.0,-1.0,-0.9992236024844721,0.035313863712655214,1.0
-0.9646861362873448,-0.9652232292715677,-1.0,-1.0,-1.0,-1.0,-1.0,-1.0,-1.0,-0.9992236024844721,-0.999611801242236,0.035313863712655214,1.0
-0.9652232292715677,-1.0,-1.0,-1.0,-1.0,-1.0,-1.0,-1.0,-0.9992236024844721,-0.999611801242236,-1.0,0.03477677072843233,1.0
-1.0,-1.0,-1.0,-1.0,-1.0,-1.0,-1.0,-0.9992236024844721,-0.999611801242236,-1.0,-1.0,0.0007763975155279379,1.0
-1.0,-1.0,-1.0,-1.0,-1.0,-1.0,-0.9992236024844721,-0.999611801242236,-1.0,-1.0,-1.0,0.0007763975155279379,1.0
-1.0,-1.0,-1.0,-1.0,-1.0,-0.9992236024844721,-0.999611801242236,-1.0,-1.0,-1.0,-1.0,0.0007763975155279379,1.0
-1.0,-1.0,-1.0,-1.0,-0.9992236024844721,-0.999611801242236,-1.0,-1.0,-1.0,-1.0,-1.0,0.0007763975155279379,1.0
-1.0,-1.0,-1.0,-0.9992236024844721,-0.999611801242236,-1.0,-1.0,-1.0,-1.0,-1.0,-0.9997459833619102,0.0007763975155279379,1.0
-1.0,-1.0,-0.9992236024844721,-0.999611801242236,-1.0,-1.0,-1.0,-1.0,-1.0,-0.9997459833619102,-0.9992379500857306,0.0007763975155279379,1.0
-1.0,-0.9992236024844721,-0.999611801242236,-1.0,-1.0,-1.0,-1.0,-1.0,-0.9997459833619102,-0.9992379500857306,-0.9994919667238205,0.0007763975155279379,1.0
-0.9992236024844721,-0.999611801242236,-1.0,-1.0,-1.0,-1.0,-1.0,-0.9997459833619102,-0.9992379500857306,-0.9994919667238205,-0.9996189750428653,0.0007763975155279379,1.0
-0.999611801242236,-1.0,-1.0,-1.0,-1.0,-1.0,-0.9997459833619102,-0.9992379500857306,-0.9994919667238205,-0.9996189750428653,-0.9998729916809551,0.0007620499142694248,1.0
-1.0,-1.0,-1.0,-1.0,-1.0,-0.9997459833619102,-0.9992379500857306,-0.9994919667238205,-0.9996189750428653,-0.9998729916809551,-1.0,0.0007620499142694248,1.0
-1.0,-1.0,-1.0,-1.0,-0.9997459833619102,-0.9992379500857306,-0.9994919667238205,-0.9996189750428653,-0.9998729916809551,-1.0,-1.0,0.0007620499142694248,1.0
-1.0,-1.0,-1.0,-0.9997459833619102,-0.9992379500857306,-0.9994919667238205,-0.9996189750428653,-0.9998729916809551,-1.0,-1.0,-1.0,0.0007620499142694248,1.0
-1.0,-1.0,-0.9997459833619102,-0.9992379500857306,-0.9994919667238205,-0.9996189750428653,-0.9998729916809551,-1.0,-1.0,-1.0,-1.0,0.0007620499142694248,1.0
-1.0,-0.9997459833619102,-0.9992379500857306,-0.9994919667238205,-0.9996189750428653,-0.9998729916809551,-1.0,-1.0,-1.0,-1.0,-0.999366406893493,0.0007620499142694248,1.0
-0.9997459833619102,-0.9992379500857306,-0.9994919667238205,-0.9996189750428653,-0.9998729916809551,-1.0,-1.0,-1.0,-1.0,-0.999366406893493,-0.9991129696508902,0.000887030349109752,1.0
-0.9992379500857306,-0.9994919667238205,-0.9996189750428653,-0.9998729916809551,-1.0,-1.0,-1.0,-1.0,-0.999366406893493,-0.9991129696508902,-0.9991129696508902,0.000887030349109752,1.0
-0.9994919667238205,-0.9996189750428653,-0.9998729916809551,-1.0,-1.0,-1.0,-1.0,-0.999366406893493,-0.9991129696508902,-0.9991129696508902,-0.9998732813786986,0.000887030349109752,1.0
-0.9996189750428653,-0.9998729916809551,-1.0,-1.0,-1.0,-1.0,-0.999366406893493,-0.9991129696508902,-0.9991129696508902,-0.9998732813786986,-1.0,0.000887030349109752,1.0
-0.9998729916809551,-1.0,-1.0,-1.0,-1.0,-0.999366406893493,-0.9991129696508902,-0.9991129696508902,-0.9998732813786986,-1.0,-1.0,0.000887030349109752,1.0
-1.0,-1.0,-1.0,-1.0,-0.999366406893493,-0.9991129696508902,-0.9991129696508902,-0.9998732813786986,-1.0,-1.0,-1.0,0.000887030349109752,1.0
-1.0,-1.0,-1.0,-0.999366406893493,-0.9991129696508902,-0.9991129696508902,-0.9998732813786986,-1.0,-1.0,-1.0,-1.0,0.000887030349109752,1.0
-1.0,-1.0,-0.999366406893493,-0.9991129696508902,-0.9991129696508902,-0.9998732813786986,-1.0,-1.0,-1.0,-1.0,-0.9989881742869791,0.0010118257130209418,1.0
-1.0,-0.999366406893493,-0.9991129696508902,-0.9991129696508902,-0.9998732813786986,-1.0,-1.0,-1.0,-1.0,-0.9989881742869791,-0.9991146525011066,0.0010118257130209418,1.0
-0.999366406893493,-0.9991129696508902,-0.9991129696508902,-0.9998732813786986,-1.0,-1.0,-1.0,-1.0,-0.9989881742869791,-0.9991146525011066,-0.9982293050022134,0.0017706949977865927,1.0
-0.9991129696508902,-0.9991129696508902,-0.9998732813786986,-1.0,-1.0,-1.0,-1.0,-0.9989881742869791,-0.9991146525011066,-0.9982293050022134,-0.996711566432682,0.0032884335673180054,1.0
-0.9991129696508902,-0.9998732813786986,-1.0,-1.0,-1.0,-1.0,-0.9989881742869791,-0.9991146525011066,-0.9982293050022134,-0.996711566432682,-0.9607917536204389,0.03920824637956111,1.0
-0.9998732813786986,-1.0,-1.0,-1.0,-1.0,-0.9989881742869791,-0.9991146525011066,-0.9982293050022134,-0.996711566432682,-0.9607917536204389,-0.9176626826029216,0.08233731739707839,1.0
-1.0,-1.0,-1.0,-1.0,-0.9989881742869791,-0.9991146525011066,-0.9982293050022134,-0.996711566432682,-0.9607917536204389,-0.9176626826029216,-0.8988174286979068,0.10118257130209318,1.0
-1.0,-1.0,-1.0,-0.9989881742869791,-0.9991146525011066,-0.9982293050022134,-0.996711566432682,-0.9607917536204389,-0.9176626826029216,-0.8988174286979068,-0.8721305255169797,0.12786947448302033,1.0
-1.0,-1.0,-0.9989881742869791,-0.9991146525011066,-0.9982293050022134,-0.996711566432682,-0.9607917536204389,-0.9176626826029216,-0.8988174286979068,-0.8721305255169797,-0.8049705938152153,0.1950294061847847,1.0
-1.0,-0.9989881742869791,-0.9991146525011066,-0.9982293050022134,-0.996711566432682,-0.9607917536204389,-0.9176626826029216,-0.8988174286979068,-0.8721305255169797,-0.8049705938152153,-0.7312337949788149,0.2687662050211851,2.0
-0.9989881742869791,-0.9991146525011066,-0.9982293050022134,-0.996711566432682,-0.9607917536204389,-0.9176626826029216,-0.8988174286979068,-0.8721305255169797,-0.8049705938152153,-0.7312337949788149,-0.6481376082969709,0.3509770442041358,2.0
-0.9991146525011066,-0.9982293050022134,-0.996711566432682,-0.9607917536204389,-0.9176626826029216,-0.8988174286979068,-0.8721305255169797,-0.8049705938152153,-0.7312337949788149,-0.6481376082969709,-0.5875545437298426,0.41156010877126403,2.0
-0.9982293050022134,-0.996711566432682,-0.9607917536204389,-0.9176626826029216,-0.8988174286979068,-0.8721305255169797,-0.8049705938152153,-0.7312337949788149,-0.6481376082969709,-0.5875545437298426,-0.4872573199266427,0.5109719850755707,2.0
-0.996711566432682,-0.9607917536204389,-0.9176626826029216,-0.8988174286979068,-0.8721305255169797,-0.8049705938152153,-0.7312337949788149,-0.6481376082969709,-0.5875545437298426,-0.4872573199266427,-0.37633592613672295,0.620375640295959,2.0
-0.9607917536204389,-0.9176626826029216,-0.8988174286979068,-0.8721305255169797,-0.8049705938152153,-0.7312337949788149,-0.6481376082969709,-0.5875545437298426,-0.4872573199266427,-0.37633592613672295,-0.2896983494593056,0.6710934041611333,2.0
-0.9176626826029216,-0.8988174286979068,-0.8721305255169797,-0.8049705938152153,-0.7312337949788149,-0.6481376082969709,-0.5875545437298426,-0.4872573199266427,-0.37633592613672295,-0.2896983494593056,-0.19635742743312468,0.7213052551697969,2.0
-0.8988174286979068,-0.8721305255169797,-0.8049705938152153,-0.7312337949788149,-0.6481376082969709,-0.5875545437298426,-0.4872573199266427,-0.37633592613672295,-0.2896983494593056,-0.19635742743312468,-0.10048694112439127,0.7983304875735155,2.0
-0.8721305255169797,-0.8049705938152153,-0.7312337949788149,-0.6481376082969709,-0.5875545437298426,-0.4872573199266427,-0.37633592613672295,-0.2896983494593056,-0.19635742743312468,-0.10048694112439127,-0.007272497312337922,0.8648580282046417,2.0
-0.8049705938152153,-0.7312337949788149,-0.6481376082969709,-0.5875545437298426,-0.4872573199266427,-0.37633592613672295,-0.2896983494593056,-0.19635742743312468,-0.10048694112439127,-0.007272497312337922,0.11300828432302534,0.9179788781382406,2.0
-0.7312337949788149,-0.6481376082969709,-0.5875545437298426,-0.4872573199266427,-0.37633592613672295,-0.2896983494593056,-0.19635742743312468,-0.10048694112439127,-0.007272497312337922,0.11300828432302534,0.22898880667804966,0.9602226016568646,2.0
-0.6481376082969709,-0.5875545437298426,-0.4872573199266427,-0.37633592613672295,-0.2896983494593056,-0.19635742743312468,-0.10048694112439127,-0.007272497312337922,0.11300828432302534,0.22898880667804966,0.30829064693606534,0.9564282552330362,2.0
-0.5875545437298426,-0.4872573199266427,-0.37633592613672295,-0.2896983494593056,-0.19635742743312468,-0.10048694112439127,-0.007272497312337922,0.11300828432302534,0.22898880667804966,0.30829064693606534,0.35268450009485863,0.9402390438247012,2.0
-0.4872573199266427,-0.37633592613672295,-0.2896983494593056,-0.19635742743312468,-0.10048694112439127,-0.007272497312337922,0.11300828432302534,0.22898880667804966,0.30829064693606534,0.35268450009485863,0.39492822361348257,0.8821855435401252,2.0
-0.37633592613672295,-0.2896983494593056,-0.19635742743312468,-0.10048694112439127,-0.007272497312337922,0.11300828432302534,0.22898880667804966,0.30829064693606534,0.35268450009485863,0.39492822361348257,0.5007904888382977,0.8771264149750206,2.0
-0.2896983494593056,-0.19635742743312468,-0.10048694112439127,-0.007272497312337922,0.11300828432302534,0.22898880667804966,0.30829064693606534,0.35268450009485863,0.39492822361348257,0.5007904888382977,0.5726301144627839,0.8623284639220895,2.0
-0.19635742743312468,-0.10048694112439127,-0.007272497312337922,0.11300828432302534,0.22898880667804966,0.30829064693606534,0.35268450009485863,0.39492822361348257,0.5007904888382977,0.5726301144627839,0.6377663947385064,0.8341238221716311,2.0
-0.10048694112439127,-0.007272497312337922,0.11300828432302534,0.22898880667804966,0.30829064693606534,0.35268450009485863,0.39492822361348257,0.5007904888382977,0.5726301144627839,0.6377663947385064,0.7260481881995826,0.8265351293239739,2.0
-0.007272497312337922,0.11300828432302534,0.22898880667804966,0.30829064693606534,0.35268450009485863,0.39492822361348257,0.5007904888382977,0.5726301144627839,0.6377663947385064,0.7260481881995826,0.8087649402390438,0.8160374375513817,2.0
0.11300828432302534,0.22898880667804966,0.30829064693606534,0.35268450009485863,0.39492822361348257,0.5007904888382977,0.5726301144627839,0.6377663947385064,0.7260481881995826,0.8087649402390438,0.8551824448238792,0.7421741605008538,2.0
0.22898880667804966,0.30829064693606534,0.35268450009485863,0.39492822361348257,0.5007904888382977,0.5726301144627839,0.6377663947385064,0.7260481881995826,0.8087649402390438,0.8551824448238792,0.8966672990577373,0.6676784923796877,2.0
0.30829064693606534,0.35268450009485863,0.39492822361348257,0.5007904888382977,0.5726301144627839,0.6377663947385064,0.7260481881995826,0.8087649402390438,0.8551824448238792,0.8966672990577373,0.9065325997596914,0.598241952823626,2.0
0.35268450009485863,0.39492822361348257,0.5007904888382977,0.5726301144627839,0.6377663947385064,0.7260481881995826,0.8087649402390438,0.8551824448238792,0.8966672990577373,0.9065325997596914,0.9145007272497312,0.5618162271548726,2.0
0.39492822361348257,0.5007904888382977,0.5726301144627839,0.6377663947385064,0.7260481881995826,0.8087649402390438,0.8551824448238792,0.8966672990577373,0.9065325997596914,0.9145007272497312,0.917536204388794,0.5226079807753115,2.0
0.5007904888382977,0.5726301144627839,0.6377663947385064,0.7260481881995826,0.8087649402390438,0.8551824448238792,0.8966672990577373,0.9065325997596914,0.9145007272497312,0.917536204388794,0.9475115411370392,0.4467210522987415,2.0
0.5726301144627839,0.6377663947385064,0.7260481881995826,0.8087649402390438,0.8551824448238792,0.8966672990577373,0.9065325997596914,0.9145007272497312,0.917536204388794,0.9475115411370392,0.9979763485739581,0.4253462341111742,3.0
0.6377663947385064,0.7260481881995826,0.8087649402390438,0.8551824448238792,0.8966672990577373,0.9065325997596914,0.9145007272497312,0.917536204388794,0.9475115411370392,0.9979763485739581,0.9977233921457029,0.36020995383545173,3.0
0.7260481881995826,0.8087649402390438,0.8551824448238792,0.8966672990577373,0.9065325997596914,0.9145007272497312,0.917536204388794,0.9475115411370392,0.9979763485739581,0.9977233921457029,0.9466261936381459,0.2719281603743755,3.0
0.8087649402390438,0.8551824448238792,0.8966672990577373,0.9065325997596914,0.9145007272497312,0.917536204388794,0.9475115411370392,0.9979763485739581,0.9977233921457029,0.9466261936381459,0.9079238601150952,0.18921140833491434,3.0
0.8551824448238792,0.8966672990577373,0.9065325997596914,0.9145007272497312,0.917536204388794,0.9475115411370392,0.9979763485739581,0.9977233921457029,0.9466261936381459,0.9079238601150952,0.8255865427180169,0.1723898058559412,3.0
0.8966672990577373,0.9065325997596914,0.9145007272497312,0.917536204388794,0.9475115411370392,0.9979763485739581,0.9977233921457029,0.9466261936381459,0.9079238601150952,0.8255865427180169,0.7330044899766015,0.2649718585973566,3.0
0.9065325997596914,0.9145007272497312,0.917536204388794,0.9475115411370392,0.9979763485739581,0.9977233921457029,0.9466261936381459,0.9079238601150952,0.8255865427180169,0.7330044899766015,0.6638209068487952,0.33415544172516287,0.0
0.9145007272497312,0.917536204388794,0.9475115411370392,0.9979763485739581,0.9977233921457029,0.9466261936381459,0.9079238601150952,0.8255865427180169,0.7330044899766015,0.6638209068487952,0.5879339783722253,0.41004237020173284,0.0
0.917536204388794,0.9475115411370392,0.9979763485739581,0.9977233921457029,0.9466261936381459,0.9079238601150952,0.8255865427180169,0.7330044899766015,0.6638209068487952,0.5879339783722253,0.5011699234806803,0.49680642509327777,0.0
0.9475115411370392,0.9979763485739581,0.9977233921457029,0.9466261936381459,0.9079238601150952,0.8255865427180169,0.7330044899766015,0.6638209068487952,0.5879339783722253,0.5011699234806803,0.40390817681654334,0.5940681717574148,0.0
0.9979763485739581,0.9977233921457029,0.9466261936381459,0.9079238601150952,0.8255865427180169,0.7330044899766015,0.6638209068487952,0.5879339783722253,0.5011699234806803,0.40390817681654334,0.3332068551192058,0.6647694934547523,0.0
0.9977233921457029,0.9466261936381459,0.9079238601150952,0.8255865427180169,0.7330044899766015,0.6638209068487952,0.5879339783722253,0.5011699234806803,0.40390817681654334,0.3332068551192058,0.25656105735787005,0.7411623347878329,0.0
0.9466261936381459,0.9079238601150952,0.8255865427180169,0.7330044899766015,0.6638209068487952,0.5879339783722253,0.5011699234806803,0.40390817681654334,0.3332068551192058,0.25656105735787005,0.11439954467842917,0.8322266489597168,0.0
0.9079238601150952,0.8255865427180169,0.7330044899766015,0.6638209068487952,0.5879339783722253,0.5011699234806803,0.40390817681654334,0.3332068551192058,0.25656105735787005,0.11439954467842917,-0.02257636122177953,0.9305002213368747,0.0
0.8255865427180169,0.7330044899766015,0.6638209068487952,0.5879339783722253,0.5011699234806803,0.40390817681654334,0.3332068551192058,0.25656105735787005,0.11439954467842917,-0.02257636122177953,-0.12122936824132047,0.9468159109593374,0.0
0.7330044899766015,0.6638209068487952,0.5879339783722253,0.5011699234806803,0.40390817681654334,0.3332068551192058,0.25656105735787005,0.11439954467842917,-0.02257636122177953,-0.12122936824132047,-0.2387276291658762,0.9717321191424777,0.0
0.6638209068487952,0.5879339783722253,0.5011699234806803,0.40390817681654334,0.3332068551192058,0.25656105735787005,0.11439954467842917,-0.02257636122177953,-0.12122936824132047,-0.2387276291658762,-0.2817302219692658,0.945551128818061,0.0
0.5879339783722253,0.5011699234806803,0.40390817681654334,0.3332068551192058,0.25656105735787005,0.11439954467842917,-0.02257636122177953,-0.12122936824132047,-0.2387276291658762,-0.2817302219692658,-0.318914816922785,0.9068487952950103,0.0
0.5011699234806803,0.40390817681654334,0.3332068551192058,0.25656105735787005,0.11439954467842917,-0.02257636122177953,-0.12122936824132047,-0.2387276291658762,-0.2817302219692658,-0.318914816922785,-0.3824068804148485,0.8835768038955288,0.0
0.40390817681654334,0.3332068551192058,0.25656105735787005,0.11439954467842917,-0.02257636122177953,-0.12122936824132047,-0.2387276291658762,-0.2817302219692658,-0.318914816922785,-0.3824068804148485,-0.43970151141465885,0.8436096882312022,0.0
0.3332068551192058,0.25656105735787005,0.11439954467842917,-0.02257636122177953,-0.12122936824132047,-0.2387276291658762,-0.2817302219692658,-0.318914816922785,-0.3824068804148485,-0.43970151141465885,-0.45677607032188705,0.7899829254410928,0.0
0.25656105735787005,0.11439954467842917,-0.02257636122177953,-0.12122936824132047,-0.2387276291658762,-0.2817302219692658,-0.318914816922785,-0.3824068804148485,-0.43970151141465885,-0.45677607032188705,-0.4630999810282679,0.7196610383861379,0.0
0.11439954467842917,-0.02257636122177953,-0.12122936824132047,-0.2387276291658762,-0.2817302219692658,-0.318914816922785,-0.3824068804148485,-0.43970151141465885,-0.45677607032188705,-0.4630999810282679,-0.4938341870612787,0.6082337317397079,0.0
-0.02257636122177953,-0.12122936824132047,-0.2387276291658762,-0.2817302219692658,-0.318914816922785,-0.3824068804148485,-0.43970151141465885,-0.45677607032188705,-0.4630999810282679,-0.4938341870612787,-0.5187503952444191,0.4961740340226396,0.0
-0.12122936824132047,-0.2387276291658762,-0.2817302219692658,-0.318914816922785,-0.3824068804148485,-0.43970151141465885,-0.45677607032188705,-0.4630999810282679,-0.4938341870612787,-0.5187503952444191,-0.5057231391892747,0.39752102700309866,1.0
-0.2387276291658762,-0.2817302219692658,-0.318914816922785,-0.3824068804148485,-0.43970151141465885,-0.45677607032188705,-0.4630999810282679,-0.4938341870612787,-0.5187503952444191,-0.5057231391892747,-0.4883956238537912,0.28002276607854293,1.0
-0.2817302219692658,-0.318914816922785,-0.3824068804148485,-0.43970151141465885,-0.45677607032188705,-0.4630999810282679,-0.4938341870612787,-0.5187503952444191,-0.5057231391892747,-0.4883956238537912,-0.46525011066843736,0.23702017327515335,1.0
-0.318914816922785,-0.3824068804148485,-0.43970151141465885,-0.45677607032188705,-0.4630999810282679,-0.4938341870612787,-0.5187503952444191,-0.5057231391892747,-0.4883956238537912,-0.46525011066843736,-0.43831025105925503,0.19983557832163412,1.0
-0.3824068804148485,-0.43970151141465885,-0.45677607032188705,-0.4630999810282679,-0.4938341870612787,-0.5187503952444191,-0.5057231391892747,-0.4883956238537912,-0.46525011066843736,-0.43831025105925503,-0.44147220641244544,0.13634351482957063,1.0
-0.43970151141465885,-0.45677607032188705,-0.4630999810282679,-0.4938341870612787,-0.5187503952444191,-0.5057231391892747,-0.4883956238537912,-0.46525011066843736,-0.43831025105925503,-0.44147220641244544,-0.4418516410548283,0.0804401441851641,1.0
-0.45677607032188705,-0.4630999810282679,-0.4938341870612787,-0.5187503952444191,-0.5057231391892747,-0.4883956238537912,-0.46525011066843736,-0.43831025105925503,-0.44147220641244544,-0.4418516410548283,-0.43970151141465885,0.0804401441851641,1.0
-0.4630999810282679,-0.4938341870612787,-0.5187503952444191,-0.5057231391892747,-0.4883956238537912,-0.46525011066843736,-0.43831025105925503,-0.44147220641244544,-0.4418516410548283,-0.43970151141465885,-0.43616012141908556,0.08259027382533357,1.0
-0.4938341870612787,-0.5187503952444191,-0.5057231391892747,-0.4883956238537912,-0.46525011066843736,-0.43831025105925503,-0.44147220641244544,-0.4418516410548283,-0.43970151141465885,-0.43616012141908556,-0.4338835135647885,0.08486688167963063,1.0
-0.5187503952444191,-0.5057231391892747,-0.4883956238537912,-0.46525011066843736,-0.43831025105925503,-0.44147220641244544,-0.4418516410548283,-0.43970151141465885,-0.43616012141908556,-0.4338835135647885,-0.43325112249415043,0.0854992727502687,1.0
-0.5057231391892747,-0.4883956238537912,-0.46525011066843736,-0.43831025105925503,-0.44147220641244544,-0.4418516410548283,-0.43970151141465885,-0.43616012141908556,-0.4338835135647885,-0.43325112249415043,-0.43426294820717126,0.07247201669512426,1.0
-0.4883956238537912,-0.46525011066843736,-0.43831025105925503,-0.44147220641244544,-0.4418516410548283,-0.43970151141465885,-0.43616012141908556,-0.4338835135647885,-0.43325112249415043,-0.43426294820717126,-0.43413646999304367,0.055144501359640774,1.0
-0.46525011066843736,-0.43831025105925503,-0.44147220641244544,-0.4418516410548283,-0.43970151141465885,-0.43616012141908556,-0.4338835135647885,-0.43325112249415043,-0.43426294820717126,-0.43413646999304367,-0.43464238284955414,0.031998988174286924,1.0
-0.43831025105925503,-0.44147220641244544,-0.4418516410548283,-0.43970151141465885,-0.43616012141908556,-0.4338835135647885,-0.43325112249415043,-0.43426294820717126,-0.43413646999304367,-0.43464238284955414,-0.43653955606146844,0.008600518560677894,1.0
-0.44147220641244544,-0.4418516410548283,-0.43970151141465885,-0.43616012141908556,-0.4338835135647885,-0.43325112249415043,-0.43426294820717126,-0.43413646999304367,-0.43464238284955414,-0.43653955606146844,-0.4384367292733826,0.008600518560677894,1.0
-0.4418516410548283,-0.43970151141465885,-0.43616012141908556,-0.4338835135647885,-0.43325112249415043,-0.43426294820717126,-0.43413646999304367,-0.43464238284955414,-0.43653955606146844,-0.4384367292733826,-0.43970151141465885,0.008600518560677894,1.0
-0.43970151141465885,-0.43616012141908556,-0.4338835135647885,-0.43325112249415043,-0.43426294820717126,-0.43413646999304367,-0.43464238284955414,-0.43653955606146844,-0.4384367292733826,-0.43970151141465885,-0.44172516284070074,0.008474040346550304,1.0
-0.43616012141908556,-0.4338835135647885,-0.43325112249415043,-0.43426294820717126,-0.43413646999304367,-0.43464238284955414,-0.43653955606146844,-0.4384367292733826,-0.43970151141465885,-0.44172516284070074,-0.4440017706949978,0.010750648200847368,1.0
-0.4338835135647885,-0.43325112249415043,-0.43426294820717126,-0.43413646999304367,-0.43464238284955414,-0.43653955606146844,-0.4384367292733826,-0.43970151141465885,-0.44172516284070074,-0.4440017706949978,-0.4470372478340606,0.013786125339910194,1.0
-0.43325112249415043,-0.43426294820717126,-0.43413646999304367,-0.43464238284955414,-0.43653955606146844,-0.4384367292733826,-0.43970151141465885,-0.44172516284070074,-0.4440017706949978,-0.4470372478340606,-0.4510845506861443,0.01783342819199385,1.0
-0.43426294820717126,-0.43413646999304367,-0.43464238284955414,-0.43653955606146844,-0.4384367292733826,-0.43970151141465885,-0.44172516284070074,-0.4440017706949978,-0.4470372478340606,-0.4510845506861443,-0.4534405266822814,0.019304056689237736,1.0
-0.43413646999304367,-0.43464238284955414,-0.43653955606146844,-0.4384367292733826,-0.43970151141465885,-0.44172516284070074,-0.4440017706949978,-0.4470372478340606,-0.4510845506861443,-0.4534405266822814,-0.456225865670697,0.022089395677653334,1.0
-0.43464238284955414,-0.43653955606146844,-0.4384367292733826,-0.43970151141465885,-0.44172516284070074,-0.4440017706949978,-0.4470372478340606,-0.4510845506861443,-0.4534405266822814,-0.456225865670697,-0.4586313857061467,0.023989002856592556,1.0
-0.43653955606146844,-0.4384367292733826,-0.43970151141465885,-0.44172516284070074,-0.4440017706949978,-0.4470372478340606,-0.4510845506861443,-0.4534405266822814,-0.456225865670697,-0.4586313857061467,-0.460277267835665,0.02373771177419659,1.0
-0.4384367292733826,-0.43970151141465885,-0.44172516284070074,-0.4440017706949978,-0.4470372478340606,-0.4510845506861443,-0.4534405266822814,-0.456225865670697,-0.4586313857061467,-0.460277267835665,-0.46091029942394124,0.02247357015055862,1.0
-0.43970151141465885,-0.44172516284070074,-0.4440017706949978,-0.4470372478340606,-0.4510845506861443,-0.4534405266822814,-0.456225865670697,-0.4586313857061467,-0.460277267835665,-0.46091029942394124,-0.460783693106286,0.021208788009282387,1.0
-0.44172516284070074,-0.4440017706949978,-0.4470372478340606,-0.4510845506861443,-0.4534405266822814,-0.456225865670697,-0.4586313857061467,-0.460277267835665,-0.46091029942394124,-0.460783693106286,-0.4604038741533203,0.019185136583240503,1.0
-0.4440017706949978,-0.4470372478340606,-0.4510845506861443,-0.4534405266822814,-0.456225865670697,-0.4586313857061467,-0.460277267835665,-0.46091029942394124,-0.460783693106286,-0.4604038741533203,-0.460783693106286,0.01690852872894344,1.0
-0.4470372478340606,-0.4510845506861443,-0.4534405266822814,-0.456225865670697,-0.4586313857061467,-0.460277267835665,-0.46091029942394124,-0.460783693106286,-0.4604038741533203,-0.460783693106286,-0.4621763626004938,0.015139114766433148,1.0
-0.4510845506861443,-0.4534405266822814,-0.456225865670697,-0.4586313857061467,-0.460277267835665,-0.46091029942394124,-0.460783693106286,-0.4604038741533203,-0.460783693106286,-0.4621763626004938,-0.4630626068240805,0.011978056137936233,1.0
-0.4534405266822814,-0.456225865670697,-0.4586313857061467,-0.460277267835665,-0.46091029942394124,-0.460783693106286,-0.4604038741533203,-0.460783693106286,-0.4621763626004938,-0.4630626068240805,-0.464835095271254,0.011394568588972587,1.0
-0.456225865670697,-0.4586313857061467,-0.460277267835665,-0.46091029942394124,-0.460783693106286,-0.4604038741533203,-0.460783693106286,-0.4621763626004938,-0.4630626068240805,-0.464835095271254,-0.46572133949484085,0.00949547382414384,1.0
-0.4586313857061467,-0.460277267835665,-0.46091029942394124,-0.460783693106286,-0.4604038741533203,-0.460783693106286,-0.4621763626004938,-0.4630626068240805,-0.464835095271254,-0.46572133949484085,-0.4654681268595303,0.007089953788694148,1.0
-0.460277267835665,-0.46091029942394124,-0.460783693106286,-0.4604038741533203,-0.460783693106286,-0.4621763626004938,-0.4630626068240805,-0.464835095271254,-0.46572133949484085,-0.4654681268595303,-0.4662277647654618,0.005950496929796767,1.0
-0.46091029942394124,-0.460783693106286,-0.4604038741533203,-0.460783693106286,-0.4621763626004938,-0.4630626068240805,-0.464835095271254,-0.46572133949484085,-0.4654681268595303,-0.4662277647654618,-0.466860796353738,0.006456922200417714,1.0
-0.460783693106286,-0.4604038741533203,-0.460783693106286,-0.4621763626004938,-0.4630626068240805,-0.464835095271254,-0.46572133949484085,-0.4654681268595303,-0.4662277647654618,-0.466860796353738,-0.46812685953029054,0.007722985376970248,1.0
-0.4604038741533203,-0.460783693106286,-0.4621763626004938,-0.4630626068240805,-0.464835095271254,-0.46572133949484085,-0.4654681268595303,-0.4662277647654618,-0.466860796353738,-0.46812685953029054,-0.4704057732480851,0.010001899094764788,1.0
-0.460783693106286,-0.4621763626004938,-0.4630626068240805,-0.464835095271254,-0.46572133949484085,-0.4654681268595303,-0.4662277647654618,-0.466860796353738,-0.46812685953029054,-0.4704057732480851,-0.4712920174716718,0.010508324365385846,1.0
-0.4621763626004938,-0.4630626068240805,-0.464835095271254,-0.46572133949484085,-0.4654681268595303,-0.4662277647654618,-0.466860796353738,-0.46812685953029054,-0.4704057732480851,-0.4712920174716718,-0.47255808064822435,0.010381718047730581,1.0
-0.4630626068240805,-0.464835095271254,-0.46572133949484085,-0.4654681268595303,-0.4662277647654618,-0.466860796353738,-0.46812685953029054,-0.4704057732480851,-0.4712920174716718,-0.47255808064822435,-0.4744571754130531,0.011394568588972587,1.0
-0.464835095271254,-0.46572133949484085,-0.4654681268595303,-0.4662277647654618,-0.466860796353738,-0.46812685953029054,-0.4704057732480851,-0.4712920174716718,-0.47255808064822435,-0.4744571754130531,-0.4736975375071216,0.009622080141799105,1.0
-0.46572133949484085,-0.4654681268595303,-0.4662277647654618,-0.466860796353738,-0.46812685953029054,-0.4704057732480851,-0.4712920174716718,-0.47255808064822435,-0.4744571754130531,-0.4736975375071216,-0.47357093118946636,0.008989048553522783,1.0
-0.4654681268595303,-0.4662277647654618,-0.466860796353738,-0.46812685953029054,-0.4704057732480851,-0.4712920174716718,-0.47255808064822435,-0.4744571754130531,-0.4736975375071216,-0.47357093118946636,-0.47331771855415583,0.008989048553522783,1.0
-0.4662277647654618,-0.466860796353738,-0.46812685953029054,-0.4704057732480851,-0.4712920174716718,-0.47255808064822435,-0.4744571754130531,-0.4736975375071216,-0.47357093118946636,-0.47331771855415583,-0.4738241438247769,0.008229410647591306,1.0
-0.466860796353738,-0.46812685953029054,-0.4704057732480851,-0.4712920174716718,-0.47255808064822435,-0.4744571754130531,-0.4736975375071216,-0.47357093118946636,-0.47331771855415583,-0.4738241438247769,-0.47559663227195037,0.008735835918212365,1.0
-0.46812685953029054,-0.4704057732480851,-0.4712920174716718,-0.47255808064822435,-0.4744571754130531,-0.4736975375071216,-0.47357093118946636,-0.47331771855415583,-0.4738241438247769,-0.47559663227195037,-0.47559663227195037,0.00746977274165983,1.0
-0.4704057732480851,-0.4712920174716718,-0.47255808064822435,-0.4744571754130531,-0.4736975375071216,-0.47357093118946636,-0.47331771855415583,-0.4738241438247769,-0.47559663227195037,-0.47559663227195037,-0.47458378173070837,0.005190859023865291,1.0
-0.4712920174716718,-0.47255808064822435,-0.4744571754130531,-0.4736975375071216,-0.47357093118946636,-0.47331771855415583,-0.4738241438247769,-0.47559663227195037,-0.47559663227195037,-0.47458378173070837,-0.4710388048363613,0.004557827435589079,1.0
-0.47255808064822435,-0.4744571754130531,-0.4736975375071216,-0.47357093118946636,-0.47331771855415583,-0.4738241438247769,-0.47559663227195037,-0.47559663227195037,-0.47458378173070837,-0.4710388048363613,-0.49484079255554847,0.02380198771918718,1.0
-0.4744571754130531,-0.4736975375071216,-0.47357093118946636,-0.47331771855415583,-0.4738241438247769,-0.47559663227195037,-0.47559663227195037,-0.47458378173070837,-0.4710388048363613,-0.49484079255554847,-0.5145913781097677,0.04355257327340645,1.0
-0.4736975375071216,-0.47357093118946636,-0.47331771855415583,-0.4738241438247769,-0.47559663227195037,-0.47559663227195037,-0.47458378173070837,-0.4710388048363613,-0.49484079255554847,-0.5145913781097677,-0.5271254035576376,0.056086598721276304,1.0
-0.47357093118946636,-0.47331771855415583,-0.4738241438247769,-0.47559663227195037,-0.47559663227195037,-0.47458378173070837,-0.4710388048363613,-0.49484079255554847,-0.5145913781097677,-0.5271254035576376,-0.49977843894410334,0.056086598721276304,1.0
-0.47331771855415583,-0.4738241438247769,-0.47559663227195037,-0.47559663227195037,-0.47458378173070837,-0.4710388048363613,-0.49484079255554847,-0.5145913781097677,-0.5271254035576376,-0.49977843894410334,-0.466860796353738,0.06026460720389959,1.0
-0.4738241438247769,-0.47559663227195037,-0.47559663227195037,-0.47458378173070837,-0.4710388048363613,-0.49484079255554847,-0.5145913781097677,-0.5271254035576376,-0.49977843894410334,-0.466860796353738,-0.45913781097676776,0.06798759258086984,1.0
-0.47559663227195037,-0.47559663227195037,-0.47458378173070837,-0.4710388048363613,-0.49484079255554847,-0.5145913781097677,-0.5271254035576376,-0.49977843894410334,-0.466860796353738,-0.45913781097676776,-0.4441982654934481,0.0829271380641895,1.0
-0.47559663227195037,-0.47458378173070837,-0.4710388048363613,-0.49484079255554847,-0.5145913781097677,-0.5271254035576376,-0.49977843894410334,-0.466860796353738,-0.45913781097676776,-0.4441982654934481,-0.421915553586124,0.10520984997151361,1.0
-0.47458378173070837,-0.4710388048363613,-0.49484079255554847,-0.5145913781097677,-0.5271254035576376,-0.49977843894410334,-0.466860796353738,-0.45913781097676776,-0.4441982654934481,-0.421915553586124,-0.3602582768880167,0.1668671266696209,2.0
-0.4710388048363613,-0.49484079255554847,-0.5145913781097677,-0.5271254035576376,-0.49977843894410334,-0.466860796353738,-0.45913781097676776,-0.4441982654934481,-0.421915553586124,-0.3602582768880167,-0.292270684307147,0.23485471925049062,2.0
-0.49484079255554847,-0.5145913781097677,-0.5271254035576376,-0.49977843894410334,-0.466860796353738,-0.45913781097676776,-0.4441982654934481,-0.421915553586124,-0.3602582768880167,-0.292270684307147,-0.25036399316325886,0.27676141039437874,2.0
-0.5145913781097677,-0.5271254035576376,-0.49977843894410334,-0.466860796353738,-0.45913781097676776,-0.4441982654934481,-0.421915553586124,-0.3602582768880167,-0.292270684307147,-0.25036399316325886,-0.2047857188073685,0.3223396847502691,2.0
-0.5271254035576376,-0.49977843894410334,-0.466860796353738,-0.45913781097676776,-0.4441982654934481,-0.421915553586124,-0.3602582768880167,-0.292270684307147,-0.25036399316325886,-0.2047857188073685,-0.12628980186111283,0.40083560169652477,2.0
-0.49977843894410334,-0.466860796353738,-0.45913781097676776,-0.4441982654934481,-0.421915553586124,-0.3602582768880167,-0.292270684307147,-0.25036399316325886,-0.2047857188073685,-0.12628980186111283,-0.015382667595112975,0.48439577134899037,2.0
-0.466860796353738,-0.45913781097676776,-0.4441982654934481,-0.421915553586124,-0.3602582768880167,-0.292270684307147,-0.25036399316325886,-0.2047857188073685,-0.12628980186111283,-0.015382667595112975,0.09248591504716086,0.5593467114008989,2.0
-0.45913781097676776,-0.4441982654934481,-0.421915553586124,-0.3602582768880167,-0.292270684307147,-0.25036399316325886,-0.2047857188073685,-0.12628980186111283,-0.015382667595112975,0.09248591504716086,0.16414509084003281,0.6232829018168006,2.0
-0.4441982654934481,-0.421915553586124,-0.3602582768880167,-0.292270684307147,-0.25036399316325886,-0.2047857188073685,-0.12628980186111283,-0.015382667595112975,0.09248591504716086,0.16414509084003281,0.23327214027979992,0.677470405773248,2.0
-0.421915553586124,-0.3602582768880167,-0.292270684307147,-0.25036399316325886,-0.2047857188073685,-0.12628980186111283,-0.015382667595112975,0.09248591504716086,0.16414509084003281,0.23327214027979992,0.29961385073115143,0.7215294043172754,2.0
-0.3602582768880167,-0.292270684307147,-0.25036399316325886,-0.2047857188073685,-0.12628980186111283,-0.015382667595112975,0.09248591504716086,0.16414509084003281,0.23327214027979992,0.29961385073115143,0.3620307653351902,0.7222890422232069,2.0
-0.292270684307147,-0.25036399316325886,-0.2047857188073685,-0.12628980186111283,-0.015382667595112975,0.09248591504716086,0.16414509084003281,0.23327214027979992,0.29961385073115143,0.3620307653351902,0.42064949040957145,0.7129201747167184,2.0
-0.25036399316325886,-0.2047857188073685,-0.12628980186111283,-0.015382667595112975,0.09248591504716086,0.16414509084003281,0.23327214027979992,0.29961385073115143,0.3620307653351902,0.42064949040957145,0.44331202126986136,0.6936760144331202,2.0
-0.2047857188073685,-0.12628980186111283,-0.015382667595112975,0.09248591504716086,0.16414509084003281,0.23327214027979992,0.29961385073115143,0.3620307653351902,0.42064949040957145,0.44331202126986136,0.46255618155345957,0.6673419003608281,2.0
-0.12628980186111283,-0.015382667595112975,0.09248591504716086,0.16414509084003281,0.23327214027979992,0.29961385073115143,0.3620307653351902,0.42064949040957145,0.44331202126986136,0.46255618155345957,0.5425713743115781,0.6688611761726909,2.0
-0.015382667595112975,0.09248591504716086,0.16414509084003281,0.23327214027979992,0.29961385073115143,0.3620307653351902,0.42064949040957145,0.44331202126986136,0.46255618155345957,0.5425713743115781,0.6203076533519023,0.6356903209470153,2.0
0.09248591504716086,0.16414509084003281,0.23327214027979992,0.29961385073115143,0.3620307653351902,0.42064949040957145,0.44331202126986136,0.46255618155345957,0.5425713743115781,0.6203076533519023,0.6957650186744317,0.6032791036272709,2.0
0.16414509084003281,0.23327214027979992,0.29961385073115143,0.3620307653351902,0.42064949040957145,0.44331202126986136,0.46255618155345957,0.5425713743115781,0.6203076533519023,0.6957650186744317,0.7357726150534911,0.5716275242134583,2.0
0.23327214027979992,0.29961385073115143,0.3620307653351902,0.42064949040957145,0.44331202126986136,0.46255618155345957,0.5425713743115781,0.6203076533519023,0.6957650186744317,0.7357726150534911,0.7733746913971007,0.5401025511173008,2.0
0.29961385073115143,0.3620307653351902,0.42064949040957145,0.44331202126986136,0.46255618155345957,0.5425713743115781,0.6203076533519023,0.6957650186744317,0.7357726150534911,0.7733746913971007,0.807305184528708,0.5076913337975566,2.0
0.3620307653351902,0.42064949040957145,0.44331202126986136,0.46255618155345957,0.5425713743115781,0.6203076533519023,0.6957650186744317,0.7357726150534911,0.7733746913971007,0.807305184528708,0.8351585744128631,0.47312780907767293,2.0
0.42064949040957145,0.44331202126986136,0.46255618155345957,0.5425713743115781,0.6203076533519023,0.6957650186744317,0.7357726150534911,0.7733746913971007,0.807305184528708,0.8351585744128631,0.8849148572513768,0.4642653668418053,2.0
0.44331202126986136,0.46255618155345957,0.5425713743115781,0.6203076533519023,0.6957650186744317,0.7357726150534911,0.7733746913971007,0.807305184528708,0.8351585744128631,0.8849148572513768,0.8856744951573083,0.442362473887447,2.0
0.46255618155345957,0.5425713743115781,0.6203076533519023,0.6957650186744317,0.7357726150534911,0.7733746913971007,0.807305184528708,0.8351585744128631,0.8849148572513768,0.8856744951573083,0.9025131354054567,0.4399569538519972,2.0
0.5425713743115781,0.6203076533519023,0.6957650186744317,0.7357726150534911,0.7733746913971007,0.807305184528708,0.8351585744128631,0.8849148572513768,0.8856744951573083,0.9025131354054567,0.8717478002152308,0.35994176109387865,2.0
0.6203076533519023,0.6957650186744317,0.7357726150534911,0.7733746913971007,0.807305184528708,0.8351585744128631,0.8849148572513768,0.8856744951573083,0.9025131354054567,0.8717478002152308,0.8280686206241692,0.28220548205355445,2.0
0.6957650186744317,0.7357726150534911,0.7733746913971007,0.807305184528708,0.8351585744128631,0.8849148572513768,0.8856744951573083,0.9025131354054567,0.8717478002152308,0.8280686206241692,0.7721086282205483,0.206748116731025,2.0
0.7357726150534911,0.7733746913971007,0.807305184528708,0.8351585744128631,0.8849148572513768,0.8856744951573083,0.9025131354054567,0.8717478002152308,0.8280686206241692,0.7721086282205483,0.7043742482749888,0.1981388871304679,2.0
0.7733746913971007,0.807305184528708,0.8351585744128631,0.8849148572513768,0.8856744951573083,0.9025131354054567,0.8717478002152308,0.8280686206241692,0.7721086282205483,0.7043742482749888,0.5952396024561626,0.30727353294929416,0.0
0.807305184528708,0.8351585744128631,0.8849148572513768,0.8856744951573083,0.9025131354054567,0.8717478002152308,0.8280686206241692,0.7721086282205483,0.7043742482749888,0.5952396024561626,0.47433056909539784,0.4281825663100589,0.0
0.8351585744128631,0.8849148572513768,0.8856744951573083,0.9025131354054567,0.8717478002152308,0.8280686206241692,0.7721086282205483,0.7043742482749888,0.5952396024561626,0.47433056909539784,0.3770969171361651,0.5254162182692916,0.0
0.8849148572513768,0.8856744951573083,0.9025131354054567,0.8717478002152308,0.8280686206241692,0.7721086282205483,0.7043742482749888,0.5952396024561626,0.47433056909539784,0.3770969171361651,0.2735329492941698,0.6289801861112869,0.0
0.8856744951573083,0.9025131354054567,0.8717478002152308,0.8280686206241692,0.7721086282205483,0.7043742482749888,0.5952396024561626,0.47433056909539784,0.3770969171361651,0.2735329492941698,0.1662973982401721,0.7362157371652847,0.0
0.9025131354054567,0.8717478002152308,0.8280686206241692,0.7721086282205483,0.7043742482749888,0.5952396024561626,0.47433056909539784,0.3770969171361651,0.2735329492941698,0.1662973982401721,0.027790086725327567,0.8747230486801292,0.0
0.8717478002152308,0.8280686206241692,0.7721086282205483,0.7043742482749888,0.5952396024561626,0.47433056909539784,0.3770969171361651,0.2735329492941698,0.1662973982401721,0.027790086725327567,-0.06906374628093936,0.9408115464961702,0.0
0.8280686206241692,0.7721086282205483,0.7043742482749888,0.5952396024561626,0.47433056909539784,0.3770969171361651,0.2735329492941698,0.1662973982401721,0.027790086725327567,-0.06906374628093936,-0.18923369221025965,1.017302312834429,0.0
0.7721086282205483,0.7043742482749888,0.5952396024561626,0.47433056909539784,0.3770969171361651,0.2735329492941698,0.1662973982401721,0.027790086725327567,-0.06906374628093936,-0.18923369221025965,-0.26725775807473084,1.039366386295279,0.0
0.7043742482749888,0.5952396024561626,0.47433056909539784,0.3770969171361651,0.2735329492941698,0.1662973982401721,0.027790086725327567,-0.06906374628093936,-0.18923369221025965,-0.26725775807473084,-0.3057086738896281,1.0100829221646168,0.0
0.5952396024561626,0.47433056909539784,0.3770969171361651,0.2735329492941698,0.1662973982401721,0.027790086725327567,-0.06906374628093936,-0.18923369221025965,-0.26725775807473084,-0.3057086738896281,-0.37036332509035574,0.9656029275465183,0.0
0.47433056909539784,0.3770969171361651,0.2735329492941698,0.1662973982401721,0.027790086725327567,-0.06906374628093936,-0.18923369221025965,-0.26725775807473084,-0.3057086738896281,-0.37036332509035574,-0.45541421837670304,0.9297447874721009,0.0
0.3770969171361651,0.2735329492941698,0.1662973982401721,0.027790086725327567,-0.06906374628093936,-0.18923369221025965,-0.26725775807473084,-0.3057086738896281,-0.37036332509035574,-0.45541421837670304,-0.5111580615343985,0.8882549786705636,0.0
0.2735329492941698,0.1662973982401721,0.027790086725327567,-0.06906374628093936,-0.18923369221025965,-0.26725775807473084,-0.3057086738896281,-0.37036332509035574,-0.45541421837670304,-0.5111580615343985,-0.5400413416016536,0.8135742908958234,0.0
0.1662973982401721,0.027790086725327567,-0.06906374628093936,-0.18923369221025965,-0.26725775807473084,-0.3057086738896281,-0.37036332509035574,-0.45541421837670304,-0.5111580615343985,-0.5400413416016536,-0.603679155958339,0.7699765541985111,0.0
0.027790086725327567,-0.06906374628093936,-0.18923369221025965,-0.26725775807473084,-0.3057086738896281,-0.37036332509035574,-0.45541421837670304,-0.5111580615343985,-0.5400413416016536,-0.603679155958339,-0.7001753770606804,0.727965463786008,0.0
-0.06906374628093936,-0.18923369221025965,-0.26725775807473084,-0.3057086738896281,-0.37036332509035574,-0.45541421837670304,-0.5111580615343985,-0.5400413416016536,-0.603679155958339,-0.7001753770606804,-0.8050029256875366,0.7359391794065973,0.0
-0.18923369221025965,-0.26725775807473084,-0.3057086738896281,-0.37036332509035574,-0.45541421837670304,-0.5111580615343985,-0.5400413416016536,-0.603679155958339,-0.7001753770606804,-0.8050029256875366,-0.8844410295812524,0.6952073373709927,0.0
-0.26725775807473084,-0.3057086738896281,-0.37036332509035574,-0.45541421837670304,-0.5111580615343985,-0.5400413416016536,-0.603679155958339,-0.7001753770606804,-0.8050029256875366,-0.8844410295812524,-0.9373005743458839,0.670042816271153,0.0
-0.3057086738896281,-0.37036332509035574,-0.45541421837670304,-0.5111580615343985,-0.5400413416016536,-0.603679155958339,-0.7001753770606804,-0.8050029256875366,-0.8844410295812524,-0.9373005743458839,-0.9447280979009645,0.6390194240113364,0.0
-0.37036332509035574,-0.45541421837670304,-0.5111580615343985,-0.5400413416016536,-0.603679155958339,-0.7001753770606804,-0.8050029256875366,-0.8844410295812524,-0.9373005743458839,-0.9447280979009645,-0.9189561552800065,0.5743647728106087,0.0
-0.45541421837670304,-0.5111580615343985,-0.5400413416016536,-0.603679155958339,-0.7001753770606804,-0.8050029256875366,-0.8844410295812524,-0.9373005743458839,-0.9447280979009645,-0.9189561552800065,-0.9332198719507253,0.4893138795242614,0.0
-0.5111580615343985,-0.5400413416016536,-0.603679155958339,-0.7001753770606804,-0.8050029256875366,-0.8844410295812524,-0.9373005743458839,-0.9447280979009645,-0.9189561552800065,-0.9332198719507253,-0.9450522732798444,0.43389421174544596,0.0
-0.5400413416016536,-0.603679155958339,-0.7001753770606804,-0.8050029256875366,-0.8844410295812524,-0.9373005743458839,-0.9447280979009645,-0.9189561552800065,-0.9332198719507253,-0.9450522732798444,-0.9525083069940838,0.4124669653924302,1.0
-0.603679155958339,-0.7001753770606804,-0.8050029256875366,-0.8844410295812524,-0.9373005743458839,-0.9447280979009645,-0.9189561552800065,-0.9332198719507253,-0.9450522732798444,-0.9525083069940838,-0.9573709376772834,0.35369178171894444,1.0
-0.7001753770606804,-0.8050029256875366,-0.8844410295812524,-0.9373005743458839,-0.9447280979009645,-0.9189561552800065,-0.9332198719507253,-0.9450522732798444,-0.9525083069940838,-0.9573709376772834,-0.9606126914660832,0.26043731440540274,1.0
-0.8050029256875366,-0.8844410295812524,-0.9373005743458839,-0.9447280979009645,-0.9189561552800065,-0.9332198719507253,-0.9450522732798444,-0.9525083069940838,-0.9573709376772834,-0.9606126914660832,-0.962719831428803,0.1577169057412664,1.0
-0.8844410295812524,-0.9373005743458839,-0.9447280979009645,-0.9189561552800065,-0.9332198719507253,-0.9450522732798444,-0.9525083069940838,-0.9573709376772834,-0.9606126914660832,-0.962719831428803,-0.962881919118243,0.07844088953699058,1.0
-0.9373005743458839,-0.9447280979009645,-0.9189561552800065,-0.9332198719507253,-0.9450522732798444,-0.9525083069940838,-0.9573709376772834,-0.9606126914660832,-0.962719831428803,-0.962881919118243,-0.962881919118243,0.04392576383823643,1.0
-0.9447280979009645,-0.9189561552800065,-0.9332198719507253,-0.9450522732798444,-0.9525083069940838,-0.9573709376772834,-0.9606126914660832,-0.962719831428803,-0.962881919118243,-0.962881919118243,-0.9641786206337629,0.0452224653537564,1.0
-0.9189561552800065,-0.9332198719507253,-0.9450522732798444,-0.9525083069940838,-0.9573709376772834,-0.9606126914660832,-0.962719831428803,-0.962881919118243,-0.962881919118243,-0.9641786206337629,-0.9674203744225626,0.04846421914255605,1.0
-0.9332198719507253,-0.9450522732798444,-0.9525083069940838,-0.9573709376772834,-0.9606126914660832,-0.962719831428803,-0.962881919118243,-0.962881919118243,-0.9641786206337629,-0.9674203744225626,-0.9706621282113623,0.03744225626063702,1.0
-0.9450522732798444,-0.9525083069940838,-0.9573709376772834,-0.9606126914660832,-0.962719831428803,-0.962881919118243,-0.962881919118243,-0.9641786206337629,-0.9674203744225626,-0.9706621282113623,-0.9722830051057623,0.027230731825917842,1.0
-0.9525083069940838,-0.9573709376772834,-0.9606126914660832,-0.962719831428803,-0.962881919118243,-0.962881919118243,-0.9641786206337629,-0.9674203744225626,-0.9706621282113623,-0.9722830051057623,-0.9730934435529621,0.02058513655887828,1.0
-0.9573709376772834,-0.9606126914660832,-0.962719831428803,-0.962881919118243,-0.962881919118243,-0.9641786206337629,-0.9674203744225626,-0.9706621282113623,-0.9722830051057623,-0.9730934435529621,-0.9732555312424022,0.015884593565118732,1.0
-0.9606126914660832,-0.962719831428803,-0.962881919118243,-0.962881919118243,-0.9641786206337629,-0.9674203744225626,-0.9706621282113623,-0.9722830051057623,-0.9730934435529621,-0.9732555312424022,-0.9730934435529621,0.01264283977631897,1.0
-0.962719831428803,-0.962881919118243,-0.962881919118243,-0.9641786206337629,-0.9674203744225626,-0.9706621282113623,-0.9722830051057623,-0.9730934435529621,-0.9732555312424022,-0.9730934435529621,-0.9719588297268822,0.010535699813599142,1.0
-0.962881919118243,-0.962881919118243,-0.9641786206337629,-0.9674203744225626,-0.9706621282113623,-0.9722830051057623,-0.9730934435529621,-0.9732555312424022,-0.9730934435529621,-0.9719588297268822,-0.9719588297268822,0.010373612124159215,1.0
-0.962881919118243,-0.9641786206337629,-0.9674203744225626,-0.9706621282113623,-0.9722830051057623,-0.9730934435529621,-0.9732555312424022,-0.9730934435529621,-0.9719588297268822,-0.9719588297268822,-0.9726071804846422,0.010373612124159215,1.0
-0.9641786206337629,-0.9674203744225626,-0.9706621282113623,-0.9722830051057623,-0.9730934435529621,-0.9732555312424022,-0.9730934435529621,-0.9719588297268822,-0.9719588297268822,-0.9726071804846422,-0.9747143204473621,0.010535699813599142,1.0
-0.9674203744225626,-0.9706621282113623,-0.9722830051057623,-0.9730934435529621,-0.9732555312424022,-0.9730934435529621,-0.9719588297268822,-0.9719588297268822,-0.9726071804846422,-0.9747143204473621,-0.9769835480995218,0.009563173676959247,1.0
-0.9706621282113623,-0.9722830051057623,-0.9730934435529621,-0.9732555312424022,-0.9730934435529621,-0.9719588297268822,-0.9719588297268822,-0.9726071804846422,-0.9747143204473621,-0.9769835480995218,-0.9773077234784018,0.00664559526703945,1.0
-0.9722830051057623,-0.9730934435529621,-0.9732555312424022,-0.9730934435529621,-0.9719588297268822,-0.9719588297268822,-0.9726071804846422,-0.9747143204473621,-0.9769835480995218,-0.9773077234784018,-0.9777903866418092,0.005831556914926983,1.0
-0.9730934435529621,-0.9732555312424022,-0.9730934435529621,-0.9719588297268822,-0.9719588297268822,-0.9726071804846422,-0.9747143204473621,-0.9769835480995218,-0.9773077234784018,-0.9777903866418092,-0.9767032598675941,0.005831556914926983,1.0
-0.9732555312424022,-0.9730934435529621,-0.9719588297268822,-0.9719588297268822,-0.9726071804846422,-0.9747143204473621,-0.9769835480995218,-0.9773077234784018,-0.9777903866418092,-0.9767032598675941,-0.9759181216134859,0.005831556914926983,1.0
-0.9730934435529621,-0.9719588297268822,-0.9719588297268822,-0.9726071804846422,-0.9747143204473621,-0.9769835480995218,-0.9773077234784018,-0.9777903866418092,-0.9767032598675941,-0.9759181216134859,-0.9752787622093526,0.005831556914926983,1.0
-0.9719588297268822,-0.9719588297268822,-0.9726071804846422,-0.9747143204473621,-0.9769835480995218,-0.9773077234784018,-0.9777903866418092,-0.9767032598675941,-0.9759181216134859,-0.9752787622093526,-0.9761431411530815,0.005831556914926983,1.0
-0.9719588297268822,-0.9726071804846422,-0.9747143204473621,-0.9769835480995218,-0.9773077234784018,-0.9777903866418092,-0.9767032598675941,-0.9759181216134859,-0.9752787622093526,-0.9761431411530815,-0.9775261474630478,0.005831556914926983,1.0
-0.9726071804846422,-0.9747143204473621,-0.9769835480995218,-0.9773077234784018,-0.9777903866418092,-0.9767032598675941,-0.9759181216134859,-0.9752787622093526,-0.9761431411530815,-0.9775261474630478,-0.9792549053505056,0.0066477248658634025,1.0
-0.9747143204473621,-0.9769835480995218,-0.9773077234784018,-0.9777903866418092,-0.9767032598675941,-0.9759181216134859,-0.9752787622093526,-0.9761431411530815,-0.9775261474630478,-0.9792549053505056,-0.9818480421816924,0.007133721734330356,1.0
-0.9769835480995218,-0.9773077234784018,-0.9777903866418092,-0.9767032598675941,-0.9759181216134859,-0.9752787622093526,-0.9761431411530815,-0.9775261474630478,-0.9792549053505056,-0.9818480421816924,-0.983058172702913,0.007779410493560346,1.0
-0.9773077234784018,-0.9777903866418092,-0.9767032598675941,-0.9759181216134859,-0.9752787622093526,-0.9761431411530815,-0.9775261474630478,-0.9792549053505056,-0.9818480421816924,-0.983058172702913,-0.9844411790128792,0.009162416803526585,1.0
-0.9777903866418092,-0.9767032598675941,-0.9759181216134859,-0.9752787622093526,-0.9761431411530815,-0.9775261474630478,-0.9792549053505056,-0.9818480421816924,-0.983058172702913,-0.9844411790128792,-0.9847869305903708,0.0095081683810182,1.0
-0.9767032598675941,-0.9759181216134859,-0.9752787622093526,-0.9761431411530815,-0.9775261474630478,-0.9792549053505056,-0.9818480421816924,-0.983058172702913,-0.9844411790128792,-0.9847869305903708,-0.984614054801625,0.0095081683810182,1.0
-0.9759181216134859,-0.9752787622093526,-0.9761431411530815,-0.9775261474630478,-0.9792549053505056,-0.9818480421816924,-0.983058172702913,-0.9844411790128792,-0.9847869305903708,-0.984614054801625,-0.9849598063791166,0.009681044169764008,1.0
-0.9752787622093526,-0.9761431411530815,-0.9775261474630478,-0.9792549053505056,-0.9818480421816924,-0.983058172702913,-0.9844411790128792,-0.9847869305903708,-0.984614054801625,-0.9849598063791166,-0.9856513095340997,0.010372547324747128,1.0
-0.9761431411530815,-0.9775261474630478,-0.9792549053505056,-0.9818480421816924,-0.983058172702913,-0.9844411790128792,-0.9847869305903708,-0.984614054801625,-0.9849598063791166,-0.9856513095340997,-0.9872071916328118,0.011064050479730247,1.0
-0.9775261474630478,-0.9792549053505056,-0.9818480421816924,-0.983058172702913,-0.9844411790128792,-0.9847869305903708,-0.984614054801625,-0.9849598063791166,-0.9856513095340997,-0.9872071916328118,-0.9896274526752529,0.012101305212205093,1.0
-0.9792549053505056,-0.9818480421816924,-0.983058172702913,-0.9844411790128792,-0.9847869305903708,-0.984614054801625,-0.9849598063791166,-0.9856513095340997,-0.9872071916328118,-0.9896274526752529,-0.9898003284639986,0.010545423113492935,1.0
-0.9818480421816924,-0.983058172702913,-0.9844411790128792,-0.9847869305903708,-0.984614054801625,-0.9849598063791166,-0.9856513095340997,-0.9872071916328118,-0.9896274526752529,-0.9898003284639986,-0.9904918316189818,0.008643789437289384,1.0
-0.983058172702913,-0.9844411790128792,-0.9847869305903708,-0.984614054801625,-0.9849598063791166,-0.9856513095340997,-0.9872071916328118,-0.9896274526752529,-0.9898003284639986,-0.9904918316189818,-0.9917019621402022,0.008643789437289273,1.0
-0.9844411790128792,-0.9847869305903708,-0.984614054801625,-0.9849598063791166,-0.9856513095340997,-0.9872071916328118,-0.9896274526752529,-0.9898003284639986,-0.9904918316189818,-0.9917019621402022,-0.9892817010977613,0.007260783127323034,1.0
-0.9847869305903708,-0.984614054801625,-0.9849598063791166,-0.9856513095340997,-0.9872071916328118,-0.9896274526752529,-0.9898003284639986,-0.9904918316189818,-0.9917019621402022,-0.9892817010977613,-0.9889359495202696,0.007087907338577226,1.0
-0.984614054801625,-0.9849598063791166,-0.9856513095340997,-0.9872071916328118,-0.9896274526752529,-0.9898003284639986,-0.9904918316189818,-0.9917019621402022,-0.9892817010977613,-0.9889359495202696,-0.988763073731524,0.007087907338577226,1.0
-0.9849598063791166,-0.9856513095340997,-0.9872071916328118,-0.9896274526752529,-0.9898003284639986,-0.9904918316189818,-0.9917019621402022,-0.9892817010977613,-0.9889359495202696,-0.988763073731524,-0.9896274526752529,0.006742155761085611,1.0
-0.9856513095340997,-0.9872071916328118,-0.9896274526752529,-0.9898003284639986,-0.9904918316189818,-0.9917019621402022,-0.9892817010977613,-0.9889359495202696,-0.988763073731524,-0.9896274526752529,-0.9922205895064397,0.006569279972339914,1.0
-0.9872071916328118,-0.9896274526752529,-0.9898003284639986,-0.9904918316189818,-0.9917019621402022,-0.9892817010977613,-0.9889359495202696,-0.988763073731524,-0.9896274526752529,-0.9922205895064397,-0.9930849684501686,0.005877776817356795,1.0
-0.9896274526752529,-0.9898003284639986,-0.9904918316189818,-0.9917019621402022,-0.9892817010977613,-0.9889359495202696,-0.988763073731524,-0.9896274526752529,-0.9922205895064397,-0.9930849684501686,-0.9936035958164059,0.004840522084881949,1.0
-0.9898003284639986,-0.9904918316189818,-0.9917019621402022,-0.9892817010977613,-0.9889359495202696,-0.988763073731524,-0.9896274526752529,-0.9922205895064397,-0.9930849684501686,-0.9936035958164059,-0.9934307200276601,0.004840522084881949,1.0
-0.9904918316189818,-0.9917019621402022,-0.9892817010977613,-0.9889359495202696,-0.988763073731524,-0.9896274526752529,-0.9922205895064397,-0.9930849684501686,-0.9936035958164059,-0.9934307200276601,-0.9911833347739649,0.004840522084881949,1.0
-0.9917019621402022,-0.9892817010977613,-0.9889359495202696,-0.988763073731524,-0.9896274526752529,-0.9922205895064397,-0.9930849684501686,-0.9936035958164059,-0.9934307200276601,-0.9911833347739649,-0.9911833347739649,0.004840522084881949,1.0
-0.9892817010977613,-0.9889359495202696,-0.988763073731524,-0.9896274526752529,-0.9922205895064397,-0.9930849684501686,-0.9936035958164059,-0.9934307200276601,-0.9911833347739649,-0.9911833347739649,-0.9901460800414902,0.004840522084881949,1.0
-0.9889359495202696,-0.988763073731524,-0.9896274526752529,-0.9922205895064397,-0.9930849684501686,-0.9936035958164059,-0.9934307200276601,-0.9911833347739649,-0.9911833347739649,-0.9901460800414902,-0.9898003284639986,0.004840522084881949,1.0
-0.988763073731524,-0.9896274526752529,-0.9922205895064397,-0.9930849684501686,-0.9936035958164059,-0.9934307200276601,-0.9911833347739649,-0.9911833347739649,-0.9901460800414902,-0.9898003284639986,-0.9917019621402022,0.004840522084881949,1.0
-0.9896274526752529,-0.9922205895064397,-0.9930849684501686,-0.9936035958164059,-0.9934307200276601,-0.9911833347739649,-0.9911833347739649,-0.9901460800414902,-0.9898003284639986,-0.9917019621402022,-0.9917019621402022,0.003976143141153021,1.0
-0.9922205895064397,-0.9930849684501686,-0.9936035958164059,-0.9934307200276601,-0.9911833347739649,-0.9911833347739649,-0.9901460800414902,-0.9898003284639986,-0.9917019621402022,-0.9917019621402022,-0.9917019621402022,0.0038032673524073246,1.0
-0.9930849684501686,-0.9936035958164059,-0.9934307200276601,-0.9911833347739649,-0.9911833347739649,-0.9901460800414902,-0.9898003284639986,-0.9917019621402022,-0.9917019621402022,-0.9917019621402022,-0.9906647074077275,0.0038032673524073246,1.0
-0.9936035958164059,-0.9934307200276601,-0.9911833347739649,-0.9911833347739649,-0.9901460800414902,-0.9898003284639986,-0.9917019621402022,-0.9917019621402022,-0.9917019621402022,-0.9906647074077275,-0.9877258189990492,0.0058777768173566836,1.0
-0.9934307200276601,-0.9911833347739649,-0.9911833347739649,-0.9901460800414902,-0.9898003284639986,-0.9917019621402022,-0.9917019621402022,-0.9917019621402022,-0.9906647074077275,-0.9877258189990492,-0.9872071916328118,0.006223528394848299,1.0
-0.9911833347739649,-0.9911833347739649,-0.9901460800414902,-0.9898003284639986,-0.9917019621402022,-0.9917019621402022,-0.9917019621402022,-0.9906647074077275,-0.9877258189990492,-0.9872071916328118,-0.9859970611115914,0.005704901028610876,1.0
-0.9911833347739649,-0.9901460800414902,-0.9898003284639986,-0.9917019621402022,-0.9917019621402022,-0.9917019621402022,-0.9906647074077275,-0.9877258189990492,-0.9872071916328118,-0.9859970611115914,-0.9847869305903708,0.0069150315498314185,1.0
-0.9901460800414902,-0.9898003284639986,-0.9917019621402022,-0.9917019621402022,-0.9917019621402022,-0.9906647074077275,-0.9877258189990492,-0.9872071916328118,-0.9859970611115914,-0.9847869305903708,-0.9866885642665745,0.0069150315498314185,1.0
-0.9898003284639986,-0.9917019621402022,-0.9917019621402022,-0.9917019621402022,-0.9906647074077275,-0.9877258189990492,-0.9872071916328118,-0.9859970611115914,-0.9847869305903708,-0.9866885642665745,-0.9859970611115914,0.0069150315498314185,1.0
-0.9917019621402022,-0.9917019621402022,-0.9917019621402022,-0.9906647074077275,-0.9877258189990492,-0.9872071916328118,-0.9859970611115914,-0.9847869305903708,-0.9866885642665745,-0.9859970611115914,-0.9865156884778287,0.0069150315498314185,1.0
-0.9917019621402022,-0.9917019621402022,-0.9906647074077275,-0.9877258189990492,-0.9872071916328118,-0.9859970611115914,-0.9847869305903708,-0.9866885642665745,-0.9859970611115914,-0.9865156884778287,-0.9863428126890829,0.0069150315498314185,1.0
-0.9917019621402022,-0.9906647074077275,-0.9877258189990492,-0.9872071916328118,-0.9859970611115914,-0.9847869305903708,-0.9866885642665745,-0.9859970611115914,-0.9865156884778287,-0.9863428126890829,-0.9840954274353877,0.007606534704814538,1.0
-0.9906647074077275,-0.9877258189990492,-0.9872071916328118,-0.9859970611115914,-0.9847869305903708,-0.9866885642665745,-0.9859970611115914,-0.9865156884778287,-0.9863428126890829,-0.9840954274353877,-0.9844411790128792,0.006569279972339803,1.0
-0.9877258189990492,-0.9872071916328118,-0.9859970611115914,-0.9847869305903708,-0.9866885642665745,-0.9859970611115914,-0.9865156884778287,-0.9863428126890829,-0.9840954274353877,-0.9844411790128792,-0.9835768000691503,0.00414901892989894,1.0
-0.9872071916328118,-0.9859970611115914,-0.9847869305903708,-0.9866885642665745,-0.9859970611115914,-0.9865156884778287,-0.9863428126890829,-0.9840954274353877,-0.9844411790128792,-0.9835768000691503,-0.9825395453366756,0.004667646296136141,1.0
-0.9859970611115914,-0.9847869305903708,-0.9866885642665745,-0.9859970611115914,-0.9865156884778287,-0.9863428126890829,-0.9840954274353877,-0.9844411790128792,-0.9835768000691503,-0.9825395453366756,-0.9847869305903708,0.004149018929898829,1.0
-0.9847869305903708,-0.9866885642665745,-0.9859970611115914,-0.9865156884778287,-0.9863428126890829,-0.9840954274353877,-0.9844411790128792,-0.9835768000691503,-0.9825395453366756,-0.9847869305903708,-0.9840954274353877,0.004149018929898829,1.0
-0.9866885642665745,-0.9859970611115914,-0.9865156884778287,-0.9863428126890829,-0.9840954274353877,-0.9844411790128792,-0.9835768000691503,-0.9825395453366756,-0.9847869305903708,-0.9840954274353877,-0.9849598063791166,0.004149018929898829,1.0
-0.9859970611115914,-0.9865156884778287,-0.9863428126890829,-0.9840954274353877,-0.9844411790128792,-0.9835768000691503,-0.9825395453366756,-0.9847869305903708,-0.9840954274353877,-0.9849598063791166,-0.9856513095340997,0.003976143141153021,1.0
-0.9865156884778287,-0.9863428126890829,-0.9840954274353877,-0.9844411790128792,-0.9835768000691503,-0.9825395453366756,-0.9847869305903708,-0.9840954274353877,-0.9849598063791166,-0.9856513095340997,-0.9834039242804046,0.003976143141153021,1.0
-0.9863428126890829,-0.9840954274353877,-0.9844411790128792,-0.9835768000691503,-0.9825395453366756,-0.9847869305903708,-0.9840954274353877,-0.9849598063791166,-0.9856513095340997,-0.9834039242804046,-0.9839225516466419,0.0038032673524072136,1.0
-0.9840954274353877,-0.9844411790128792,-0.9835768000691503,-0.9825395453366756,-0.9847869305903708,-0.9840954274353877,-0.9849598063791166,-0.9856513095340997,-0.9834039242804046,-0.9839225516466419,-0.9827124211254213,0.003111764197424094,1.0
-0.9844411790128792,-0.9835768000691503,-0.9825395453366756,-0.9847869305903708,-0.9840954274353877,-0.9849598063791166,-0.9856513095340997,-0.9834039242804046,-0.9839225516466419,-0.9827124211254213,-0.9792549053505056,0.0063964041835941066,1.0
-0.9835768000691503,-0.9825395453366756,-0.9847869305903708,-0.9840954274353877,-0.9849598063791166,-0.9856513095340997,-0.9834039242804046,-0.9839225516466419,-0.9827124211254213,-0.9792549053505056,-0.97251274958942,0.013138559944679717,1.0
-0.9825395453366756,-0.9847869305903708,-0.9840954274353877,-0.9849598063791166,-0.9856513095340997,-0.9834039242804046,-0.9839225516466419,-0.9827124211254213,-0.9792549053505056,-0.97251274958942,-0.9953323537038637,0.022819604114443726,1.0
-0.9847869305903708,-0.9840954274353877,-0.9849598063791166,-0.9856513095340997,-0.9834039242804046,-0.9839225516466419,-0.9827124211254213,-0.9792549053505056,-0.97251274958942,-0.9953323537038637,-1.0,0.027487250410579978,1.0
-0.9840954274353877,-0.9849598063791166,-0.9856513095340997,-0.9834039242804046,-0.9839225516466419,-0.9827124211254213,-0.9792549053505056,-0.97251274958942,-0.9953323537038637,-1.0,-0.949279737772794,0.05072026222720605,1.0
-0.9849598063791166,-0.9856513095340997,-0.9834039242804046,-0.9839225516466419,-0.9827124211254213,-0.9792549053505056,-0.97251274958942,-0.9953323537038637,-1.0,-0.949279737772794,-0.9234020529629949,0.07659794703700507,1.0
-0.9856513095340997,-0.9834039242804046,-0.9839225516466419,-0.9827124211254213,-0.9792549053505056,-0.97251274958942,-0.9953323537038637,-1.0,-0.949279737772794,-0.9234020529629949,-0.8392133183817821,0.16078668161821785,1.0
-0.9834039242804046,-0.9839225516466419,-0.9827124211254213,-0.9792549053505056,-0.97251274958942,-0.9953323537038637,-1.0,-0.949279737772794,-0.9234020529629949,-0.8392133183817821,-0.738117829724834,0.261882170275166,1.0
-0.9839225516466419,-0.9827124211254213,-0.9792549053505056,-0.97251274958942,-0.9953323537038637,-1.0,-0.949279737772794,-0.9234020529629949,-0.8392133183817821,-0.738117829724834,-0.6663503838523247,0.3336496161476753,1.0
-0.9827124211254213,-0.9792549053505056,-0.97251274958942,-0.9953323537038637,-1.0,-0.949279737772794,-0.9234020529629949,-0.8392133183817821,-0.738117829724834,-0.6663503838523247,-0.5381695850944536,0.46183041490554644,2.0
-0.9792549053505056,-0.97251274958942,-0.9953323537038637,-1.0,-0.949279737772794,-0.9234020529629949,-0.8392133183817821,-0.738117829724834,-0.6663503838523247,-0.5381695850944536,-0.394634693349435,0.605365306650565,2.0
-0.97251274958942,-0.9953323537038637,-1.0,-0.949279737772794,-0.9234020529629949,-0.8392133183817821,-0.738117829724834,-0.6663503838523247,-0.5381695850944536,-0.394634693349435,-0.2850858276546192,0.7149141723453808,2.0
-0.9953323537038637,-1.0,-0.949279737772794,-0.9234020529629949,-0.8392133183817821,-0.738117829724834,-0.6663503838523247,-0.5381695850944536,-0.394634693349435,-0.2850858276546192,-0.16760113861813164,0.8323988613818684,2.0
-1.0,-0.949279737772794,-0.9234020529629949,-0.8392133183817821,-0.738117829724834,-0.6663503838523247,-0.5381695850944536,-0.394634693349435,-0.2850858276546192,-0.16760113861813164,-0.002156473734149955,0.99784352626585,2.0
-0.949279737772794,-0.9234020529629949,-0.8392133183817821,-0.738117829724834,-0.6663503838523247,-0.5381695850944536,-0.394634693349435,-0.2850858276546192,-0.16760113861813164,-0.002156473734149955,0.20331234365565432,1.1525920814284483,2.0
-0.9234020529629949,-0.8392133183817821,-0.738117829724834,-0.6663503838523247,-0.5381695850944536,-0.394634693349435,-0.2850858276546192,-0.16760113861813164,-0.002156473734149955,0.20331234365565432,0.4027430345898386,1.3261450875528336,2.0
-0.8392133183817821,-0.738117829724834,-0.6663503838523247,-0.5381695850944536,-0.394634693349435,-0.2850858276546192,-0.16760113861813164,-0.002156473734149955,0.20331234365565432,0.4027430345898386,0.5064262917277667,1.345639610109549,2.0
-0.738117829724834,-0.6663503838523247,-0.5381695850944536,-0.394634693349435,-0.2850858276546192,-0.16760113861813164,-0.002156473734149955,0.20331234365565432,0.4027430345898386,0.5064262917277667,0.6451306823082894,1.3832485120331235,2.0
-0.6663503838523247,-0.5381695850944536,-0.394634693349435,-0.2850858276546192,-0.16760113861813164,-0.002156473734149955,0.20331234365565432,0.4027430345898386,0.5064262917277667,0.6451306823082894,0.7291468989907703,1.395497282843095,2.0
-0.5381695850944536,-0.394634693349435,-0.2850858276546192,-0.16760113861813164,-0.002156473734149955,0.20331234365565432,0.4027430345898386,0.5064262917277667,0.6451306823082894,0.7291468989907703,0.8009143448632796,1.339083929957733,2.0
-0.394634693349435,-0.2850858276546192,-0.16760113861813164,-0.002156473734149955,0.20331234365565432,0.4027430345898386,0.5064262917277667,0.6451306823082894,0.7291468989907703,0.8009143448632796,0.948244630380402,1.342879323729837,2.0
-0.2850858276546192,-0.16760113861813164,-0.002156473734149955,0.20331234365565432,0.4027430345898386,0.5064262917277667,0.6451306823082894,0.7291468989907703,0.8009143448632796,0.948244630380402,1.0,1.285085827654619,2.0
-0.16760113861813164,-0.002156473734149955,0.20331234365565432,0.4027430345898386,0.5064262917277667,0.6451306823082894,0.7291468989907703,0.8009143448632796,0.948244630380402,1.0,1.0,1.1676011386181315,2.0
-0.002156473734149955,0.20331234365565432,0.4027430345898386,0.5064262917277667,0.6451306823082894,0.7291468989907703,0.8009143448632796,0.948244630380402,1.0,1.0,1.0,1.00215647373415,2.0
0.20331234365565432,0.4027430345898386,0.5064262917277667,0.6451306823082894,0.7291468989907703,0.8009143448632796,0.948244630380402,1.0,1.0,1.0,1.0,0.7966876563443457,2.0
0.4027430345898386,0.5064262917277667,0.6451306823082894,0.7291468989907703,0.8009143448632796,0.948244630380402,1.0,1.0,1.0,1.0,0.9957296421734649,0.5972569654101614,2.0
0.5064262917277667,0.6451306823082894,0.7291468989907703,0.8009143448632796,0.948244630380402,1.0,1.0,1.0,1.0,0.9957296421734649,1.0,0.49357370827223335,3.0
0.6451306823082894,0.7291468989907703,0.8009143448632796,0.948244630380402,1.0,1.0,1.0,1.0,0.9957296421734649,1.0,0.9417518570272854,0.3548693176917106,3.0
0.7291468989907703,0.8009143448632796,0.948244630380402,1.0,1.0,1.0,1.0,0.9957296421734649,1.0,0.9417518570272854,0.9345443847907626,0.27085310100922966,3.0
0.8009143448632796,0.948244630380402,1.0,1.0,1.0,1.0,0.9957296421734649,1.0,0.9417518570272854,0.9345443847907626,0.9071854085460027,0.19908565513672039,3.0
0.948244630380402,1.0,1.0,1.0,1.0,0.9957296421734649,1.0,0.9417518570272854,0.9345443847907626,0.9071854085460027,0.8252555710818563,0.17474442891814368,3.0
1.0,1.0,1.0,1.0,0.9957296421734649,1.0,0.9417518570272854,0.9345443847907626,0.9071854085460027,0.8252555710818563,0.7650952415974113,0.23490475840258873,3.0
1.0,1.0,1.0,0.9957296421734649,1.0,0.9417518570272854,0.9345443847907626,0.9071854085460027,0.8252555710818563,0.7650952415974113,0.6513936897845114,0.3486063102154886,3.0
1.0,1.0,0.9957296421734649,1.0,0.9417518570272854,0.9345443847907626,0.9071854085460027,0.8252555710818563,0.7650952415974113,0.6513936897845114,0.48459218945355587,0.5154078105464441,3.0
1.0,0.9957296421734649,1.0,0.9417518570272854,0.9345443847907626,0.9071854085460027,0.8252555710818563,0.7650952415974113,0.6513936897845114,0.48459218945355587,0.3419136574244319,0.6580863425755681,0.0
0.9957296421734649,1.0,0.9417518570272854,0.9345443847907626,0.9071854085460027,0.8252555710818563,0.7650952415974113,0.6513936897845114,0.48459218945355587,0.3419136574244319,0.19217474442891813,0.8078252555710819,0.0
1.0,0.9417518570272854,0.9345443847907626,0.9071854085460027,0.8252555710818563,0.7650952415974113,0.6513936897845114,0.48459218945355587,0.3419136574244319,0.19217474442891813,-0.003897918658527622,1.0038979186585277,0.0
0.9417518570272854,0.9345443847907626,0.9071854085460027,0.8252555710818563,0.7650952415974113,0.6513936897845114,0.48459218945355587,0.3419136574244319,0.19217474442891813,-0.003897918658527622,-0.15819666102816798,1.0999485180554534,0.0
0.9345443847907626,0.9071854085460027,0.8252555710818563,0.7650952415974113,0.6513936897845114,0.48459218945355587,0.3419136574244319,0.19217474442891813,-0.003897918658527622,-0.15819666102816798,-0.3355887328087078,1.2701331175994706,0.0
0.9071854085460027,0.8252555710818563,0.7650952415974113,0.6513936897845114,0.48459218945355587,0.3419136574244319,0.19217474442891813,-0.003897918658527622,-0.15819666102816798,-0.3355887328087078,-0.460910494962124,1.3680959035081268,0.0
0.8252555710818563,0.7650952415974113,0.6513936897845114,0.48459218945355587,0.3419136574244319,0.19217474442891813,-0.003897918658527622,-0.15819666102816798,-0.3355887328087078,-0.460910494962124,-0.5725527689931602,1.3978083400750165,0.0
0.7650952415974113,0.6513936897845114,0.48459218945355587,0.3419136574244319,0.19217474442891813,-0.003897918658527622,-0.15819666102816798,-0.3355887328087078,-0.460910494962124,-0.5725527689931602,-0.6750753842759432,1.4401706258733544,0.0
0.6513936897845114,0.48459218945355587,0.3419136574244319,0.19217474442891813,-0.003897918658527622,-0.15819666102816798,-0.3355887328087078,-0.460910494962124,-0.5725527689931602,-0.6750753842759432,-0.729793336765463,1.3811870265499744,0.0
0.48459218945355587,0.3419136574244319,0.19217474442891813,-0.003897918658527622,-0.15819666102816798,-0.3355887328087078,-0.460910494962124,-0.5725527689931602,-0.6750753842759432,-0.729793336765463,-0.8115760829594764,1.2961682724130323,0.0
0.3419136574244319,0.19217474442891813,-0.003897918658527622,-0.15819666102816798,-0.3355887328087078,-0.460910494962124,-0.5725527689931602,-0.6750753842759432,-0.729793336765463,-0.8115760829594764,-0.8785026108700449,1.2204162682944768,0.0
0.19217474442891813,-0.003897918658527622,-0.15819666102816798,-0.3355887328087078,-0.460910494962124,-0.5725527689931602,-0.6750753842759432,-0.729793336765463,-0.8115760829594764,-0.8785026108700449,-0.8990953886886813,1.0912701331175994,0.0
-0.003897918658527622,-0.15819666102816798,-0.3355887328087078,-0.460910494962124,-0.5725527689931602,-0.6750753842759432,-0.729793336765463,-0.8115760829594764,-0.8785026108700449,-0.8990953886886813,-0.9480767816430095,0.9441788629844818,0.0
-0.15819666102816798,-0.3355887328087078,-0.460910494962124,-0.5725527689931602,-0.6750753842759432,-0.729793336765463,-0.8115760829594764,-0.8785026108700449,-0.8990953886886813,-0.9480767816430095,-0.9907332499816136,0.8325365889534456,0.0
-0.3355887328087078,-0.460910494962124,-0.5725527689931602,-0.6750753842759432,-0.729793336765463,-0.8115760829594764,-0.8785026108700449,-0.8990953886886813,-0.9480767816430095,-0.9907332499816136,-0.984996690446422,0.6551445171729058,0.0
-0.460910494962124,-0.5725527689931602,-0.6750753842759432,-0.729793336765463,-0.8115760829594764,-0.8785026108700449,-0.8990953886886813,-0.9480767816430095,-0.9907332499816136,-0.984996690446422,-0.9735235713760388,0.5298227550194896,0.0
-0.5725527689931602,-0.6750753842759432,-0.729793336765463,-0.8115760829594764,-0.8785026108700449,-0.8990953886886813,-0.9480767816430095,-0.9907332499816136,-0.984996690446422,-0.9735235713760388,-0.957490622931529,0.4181804809884534,0.0
-0.6750753842759432,-0.729793336765463,-0.8115760829594764,-0.8785026108700449,-0.8990953886886813,-0.9480767816430095,-0.9907332499816136,-0.984996690446422,-0.9735235713760388,-0.957490622931529,-0.9358682062219608,0.31565786570567045,1.0
-0.729793336765463,-0.8115760829594764,-0.8785026108700449,-0.8990953886886813,-0.9480767816430095,-0.9907332499816136,-0.984996690446422,-0.9735235713760388,-0.957490622931529,-0.9358682062219608,-0.9482238729131426,0.2609399132161506,1.0
-0.8115760829594764,-0.8785026108700449,-0.8990953886886813,-0.9480767816430095,-0.9907332499816136,-0.984996690446422,-0.9735235713760388,-0.957490622931529,-0.9358682062219608,-0.9482238729131426,-0.9552842538795323,0.17915716702213724,1.0
-0.8785026108700449,-0.8990953886886813,-0.9480767816430095,-0.9907332499816136,-0.984996690446422,-0.9735235713760388,-0.957490622931529,-0.9358682062219608,-0.9482238729131426,-0.9552842538795323,-0.9616091784952563,0.11223063911156872,1.0
-0.8990953886886813,-0.9480767816430095,-0.9907332499816136,-0.984996690446422,-0.9735235713760388,-0.957490622931529,-0.9358682062219608,-0.9482238729131426,-0.9552842538795323,-0.9616091784952563,-0.966169007869383,0.09163786129293228,1.0
-0.9480767816430095,-0.9907332499816136,-0.984996690446422,-0.9735235713760388,-0.957490622931529,-0.9358682062219608,-0.9482238729131426,-0.9552842538795323,-0.9616091784952563,-0.966169007869383,-0.9716113848643083,0.05486504375965284,1.0
-0.9907332499816136,-0.984996690446422,-0.9735235713760388,-0.957490622931529,-0.9358682062219608,-0.9482238729131426,-0.9552842538795323,-0.9616091784952563,-0.966169007869383,-0.9716113848643083,-0.9739648451864382,0.05486504375965284,1.0
-0.984996690446422,-0.9735235713760388,-0.957490622931529,-0.9358682062219608,-0.9482238729131426,-0.9552842538795323,-0.9616091784952563,-0.966169007869383,-0.9716113848643083,-0.9739648451864382,-0.9745532102669706,0.049128484224461255,1.0
-0.9735235713760388,-0.957490622931529,-0.9358682062219608,-0.9482238729131426,-0.9552842538795323,-0.9616091784952563,-0.966169007869383,-0.9716113848643083,-0.9739648451864382,-0.9745532102669706,-0.9751415753475031,0.03927336912554236,1.0
-0.957490622931529,-0.9358682062219608,-0.9482238729131426,-0.9552842538795323,-0.9616091784952563,-0.966169007869383,-0.9716113848643083,-0.9739648451864382,-0.9745532102669706,-0.9751415753475031,-0.9742590277267045,0.03927336912554236,1.0
-0.9358682062219608,-0.9482238729131426,-0.9552842538795323,-0.9616091784952563,-0.966169007869383,-0.9716113848643083,-0.9739648451864382,-0.9745532102669706,-0.9751415753475031,-0.9742590277267045,-0.973670662646172,0.03927336912554236,1.0
-0.9482238729131426,-0.9552842538795323,-0.9616091784952563,-0.966169007869383,-0.9716113848643083,-0.9739648451864382,-0.9745532102669706,-0.9751415753475031,-0.9742590277267045,-0.973670662646172,-0.9716113848643083,0.026917702434360535,1.0
-0.9552842538795323,-0.9616091784952563,-0.966169007869383,-0.9716113848643083,-0.9739648451864382,-0.9745532102669706,-0.9751415753475031,-0.9742590277267045,-0.973670662646172,-0.9716113848643083,-0.9716113848643083,0.019857321467970812,1.0
-0.9616091784952563,-0.966169007869383,-0.9716113848643083,-0.9739648451864382,-0.9745532102669706,-0.9751415753475031,-0.9742590277267045,-0.973670662646172,-0.9716113848643083,-0.9716113848643083,-0.972493932485107,0.01353239685224683,1.0
-0.966169007869383,-0.9716113848643083,-0.9739648451864382,-0.9745532102669706,-0.9751415753475031,-0.9742590277267045,-0.973670662646172,-0.9716113848643083,-0.9716113848643083,-0.972493932485107,-0.9747003015371037,0.008972567478120141,1.0
-0.9716113848643083,-0.9739648451864382,-0.9745532102669706,-0.9751415753475031,-0.9742590277267045,-0.973670662646172,-0.9716113848643083,-0.9716113848643083,-0.972493932485107,-0.9747003015371037,-0.9752886666176362,0.0036772817533279323,1.0
-0.9739648451864382,-0.9745532102669706,-0.9751415753475031,-0.9742590277267045,-0.973670662646172,-0.9716113848643083,-0.9716113848643083,-0.972493932485107,-0.9747003015371037,-0.9752886666176362,-0.9754357578877694,0.0038243730234610585,1.0
-0.9745532102669706,-0.9751415753475031,-0.9742590277267045,-0.973670662646172,-0.9716113848643083,-0.9716113848643083,-0.972493932485107,-0.9747003015371037,-0.9752886666176362,-0.9754357578877694,-0.9758770316981688,0.004265646833860437,1.0
-0.9751415753475031,-0.9742590277267045,-0.973670662646172,-0.9716113848643083,-0.9716113848643083,-0.972493932485107,-0.9747003015371037,-0.9752886666176362,-0.9754357578877694,-0.9758770316981688,-0.9754357578877694,0.004265646833860437,1.0
-0.9742590277267045,-0.973670662646172,-0.9716113848643083,-0.9716113848643083,-0.972493932485107,-0.9747003015371037,-0.9752886666176362,-0.9754357578877694,-0.9758770316981688,-0.9754357578877694,-0.9745532102669706,0.004265646833860437,1.0
-0.973670662646172,-0.9716113848643083,-0.9716113848643083,-0.972493932485107,-0.9747003015371037,-0.9752886666176362,-0.9754357578877694,-0.9758770316981688,-0.9754357578877694,-0.9745532102669706,-0.9742590277267045,0.004265646833860437,1.0
-0.9716113848643083,-0.9716113848643083,-0.972493932485107,-0.9747003015371037,-0.9752886666176362,-0.9754357578877694,-0.9758770316981688,-0.9754357578877694,-0.9745532102669706,-0.9742590277267045,-0.9747003015371037,0.004265646833860437,1.0
-0.9716113848643083,-0.972493932485107,-0.9747003015371037,-0.9752886666176362,-0.9754357578877694,-0.9758770316981688,-0.9754357578877694,-0.9745532102669706,-0.9742590277267045,-0.9747003015371037,-0.9758770316981688,0.004265646833860437,1.0
-0.972493932485107,-0.9747003015371037,-0.9752886666176362,-0.9754357578877694,-0.9758770316981688,-0.9754357578877694,-0.9745532102669706,-0.9742590277267045,-0.9747003015371037,-0.9758770316981688,-0.9789659483709642,0.0064720158858572185,1.0
-0.9747003015371037,-0.9752886666176362,-0.9754357578877694,-0.9758770316981688,-0.9754357578877694,-0.9745532102669706,-0.9742590277267045,-0.9747003015371037,-0.9758770316981688,-0.9789659483709642,-0.9795543134514967,0.005295285724792209,1.0
-0.9752886666176362,-0.9754357578877694,-0.9758770316981688,-0.9754357578877694,-0.9745532102669706,-0.9742590277267045,-0.9747003015371037,-0.9758770316981688,-0.9789659483709642,-0.9795543134514967,-0.9798484959917629,0.0055894682650584615,1.0
-0.9754357578877694,-0.9758770316981688,-0.9754357578877694,-0.9745532102669706,-0.9742590277267045,-0.9747003015371037,-0.9758770316981688,-0.9789659483709642,-0.9795543134514967,-0.9798484959917629,-0.9801426785320291,0.005883650805324603,1.0
-0.9758770316981688,-0.9754357578877694,-0.9745532102669706,-0.9742590277267045,-0.9747003015371037,-0.9758770316981688,-0.9789659483709642,-0.9795543134514967,-0.9798484959917629,-0.9801426785320291,-0.9797014047216298,0.005883650805324603,1.0
-0.9754357578877694,-0.9745532102669706,-0.9742590277267045,-0.9747003015371037,-0.9758770316981688,-0.9789659483709642,-0.9795543134514967,-0.9798484959917629,-0.9801426785320291,-0.9797014047216298,-0.978818857100831,0.005883650805324603,1.0
-0.9745532102669706,-0.9742590277267045,-0.9747003015371037,-0.9758770316981688,-0.9789659483709642,-0.9795543134514967,-0.9798484959917629,-0.9801426785320291,-0.9797014047216298,-0.978818857100831,-0.9791130396410973,0.005883650805324603,1.0
-0.9742590277267045,-0.9747003015371037,-0.9758770316981688,-0.9789659483709642,-0.9795543134514967,-0.9798484959917629,-0.9801426785320291,-0.9797014047216298,-0.978818857100831,-0.9791130396410973,-0.9794072221813636,0.005883650805324603,1.0
-0.9747003015371037,-0.9758770316981688,-0.9789659483709642,-0.9795543134514967,-0.9798484959917629,-0.9801426785320291,-0.9797014047216298,-0.978818857100831,-0.9791130396410973,-0.9794072221813636,-0.9801426785320291,0.005442376994925335,1.0
-0.9758770316981688,-0.9789659483709642,-0.9795543134514967,-0.9798484959917629,-0.9801426785320291,-0.9797014047216298,-0.978818857100831,-0.9791130396410973,-0.9794072221813636,-0.9801426785320291,-0.9816135912333603,0.005736559535191588,1.0
-0.9789659483709642,-0.9795543134514967,-0.9798484959917629,-0.9801426785320291,-0.9797014047216298,-0.978818857100831,-0.9791130396410973,-0.9794072221813636,-0.9801426785320291,-0.9816135912333603,-0.9819077737736266,0.0030889166727955386,1.0
-0.9795543134514967,-0.9798484959917629,-0.9801426785320291,-0.9797014047216298,-0.978818857100831,-0.9791130396410973,-0.9794072221813636,-0.9801426785320291,-0.9816135912333603,-0.9819077737736266,-0.9823490475840259,0.003530190483194806,1.0
-0.9798484959917629,-0.9801426785320291,-0.9797014047216298,-0.978818857100831,-0.9791130396410973,-0.9794072221813636,-0.9801426785320291,-0.9816135912333603,-0.9819077737736266,-0.9823490475840259,-0.9819077737736266,0.003530190483194806,1.0
-0.9801426785320291,-0.9797014047216298,-0.978818857100831,-0.9791130396410973,-0.9794072221813636,-0.9801426785320291,-0.9816135912333603,-0.9819077737736266,-0.9823490475840259,-0.9819077737736266,-0.981172317422961,0.003530190483194806,1.0
-0.9797014047216298,-0.978818857100831,-0.9791130396410973,-0.9794072221813636,-0.9801426785320291,-0.9816135912333603,-0.9819077737736266,-0.9823490475840259,-0.9819077737736266,-0.981172317422961,-0.9802897698021622,0.003530190483194806,1.0
-0.978818857100831,-0.9791130396410973,-0.9794072221813636,-0.9801426785320291,-0.9816135912333603,-0.9819077737736266,-0.9823490475840259,-0.9819077737736266,-0.981172317422961,-0.9802897698021622,-0.9801426785320291,0.003530190483194806,1.0
-0.9791130396410973,-0.9794072221813636,-0.9801426785320291,-0.9816135912333603,-0.9819077737736266,-0.9823490475840259,-0.9819077737736266,-0.981172317422961,-0.9802897698021622,-0.9801426785320291,-0.9807310436125616,0.0032360079429285538,1.0
-0.9794072221813636,-0.9801426785320291,-0.9816135912333603,-0.9819077737736266,-0.9823490475840259,-0.9819077737736266,-0.981172317422961,-0.9802897698021622,-0.9801426785320291,-0.9807310436125616,-0.982496138854159,0.0030889166727954276,1.0
-0.9801426785320291,-0.9816135912333603,-0.9819077737736266,-0.9823490475840259,-0.9819077737736266,-0.981172317422961,-0.9802897698021622,-0.9801426785320291,-0.9807310436125616,-0.982496138854159,-0.982496138854159,0.0023534603221299077,1.0
-0.9816135912333603,-0.9819077737736266,-0.9823490475840259,-0.9819077737736266,-0.981172317422961,-0.9802897698021622,-0.9801426785320291,-0.9807310436125616,-0.982496138854159,-0.982496138854159,-0.9830845039346915,0.0029418254026624124,1.0
-0.9819077737736266,-0.9823490475840259,-0.9819077737736266,-0.981172317422961,-0.9802897698021622,-0.9801426785320291,-0.9807310436125616,-0.982496138854159,-0.982496138854159,-0.9830845039346915,-0.9844083253658895,0.004265646833860437,1.0
-0.9823490475840259,-0.9819077737736266,-0.981172317422961,-0.9802897698021622,-0.9801426785320291,-0.9807310436125616,-0.982496138854159,-0.982496138854159,-0.9830845039346915,-0.9844083253658895,-0.983819960285357,0.004265646833860437,1.0
-0.9819077737736266,-0.981172317422961,-0.9802897698021622,-0.9801426785320291,-0.9807310436125616,-0.982496138854159,-0.982496138854159,-0.9830845039346915,-0.9844083253658895,-0.983819960285357,-0.9830845039346915,0.004265646833860437,1.0
-0.981172317422961,-0.9802897698021622,-0.9801426785320291,-0.9807310436125616,-0.982496138854159,-0.982496138854159,-0.9830845039346915,-0.9844083253658895,-0.983819960285357,-0.9830845039346915,-0.9833786864749577,0.004265646833860437,1.0
-0.9802897698021622,-0.9801426785320291,-0.9807310436125616,-0.982496138854159,-0.982496138854159,-0.9830845039346915,-0.9844083253658895,-0.983819960285357,-0.9830845039346915,-0.9833786864749577,-0.9842612340957564,0.004265646833860437,1.0
-0.9801426785320291,-0.9807310436125616,-0.982496138854159,-0.982496138854159,-0.9830845039346915,-0.9844083253658895,-0.983819960285357,-0.9830845039346915,-0.9833786864749577,-0.9842612340957564,-0.9858792380672207,0.005736559535191588,1.0
-0.9807310436125616,-0.982496138854159,-0.982496138854159,-0.9830845039346915,-0.9844083253658895,-0.983819960285357,-0.9830845039346915,-0.9833786864749577,-0.9842612340957564,-0.9858792380672207,-0.9880856071192174,0.0073545635066558646,1.0
-0.982496138854159,-0.982496138854159,-0.9830845039346915,-0.9844083253658895,-0.983819960285357,-0.9830845039346915,-0.9833786864749577,-0.9842612340957564,-0.9858792380672207,-0.9880856071192174,-0.9891152460101493,0.006619107155990345,1.0
-0.982496138854159,-0.9830845039346915,-0.9844083253658895,-0.983819960285357,-0.9830845039346915,-0.9833786864749577,-0.9842612340957564,-0.9858792380672207,-0.9880856071192174,-0.9891152460101493,-0.989997793630948,0.007501654776788991,1.0
-0.9830845039346915,-0.9844083253658895,-0.983819960285357,-0.9830845039346915,-0.9833786864749577,-0.9842612340957564,-0.9858792380672207,-0.9880856071192174,-0.9891152460101493,-0.989997793630948,-0.9902919761712142,0.007207472236522738,1.0
-0.9844083253658895,-0.983819960285357,-0.9830845039346915,-0.9833786864749577,-0.9842612340957564,-0.9858792380672207,-0.9880856071192174,-0.9891152460101493,-0.989997793630948,-0.9902919761712142,-0.9895565198205486,0.007207472236522738,1.0
-0.983819960285357,-0.9830845039346915,-0.9833786864749577,-0.9842612340957564,-0.9858792380672207,-0.9880856071192174,-0.9891152460101493,-0.989997793630948,-0.9902919761712142,-0.9895565198205486,-0.9898507023608148,0.007207472236522738,1.0
-0.9830845039346915,-0.9833786864749577,-0.9842612340957564,-0.9858792380672207,-0.9880856071192174,-0.9891152460101493,-0.989997793630948,-0.9902919761712142,-0.9895565198205486,-0.9898507023608148,-0.9901448849010811,0.007207472236522738,1.0
-0.9833786864749577,-0.9842612340957564,-0.9858792380672207,-0.9880856071192174,-0.9891152460101493,-0.989997793630948,-0.9902919761712142,-0.9895565198205486,-0.9898507023608148,-0.9901448849010811,-0.9904390674413474,0.007060380966389612,1.0
-0.9842612340957564,-0.9858792380672207,-0.9880856071192174,-0.9891152460101493,-0.989997793630948,-0.9902919761712142,-0.9895565198205486,-0.9898507023608148,-0.9901448849010811,-0.9904390674413474,-0.992498345223211,0.008237111127454622,1.0
-0.9858792380672207,-0.9880856071192174,-0.9891152460101493,-0.989997793630948,-0.9902919761712142,-0.9895565198205486,-0.9898507023608148,-0.9901448849010811,-0.9904390674413474,-0.992498345223211,-0.9926454364933441,0.006766198426123471,1.0
-0.9880856071192174,-0.9891152460101493,-0.989997793630948,-0.9902919761712142,-0.9895565198205486,-0.9898507023608148,-0.9901448849010811,-0.9904390674413474,-0.992498345223211,-0.9926454364933441,-0.9927925277634773,0.0047069206442598155,1.0
-0.9891152460101493,-0.989997793630948,-0.9902919761712142,-0.9895565198205486,-0.9898507023608148,-0.9901448849010811,-0.9904390674413474,-0.992498345223211,-0.9926454364933441,-0.9927925277634773,-0.992498345223211,0.0036772817533279323,1.0
-0.989997793630948,-0.9902919761712142,-0.9895565198205486,-0.9898507023608148,-0.9901448849010811,-0.9904390674413474,-0.992498345223211,-0.9926454364933441,-0.9927925277634773,-0.992498345223211,-0.9910274325218799,0.0032360079429286648,1.0
-0.9902919761712142,-0.9895565198205486,-0.9898507023608148,-0.9901448849010811,-0.9904390674413474,-0.992498345223211,-0.9926454364933441,-0.9927925277634773,-0.992498345223211,-0.9910274325218799,-0.991174523792013,0.0032360079429286648,1.0
-0.9895565198205486,-0.9898507023608148,-0.9901448849010811,-0.9904390674413474,-0.992498345223211,-0.9926454364933441,-0.9927925277634773,-0.992498345223211,-0.9910274325218799,-0.991174523792013,-0.9914687063322791,0.0032360079429286648,1.0
-0.9898507023608148,-0.9901448849010811,-0.9904390674413474,-0.992498345223211,-0.9926454364933441,-0.9927925277634773,-0.992498345223211,-0.9910274325218799,-0.991174523792013,-0.9914687063322791,-0.9922041626829448,0.0029418254026624124,1.0
-0.9901448849010811,-0.9904390674413474,-0.992498345223211,-0.9926454364933441,-0.9927925277634773,-0.992498345223211,-0.9910274325218799,-0.991174523792013,-0.9914687063322791,-0.9922041626829448,-0.9939692579245422,0.0038243730234610585,1.0
-0.9904390674413474,-0.992498345223211,-0.9926454364933441,-0.9927925277634773,-0.992498345223211,-0.9910274325218799,-0.991174523792013,-0.9914687063322791,-0.9922041626829448,-0.9939692579245422,-0.9944105317349415,0.003971464293594185,1.0
-0.992498345223211,-0.9926454364933441,-0.9927925277634773,-0.992498345223211,-0.9910274325218799,-0.991174523792013,-0.9914687063322791,-0.9922041626829448,-0.9939692579245422,-0.9944105317349415,-0.9948518055453409,0.0038243730234610585,1.0
-0.9926454364933441,-0.9927925277634773,-0.992498345223211,-0.9910274325218799,-0.991174523792013,-0.9914687063322791,-0.9922041626829448,-0.9939692579245422,-0.9944105317349415,-0.9948518055453409,-0.9941163491946753,0.0038243730234610585,1.0
-0.9927925277634773,-0.992498345223211,-0.9910274325218799,-0.991174523792013,-0.9914687063322791,-0.9922041626829448,-0.9939692579245422,-0.9944105317349415,-0.9948518055453409,-0.9941163491946753,-0.9941163491946753,0.0038243730234610585,1.0
-0.992498345223211,-0.9910274325218799,-0.991174523792013,-0.9914687063322791,-0.9922041626829448,-0.9939692579245422,-0.9944105317349415,-0.9948518055453409,-0.9941163491946753,-0.9941163491946753,-0.9941163491946753,0.0038243730234610585,1.0
-0.9910274325218799,-0.991174523792013,-0.9914687063322791,-0.9922041626829448,-0.9939692579245422,-0.9944105317349415,-0.9948518055453409,-0.9941163491946753,-0.9941163491946753,-0.9941163491946753,-0.9939692579245422,0.0038243730234610585,1.0
-0.991174523792013,-0.9914687063322791,-0.9922041626829448,-0.9939692579245422,-0.9944105317349415,-0.9948518055453409,-0.9941163491946753,-0.9941163491946753,-0.9941163491946753,-0.9939692579245422,-0.9955872618960064,0.004412738103993452,1.0
-0.9914687063322791,-0.9922041626829448,-0.9939692579245422,-0.9944105317349415,-0.9948518055453409,-0.9941163491946753,-0.9941163491946753,-0.9941163491946753,-0.9939692579245422,-0.9955872618960064,-0.9966169007869383,0.005148194454659194,1.0
-0.9922041626829448,-0.9939692579245422,-0.9944105317349415,-0.9948518055453409,-0.9941163491946753,-0.9941163491946753,-0.9941163491946753,-0.9939692579245422,-0.9955872618960064,-0.9966169007869383,-0.9973523571376038,0.005148194454659083,1.0
-0.9939692579245422,-0.9944105317349415,-0.9948518055453409,-0.9941163491946753,-0.9941163491946753,-0.9941163491946753,-0.9939692579245422,-0.9955872618960064,-0.9966169007869383,-0.9973523571376038,-0.9973523571376038,0.00338309921306168,1.0
-0.9944105317349415,-0.9948518055453409,-0.9941163491946753,-0.9941163491946753,-0.9941163491946753,-0.9939692579245422,-0.9955872618960064,-0.9966169007869383,-0.9973523571376038,-0.9973523571376038,-0.9961756269765389,0.00338309921306168,1.0
-0.9948518055453409,-0.9941163491946753,-0.9941163491946753,-0.9941163491946753,-0.9939692579245422,-0.9955872618960064,-0.9966169007869383,-0.9973523571376038,-0.9973523571376038,-0.9961756269765389,-0.9969110833272046,0.00338309921306168,1.0
-0.9941163491946753,-0.9941163491946753,-0.9941163491946753,-0.9939692579245422,-0.9955872618960064,-0.9966169007869383,-0.9973523571376038,-0.9973523571376038,-0.9961756269765389,-0.9969110833272046,-0.9969110833272046,0.00338309921306168,1.0
-0.9941163491946753,-0.9941163491946753,-0.9939692579245422,-0.9955872618960064,-0.9966169007869383,-0.9973523571376038,-0.9973523571376038,-0.9961756269765389,-0.9969110833272046,-0.9969110833272046,-0.9961756269765389,0.00338309921306168,1.0
-0.9941163491946753,-0.9939692579245422,-0.9955872618960064,-0.9966169007869383,-0.9973523571376038,-0.9973523571376038,-0.9961756269765389,-0.9969110833272046,-0.9969110833272046,-0.9961756269765389,-0.9985290872986688,0.004559829374126689,1.0
-0.9939692579245422,-0.9955872618960064,-0.9966169007869383,-0.9973523571376038,-0.9973523571376038,-0.9961756269765389,-0.9969110833272046,-0.9969110833272046,-0.9961756269765389,-0.9985290872986688,-0.998676178568802,0.0047069206442598155,1.0
-0.9955872618960064,-0.9966169007869383,-0.9973523571376038,-0.9973523571376038,-0.9961756269765389,-0.9969110833272046,-0.9969110833272046,-0.9961756269765389,-0.9985290872986688,-0.998676178568802,-0.9997058174597337,0.004118555563727311,1.0
-0.9966169007869383,-0.9973523571376038,-0.9973523571376038,-0.9961756269765389,-0.9969110833272046,-0.9969110833272046,-0.9961756269765389,-0.9985290872986688,-0.998676178568802,-0.9997058174597337,-1.0,0.0038243730234610585,1.0
-0.9973523571376038,-0.9973523571376038,-0.9961756269765389,-0.9969110833272046,-0.9969110833272046,-0.9961756269765389,-0.9985290872986688,-0.998676178568802,-0.9997058174597337,-1.0,-0.997793793204883,0.0038243730234610585,1.0
-0.9973523571376038,-0.9961756269765389,-0.9969110833272046,-0.9969110833272046,-0.9961756269765389,-0.9985290872986688,-0.998676178568802,-0.9997058174597337,-1.0,-0.997793793204883,-0.997058390939844,0.0038243730234610585,1.0
-0.9961756269765389,-0.9969110833272046,-0.9969110833272046,-0.9961756269765389,-0.9985290872986688,-0.998676178568802,-0.9997058174597337,-1.0,-0.997793793204883,-0.997058390939844,-0.9916164141785556,0.008383585821444384,1.0
-0.9969110833272046,-0.9969110833272046,-0.9961756269765389,-0.9985290872986688,-0.998676178568802,-0.9997058174597337,-1.0,-0.997793793204883,-0.997058390939844,-0.9916164141785556,-0.9763200470657449,0.023679952934255066,1.0
-0.9969110833272046,-0.9961756269765389,-0.9985290872986688,-0.998676178568802,-0.9997058174597337,-1.0,-0.997793793204883,-0.997058390939844,-0.9916164141785556,-0.9763200470657449,-0.9861744374172673,0.023679952934255066,1.0
-0.9961756269765389,-0.9985290872986688,-0.998676178568802,-0.9997058174597337,-1.0,-0.997793793204883,-0.997058390939844,-0.9916164141785556,-0.9763200470657449,-0.9861744374172673,-0.9433740255919988,0.05662597440800121,1.0
-0.9985290872986688,-0.998676178568802,-0.9997058174597337,-1.0,-0.997793793204883,-0.997058390939844,-0.9916164141785556,-0.9763200470657449,-0.9861744374172673,-0.9433740255919988,-0.92528312987204,0.07471687012796002,1.0
-0.998676178568802,-0.9997058174597337,-1.0,-0.997793793204883,-0.997058390939844,-0.9916164141785556,-0.9763200470657449,-0.9861744374172673,-0.9433740255919988,-0.92528312987204,-0.8945433151934108,0.10545668480658921,1.0
-0.9997058174597337,-1.0,-0.997793793204883,-0.997058390939844,-0.9916164141785556,-0.9763200470657449,-0.9861744374172673,-0.9433740255919988,-0.92528312987204,-0.8945433151934108,-0.8137961464921312,0.18620385350786883,1.0
-1.0,-0.997793793204883,-0.997058390939844,-0.9916164141785556,-0.9763200470657449,-0.9861744374172673,-0.9433740255919988,-0.92528312987204,-0.8945433151934108,-0.8137961464921312,-0.7221650242682747,0.27783497573172533,1.0
-0.997793793204883,-0.997058390939844,-0.9916164141785556,-0.9763200470657449,-0.9861744374172673,-0.9433740255919988,-0.92528312987204,-0.8945433151934108,-0.8137961464921312,-0.7221650242682747,-0.6568613031328137,0.3409324900720694,1.0
-0.997058390939844,-0.9916164141785556,-0.9763200470657449,-0.9861744374172673,-0.9433740255919988,-0.92528312987204,-0.8945433151934108,-0.8137961464921312,-0.7221650242682747,-0.6568613031328137,-0.5440505956758347,0.45300779526400936,1.0
-0.9916164141785556,-0.9763200470657449,-0.9861744374172673,-0.9433740255919988,-0.92528312987204,-0.8945433151934108,-0.8137961464921312,-0.7221650242682747,-0.6568613031328137,-0.5440505956758347,-0.42035593469627885,0.5712604794822768,2.0
-0.9763200470657449,-0.9861744374172673,-0.9433740255919988,-0.92528312987204,-0.8945433151934108,-0.8137961464921312,-0.7221650242682747,-0.6568613031328137,-0.5440505956758347,-0.42035593469627885,-0.3249007206942197,0.6612737167230476,2.0
-0.9861744374172673,-0.9433740255919988,-0.92528312987204,-0.8945433151934108,-0.8137961464921312,-0.7221650242682747,-0.6568613031328137,-0.5440505956758347,-0.42035593469627885,-0.3249007206942197,-0.22591557581997357,0.7602588615972937,2.0
-0.9433740255919988,-0.92528312987204,-0.8945433151934108,-0.8137961464921312,-0.7221650242682747,-0.6568613031328137,-0.5440505956758347,-0.42035593469627885,-0.3249007206942197,-0.22591557581997357,-0.09118988086483304,0.8521841447271657,2.0
-0.92528312987204,-0.8945433151934108,-0.8137961464921312,-0.7221650242682747,-0.6568613031328137,-0.5440505956758347,-0.42035593469627885,-0.3249007206942197,-0.22591557581997357,-0.09118988086483304,0.07530519193999119,1.0005883218120313,2.0
-0.8945433151934108,-0.8137961464921312,-0.7221650242682747,-0.6568613031328137,-0.5440505956758347,-0.42035593469627885,-0.3249007206942197,-0.22591557581997357,-0.09118988086483304,0.07530519193999119,0.19738196793646123,1.091925283129872,2.0
-0.8137961464921312,-0.7221650242682747,-0.6568613031328137,-0.5440505956758347,-0.42035593469627885,-0.3249007206942197,-0.22591557581997357,-0.09118988086483304,0.07530519193999119,0.19738196793646123,0.311810560376526,1.1256067068686573,2.0
-0.7221650242682747,-0.6568613031328137,-0.5440505956758347,-0.42035593469627885,-0.3249007206942197,-0.22591557581997357,-0.09118988086483304,0.07530519193999119,0.19738196793646123,0.311810560376526,0.4180026474481542,1.1401676717164289,2.0
-0.6568613031328137,-0.5440505956758347,-0.42035593469627885,-0.3249007206942197,-0.22591557581997357,-0.09118988086483304,0.07530519193999119,0.19738196793646123,0.311810560376526,0.4180026474481542,0.4790410354463892,1.1359023385792029,2.0
-0.5440505956758347,-0.42035593469627885,-0.3249007206942197,-0.22591557581997357,-0.09118988086483304,0.07530519193999119,0.19738196793646123,0.311810560376526,0.4180026474481542,0.4790410354463892,0.5305191939991176,1.0745697896749524,2.0
-0.42035593469627885,-0.3249007206942197,-0.22591557581997357,-0.09118988086483304,0.07530519193999119,0.19738196793646123,0.311810560376526,0.4180026474481542,0.4790410354463892,0.5305191939991176,0.6127371672304751,1.033093101926754,2.0
-0.3249007206942197,-0.22591557581997357,-0.09118988086483304,0.07530519193999119,0.19738196793646123,0.311810560376526,0.4180026474481542,0.4790410354463892,0.5305191939991176,0.6127371672304751,0.6873069569054273,1.0122076775996471,2.0
-0.22591557581997357,-0.09118988086483304,0.07530519193999119,0.19738196793646123,0.311810560376526,0.4180026474481542,0.4790410354463892,0.5305191939991176,0.6127371672304751,0.6873069569054273,0.749963229886748,0.9758788057067216,2.0
-0.09118988086483304,0.07530519193999119,0.19738196793646123,0.311810560376526,0.4180026474481542,0.4790410354463892,0.5305191939991176,0.6127371672304751,0.6873069569054273,0.749963229886748,0.8012943079864685,0.8924841888513015,2.0
0.07530519193999119,0.19738196793646123,0.311810560376526,0.4180026474481542,0.4790410354463892,0.5305191939991176,0.6127371672304751,0.6873069569054273,0.749963229886748,0.8012943079864685,0.8393881453154877,0.7640829533754965,2.0
0.19738196793646123,0.311810560376526,0.4180026474481542,0.4790410354463892,0.5305191939991176,0.6127371672304751,0.6873069569054273,0.749963229886748,0.8012943079864685,0.8393881453154877,0.8208560082365053,0.6420061773790264,2.0
0.311810560376526,0.4180026474481542,0.4790410354463892,0.5305191939991176,0.6127371672304751,0.6873069569054273,0.749963229886748,0.8012943079864685,0.8393881453154877,0.8208560082365053,0.8179143991763496,0.5275775849389617,2.0
0.4180026474481542,0.4790410354463892,0.5305191939991176,0.6127371672304751,0.6873069569054273,0.749963229886748,0.8012943079864685,0.8393881453154877,0.8208560082365053,0.8179143991763496,0.7562876893660833,0.4213854978673335,2.0
0.4790410354463892,0.5305191939991176,0.6127371672304751,0.6873069569054273,0.749963229886748,0.8012943079864685,0.8393881453154877,0.8208560082365053,0.8179143991763496,0.7562876893660833,0.749227827621709,0.36034710986909846,2.0
0.5305191939991176,0.6127371672304751,0.6873069569054273,0.749963229886748,0.8012943079864685,0.8393881453154877,0.8208560082365053,0.8179143991763496,0.7562876893660833,0.749227827621709,0.724812472422415,0.30886895131637004,2.0
0.6127371672304751,0.6873069569054273,0.749963229886748,0.8012943079864685,0.8393881453154877,0.8208560082365053,0.8179143991763496,0.7562876893660833,0.749227827621709,0.724812472422415,0.6477423150463304,0.22665097808501256,0.0
0.6873069569054273,0.749963229886748,0.8012943079864685,0.8393881453154877,0.8208560082365053,0.8179143991763496,0.7562876893660833,0.749227827621709,0.724812472422415,0.6477423150463304,0.594057949698485,0.24533019561700264,0.0
0.749963229886748,0.8012943079864685,0.8393881453154877,0.8208560082365053,0.8179143991763496,0.7562876893660833,0.749227827621709,0.724812472422415,0.6477423150463304,0.594057949698485,0.5243418149727901,0.3150463303426976,0.0
0.8012943079864685,0.8393881453154877,0.8208560082365053,0.8179143991763496,0.7562876893660833,0.749227827621709,0.724812472422415,0.6477423150463304,0.594057949698485,0.5243418149727901,0.36652448889542577,0.4728636564200619,0.0
0.8393881453154877,0.8208560082365053,0.8179143991763496,0.7562876893660833,0.749227827621709,0.724812472422415,0.6477423150463304,0.594057949698485,0.5243418149727901,0.36652448889542577,0.23091631122223855,0.6084718340932491,0.0
0.8208560082365053,0.8179143991763496,0.7562876893660833,0.749227827621709,0.724812472422415,0.6477423150463304,0.594057949698485,0.5243418149727901,0.36652448889542577,0.23091631122223855,0.12634210913369603,0.6945138991028093,0.0
0.8179143991763496,0.7562876893660833,0.749227827621709,0.724812472422415,0.6477423150463304,0.594057949698485,0.5243418149727901,0.36652448889542577,0.23091631122223855,0.12634210913369603,0.020002941609060132,0.7979114575672894,0.0
0.7562876893660833,0.749227827621709,0.724812472422415,0.6477423150463304,0.594057949698485,0.5243418149727901,0.36652448889542577,0.23091631122223855,0.12634210913369603,0.020002941609060132,-0.12134137373143106,0.8776290630975143,0.0
0.749227827621709,0.724812472422415,0.6477423150463304,0.594057949698485,0.5243418149727901,0.36652448889542577,0.23091631122223855,0.12634210913369603,0.020002941609060132,-0.12134137373143106,-0.2913663774084424,1.0405942050301515,0.0
0.724812472422415,0.6477423150463304,0.594057949698485,0.5243418149727901,0.36652448889542577,0.23091631122223855,0.12634210913369603,0.020002941609060132,-0.12134137373143106,-0.2913663774084424,-0.39736403575215873,1.1221765081745736,0.0
0.6477423150463304,0.594057949698485,0.5243418149727901,0.36652448889542577,0.23091631122223855,0.12634210913369603,0.020002941609060132,-0.12134137373143106,-0.2913663774084424,-0.39736403575215873,-0.5118984262145518,1.1596407412608822,0.0
0.594057949698485,0.5243418149727901,0.36652448889542577,0.23091631122223855,0.12634210913369603,0.020002941609060132,-0.12134137373143106,-0.2913663774084424,-0.39736403575215873,-0.5118984262145518,-0.6136346109354516,1.2076925606339366,0.0
0.5243418149727901,0.36652448889542577,0.23091631122223855,0.12634210913369603,0.020002941609060132,-0.12134137373143106,-0.2913663774084424,-0.39736403575215873,-0.5118984262145518,-0.6136346109354516,-0.660003198464737,1.184345013437527,0.0
0.36652448889542577,0.23091631122223855,0.12634210913369603,0.020002941609060132,-0.12134137373143106,-0.2913663774084424,-0.39736403575215873,-0.5118984262145518,-0.6136346109354516,-0.660003198464737,-0.7524388293619063,1.118963318257332,0.0
0.23091631122223855,0.12634210913369603,0.020002941609060132,-0.12134137373143106,-0.2913663774084424,-0.39736403575215873,-0.5118984262145518,-0.6136346109354516,-0.660003198464737,-0.7524388293619063,-0.8332000639692947,1.0641163751915332,0.0
0.12634210913369603,0.020002941609060132,-0.12134137373143106,-0.2913663774084424,-0.39736403575215873,-0.5118984262145518,-0.6136346109354516,-0.660003198464737,-0.7524388293619063,-0.8332000639692947,-0.8629457860227091,0.9892878951564051,0.0
0.020002941609060132,-0.12134137373143106,-0.2913663774084424,-0.39736403575215873,-0.5118984262145518,-0.6136346109354516,-0.660003198464737,-0.7524388293619063,-0.8332000639692947,-0.8629457860227091,-0.9201983048136895,0.9402012464227496,0.0
-0.12134137373143106,-0.2913663774084424,-0.39736403575215873,-0.5118984262145518,-0.6136346109354516,-0.660003198464737,-0.7524388293619063,-0.8332000639692947,-0.8629457860227091,-0.9201983048136895,-0.9676955061570446,0.8463541324256135,0.0
-0.2913663774084424,-0.39736403575215873,-0.5118984262145518,-0.6136346109354516,-0.660003198464737,-0.7524388293619063,-0.8332000639692947,-0.8629457860227091,-0.9201983048136895,-0.9676955061570446,-1.0,0.7086336225915576,0.0
-0.39736403575215873,-0.5118984262145518,-0.6136346109354516,-0.660003198464737,-0.7524388293619063,-0.8332000639692947,-0.8629457860227091,-0.9201983048136895,-0.9676955061570446,-1.0,-0.9909213984231903,0.6026359642478413,0.0
-0.5118984262145518,-0.6136346109354516,-0.660003198464737,-0.7524388293619063,-0.8332000639692947,-0.8629457860227091,-0.9201983048136895,-0.9676955061570446,-1.0,-0.9909213984231903,-0.975790395795174,0.48810157378544816,0.0
-0.6136346109354516,-0.660003198464737,-0.7524388293619063,-0.8332000639692947,-0.8629457860227091,-0.9201983048136895,-0.9676955061570446,-1.0,-0.9909213984231903,-0.975790395795174,-0.9542884446922035,0.3863653890645484,0.0
-0.660003198464737,-0.7524388293619063,-0.8332000639692947,-0.8629457860227091,-0.9201983048136895,-0.9676955061570446,-1.0,-0.9909213984231903,-0.975790395795174,-0.9542884446922035,-1.0,0.339996801535263,1.0
-0.7524388293619063,-0.8332000639692947,-0.8629457860227091,-0.9201983048136895,-0.9676955061570446,-1.0,-0.9909213984231903,-0.975790395795174,-0.9542884446922035,-1.0,-1.0,0.24756117063809369,1.0
-0.8332000639692947,-0.8629457860227091,-0.9201983048136895,-0.9676955061570446,-1.0,-0.9909213984231903,-0.975790395795174,-0.9542884446922035,-1.0,-1.0,-1.0,0.1667999360307053,1.0
-0.8629457860227091,-0.9201983048136895,-0.9676955061570446,-1.0,-0.9909213984231903,-0.975790395795174,-0.9542884446922035,-1.0,-1.0,-1.0,-1.0,0.1370542139772909,1.0
-0.9201983048136895,-0.9676955061570446,-1.0,-0.9909213984231903,-0.975790395795174,-0.9542884446922035,-1.0,-1.0,-1.0,-1.0,-1.0,0.07980169518631053,1.0
-0.9676955061570446,-1.0,-0.9909213984231903,-0.975790395795174,-0.9542884446922035,-1.0,-1.0,-1.0,-1.0,-1.0,-1.0,0.04571155530779647,1.0
-1.0,-0.9909213984231903,-0.975790395795174,-0.9542884446922035,-1.0,-1.0,-1.0,-1.0,-1.0,-1.0,-1.0,0.04571155530779647,1.0
-0.9909213984231903,-0.975790395795174,-0.9542884446922035,-1.0,-1.0,-1.0,-1.0,-1.0,-1.0,-1.0,-1.0,0.04571155530779647,1.0
-0.975790395795174,-0.9542884446922035,-1.0,-1.0,-1.0,-1.0,-1.0,-1.0,-1.0,-1.0,-1.0,0.04571155530779647,1.0
-0.9542884446922035,-1.0,-1.0,-1.0,-1.0,-1.0,-1.0,-1.0,-1.0,-1.0,-1.0,0.04571155530779647,1.0
-1.0,-1.0,-1.0,-1.0,-1.0,-1.0,-1.0,-1.0,-1.0,-1.0,-1.0,0.0,1.0
-1.0,-1.0,-1.0,-1.0,-1.0,-1.0,-1.0,-1.0,-1.0,-1.0,-1.0,0.0,1.0
-1.0,-1.0,-1.0,-1.0,-1.0,-1.0,-1.0,-1.0,-1.0,-1.0,-1.0,0.0,1.0
-1.0,-1.0,-1.0,-1.0,-1.0,-1.0,-1.0,-1.0,-1.0,-1.0,-0.9996078943928898,0.0003921056071102269,1.0
-1.0,-1.0,-1.0,-1.0,-1.0,-1.0,-1.0,-1.0,-1.0,-0.9996078943928898,-1.0,0.0003921056071102269,1.0
-1.0,-1.0,-1.0,-1.0,-1.0,-1.0,-1.0,-1.0,-0.9996078943928898,-1.0,-0.998562279440596,0.0014377205594040543,1.0
-1.0,-1.0,-1.0,-1.0,-1.0,-1.0,-1.0,-0.9996078943928898,-1.0,-0.998562279440596,-0.9643183897529735,0.03568161024702654,1.0
-1.0,-1.0,-1.0,-1.0,-1.0,-1.0,-0.9996078943928898,-1.0,-0.998562279440596,-0.9643183897529735,-0.9291595869820939,0.07084041301790611,1.0
-1.0,-1.0,-1.0,-1.0,-1.0,-0.9996078943928898,-1.0,-0.998562279440596,-0.9643183897529735,-0.9291595869820939,-0.9288981832440204,0.0711018167559796,1.0
-1.0,-1.0,-1.0,-1.0,-0.9996078943928898,-1.0,-0.998562279440596,-0.9643183897529735,-0.9291595869820939,-0.9288981832440204,-0.9286367795059469,0.07136322049405308,1.0
-1.0,-1.0,-1.0,-0.9996078943928898,-1.0,-0.998562279440596,-0.9643183897529735,-0.9291595869820939,-0.9288981832440204,-0.9286367795059469,-0.9283753757678734,0.07162462423212657,1.0
-1.0,-1.0,-0.9996078943928898,-1.0,-0.998562279440596,-0.9643183897529735,-0.9291595869820939,-0.9288981832440204,-0.9286367795059469,-0.9283753757678734,-0.9283753757678734,0.07162462423212657,1.0
-1.0,-0.9996078943928898,-1.0,-0.998562279440596,-0.9643183897529735,-0.9291595869820939,-0.9288981832440204,-0.9286367795059469,-0.9283753757678734,-0.9283753757678734,-0.8942621879492877,0.10573781205071231,1.0
-0.9996078943928898,-1.0,-0.998562279440596,-0.9643183897529735,-0.9291595869820939,-0.9288981832440204,-0.9286367795059469,-0.9283753757678734,-0.9283753757678734,-0.8942621879492877,-0.9283753757678734,0.10573781205071231,1.0
-1.0,-0.998562279440596,-0.9643183897529735,-0.9291595869820939,-0.9288981832440204,-0.9286367795059469,-0.9283753757678734,-0.9283753757678734,-0.8942621879492877,-0.9283753757678734,-0.8937393804731407,0.10626061952685928,1.0
-0.998562279440596,-0.9643183897529735,-0.9291595869820939,-0.9288981832440204,-0.9286367795059469,-0.9283753757678734,-0.9283753757678734,-0.8942621879492877,-0.9283753757678734,-0.8937393804731407,-0.8597568945235917,0.13880538491700423,1.0
-0.9643183897529735,-0.9291595869820939,-0.9288981832440204,-0.9286367795059469,-0.9283753757678734,-0.9283753757678734,-0.8942621879492877,-0.9283753757678734,-0.8937393804731407,-0.8597568945235917,-0.8248594954907855,0.13945889426218794,1.0
-0.9291595869820939,-0.9288981832440204,-0.9286367795059469,-0.9283753757678734,-0.9283753757678734,-0.8942621879492877,-0.9283753757678734,-0.8937393804731407,-0.8597568945235917,-0.8248594954907855,-0.8248594954907855,0.10430009149130837,1.0
-0.9288981832440204,-0.9286367795059469,-0.9283753757678734,-0.9283753757678734,-0.8942621879492877,-0.9283753757678734,-0.8937393804731407,-0.8597568945235917,-0.8248594954907855,-0.8248594954907855,-0.8585805777022611,0.10403868775323488,1.0
-0.9286367795059469,-0.9283753757678734,-0.9283753757678734,-0.8942621879492877,-0.9283753757678734,-0.8937393804731407,-0.8597568945235917,-0.8248594954907855,-0.8248594954907855,-0.8585805777022611,-0.8589726833093714,0.1037772840151614,1.0
-0.9283753757678734,-0.9283753757678734,-0.8942621879492877,-0.9283753757678734,-0.8937393804731407,-0.8597568945235917,-0.8248594954907855,-0.8248594954907855,-0.8585805777022611,-0.8589726833093714,-0.8593647889164815,0.10351588027708791,1.0
-0.9283753757678734,-0.8942621879492877,-0.9283753757678734,-0.8937393804731407,-0.8597568945235917,-0.8248594954907855,-0.8248594954907855,-0.8585805777022611,-0.8589726833093714,-0.8593647889164815,-0.8256437067050059,0.10351588027708791,1.0
-0.8942621879492877,-0.9283753757678734,-0.8937393804731407,-0.8597568945235917,-0.8248594954907855,-0.8248594954907855,-0.8585805777022611,-0.8589726833093714,-0.8593647889164815,-0.8256437067050059,-0.8598875963926285,0.10351588027708791,1.0
-0.9283753757678734,-0.8937393804731407,-0.8597568945235917,-0.8248594954907855,-0.8248594954907855,-0.8585805777022611,-0.8589726833093714,-0.8593647889164815,-0.8256437067050059,-0.8598875963926285,-0.859103385178408,0.10351588027708791,1.0
-0.8937393804731407,-0.8597568945235917,-0.8248594954907855,-0.8248594954907855,-0.8585805777022611,-0.8589726833093714,-0.8593647889164815,-0.8256437067050059,-0.8598875963926285,-0.859103385178408,-0.859103385178408,0.0688798849823552,1.0
-0.8597568945235917,-0.8248594954907855,-0.8248594954907855,-0.8585805777022611,-0.8589726833093714,-0.8593647889164815,-0.8256437067050059,-0.8598875963926285,-0.859103385178408,-0.859103385178408,-0.8243366880146386,0.03555090837798991,1.0
-0.8248594954907855,-0.8248594954907855,-0.8585805777022611,-0.8589726833093714,-0.8593647889164815,-0.8256437067050059,-0.8598875963926285,-0.859103385178408,-0.859103385178408,-0.8243366880146386,-0.8583191739641877,0.03555090837798991,1.0
-0.8248594954907855,-0.8585805777022611,-0.8589726833093714,-0.8593647889164815,-0.8256437067050059,-0.8598875963926285,-0.859103385178408,-0.859103385178408,-0.8243366880146386,-0.8583191739641877,-0.8923016599137368,0.06796497189909823,1.0
-0.8585805777022611,-0.8589726833093714,-0.8593647889164815,-0.8256437067050059,-0.8598875963926285,-0.859103385178408,-0.859103385178408,-0.8243366880146386,-0.8583191739641877,-0.8923016599137368,-0.8928244673898836,0.06848777937524508,1.0
-0.8589726833093714,-0.8593647889164815,-0.8256437067050059,-0.8598875963926285,-0.859103385178408,-0.859103385178408,-0.8243366880146386,-0.8583191739641877,-0.8923016599137368,-0.8928244673898836,-0.8933472748660306,0.06901058685139205,1.0
-0.8593647889164815,-0.8256437067050059,-0.8598875963926285,-0.859103385178408,-0.859103385178408,-0.8243366880146386,-0.8583191739641877,-0.8923016599137368,-0.8928244673898836,-0.8933472748660306,-0.8933472748660306,0.06901058685139205,1.0
-0.8256437067050059,-0.8598875963926285,-0.859103385178408,-0.859103385178408,-0.8243366880146386,-0.8583191739641877,-0.8923016599137368,-0.8928244673898836,-0.8933472748660306,-0.8933472748660306,-0.9277218664226898,0.10338517840805128,1.0
-0.8598875963926285,-0.859103385178408,-0.859103385178408,-0.8243366880146386,-0.8583191739641877,-0.8923016599137368,-0.8928244673898836,-0.8933472748660306,-0.8933472748660306,-0.9277218664226898,-0.9270683570775062,0.10338517840805128,1.0
-0.859103385178408,-0.859103385178408,-0.8243366880146386,-0.8583191739641877,-0.8923016599137368,-0.8928244673898836,-0.8933472748660306,-0.8933472748660306,-0.9277218664226898,-0.9270683570775062,-0.926676251470396,0.10338517840805128,1.0
-0.859103385178408,-0.8243366880146386,-0.8583191739641877,-0.8923016599137368,-0.8928244673898836,-0.8933472748660306,-0.8933472748660306,-0.9277218664226898,-0.9270683570775062,-0.926676251470396,-0.8924323617827735,0.10338517840805128,1.0
-0.8243366880146386,-0.8583191739641877,-0.8923016599137368,-0.8928244673898836,-0.8933472748660306,-0.8933472748660306,-0.9277218664226898,-0.9270683570775062,-0.926676251470396,-0.8924323617827735,-0.8925630636518103,0.10338517840805128,1.0
-0.8583191739641877,-0.8923016599137368,-0.8928244673898836,-0.8933472748660306,-0.8933472748660306,-0.9277218664226898,-0.9270683570775062,-0.926676251470396,-0.8924323617827735,-0.8925630636518103,-0.9265455496013593,0.06940269245850217,1.0
-0.8923016599137368,-0.8928244673898836,-0.8933472748660306,-0.8933472748660306,-0.9277218664226898,-0.9270683570775062,-0.926676251470396,-0.8924323617827735,-0.8925630636518103,-0.9265455496013593,-0.9615736505032022,0.06927199058946543,1.0
-0.8928244673898836,-0.8933472748660306,-0.8933472748660306,-0.9277218664226898,-0.9270683570775062,-0.926676251470396,-0.8924323617827735,-0.8925630636518103,-0.9265455496013593,-0.9615736505032022,-0.9614429486341655,0.06914128872042868,1.0
-0.8933472748660306,-0.8933472748660306,-0.9277218664226898,-0.9270683570775062,-0.926676251470396,-0.8924323617827735,-0.8925630636518103,-0.9265455496013593,-0.9615736505032022,-0.9614429486341655,-0.9618350542412757,0.06940269245850217,1.0
-0.8933472748660306,-0.9277218664226898,-0.9270683570775062,-0.926676251470396,-0.8924323617827735,-0.8925630636518103,-0.9265455496013593,-0.9615736505032022,-0.9614429486341655,-0.9618350542412757,-0.9962096457979349,0.1037772840151614,1.0
-0.9277218664226898,-0.9270683570775062,-0.926676251470396,-0.8924323617827735,-0.8925630636518103,-0.9265455496013593,-0.9615736505032022,-0.9614429486341655,-0.9618350542412757,-0.9962096457979349,-0.995686838321788,0.1037772840151614,1.0
-0.9270683570775062,-0.926676251470396,-0.8924323617827735,-0.8925630636518103,-0.9265455496013593,-0.9615736505032022,-0.9614429486341655,-0.9618350542412757,-0.9962096457979349,-0.995686838321788,-0.9614429486341655,0.1037772840151614,1.0
-0.926676251470396,-0.8924323617827735,-0.8925630636518103,-0.9265455496013593,-0.9615736505032022,-0.9614429486341655,-0.9618350542412757,-0.9962096457979349,-0.995686838321788,-0.9614429486341655,-0.9615736505032022,0.1037772840151614,1.0
-0.8924323617827735,-0.8925630636518103,-0.9265455496013593,-0.9615736505032022,-0.9614429486341655,-0.9618350542412757,-0.9962096457979349,-0.995686838321788,-0.9614429486341655,-0.9615736505032022,-0.9619657561103123,0.1037772840151614,1.0
-0.8925630636518103,-0.9265455496013593,-0.9615736505032022,-0.9614429486341655,-0.9618350542412757,-0.9962096457979349,-0.995686838321788,-0.9614429486341655,-0.9615736505032022,-0.9619657561103123,-0.9960789439288982,0.10364658214612466,1.0
-0.9265455496013593,-0.9615736505032022,-0.9614429486341655,-0.9618350542412757,-0.9962096457979349,-0.995686838321788,-0.9614429486341655,-0.9615736505032022,-0.9619657561103123,-0.9960789439288982,-1.0,0.07345445039864074,1.0
-0.9615736505032022,-0.9614429486341655,-0.9618350542412757,-0.9962096457979349,-0.995686838321788,-0.9614429486341655,-0.9615736505032022,-0.9619657561103123,-0.9960789439288982,-1.0,-1.0,0.03855705136583454,1.0
-0.9614429486341655,-0.9618350542412757,-0.9962096457979349,-0.995686838321788,-0.9614429486341655,-0.9615736505032022,-0.9619657561103123,-0.9960789439288982,-1.0,-1.0,-1.0,0.03855705136583454,1.0
-0.9618350542412757,-0.9962096457979349,-0.995686838321788,-0.9614429486341655,-0.9615736505032022,-0.9619657561103123,-0.9960789439288982,-1.0,-1.0,-1.0,-0.9998713247120891,0.03855705136583454,1.0
-0.9962096457979349,-0.995686838321788,-0.9614429486341655,-0.9615736505032022,-0.9619657561103123,-0.9960789439288982,-1.0,-1.0,-1.0,-0.9998713247120891,-0.9665444251431513,0.03855705136583454,1.0
-0.995686838321788,-0.9614429486341655,-0.9615736505032022,-0.9619657561103123,-0.9960789439288982,-1.0,-1.0,-1.0,-0.9998713247120891,-0.9665444251431513,-0.9670591262947951,0.03855705136583454,1.0
-0.9614429486341655,-0.9615736505032022,-0.9619657561103123,-0.9960789439288982,-1.0,-1.0,-1.0,-0.9998713247120891,-0.9665444251431513,-0.9670591262947951,-0.967187801582706,0.03855705136583454,1.0
-0.9615736505032022,-0.9619657561103123,-0.9960789439288982,-1.0,-1.0,-1.0,-0.9998713247120891,-0.9665444251431513,-0.9670591262947951,-0.967187801582706,-0.9339895773016792,0.0660104226983208,1.0
-0.9619657561103123,-0.9960789439288982,-1.0,-1.0,-1.0,-0.9998713247120891,-0.9665444251431513,-0.9670591262947951,-0.967187801582706,-0.9339895773016792,-0.9688605803255484,0.0660104226983208,1.0
-0.9960789439288982,-1.0,-1.0,-1.0,-0.9998713247120891,-0.9665444251431513,-0.9670591262947951,-0.967187801582706,-0.9339895773016792,-0.9688605803255484,-0.9688605803255484,0.0660104226983208,1.0
-1.0,-1.0,-1.0,-0.9998713247120891,-0.9665444251431513,-0.9670591262947951,-0.967187801582706,-0.9339895773016792,-0.9688605803255484,-0.9688605803255484,-0.9692466061892814,0.0660104226983208,1.0
-1.0,-1.0,-0.9998713247120891,-0.9665444251431513,-0.9670591262947951,-0.967187801582706,-0.9339895773016792,-0.9688605803255484,-0.9688605803255484,-0.9692466061892814,-0.9697613073409251,0.0660104226983208,1.0
-1.0,-0.9998713247120891,-0.9665444251431513,-0.9670591262947951,-0.967187801582706,-0.9339895773016792,-0.9688605803255484,-0.9688605803255484,-0.9692466061892814,-0.9697613073409251,-0.9689892556134594,0.0660104226983208,1.0
-0.9998713247120891,-0.9665444251431513,-0.9670591262947951,-0.967187801582706,-0.9339895773016792,-0.9688605803255484,-0.9688605803255484,-0.9692466061892814,-0.9697613073409251,-0.9689892556134594,-0.9700186579167471,0.06588174741040986,1.0
-0.9665444251431513,-0.9670591262947951,-0.967187801582706,-0.9339895773016792,-0.9688605803255484,-0.9688605803255484,-0.9692466061892814,-0.9697613073409251,-0.9689892556134594,-0.9700186579167471,-0.970276008492569,0.03628643119088981,1.0
-0.9670591262947951,-0.967187801582706,-0.9339895773016792,-0.9688605803255484,-0.9688605803255484,-0.9692466061892814,-0.9697613073409251,-0.9689892556134594,-0.9700186579167471,-0.970276008492569,-0.9701473332046581,0.03628643119088981,1.0
-0.967187801582706,-0.9339895773016792,-0.9688605803255484,-0.9688605803255484,-0.9692466061892814,-0.9697613073409251,-0.9689892556134594,-0.9700186579167471,-0.970276008492569,-0.9701473332046581,-0.9689892556134594,0.03628643119088981,1.0
-0.9339895773016792,-0.9688605803255484,-0.9688605803255484,-0.9692466061892814,-0.9697613073409251,-0.9689892556134594,-0.9700186579167471,-0.970276008492569,-0.9701473332046581,-0.9689892556134594,-0.9222801261017821,0.04799588239078689,1.0
-0.9688605803255484,-0.9688605803255484,-0.9692466061892814,-0.9697613073409251,-0.9689892556134594,-0.9700186579167471,-0.970276008492569,-0.9701473332046581,-0.9689892556134594,-0.9222801261017821,-0.8934568616097278,0.0768191468828412,1.0
-0.9688605803255484,-0.9692466061892814,-0.9697613073409251,-0.9689892556134594,-0.9700186579167471,-0.970276008492569,-0.9701473332046581,-0.9689892556134594,-0.9222801261017821,-0.8934568616097278,-0.8508653413112012,0.11941066718136784,1.0
-0.9692466061892814,-0.9697613073409251,-0.9689892556134594,-0.9700186579167471,-0.970276008492569,-0.9701473332046581,-0.9689892556134594,-0.9222801261017821,-0.8934568616097278,-0.8508653413112012,-0.791803384160072,0.178472624332497,1.0
-0.9697613073409251,-0.9689892556134594,-0.9700186579167471,-0.970276008492569,-0.9701473332046581,-0.9689892556134594,-0.9222801261017821,-0.8934568616097278,-0.8508653413112012,-0.791803384160072,-0.6865469986489094,0.28372900984365956,2.0
-0.9689892556134594,-0.9700186579167471,-0.970276008492569,-0.9701473332046581,-0.9689892556134594,-0.9222801261017821,-0.8934568616097278,-0.8508653413112012,-0.791803384160072,-0.6865469986489094,-0.6012352827639451,0.3690407257286239,2.0
-0.9700186579167471,-0.970276008492569,-0.9701473332046581,-0.9689892556134594,-0.9222801261017821,-0.8934568616097278,-0.8508653413112012,-0.791803384160072,-0.6865469986489094,-0.6012352827639451,-0.5042141156790838,0.4660618928134852,2.0
-0.970276008492569,-0.9701473332046581,-0.9689892556134594,-0.9222801261017821,-0.8934568616097278,-0.8508653413112012,-0.791803384160072,-0.6865469986489094,-0.6012352827639451,-0.5042141156790838,-0.3665315576143602,0.6037444508782088,2.0
-0.9701473332046581,-0.9689892556134594,-0.9222801261017821,-0.8934568616097278,-0.8508653413112012,-0.791803384160072,-0.6865469986489094,-0.6012352827639451,-0.5042141156790838,-0.3665315576143602,-0.2181689506530271,0.751978382551631,2.0
-0.9689892556134594,-0.9222801261017821,-0.8934568616097278,-0.8508653413112012,-0.791803384160072,-0.6865469986489094,-0.6012352827639451,-0.5042141156790838,-0.3665315576143602,-0.2181689506530271,-0.09476934954641958,0.8742199060670398,2.0
-0.9222801261017821,-0.8934568616097278,-0.8508653413112012,-0.791803384160072,-0.6865469986489094,-0.6012352827639451,-0.5042141156790838,-0.3665315576143602,-0.2181689506530271,-0.09476934954641958,0.03712282056231109,0.9594029466640932,2.0
-0.8934568616097278,-0.8508653413112012,-0.791803384160072,-0.6865469986489094,-0.6012352827639451,-0.5042141156790838,-0.3665315576143602,-0.2181689506530271,-0.09476934954641958,0.03712282056231109,0.1772502090973429,1.0707070707070707,2.0
-0.8508653413112012,-0.791803384160072,-0.6865469986489094,-0.6012352827639451,-0.5042141156790838,-0.3665315576143602,-0.2181689506530271,-0.09476934954641958,0.03712282056231109,0.1772502090973429,0.28096249115357397,1.1318278324647753,2.0
-0.791803384160072,-0.6865469986489094,-0.6012352827639451,-0.5042141156790838,-0.3665315576143602,-0.2181689506530271,-0.09476934954641958,0.03712282056231109,0.1772502090973429,0.28096249115357397,0.40796500032168814,1.1997683844817602,2.0
-0.6865469986489094,-0.6012352827639451,-0.5042141156790838,-0.3665315576143602,-0.2181689506530271,-0.09476934954641958,0.03712282056231109,0.1772502090973429,0.28096249115357397,0.40796500032168814,0.4927620150550087,1.1793090137039182,2.0
-0.6012352827639451,-0.5042141156790838,-0.3665315576143602,-0.2181689506530271,-0.09476934954641958,0.03712282056231109,0.1772502090973429,0.28096249115357397,0.40796500032168814,0.4927620150550087,0.6326320530142187,1.2338673357781638,2.0
-0.5042141156790838,-0.3665315576143602,-0.2181689506530271,-0.09476934954641958,0.03712282056231109,0.1772502090973429,0.28096249115357397,0.40796500032168814,0.4927620150550087,0.6326320530142187,0.7295245448111689,1.2337386604902527,2.0
-0.3665315576143602,-0.2181689506530271,-0.09476934954641958,0.03712282056231109,0.1772502090973429,0.28096249115357397,0.40796500032168814,0.4927620150550087,0.6326320530142187,0.7295245448111689,0.8502219648716465,1.2167535224860067,2.0
-0.2181689506530271,-0.09476934954641958,0.03712282056231109,0.1772502090973429,0.28096249115357397,0.40796500032168814,0.4927620150550087,0.6326320530142187,0.7295245448111689,0.8502219648716465,0.9603680113234254,1.1785369619764525,2.0
-0.09476934954641958,0.03712282056231109,0.1772502090973429,0.28096249115357397,0.40796500032168814,0.4927620150550087,0.6326320530142187,0.7295245448111689,0.8502219648716465,0.9603680113234254,1.0,1.0947693495464197,2.0
0.03712282056231109,0.1772502090973429,0.28096249115357397,0.40796500032168814,0.4927620150550087,0.6326320530142187,0.7295245448111689,0.8502219648716465,0.9603680113234254,1.0,1.0,0.9628771794376889,2.0
0.1772502090973429,0.28096249115357397,0.40796500032168814,0.4927620150550087,0.6326320530142187,0.7295245448111689,0.8502219648716465,0.9603680113234254,1.0,1.0,1.0,0.8227497909026571,2.0
0.28096249115357397,0.40796500032168814,0.4927620150550087,0.6326320530142187,0.7295245448111689,0.8502219648716465,0.9603680113234254,1.0,1.0,1.0,1.0,0.719037508846426,2.0
0.40796500032168814,0.4927620150550087,0.6326320530142187,0.7295245448111689,0.8502219648716465,0.9603680113234254,1.0,1.0,1.0,1.0,0.9910956019493411,0.5920349996783119,2.0
0.4927620150550087,0.6326320530142187,0.7295245448111689,0.8502219648716465,0.9603680113234254,1.0,1.0,1.0,1.0,0.9910956019493411,0.9896516455086939,0.5072379849449913,3.0
0.6326320530142187,0.7295245448111689,0.8502219648716465,0.9603680113234254,1.0,1.0,1.0,1.0,0.9910956019493411,0.9896516455086939,0.9688346068226943,0.36736794698578135,3.0
0.7295245448111689,0.8502219648716465,0.9603680113234254,1.0,1.0,1.0,1.0,0.9910956019493411,0.9896516455086939,0.9688346068226943,0.9002466758919438,0.2704754551888311,3.0
0.8502219648716465,0.9603680113234254,1.0,1.0,1.0,1.0,0.9910956019493411,0.9896516455086939,0.9688346068226943,0.9002466758919438,0.8145719270801997,0.18542807291980035,3.0
0.9603680113234254,1.0,1.0,1.0,1.0,0.9910956019493411,0.9896516455086939,0.9688346068226943,0.9002466758919438,0.8145719270801997,0.6826905721677397,0.31730942783226035,3.0
1.0,1.0,1.0,1.0,0.9910956019493411,0.9896516455086939,0.9688346068226943,0.9002466758919438,0.8145719270801997,0.6826905721677397,0.566933397509175,0.43306660249082496,3.0
1.0,1.0,1.0,0.9910956019493411,0.9896516455086939,0.9688346068226943,0.9002466758919438,0.8145719270801997,0.6826905721677397,0.566933397509175,0.4417905059864027,0.5582094940135973,0.0
1.0,1.0,0.9910956019493411,0.9896516455086939,0.9688346068226943,0.9002466758919438,0.8145719270801997,0.6826905721677397,0.566933397509175,0.4417905059864027,0.2781421093797003,0.7218578906202997,0.0
1.0,0.9910956019493411,0.9896516455086939,0.9688346068226943,0.9002466758919438,0.8145719270801997,0.6826905721677397,0.566933397509175,0.4417905059864027,0.2781421093797003,0.11329041573912524,0.8867095842608748,0.0
0.9910956019493411,0.9896516455086939,0.9688346068226943,0.9002466758919438,0.8145719270801997,0.6826905721677397,0.566933397509175,0.4417905059864027,0.2781421093797003,0.11329041573912524,-0.018109620359785805,1.0092052223091268,0.0
0.9896516455086939,0.9688346068226943,0.9002466758919438,0.8145719270801997,0.6826905721677397,0.566933397509175,0.4417905059864027,0.2781421093797003,0.11329041573912524,-0.018109620359785805,-0.11124481078154147,1.1008964562902355,0.0
0.9688346068226943,0.9002466758919438,0.8145719270801997,0.6826905721677397,0.566933397509175,0.4417905059864027,0.2781421093797003,0.11329041573912524,-0.018109620359785805,-0.11124481078154147,-0.22098550027074182,1.189820107093436,0.0
0.9002466758919438,0.8145719270801997,0.6826905721677397,0.566933397509175,0.4417905059864027,0.2781421093797003,0.11329041573912524,-0.018109620359785805,-0.11124481078154147,-0.22098550027074182,-0.3176102520907286,1.2178569279826723,0.0
0.8145719270801997,0.6826905721677397,0.566933397509175,0.4417905059864027,0.2781421093797003,0.11329041573912524,-0.018109620359785805,-0.11124481078154147,-0.22098550027074182,-0.3176102520907286,-0.40220203357198725,1.216773960652187,0.0
0.6826905721677397,0.566933397509175,0.4417905059864027,0.2781421093797003,0.11329041573912524,-0.018109620359785805,-0.11124481078154147,-0.22098550027074182,-0.3176102520907286,-0.40220203357198725,-0.4447987485710848,1.1274893207388246,0.0
0.566933397509175,0.4417905059864027,0.2781421093797003,0.11329041573912524,-0.018109620359785805,-0.11124481078154147,-0.22098550027074182,-0.3176102520907286,-0.40220203357198725,-0.4447987485710848,-0.5054449190782745,1.0723783165874496,0.0
0.4417905059864027,0.2781421093797003,0.11329041573912524,-0.018109620359785805,-0.11124481078154147,-0.22098550027074182,-0.3176102520907286,-0.40220203357198725,-0.4447987485710848,-0.5054449190782745,-0.5257806389507249,0.9675711449371276,0.0
0.2781421093797003,0.11329041573912524,-0.018109620359785805,-0.11124481078154147,-0.22098550027074182,-0.3176102520907286,-0.40220203357198725,-0.4447987485710848,-0.5054449190782745,-0.5257806389507249,-0.5658504301786896,0.8439925395583899,0.0
0.11329041573912524,-0.018109620359785805,-0.11124481078154147,-0.22098550027074182,-0.3176102520907286,-0.40220203357198725,-0.4447987485710848,-0.5054449190782745,-0.5257806389507249,-0.5658504301786896,-0.5983394500932555,0.7116298658323807,0.0
-0.018109620359785805,-0.11124481078154147,-0.22098550027074182,-0.3176102520907286,-0.40220203357198725,-0.4447987485710848,-0.5054449190782745,-0.5257806389507249,-0.5658504301786896,-0.5983394500932555,-0.5926839540340534,0.5802298297334697,0.0
-0.11124481078154147,-0.22098550027074182,-0.3176102520907286,-0.40220203357198725,-0.4447987485710848,-0.5054449190782745,-0.5257806389507249,-0.5658504301786896,-0.5983394500932555,-0.5926839540340534,-0.5814932916190362,0.48709463931171404,0.0
-0.22098550027074182,-0.3176102520907286,-0.40220203357198725,-0.4447987485710848,-0.5054449190782745,-0.5257806389507249,-0.5658504301786896,-0.5983394500932555,-0.5926839540340534,-0.5814932916190362,-0.5668130678057879,0.3773539498225137,0.0
-0.3176102520907286,-0.40220203357198725,-0.4447987485710848,-0.5054449190782745,-0.5257806389507249,-0.5658504301786896,-0.5983394500932555,-0.5926839540340534,-0.5814932916190362,-0.5668130678057879,-0.5786053787377414,0.28072919800252694,1.0
-0.40220203357198725,-0.4447987485710848,-0.5054449190782745,-0.5257806389507249,-0.5658504301786896,-0.5983394500932555,-0.5926839540340534,-0.5814932916190362,-0.5668130678057879,-0.5786053787377414,-0.5883520847121112,0.19613741652126826,1.0
-0.4447987485710848,-0.5054449190782745,-0.5257806389507249,-0.5658504301786896,-0.5983394500932555,-0.5926839540340534,-0.5814932916190362,-0.5668130678057879,-0.5786053787377414,-0.5883520847121112,-0.5948498886950244,0.1535407015221707,1.0
-0.5054449190782745,-0.5257806389507249,-0.5658504301786896,-0.5983394500932555,-0.5926839540340534,-0.5814932916190362,-0.5668130678057879,-0.5786053787377414,-0.5883520847121112,-0.5948498886950244,-0.6008663738643885,0.09542145478611397,1.0
-0.5257806389507249,-0.5658504301786896,-0.5983394500932555,-0.5926839540340534,-0.5814932916190362,-0.5668130678057879,-0.5786053787377414,-0.5883520847121112,-0.5948498886950244,-0.6008663738643885,-0.6056795619998796,0.07989892304915469,1.0
-0.5658504301786896,-0.5983394500932555,-0.5926839540340534,-0.5814932916190362,-0.5668130678057879,-0.5786053787377414,-0.5883520847121112,-0.5948498886950244,-0.6008663738643885,-0.6056795619998796,-0.60965044221166,0.04380001203297035,1.0
-0.5983394500932555,-0.5926839540340534,-0.5814932916190362,-0.5668130678057879,-0.5786053787377414,-0.5883520847121112,-0.5948498886950244,-0.6008663738643885,-0.6056795619998796,-0.60965044221166,-0.612658684796342,0.04584561699055412,1.0
-0.5926839540340534,-0.5814932916190362,-0.5668130678057879,-0.5786053787377414,-0.5883520847121112,-0.5948498886950244,-0.6008663738643885,-0.6056795619998796,-0.60965044221166,-0.612658684796342,-0.6144636303471511,0.04765056254136324,1.0
-0.5814932916190362,-0.5668130678057879,-0.5786053787377414,-0.5883520847121112,-0.5948498886950244,-0.6008663738643885,-0.6056795619998796,-0.60965044221166,-0.612658684796342,-0.6144636303471511,-0.6160279164911858,0.04921484868539794,1.0
-0.5668130678057879,-0.5786053787377414,-0.5883520847121112,-0.5948498886950244,-0.6008663738643885,-0.6056795619998796,-0.60965044221166,-0.612658684796342,-0.6144636303471511,-0.6160279164911858,-0.6161482461945731,0.049335178388785206,1.0
-0.5786053787377414,-0.5883520847121112,-0.5948498886950244,-0.6008663738643885,-0.6056795619998796,-0.60965044221166,-0.612658684796342,-0.6144636303471511,-0.6160279164911858,-0.6161482461945731,-0.6162685758979605,0.03766319716021904,1.0
-0.5883520847121112,-0.5948498886950244,-0.6008663738643885,-0.6056795619998796,-0.60965044221166,-0.612658684796342,-0.6144636303471511,-0.6160279164911858,-0.6161482461945731,-0.6162685758979605,-0.6149449491607003,0.027916491185849268,1.0
-0.5948498886950244,-0.6008663738643885,-0.6056795619998796,-0.60965044221166,-0.612658684796342,-0.6144636303471511,-0.6160279164911858,-0.6161482461945731,-0.6162685758979605,-0.6149449491607003,-0.6150652788640876,0.02141868720293605,1.0
-0.6008663738643885,-0.6056795619998796,-0.60965044221166,-0.612658684796342,-0.6144636303471511,-0.6160279164911858,-0.6161482461945731,-0.6162685758979605,-0.6149449491607003,-0.6150652788640876,-0.6157872570844113,0.01540220203357201,1.0
-0.6056795619998796,-0.60965044221166,-0.612658684796342,-0.6144636303471511,-0.6160279164911858,-0.6161482461945731,-0.6162685758979605,-0.6149449491607003,-0.6150652788640876,-0.6157872570844113,-0.6168702244148968,0.011190662415017205,1.0
-0.60965044221166,-0.612658684796342,-0.6144636303471511,-0.6160279164911858,-0.6161482461945731,-0.6162685758979605,-0.6149449491607003,-0.6150652788640876,-0.6157872570844113,-0.6168702244148968,-0.6168702244148968,0.007219782203236824,1.0
-0.612658684796342,-0.6144636303471511,-0.6160279164911858,-0.6161482461945731,-0.6162685758979605,-0.6149449491607003,-0.6150652788640876,-0.6157872570844113,-0.6168702244148968,-0.6168702244148968,-0.6167498947115095,0.004211539618554805,1.0
-0.6144636303471511,-0.6160279164911858,-0.6161482461945731,-0.6162685758979605,-0.6149449491607003,-0.6150652788640876,-0.6157872570844113,-0.6168702244148968,-0.6168702244148968,-0.6167498947115095,-0.6174718729318331,0.0030082425846820193,1.0
-0.6160279164911858,-0.6161482461945731,-0.6162685758979605,-0.6149449491607003,-0.6150652788640876,-0.6157872570844113,-0.6168702244148968,-0.6168702244148968,-0.6167498947115095,-0.6174718729318331,-0.616509235304735,0.0025269237711328385,1.0
-0.6161482461945731,-0.6162685758979605,-0.6149449491607003,-0.6150652788640876,-0.6157872570844113,-0.6168702244148968,-0.6168702244148968,-0.6167498947115095,-0.6174718729318331,-0.616509235304735,-0.6154262679742495,0.0025269237711328385,1.0
-0.6162685758979605,-0.6149449491607003,-0.6150652788640876,-0.6157872570844113,-0.6168702244148968,-0.6168702244148968,-0.6167498947115095,-0.6174718729318331,-0.616509235304735,-0.6154262679742495,-0.6144636303471511,0.0030082425846820193,1.0
-0.6149449491607003,-0.6150652788640876,-0.6157872570844113,-0.6168702244148968,-0.6168702244148968,-0.6167498947115095,-0.6174718729318331,-0.616509235304735,-0.6154262679742495,-0.6144636303471511,-0.614343300643764,0.0031285722880691758,1.0
-0.6150652788640876,-0.6157872570844113,-0.6168702244148968,-0.6168702244148968,-0.6167498947115095,-0.6174718729318331,-0.616509235304735,-0.6154262679742495,-0.6144636303471511,-0.614343300643764,-0.6153059382708621,0.0031285722880691758,1.0
-0.6157872570844113,-0.6168702244148968,-0.6168702244148968,-0.6167498947115095,-0.6174718729318331,-0.616509235304735,-0.6154262679742495,-0.6144636303471511,-0.614343300643764,-0.6153059382708621,-0.6172312135250586,0.0031285722880691758,1.0
-0.6168702244148968,-0.6168702244148968,-0.6167498947115095,-0.6174718729318331,-0.616509235304735,-0.6154262679742495,-0.6144636303471511,-0.614343300643764,-0.6153059382708621,-0.6172312135250586,-0.6175922026352205,0.0032489019914565542,1.0
-0.6168702244148968,-0.6167498947115095,-0.6174718729318331,-0.616509235304735,-0.6154262679742495,-0.6144636303471511,-0.614343300643764,-0.6153059382708621,-0.6172312135250586,-0.6175922026352205,-0.6179531917453823,0.0036098911016183566,1.0
-0.6167498947115095,-0.6174718729318331,-0.616509235304735,-0.6154262679742495,-0.6144636303471511,-0.614343300643764,-0.6153059382708621,-0.6172312135250586,-0.6175922026352205,-0.6179531917453823,-0.6184345105589315,0.004091209915167537,1.0
-0.6174718729318331,-0.616509235304735,-0.6154262679742495,-0.6144636303471511,-0.614343300643764,-0.6153059382708621,-0.6172312135250586,-0.6175922026352205,-0.6179531917453823,-0.6184345105589315,-0.618193851152157,0.004091209915167537,1.0
-0.616509235304735,-0.6154262679742495,-0.6144636303471511,-0.614343300643764,-0.6153059382708621,-0.6172312135250586,-0.6175922026352205,-0.6179531917453823,-0.6184345105589315,-0.618193851152157,-0.6174718729318331,0.004091209915167537,1.0
-0.6154262679742495,-0.6144636303471511,-0.614343300643764,-0.6153059382708621,-0.6172312135250586,-0.6175922026352205,-0.6179531917453823,-0.6184345105589315,-0.618193851152157,-0.6174718729318331,-0.6178328620419951,0.004091209915167537,1.0
-0.6144636303471511,-0.614343300643764,-0.6153059382708621,-0.6172312135250586,-0.6175922026352205,-0.6179531917453823,-0.6184345105589315,-0.618193851152157,-0.6174718729318331,-0.6178328620419951,-0.6183141808555441,0.004091209915167537,1.0
-0.614343300643764,-0.6153059382708621,-0.6172312135250586,-0.6175922026352205,-0.6179531917453823,-0.6184345105589315,-0.618193851152157,-0.6174718729318331,-0.6178328620419951,-0.6183141808555441,-0.6199987967029661,0.005655496059202125,1.0
-0.6153059382708621,-0.6172312135250586,-0.6175922026352205,-0.6179531917453823,-0.6184345105589315,-0.618193851152157,-0.6174718729318331,-0.6178328620419951,-0.6183141808555441,-0.6199987967029661,-0.6219240719571626,0.006618133686300487,1.0
-0.6172312135250586,-0.6175922026352205,-0.6179531917453823,-0.6184345105589315,-0.618193851152157,-0.6174718729318331,-0.6178328620419951,-0.6183141808555441,-0.6199987967029661,-0.6219240719571626,-0.6222850610673245,0.005053847542265899,1.0
-0.6175922026352205,-0.6179531917453823,-0.6184345105589315,-0.618193851152157,-0.6174718729318331,-0.6178328620419951,-0.6183141808555441,-0.6199987967029661,-0.6219240719571626,-0.6222850610673245,-0.622525720474099,0.005053847542265899,1.0
-0.6179531917453823,-0.6184345105589315,-0.618193851152157,-0.6174718729318331,-0.6178328620419951,-0.6183141808555441,-0.6199987967029661,-0.6219240719571626,-0.6222850610673245,-0.622525720474099,-0.6226460501774863,0.0051741772456531665,1.0
-0.6184345105589315,-0.618193851152157,-0.6174718729318331,-0.6178328620419951,-0.6183141808555441,-0.6199987967029661,-0.6219240719571626,-0.6222850610673245,-0.622525720474099,-0.6226460501774863,-0.6227663798808736,0.005294506949040434,1.0
-0.618193851152157,-0.6174718729318331,-0.6178328620419951,-0.6183141808555441,-0.6199987967029661,-0.6219240719571626,-0.6222850610673245,-0.622525720474099,-0.6226460501774863,-0.6227663798808736,-0.6222850610673245,0.005294506949040434,1.0
-0.6174718729318331,-0.6178328620419951,-0.6183141808555441,-0.6199987967029661,-0.6219240719571626,-0.6222850610673245,-0.622525720474099,-0.6226460501774863,-0.6227663798808736,-0.6222850610673245,-0.6230070392876481,0.005535166355814969,1.0
-0.6178328620419951,-0.6183141808555441,-0.6199987967029661,-0.6219240719571626,-0.6222850610673245,-0.622525720474099,-0.6226460501774863,-0.6227663798808736,-0.6222850610673245,-0.6230070392876481,-0.6238493472113591,0.006016485169364039,1.0
-0.6183141808555441,-0.6199987967029661,-0.6219240719571626,-0.6222850610673245,-0.622525720474099,-0.6226460501774863,-0.6227663798808736,-0.6222850610673245,-0.6230070392876481,-0.6238493472113591,-0.6249323145418446,0.006618133686300487,1.0
-0.6199987967029661,-0.6219240719571626,-0.6222850610673245,-0.622525720474099,-0.6226460501774863,-0.6227663798808736,-0.6222850610673245,-0.6230070392876481,-0.6238493472113591,-0.6249323145418446,-0.625894952168943,0.005896155465976882,1.0
-0.6219240719571626,-0.6222850610673245,-0.622525720474099,-0.6226460501774863,-0.6227663798808736,-0.6222850610673245,-0.6230070392876481,-0.6238493472113591,-0.6249323145418446,-0.625894952168943,-0.6266169303892666,0.004692858432103986,1.0
-0.6222850610673245,-0.622525720474099,-0.6226460501774863,-0.6227663798808736,-0.6222850610673245,-0.6230070392876481,-0.6238493472113591,-0.6249323145418446,-0.625894952168943,-0.6266169303892666,-0.6275795680163648,0.005294506949040323,1.0
-0.622525720474099,-0.6226460501774863,-0.6227663798808736,-0.6222850610673245,-0.6230070392876481,-0.6238493472113591,-0.6249323145418446,-0.625894952168943,-0.6266169303892666,-0.6275795680163648,-0.6276998977197521,0.00541483665242759,1.0
-0.6226460501774863,-0.6227663798808736,-0.6222850610673245,-0.6230070392876481,-0.6238493472113591,-0.6249323145418446,-0.625894952168943,-0.6266169303892666,-0.6275795680163648,-0.6276998977197521,-0.6283015462366885,0.006016485169364039,1.0
-0.6227663798808736,-0.6222850610673245,-0.6230070392876481,-0.6238493472113591,-0.6249323145418446,-0.625894952168943,-0.6266169303892666,-0.6275795680163648,-0.6276998977197521,-0.6283015462366885,-0.6276998977197521,0.006016485169364039,1.0
-0.6222850610673245,-0.6230070392876481,-0.6238493472113591,-0.6249323145418446,-0.625894952168943,-0.6266169303892666,-0.6275795680163648,-0.6276998977197521,-0.6283015462366885,-0.6276998977197521,-0.6281812165333012,0.006016485169364039,1.0
-0.6230070392876481,-0.6238493472113591,-0.6249323145418446,-0.625894952168943,-0.6266169303892666,-0.6275795680163648,-0.6276998977197521,-0.6283015462366885,-0.6276998977197521,-0.6281812165333012,-0.6292641838637868,0.006257144576138685,1.0
-0.6238493472113591,-0.6249323145418446,-0.625894952168943,-0.6266169303892666,-0.6275795680163648,-0.6276998977197521,-0.6283015462366885,-0.6276998977197521,-0.6281812165333012,-0.6292641838637868,-0.6305878106010468,0.006738463389687754,1.0
-0.6249323145418446,-0.625894952168943,-0.6266169303892666,-0.6275795680163648,-0.6276998977197521,-0.6283015462366885,-0.6276998977197521,-0.6281812165333012,-0.6292641838637868,-0.6305878106010468,-0.6309487997112087,0.006016485169364039,1.0
-0.625894952168943,-0.6266169303892666,-0.6275795680163648,-0.6276998977197521,-0.6283015462366885,-0.6276998977197521,-0.6281812165333012,-0.6292641838637868,-0.6305878106010468,-0.6309487997112087,-0.6316707779315325,0.005775825762589504,1.0
-0.6266169303892666,-0.6275795680163648,-0.6276998977197521,-0.6283015462366885,-0.6276998977197521,-0.6281812165333012,-0.6292641838637868,-0.6305878106010468,-0.6309487997112087,-0.6316707779315325,-0.6329944046687925,0.006377474279525952,1.0
-0.6275795680163648,-0.6276998977197521,-0.6283015462366885,-0.6276998977197521,-0.6281812165333012,-0.6292641838637868,-0.6305878106010468,-0.6309487997112087,-0.6316707779315325,-0.6329944046687925,-0.6328740749654052,0.005414836652427701,1.0
-0.6276998977197521,-0.6283015462366885,-0.6276998977197521,-0.6281812165333012,-0.6292641838637868,-0.6305878106010468,-0.6309487997112087,-0.6316707779315325,-0.6329944046687925,-0.6328740749654052,-0.6328740749654052,0.005294506949040434,1.0
-0.6283015462366885,-0.6276998977197521,-0.6281812165333012,-0.6292641838637868,-0.6305878106010468,-0.6309487997112087,-0.6316707779315325,-0.6329944046687925,-0.6328740749654052,-0.6328740749654052,-0.633596053185729,0.005896155465976882,1.0
-0.6276998977197521,-0.6281812165333012,-0.6292641838637868,-0.6305878106010468,-0.6309487997112087,-0.6316707779315325,-0.6329944046687925,-0.6328740749654052,-0.6328740749654052,-0.633596053185729,-0.634077371999278,0.006377474279525952,1.0
-0.6281812165333012,-0.6292641838637868,-0.6305878106010468,-0.6309487997112087,-0.6316707779315325,-0.6329944046687925,-0.6328740749654052,-0.6328740749654052,-0.633596053185729,-0.634077371999278,-0.6343180314060526,0.006136814872751417,1.0
-0.6292641838637868,-0.6305878106010468,-0.6309487997112087,-0.6316707779315325,-0.6329944046687925,-0.6328740749654052,-0.6328740749654052,-0.633596053185729,-0.634077371999278,-0.6343180314060526,-0.6363636363636364,0.007099452499849557,1.0
-0.6305878106010468,-0.6309487997112087,-0.6316707779315325,-0.6329944046687925,-0.6328740749654052,-0.6328740749654052,-0.633596053185729,-0.634077371999278,-0.6343180314060526,-0.6363636363636364,-0.6369652848805727,0.006377474279525841,1.0
-0.6309487997112087,-0.6316707779315325,-0.6329944046687925,-0.6328740749654052,-0.6328740749654052,-0.633596053185729,-0.634077371999278,-0.6343180314060526,-0.6363636363636364,-0.6369652848805727,-0.6375669333975091,0.006618133686300487,1.0
-0.6316707779315325,-0.6329944046687925,-0.6328740749654052,-0.6328740749654052,-0.633596053185729,-0.634077371999278,-0.6343180314060526,-0.6363636363636364,-0.6369652848805727,-0.6375669333975091,-0.637927922507671,0.0062571445761385736,1.0
-0.6329944046687925,-0.6328740749654052,-0.6328740749654052,-0.633596053185729,-0.634077371999278,-0.6343180314060526,-0.6363636363636364,-0.6369652848805727,-0.6375669333975091,-0.637927922507671,-0.636604295770411,0.005053847542265899,1.0
-0.6328740749654052,-0.6328740749654052,-0.633596053185729,-0.634077371999278,-0.6343180314060526,-0.6363636363636364,-0.6369652848805727,-0.6375669333975091,-0.637927922507671,-0.636604295770411,-0.6326334155586306,0.005294506949040434,1.0
-0.6328740749654052,-0.633596053185729,-0.634077371999278,-0.6343180314060526,-0.6363636363636364,-0.6369652848805727,-0.6375669333975091,-0.637927922507671,-0.636604295770411,-0.6326334155586306,-0.6208411046266771,0.017086817880993976,1.0
-0.633596053185729,-0.634077371999278,-0.6343180314060526,-0.6363636363636364,-0.6369652848805727,-0.6375669333975091,-0.637927922507671,-0.636604295770411,-0.6326334155586306,-0.6208411046266771,-0.6281812165333012,0.017086817880993976,1.0
-0.634077371999278,-0.6343180314060526,-0.6363636363636364,-0.6369652848805727,-0.6375669333975091,-0.637927922507671,-0.636604295770411,-0.6326334155586306,-0.6208411046266771,-0.6281812165333012,-0.5937669213645389,0.04416100114313215,1.0
-0.6343180314060526,-0.6363636363636364,-0.6369652848805727,-0.6375669333975091,-0.637927922507671,-0.636604295770411,-0.6326334155586306,-0.6208411046266771,-0.6281812165333012,-0.5937669213645389,-0.578846038144516,0.05908188436315509,1.0
-0.6363636363636364,-0.6369652848805727,-0.6375669333975091,-0.637927922507671,-0.636604295770411,-0.6326334155586306,-0.6208411046266771,-0.6281812165333012,-0.5937669213645389,-0.578846038144516,-0.5526141628060887,0.08531375970158239,1.0
-0.6369652848805727,-0.6375669333975091,-0.637927922507671,-0.636604295770411,-0.6326334155586306,-0.6208411046266771,-0.6281812165333012,-0.5937669213645389,-0.578846038144516,-0.5526141628060887,-0.48559051801937303,0.15233740448829802,1.0
-0.6375669333975091,-0.637927922507671,-0.636604295770411,-0.6326334155586306,-0.6208411046266771,-0.6281812165333012,-0.5937669213645389,-0.578846038144516,-0.5526141628060887,-0.48559051801937303,-0.4374586366644606,0.20046928584321044,1.0
-0.637927922507671,-0.636604295770411,-0.6326334155586306,-0.6208411046266771,-0.6281812165333012,-0.5937669213645389,-0.578846038144516,-0.5526141628060887,-0.48559051801937303,-0.4374586366644606,-0.3822273028096985,0.25570061969797253,1.0
-0.636604295770411,-0.6326334155586306,-0.6208411046266771,-0.6281812165333012,-0.5937669213645389,-0.578846038144516,-0.5526141628060887,-0.48559051801937303,-0.4374586366644606,-0.3822273028096985,-0.28572288069309915,0.35088141507731185,2.0
-0.6326334155586306,-0.6208411046266771,-0.6281812165333012,-0.5937669213645389,-0.578846038144516,-0.5526141628060887,-0.48559051801937303,-0.4374586366644606,-0.3822273028096985,-0.28572288069309915,-0.20931351904217554,0.4233198965164551,2.0
-0.6208411046266771,-0.6281812165333012,-0.5937669213645389,-0.578846038144516,-0.5526141628060887,-0.48559051801937303,-0.4374586366644606,-0.3822273028096985,-0.28572288069309915,-0.20931351904217554,-0.12472173756091687,0.5034594789723843,2.0
-0.6281812165333012,-0.5937669213645389,-0.578846038144516,-0.5526141628060887,-0.48559051801937303,-0.4374586366644606,-0.3822273028096985,-0.28572288069309915,-0.20931351904217554,-0.12472173756091687,-0.001744780699115545,0.6264364358341856,2.0
-0.5937669213645389,-0.578846038144516,-0.5526141628060887,-0.48559051801937303,-0.4374586366644606,-0.3822273028096985,-0.28572288069309915,-0.20931351904217554,-0.12472173756091687,-0.001744780699115545,0.12075085734913671,0.7145177787136756,2.0
-0.578846038144516,-0.5526141628060887,-0.48559051801937303,-0.4374586366644606,-0.3822273028096985,-0.28572288069309915,-0.20931351904217554,-0.12472173756091687,-0.001744780699115545,0.12075085734913671,0.237711329041574,0.81655736718609,2.0
-0.5526141628060887,-0.48559051801937303,-0.4374586366644606,-0.3822273028096985,-0.28572288069309915,-0.20931351904217554,-0.12472173756091687,-0.001744780699115545,0.12075085734913671,0.237711329041574,0.3171289332771794,0.869743096083268,2.0
-0.48559051801937303,-0.4374586366644606,-0.3822273028096985,-0.28572288069309915,-0.20931351904217554,-0.12472173756091687,-0.001744780699115545,0.12075085734913671,0.237711329041574,0.3171289332771794,0.4236207207749232,0.9092112387942962,2.0
-0.4374586366644606,-0.3822273028096985,-0.28572288069309915,-0.20931351904217554,-0.12472173756091687,-0.001744780699115545,0.12075085734913671,0.237711329041574,0.3171289332771794,0.4236207207749232,0.5536971301365743,0.9911557668010349,2.0
-0.3822273028096985,-0.28572288069309915,-0.20931351904217554,-0.12472173756091687,-0.001744780699115545,0.12075085734913671,0.237711329041574,0.3171289332771794,0.4236207207749232,0.5536971301365743,0.6445460561939715,1.02677335900367,2.0
-0.28572288069309915,-0.20931351904217554,-0.12472173756091687,-0.001744780699115545,0.12075085734913671,0.237711329041574,0.3171289332771794,0.4236207207749232,0.5536971301365743,0.6445460561939715,0.7562120209373684,1.0419349016304675,2.0
-0.20931351904217554,-0.12472173756091687,-0.001744780699115545,0.12075085734913671,0.237711329041574,0.3171289332771794,0.4236207207749232,0.5536971301365743,0.6445460561939715,0.7562120209373684,0.8588532579267192,1.0681667769688947,2.0
-0.12472173756091687,-0.001744780699115545,0.12075085734913671,0.237711329041574,0.3171289332771794,0.4236207207749232,0.5536971301365743,0.6445460561939715,0.7562120209373684,0.8588532579267192,0.9168521749593888,1.0415739125203056,2.0
-0.001744780699115545,0.12075085734913671,0.237711329041574,0.3171289332771794,0.4236207207749232,0.5536971301365743,0.6445460561939715,0.7562120209373684,0.8588532579267192,0.9168521749593888,0.957643944407677,0.9593887251067925,2.0
0.12075085734913671,0.237711329041574,0.3171289332771794,0.4236207207749232,0.5536971301365743,0.6445460561939715,0.7562120209373684,0.8588532579267192,0.9168521749593888,0.957643944407677,0.978220323686902,0.8574694663377653,2.0
0.237711329041574,0.3171289332771794,0.4236207207749232,0.5536971301365743,0.6445460561939715,0.7562120209373684,0.8588532579267192,0.9168521749593888,0.957643944407677,0.978220323686902,0.9737681246615728,0.740508994645328,2.0
0.3171289332771794,0.4236207207749232,0.5536971301365743,0.6445460561939715,0.7562120209373684,0.8588532579267192,0.9168521749593888,0.957643944407677,0.978220323686902,0.9737681246615728,0.9155285482221287,0.6610913904097226,2.0
0.4236207207749232,0.5536971301365743,0.6445460561939715,0.7562120209373684,0.8588532579267192,0.9168521749593888,0.957643944407677,0.978220323686902,0.9737681246615728,0.9155285482221287,0.898315282791817,0.5545996029119789,2.0
0.5536971301365743,0.6445460561939715,0.7562120209373684,0.8588532579267192,0.9168521749593888,0.957643944407677,0.978220323686902,0.9737681246615728,0.9155285482221287,0.898315282791817,0.8311165344722391,0.42452319355032775,2.0
0.6445460561939715,0.7562120209373684,0.8588532579267192,0.9168521749593888,0.957643944407677,0.978220323686902,0.9737681246615728,0.9155285482221287,0.898315282791817,0.8311165344722391,0.7797437461866992,0.3336742674929305,2.0
0.7562120209373684,0.8588532579267192,0.9168521749593888,0.957643944407677,0.978220323686902,0.9737681246615728,0.9155285482221287,0.898315282791817,0.8311165344722391,0.7797437461866992,0.6483221476510068,0.3298981760358952,0.0
0.8588532579267192,0.9168521749593888,0.957643944407677,0.978220323686902,0.9737681246615728,0.9155285482221287,0.898315282791817,0.8311165344722391,0.7797437461866992,0.6483221476510068,0.5054301403294692,0.47279018335743284,0.0
0.9168521749593888,0.957643944407677,0.978220323686902,0.9737681246615728,0.9155285482221287,0.898315282791817,0.8311165344722391,0.7797437461866992,0.6483221476510068,0.5054301403294692,0.3851128737034777,0.5931074499834244,0.0
0.957643944407677,0.978220323686902,0.9737681246615728,0.9155285482221287,0.898315282791817,0.8311165344722391,0.7797437461866992,0.6483221476510068,0.5054301403294692,0.3851128737034777,0.25820622330689447,0.7200141003800076,0.0
0.978220323686902,0.9737681246615728,0.9155285482221287,0.898315282791817,0.8311165344722391,0.7797437461866992,0.6483221476510068,0.5054301403294692,0.3851128737034777,0.25820622330689447,0.09798657718120807,0.880233746505694,0.0
0.9737681246615728,0.9155285482221287,0.898315282791817,0.8311165344722391,0.7797437461866992,0.6483221476510068,0.5054301403294692,0.3851128737034777,0.25820622330689447,0.09798657718120807,-0.02965222696766323,1.0034203516292362,0.0
0.9155285482221287,0.898315282791817,0.8311165344722391,0.7797437461866992,0.6483221476510068,0.5054301403294692,0.3851128737034777,0.25820622330689447,0.09798657718120807,-0.02965222696766323,-0.14996949359365463,1.0654980418157833,0.0
0.898315282791817,0.8311165344722391,0.7797437461866992,0.6483221476510068,0.5054301403294692,0.3851128737034777,0.25820622330689447,0.09798657718120807,-0.02965222696766323,-0.14996949359365463,-0.29115314215985355,1.1894684249516705,0.0
0.8311165344722391,0.7797437461866992,0.6483221476510068,0.5054301403294692,0.3851128737034777,0.25820622330689447,0.09798657718120807,-0.02965222696766323,-0.14996949359365463,-0.29115314215985355,-0.35619280048810253,1.1873093349603416,0.0
0.7797437461866992,0.6483221476510068,0.5054301403294692,0.3851128737034777,0.25820622330689447,0.09798657718120807,-0.02965222696766323,-0.14996949359365463,-0.29115314215985355,-0.35619280048810253,-0.4396241381414363,1.2193678843281355,0.0
0.6483221476510068,0.5054301403294692,0.3851128737034777,0.25820622330689447,0.09798657718120807,-0.02965222696766323,-0.14996949359365463,-0.29115314215985355,-0.35619280048810253,-0.4396241381414363,-0.48278388278388273,1.1311060304348897,0.0
0.5054301403294692,0.3851128737034777,0.25820622330689447,0.09798657718120807,-0.02965222696766323,-0.14996949359365463,-0.29115314215985355,-0.35619280048810253,-0.4396241381414363,-0.48278388278388273,-0.5818193169757133,1.0872494573051825,0.0
0.3851128737034777,0.25820622330689447,0.09798657718120807,-0.02965222696766323,-0.14996949359365463,-0.29115314215985355,-0.35619280048810253,-0.4396241381414363,-0.48278388278388273,-0.5818193169757133,-0.6262901285379598,1.0114030022414375,0.0
0.25820622330689447,0.09798657718120807,-0.02965222696766323,-0.14996949359365463,-0.29115314215985355,-0.35619280048810253,-0.4396241381414363,-0.48278388278388273,-0.5818193169757133,-0.6262901285379598,-0.6745569783986547,0.9327632017055492,0.0
0.09798657718120807,-0.02965222696766323,-0.14996949359365463,-0.29115314215985355,-0.35619280048810253,-0.4396241381414363,-0.48278388278388273,-0.5818193169757133,-0.6262901285379598,-0.6745569783986547,-0.7643138039058854,0.8623003810870935,0.0
-0.02965222696766323,-0.14996949359365463,-0.29115314215985355,-0.35619280048810253,-0.4396241381414363,-0.48278388278388273,-0.5818193169757133,-0.6262901285379598,-0.6745569783986547,-0.7643138039058854,-0.8996122664786746,0.8699600395110114,0.0
-0.14996949359365463,-0.29115314215985355,-0.35619280048810253,-0.4396241381414363,-0.48278388278388273,-0.5818193169757133,-0.6262901285379598,-0.6745569783986547,-0.7643138039058854,-0.8996122664786746,-0.9704672347928298,0.8204977411991752,0.0
-0.29115314215985355,-0.35619280048810253,-0.4396241381414363,-0.48278388278388273,-0.5818193169757133,-0.6262901285379598,-0.6745569783986547,-0.7643138039058854,-0.8996122664786746,-0.9704672347928298,-0.9562151043197179,0.6793140926329763,0.0
-0.35619280048810253,-0.4396241381414363,-0.48278388278388273,-0.5818193169757133,-0.6262901285379598,-0.6745569783986547,-0.7643138039058854,-0.8996122664786746,-0.9704672347928298,-0.9562151043197179,-0.9390243902439024,0.6142744343047273,0.0
-0.4396241381414363,-0.48278388278388273,-0.5818193169757133,-0.6262901285379598,-0.6745569783986547,-0.7643138039058854,-0.8996122664786746,-0.9704672347928298,-0.9562151043197179,-0.9390243902439024,-0.9158095797825448,0.5308430966513935,0.0
-0.48278388278388273,-0.5818193169757133,-0.6262901285379598,-0.6745569783986547,-0.7643138039058854,-0.8996122664786746,-0.9704672347928298,-0.9562151043197179,-0.9390243902439024,-0.9158095797825448,-0.9281516309138995,0.4876833520089471,0.0
-0.5818193169757133,-0.6262901285379598,-0.6745569783986547,-0.7643138039058854,-0.8996122664786746,-0.9704672347928298,-0.9562151043197179,-0.9390243902439024,-0.9158095797825448,-0.9281516309138995,-0.9388774610637672,0.3886479178171165,1.0
-0.6262901285379598,-0.6745569783986547,-0.7643138039058854,-0.8996122664786746,-0.9704672347928298,-0.9562151043197179,-0.9390243902439024,-0.9158095797825448,-0.9281516309138995,-0.9388774610637672,-0.9457831325301205,0.34417710625486997,1.0
-0.6745569783986547,-0.7643138039058854,-0.8996122664786746,-0.9704672347928298,-0.9562151043197179,-0.9390243902439024,-0.9158095797825448,-0.9281516309138995,-0.9388774610637672,-0.9457831325301205,-0.9506317954745812,0.2959102563941751,1.0
-0.7643138039058854,-0.8996122664786746,-0.9704672347928298,-0.9562151043197179,-0.9390243902439024,-0.9158095797825448,-0.9281516309138995,-0.9388774610637672,-0.9457831325301205,-0.9506317954745812,-0.9556273875991772,0.20615343088694438,1.0
-0.8996122664786746,-0.9704672347928298,-0.9562151043197179,-0.9390243902439024,-0.9158095797825448,-0.9281516309138995,-0.9388774610637672,-0.9457831325301205,-0.9506317954745812,-0.9556273875991772,-0.9598883338230972,0.07085496831415516,1.0
-0.9704672347928298,-0.9562151043197179,-0.9390243902439024,-0.9158095797825448,-0.9281516309138995,-0.9388774610637672,-0.9457831325301205,-0.9506317954745812,-0.9556273875991772,-0.9598883338230972,-0.9650308551278284,0.05465765501028497,1.0
-0.9562151043197179,-0.9390243902439024,-0.9158095797825448,-0.9281516309138995,-0.9388774610637672,-0.9457831325301205,-0.9506317954745812,-0.9556273875991772,-0.9598883338230972,-0.9650308551278284,-0.9689979429914781,0.053188363208933276,1.0
-0.9390243902439024,-0.9158095797825448,-0.9281516309138995,-0.9388774610637672,-0.9457831325301205,-0.9506317954745812,-0.9556273875991772,-0.9598883338230972,-0.9650308551278284,-0.9689979429914781,-0.9719365265941816,0.05612694681163677,1.0
-0.9158095797825448,-0.9281516309138995,-0.9388774610637672,-0.9457831325301205,-0.9506317954745812,-0.9556273875991772,-0.9598883338230972,-0.9650308551278284,-0.9689979429914781,-0.9719365265941816,-0.9744343226564796,0.05862474287393471,1.0
-0.9281516309138995,-0.9388774610637672,-0.9457831325301205,-0.9506317954745812,-0.9556273875991772,-0.9598883338230972,-0.9650308551278284,-0.9689979429914781,-0.9719365265941816,-0.9744343226564796,-0.9753158977372907,0.04716426682339114,1.0
-0.9388774610637672,-0.9457831325301205,-0.9506317954745812,-0.9556273875991772,-0.9598883338230972,-0.9650308551278284,-0.9689979429914781,-0.9719365265941816,-0.9744343226564796,-0.9753158977372907,-0.9753158977372907,0.03643843667352342,1.0
-0.9457831325301205,-0.9506317954745812,-0.9556273875991772,-0.9598883338230972,-0.9650308551278284,-0.9689979429914781,-0.9719365265941816,-0.9744343226564796,-0.9753158977372907,-0.9753158977372907,-0.975609756097561,0.02982662356744048,1.0
-0.9506317954745812,-0.9556273875991772,-0.9598883338230972,-0.9650308551278284,-0.9689979429914781,-0.9719365265941816,-0.9744343226564796,-0.9753158977372907,-0.9753158977372907,-0.975609756097561,-0.9757566852776961,0.02512488980311489,1.0
-0.9556273875991772,-0.9598883338230972,-0.9650308551278284,-0.9689979429914781,-0.9719365265941816,-0.9744343226564796,-0.9753158977372907,-0.9753158977372907,-0.975609756097561,-0.9757566852776961,-0.9768060274782094,0.021178639879032235,1.0
-0.9598883338230972,-0.9650308551278284,-0.9689979429914781,-0.9719365265941816,-0.9744343226564796,-0.9753158977372907,-0.9753158977372907,-0.975609756097561,-0.9757566852776961,-0.9768060274782094,-0.9798905811030608,0.02000224727996358,1.0
-0.9650308551278284,-0.9689979429914781,-0.9719365265941816,-0.9744343226564796,-0.9753158977372907,-0.9753158977372907,-0.975609756097561,-0.9757566852776961,-0.9768060274782094,-0.9798905811030608,-0.980195071104162,0.015164215976333661,1.0
-0.9689979429914781,-0.9719365265941816,-0.9744343226564796,-0.9753158977372907,-0.9753158977372907,-0.975609756097561,-0.9757566852776961,-0.9768060274782094,-0.9798905811030608,-0.980195071104162,-0.9809396173032536,0.011941674311775508,1.0
-0.9719365265941816,-0.9744343226564796,-0.9753158977372907,-0.9753158977372907,-0.975609756097561,-0.9757566852776961,-0.9768060274782094,-0.9798905811030608,-0.980195071104162,-0.9809396173032536,-0.9816841635023453,0.009747636908163715,1.0
-0.9744343226564796,-0.9753158977372907,-0.9753158977372907,-0.975609756097561,-0.9757566852776961,-0.9768060274782094,-0.9798905811030608,-0.980195071104162,-0.9809396173032536,-0.9816841635023453,-0.9809396173032536,0.007249840845865774,1.0
-0.9753158977372907,-0.9753158977372907,-0.975609756097561,-0.9757566852776961,-0.9768060274782094,-0.9798905811030608,-0.980195071104162,-0.9809396173032536,-0.9816841635023453,-0.9809396173032536,-0.9794505249050703,0.00636826576505467,1.0
-0.9753158977372907,-0.975609756097561,-0.9757566852776961,-0.9768060274782094,-0.9798905811030608,-0.980195071104162,-0.9809396173032536,-0.9816841635023453,-0.9809396173032536,-0.9794505249050703,-0.9791527064254337,0.00636826576505467,1.0
-0.975609756097561,-0.9757566852776961,-0.9768060274782094,-0.9798905811030608,-0.980195071104162,-0.9809396173032536,-0.9816841635023453,-0.9809396173032536,-0.9794505249050703,-0.9791527064254337,-0.9794505249050703,0.006074407404784377,1.0
-0.9757566852776961,-0.9768060274782094,-0.9798905811030608,-0.980195071104162,-0.9809396173032536,-0.9816841635023453,-0.9809396173032536,-0.9794505249050703,-0.9791527064254337,-0.9794505249050703,-0.9807907080634354,0.00592747822464923,1.0
-0.9768060274782094,-0.9798905811030608,-0.980195071104162,-0.9809396173032536,-0.9816841635023453,-0.9809396173032536,-0.9794505249050703,-0.9791527064254337,-0.9794505249050703,-0.9807907080634354,-0.9821308912218003,0.0053248637435908686,1.0
-0.9798905811030608,-0.980195071104162,-0.9809396173032536,-0.9816841635023453,-0.9809396173032536,-0.9794505249050703,-0.9791527064254337,-0.9794505249050703,-0.9807907080634354,-0.9821308912218003,-0.9831732559005286,0.004020549475094892,1.0
-0.980195071104162,-0.9809396173032536,-0.9816841635023453,-0.9809396173032536,-0.9794505249050703,-0.9791527064254337,-0.9794505249050703,-0.9807907080634354,-0.9821308912218003,-0.9831732559005286,-0.9840667113394386,0.004914004914004844,1.0
-0.9809396173032536,-0.9816841635023453,-0.9809396173032536,-0.9794505249050703,-0.9791527064254337,-0.9794505249050703,-0.9807907080634354,-0.9821308912218003,-0.9831732559005286,-0.9840667113394386,-0.983768892859802,0.004914004914004844,1.0
-0.9816841635023453,-0.9809396173032536,-0.9794505249050703,-0.9791527064254337,-0.9794505249050703,-0.9807907080634354,-0.9821308912218003,-0.9831732559005286,-0.9840667113394386,-0.983768892859802,-0.9836199836199836,0.004914004914004844,1.0
-0.9809396173032536,-0.9794505249050703,-0.9791527064254337,-0.9794505249050703,-0.9807907080634354,-0.9821308912218003,-0.9831732559005286,-0.9840667113394386,-0.983768892859802,-0.9836199836199836,-0.9845134390588937,0.00536073263345993,1.0
-0.9794505249050703,-0.9791527064254337,-0.9794505249050703,-0.9807907080634354,-0.9821308912218003,-0.9831732559005286,-0.9840667113394386,-0.983768892859802,-0.9836199836199836,-0.9845134390588937,-0.9848112575385303,0.005658551113096544,1.0
-0.9791527064254337,-0.9794505249050703,-0.9807907080634354,-0.9821308912218003,-0.9831732559005286,-0.9840667113394386,-0.983768892859802,-0.9836199836199836,-0.9845134390588937,-0.9848112575385303,-0.9849601667783486,0.005807460352914906,1.0
-0.9794505249050703,-0.9807907080634354,-0.9821308912218003,-0.9831732559005286,-0.9840667113394386,-0.983768892859802,-0.9836199836199836,-0.9845134390588937,-0.9848112575385303,-0.9849601667783486,-0.9876405330950786,0.008190008190008258,1.0
-0.9807907080634354,-0.9821308912218003,-0.9831732559005286,-0.9840667113394386,-0.983768892859802,-0.9836199836199836,-0.9845134390588937,-0.9848112575385303,-0.9849601667783486,-0.9876405330950786,-0.9882361700543518,0.0074454619909164466,1.0
-0.9821308912218003,-0.9831732559005286,-0.9840667113394386,-0.983768892859802,-0.9836199836199836,-0.9845134390588937,-0.9848112575385303,-0.9849601667783486,-0.9876405330950786,-0.9882361700543518,-0.9891296254932619,0.006998734271461582,1.0
-0.9831732559005286,-0.9840667113394386,-0.983768892859802,-0.9836199836199836,-0.9845134390588937,-0.9848112575385303,-0.9849601667783486,-0.9876405330950786,-0.9882361700543518,-0.9891296254932619,-0.9900230809321718,0.00684982503164322,1.0
-0.9840667113394386,-0.983768892859802,-0.9836199836199836,-0.9845134390588937,-0.9848112575385303,-0.9849601667783486,-0.9876405330950786,-0.9882361700543518,-0.9891296254932619,-0.9900230809321718,-0.9892785347330801,0.006403097312188244,1.0
-0.983768892859802,-0.9836199836199836,-0.9845134390588937,-0.9848112575385303,-0.9849601667783486,-0.9876405330950786,-0.9882361700543518,-0.9891296254932619,-0.9900230809321718,-0.9892785347330801,-0.9901719901719902,0.006552006552006606,1.0
-0.9836199836199836,-0.9845134390588937,-0.9848112575385303,-0.9849601667783486,-0.9876405330950786,-0.9882361700543518,-0.9891296254932619,-0.9900230809321718,-0.9892785347330801,-0.9901719901719902,-0.9901719901719902,0.006552006552006606,1.0
-0.9845134390588937,-0.9848112575385303,-0.9849601667783486,-0.9876405330950786,-0.9882361700543518,-0.9891296254932619,-0.9900230809321718,-0.9892785347330801,-0.9901719901719902,-0.9901719901719902,-0.9903208994118085,0.005807460352914795,1.0
-0.9848112575385303,-0.9849601667783486,-0.9876405330950786,-0.9882361700543518,-0.9891296254932619,-0.9900230809321718,-0.9892785347330801,-0.9901719901719902,-0.9901719901719902,-0.9903208994118085,-0.9924056287692651,0.007594371230734809,1.0
-0.9849601667783486,-0.9876405330950786,-0.9882361700543518,-0.9891296254932619,-0.9900230809321718,-0.9892785347330801,-0.9901719901719902,-0.9901719901719902,-0.9903208994118085,-0.9924056287692651,-0.9924056287692651,0.0074454619909164466,1.0
-0.9876405330950786,-0.9882361700543518,-0.9891296254932619,-0.9900230809321718,-0.9892785347330801,-0.9901719901719902,-0.9901719901719902,-0.9903208994118085,-0.9924056287692651,-0.9924056287692651,-0.9935969026878118,0.005956369592733157,1.0
-0.9882361700543518,-0.9891296254932619,-0.9900230809321718,-0.9892785347330801,-0.9901719901719902,-0.9901719901719902,-0.9903208994118085,-0.9924056287692651,-0.9924056287692651,-0.9935969026878118,-0.9952349043258134,0.006998734271461582,1.0
-0.9891296254932619,-0.9900230809321718,-0.9892785347330801,-0.9901719901719902,-0.9901719901719902,-0.9903208994118085,-0.9924056287692651,-0.9924056287692651,-0.9935969026878118,-0.9952349043258134,-0.9941925396470851,0.0061052788325515195,1.0
-0.9900230809321718,-0.9892785347330801,-0.9901719901719902,-0.9901719901719902,-0.9903208994118085,-0.9924056287692651,-0.9924056287692651,-0.9935969026878118,-0.9952349043258134,-0.9941925396470851,-0.9949370858461768,0.005956369592733268,1.0
-0.9892785347330801,-0.9901719901719902,-0.9901719901719902,-0.9903208994118085,-0.9924056287692651,-0.9924056287692651,-0.9935969026878118,-0.9952349043258134,-0.9941925396470851,-0.9949370858461768,-0.9946392673665401,0.005956369592733268,1.0
-0.9901719901719902,-0.9901719901719902,-0.9903208994118085,-0.9924056287692651,-0.9924056287692651,-0.9935969026878118,-0.9952349043258134,-0.9941925396470851,-0.9949370858461768,-0.9946392673665401,-0.9928523564887202,0.005062914153823206,1.0
-0.9901719901719902,-0.9903208994118085,-0.9924056287692651,-0.9924056287692651,-0.9935969026878118,-0.9952349043258134,-0.9941925396470851,-0.9949370858461768,-0.9946392673665401,-0.9928523564887202,-0.9883850792941702,0.00684982503164322,1.0
-0.9903208994118085,-0.9924056287692651,-0.9924056287692651,-0.9935969026878118,-0.9952349043258134,-0.9941925396470851,-0.9949370858461768,-0.9946392673665401,-0.9928523564887202,-0.9883850792941702,-0.9751321569503387,0.020102747375474683,1.0
-0.9924056287692651,-0.9924056287692651,-0.9935969026878118,-0.9952349043258134,-0.9941925396470851,-0.9949370858461768,-0.9946392673665401,-0.9928523564887202,-0.9883850792941702,-0.9751321569503387,-0.9891296254932619,0.020102747375474683,1.0
-0.9924056287692651,-0.9935969026878118,-0.9952349043258134,-0.9941925396470851,-0.9949370858461768,-0.9946392673665401,-0.9928523564887202,-0.9883850792941702,-0.9751321569503387,-0.9891296254932619,-0.9505621323803142,0.044672771945499234,1.0
-0.9935969026878118,-0.9952349043258134,-0.9941925396470851,-0.9949370858461768,-0.9946392673665401,-0.9928523564887202,-0.9883850792941702,-0.9751321569503387,-0.9891296254932619,-0.9505621323803142,-0.8978482614846252,0.09738664284118825,1.0
-0.9952349043258134,-0.9941925396470851,-0.9949370858461768,-0.9946392673665401,-0.9928523564887202,-0.9883850792941702,-0.9751321569503387,-0.9891296254932619,-0.9505621323803142,-0.8978482614846252,-0.8697044151589606,0.12553048916685283,1.0
-0.9941925396470851,-0.9949370858461768,-0.9946392673665401,-0.9928523564887202,-0.9883850792941702,-0.9751321569503387,-0.9891296254932619,-0.9505621323803142,-0.8978482614846252,-0.8697044151589606,-0.7892934256570621,0.20564366018911473,1.0
-0.9949370858461768,-0.9946392673665401,-0.9928523564887202,-0.9883850792941702,-0.9751321569503387,-0.9891296254932619,-0.9505621323803142,-0.8978482614846252,-0.8697044151589606,-0.7892934256570621,-0.733452460725188,0.2614846251209888,2.0
-0.9946392673665401,-0.9928523564887202,-0.9883850792941702,-0.9751321569503387,-0.9891296254932619,-0.9505621323803142,-0.8978482614846252,-0.8697044151589606,-0.7892934256570621,-0.733452460725188,-0.6661454843273025,0.3284937830392376,2.0
-0.9928523564887202,-0.9883850792941702,-0.9751321569503387,-0.9891296254932619,-0.9505621323803142,-0.8978482614846252,-0.8697044151589606,-0.7892934256570621,-0.733452460725188,-0.6661454843273025,-0.5488050033504579,0.44404735313826227,2.0
-0.9883850792941702,-0.9751321569503387,-0.9891296254932619,-0.9505621323803142,-0.8978482614846252,-0.8697044151589606,-0.7892934256570621,-0.733452460725188,-0.6661454843273025,-0.5488050033504579,-0.42118978482614844,0.5679398406671134,2.0
-0.9751321569503387,-0.9891296254932619,-0.9505621323803142,-0.8978482614846252,-0.8697044151589606,-0.7892934256570621,-0.733452460725188,-0.6661454843273025,-0.5488050033504579,-0.42118978482614844,-0.32424986970441516,0.6648797557888467,2.0
-0.9891296254932619,-0.9505621323803142,-0.8978482614846252,-0.8697044151589606,-0.7892934256570621,-0.733452460725188,-0.6661454843273025,-0.5488050033504579,-0.42118978482614844,-0.32424986970441516,-0.221055766510312,0.7680738589829499,2.0
-0.9505621323803142,-0.8978482614846252,-0.8697044151589606,-0.7892934256570621,-0.733452460725188,-0.6661454843273025,-0.5488050033504579,-0.42118978482614844,-0.32424986970441516,-0.221055766510312,-0.07765616856525948,0.8729059638150547,2.0
-0.8978482614846252,-0.8697044151589606,-0.7892934256570621,-0.733452460725188,-0.6661454843273025,-0.5488050033504579,-0.42118978482614844,-0.32424986970441516,-0.221055766510312,-0.07765616856525948,0.09984364529819079,0.9976919067828159,2.0
-0.8697044151589606,-0.7892934256570621,-0.733452460725188,-0.6661454843273025,-0.5488050033504579,-0.42118978482614844,-0.32424986970441516,-0.221055766510312,-0.07765616856525948,0.09984364529819079,0.22954359317995676,1.0992480083389173,2.0
-0.7892934256570621,-0.733452460725188,-0.6661454843273025,-0.5488050033504579,-0.42118978482614844,-0.32424986970441516,-0.221055766510312,-0.07765616856525948,0.09984364529819079,0.22954359317995676,0.31218822127913026,1.1014816469361923,2.0
-0.733452460725188,-0.6661454843273025,-0.5488050033504579,-0.42118978482614844,-0.32424986970441516,-0.221055766510312,-0.07765616856525948,0.09984364529819079,0.22954359317995676,0.31218822127913026,0.42476360658178836,1.1582160673069763,2.0
-0.6661454843273025,-0.5488050033504579,-0.42118978482614844,-0.32424986970441516,-0.221055766510312,-0.07765616856525948,0.09984364529819079,0.22954359317995676,0.31218822127913026,0.42476360658178836,0.4923684014593106,1.158513885786613,2.0
-0.5488050033504579,-0.42118978482614844,-0.32424986970441516,-0.221055766510312,-0.07765616856525948,0.09984364529819079,0.22954359317995676,0.31218822127913026,0.42476360658178836,0.4923684014593106,0.6281736281736281,1.176978631524086,2.0
-0.42118978482614844,-0.32424986970441516,-0.221055766510312,-0.07765616856525948,0.09984364529819079,0.22954359317995676,0.31218822127913026,0.42476360658178836,0.4923684014593106,0.6281736281736281,0.7505770233042961,1.1717668081304446,2.0
-0.32424986970441516,-0.221055766510312,-0.07765616856525948,0.09984364529819079,0.22954359317995676,0.31218822127913026,0.42476360658178836,0.4923684014593106,0.6281736281736281,0.7505770233042961,0.7799121435485072,1.1041620132529224,2.0
-0.221055766510312,-0.07765616856525948,0.09984364529819079,0.22954359317995676,0.31218822127913026,0.42476360658178836,0.4923684014593106,0.6281736281736281,0.7505770233042961,0.7799121435485072,0.7891445164172437,1.0102002829275558,2.0
-0.07765616856525948,0.09984364529819079,0.22954359317995676,0.31218822127913026,0.42476360658178836,0.4923684014593106,0.6281736281736281,0.7505770233042961,0.7799121435485072,0.7891445164172437,0.8488571215843943,0.9265132901496538,2.0
0.09984364529819079,0.22954359317995676,0.31218822127913026,0.42476360658178836,0.4923684014593106,0.6281736281736281,0.7505770233042961,0.7799121435485072,0.7891445164172437,0.8488571215843943,0.8405182041545678,0.7490134762862035,2.0
0.22954359317995676,0.31218822127913026,0.42476360658178836,0.4923684014593106,0.6281736281736281,0.7505770233042961,0.7799121435485072,0.7891445164172437,0.8488571215843943,0.8405182041545678,0.8058223512768967,0.6193135284044375,2.0
0.31218822127913026,0.42476360658178836,0.4923684014593106,0.6281736281736281,0.7505770233042961,0.7799121435485072,0.7891445164172437,0.8488571215843943,0.8405182041545678,0.8058223512768967,0.7103715285533467,0.536668900305264,2.0
0.42476360658178836,0.4923684014593106,0.6281736281736281,0.7505770233042961,0.7799121435485072,0.7891445164172437,0.8488571215843943,0.8405182041545678,0.8058223512768967,0.7103715285533467,0.634427816245998,0.42409351500260595,2.0
0.4923684014593106,0.6281736281736281,0.7505770233042961,0.7799121435485072,0.7891445164172437,0.8488571215843943,0.8405182041545678,0.8058223512768967,0.7103715285533467,0.634427816245998,0.5785868513141241,0.3564887201250837,2.0
0.6281736281736281,0.7505770233042961,0.7799121435485072,0.7891445164172437,0.8488571215843943,0.8405182041545678,0.8058223512768967,0.7103715285533467,0.634427816245998,0.5785868513141241,0.4643734643734643,0.38448365721093003,0.0
0.7505770233042961,0.7799121435485072,0.7891445164172437,0.8488571215843943,0.8405182041545678,0.8058223512768967,0.7103715285533467,0.634427816245998,0.5785868513141241,0.4643734643734643,0.36877373241009614,0.48008338917429816,0.0
0.7799121435485072,0.7891445164172437,0.8488571215843943,0.8405182041545678,0.8058223512768967,0.7103715285533467,0.634427816245998,0.5785868513141241,0.4643734643734643,0.36877373241009614,0.21673739855558027,0.632119723028814,0.0
0.7891445164172437,0.8488571215843943,0.8405182041545678,0.8058223512768967,0.7103715285533467,0.634427816245998,0.5785868513141241,0.4643734643734643,0.36877373241009614,0.21673739855558027,0.01898592807683719,0.8298711935075571,0.0
0.8488571215843943,0.8405182041545678,0.8058223512768967,0.7103715285533467,0.634427816245998,0.5785868513141241,0.4643734643734643,0.36877373241009614,0.21673739855558027,0.01898592807683719,-0.14049586776859502,0.9893529893529893,0.0
0.8405182041545678,0.8058223512768967,0.7103715285533467,0.634427816245998,0.5785868513141241,0.4643734643734643,0.36877373241009614,0.21673739855558027,0.01898592807683719,-0.14049586776859502,-0.29699947881766064,1.1375176829722284,0.0
0.8058223512768967,0.7103715285533467,0.634427816245998,0.5785868513141241,0.4643734643734643,0.36877373241009614,0.21673739855558027,0.01898592807683719,-0.14049586776859502,-0.29699947881766064,-0.44114362296180476,1.2469659742387016,0.0
0.7103715285533467,0.634427816245998,0.5785868513141241,0.4643734643734643,0.36877373241009614,0.21673739855558027,0.01898592807683719,-0.14049586776859502,-0.29699947881766064,-0.44114362296180476,-0.5316804407713498,1.2420519693246965,0.0
0.634427816245998,0.5785868513141241,0.4643734643734643,0.36877373241009614,0.21673739855558027,0.01898592807683719,-0.14049586776859502,-0.29699947881766064,-0.44114362296180476,-0.5316804407713498,-0.6463405554314645,1.2807683716774625,0.0
0.5785868513141241,0.4643734643734643,0.36877373241009614,0.21673739855558027,0.01898592807683719,-0.14049586776859502,-0.29699947881766064,-0.44114362296180476,-0.5316804407713498,-0.6463405554314645,-0.7082867991958901,1.2868736505100142,0.0
0.4643734643734643,0.36877373241009614,0.21673739855558027,0.01898592807683719,-0.14049586776859502,-0.29699947881766064,-0.44114362296180476,-0.5316804407713498,-0.6463405554314645,-0.7082867991958901,-0.7988236170054352,1.2631970813788995,0.0
0.36877373241009614,0.21673739855558027,0.01898592807683719,-0.14049586776859502,-0.29699947881766064,-0.44114362296180476,-0.5316804407713498,-0.6463405554314645,-0.7082867991958901,-0.7988236170054352,-0.8764053309507855,1.2451790633608817,0.0
0.21673739855558027,0.01898592807683719,-0.14049586776859502,-0.29699947881766064,-0.44114362296180476,-0.5316804407713498,-0.6463405554314645,-0.7082867991958901,-0.7988236170054352,-0.8764053309507855,-0.9021666294393567,1.118904027994937,0.0
0.01898592807683719,-0.14049586776859502,-0.29699947881766064,-0.44114362296180476,-0.5316804407713498,-0.6463405554314645,-0.7082867991958901,-0.7988236170054352,-0.8764053309507855,-0.9021666294393567,-0.9548805003350458,0.973866428411883,0.0
-0.14049586776859502,-0.29699947881766064,-0.44114362296180476,-0.5316804407713498,-0.6463405554314645,-0.7082867991958901,-0.7988236170054352,-0.8764053309507855,-0.9021666294393567,-0.9548805003350458,-0.9947881766063584,0.8542923088377634,0.0
-0.29699947881766064,-0.44114362296180476,-0.5316804407713498,-0.6463405554314645,-0.7082867991958901,-0.7988236170054352,-0.8764053309507855,-0.9021666294393567,-0.9548805003350458,-0.9947881766063584,-0.9889807162534435,0.6977886977886978,0.0
-0.44114362296180476,-0.5316804407713498,-0.6463405554314645,-0.7082867991958901,-0.7988236170054352,-0.8764053309507855,-0.9021666294393567,-0.9548805003350458,-0.9947881766063584,-0.9889807162534435,-0.9773657955476137,0.5536445536445537,0.0
-0.5316804407713498,-0.6463405554314645,-0.7082867991958901,-0.7988236170054352,-0.8764053309507855,-0.9021666294393567,-0.9548805003350458,-0.9947881766063584,-0.9889807162534435,-0.9773657955476137,-0.9581565036110491,0.46310773583500864,0.0
-0.6463405554314645,-0.7082867991958901,-0.7988236170054352,-0.8764053309507855,-0.9021666294393567,-0.9548805003350458,-0.9947881766063584,-0.9889807162534435,-0.9773657955476137,-0.9581565036110491,-0.9743876107512471,0.3484476211748939,1.0
-0.7082867991958901,-0.7988236170054352,-0.8764053309507855,-0.9021666294393567,-0.9548805003350458,-0.9947881766063584,-0.9889807162534435,-0.9773657955476137,-0.9581565036110491,-0.9743876107512471,-0.9861514406968952,0.2865013774104683,1.0
-0.7988236170054352,-0.8764053309507855,-0.9021666294393567,-0.9548805003350458,-0.9947881766063584,-0.9889807162534435,-0.9773657955476137,-0.9581565036110491,-0.9743876107512471,-0.9861514406968952,-1.0,0.20117638299456475,1.0
-0.8764053309507855,-0.9021666294393567,-0.9548805003350458,-0.9947881766063584,-0.9889807162534435,-0.9773657955476137,-0.9581565036110491,-0.9743876107512471,-0.9861514406968952,-1.0,-1.0,0.12359466904921446,1.0
-0.9021666294393567,-0.9548805003350458,-0.9947881766063584,-0.9889807162534435,-0.9773657955476137,-0.9581565036110491,-0.9743876107512471,-0.9861514406968952,-1.0,-1.0,-1.0,0.09783337056064334,1.0
-0.9548805003350458,-0.9947881766063584,-0.9889807162534435,-0.9773657955476137,-0.9581565036110491,-0.9743876107512471,-0.9861514406968952,-1.0,-1.0,-1.0,-1.0,0.04511949966495421,1.0
-0.9947881766063584,-0.9889807162534435,-0.9773657955476137,-0.9581565036110491,-0.9743876107512471,-0.9861514406968952,-1.0,-1.0,-1.0,-1.0,-1.0,0.04184349638895091,1.0
-0.9889807162534435,-0.9773657955476137,-0.9581565036110491,-0.9743876107512471,-0.9861514406968952,-1.0,-1.0,-1.0,-1.0,-1.0,-1.0,0.04184349638895091,1.0
-0.9773657955476137,-0.9581565036110491,-0.9743876107512471,-0.9861514406968952,-1.0,-1.0,-1.0,-1.0,-1.0,-1.0,-1.0,0.04184349638895091,1.0
-0.9581565036110491,-0.9743876107512471,-0.9861514406968952,-1.0,-1.0,-1.0,-1.0,-1.0,-1.0,-1.0,-1.0,0.04184349638895091,1.0
-0.9743876107512471,-0.9861514406968952,-1.0,-1.0,-1.0,-1.0,-1.0,-1.0,-1.0,-1.0,-1.0,0.025612389248752865,1.0
-0.9861514406968952,-1.0,-1.0,-1.0,-1.0,-1.0,-1.0,-1.0,-1.0,-1.0,-1.0,0.013848559303104802,1.0
-1.0,-1.0,-1.0,-1.0,-1.0,-1.0,-1.0,-1.0,-1.0,-1.0,-1.0,0.0,1.0
-1.0,-1.0,-1.0,-1.0,-1.0,-1.0,-1.0,-1.0,-1.0,-1.0,-1.0,0.0,1.0
-1.0,-1.0,-1.0,-1.0,-1.0,-1.0,-1.0,-1.0,-1.0,-1.0,-1.0,0.0,1.0
-1.0,-1.0,-1.0,-1.0,-1.0,-1.0,-1.0,-1.0,-1.0,-1.0,-0.9996291030475366,0.0003708969524633954,1.0
-1.0,-1.0,-1.0,-1.0,-1.0,-1.0,-1.0,-1.0,-1.0,-0.9996291030475366,-0.9669901712307597,0.0330098287692403,1.0
-1.0,-1.0,-1.0,-1.0,-1.0,-1.0,-1.0,-1.0,-0.9996291030475366,-0.9669901712307597,-0.9672374358657353,0.0330098287692403,1.0
-1.0,-1.0,-1.0,-1.0,-1.0,-1.0,-1.0,-0.9996291030475366,-0.9669901712307597,-0.9672374358657353,-0.9676083328181987,0.0330098287692403,1.0
-1.0,-1.0,-1.0,-1.0,-1.0,-1.0,-0.9996291030475366,-0.9669901712307597,-0.9672374358657353,-0.9676083328181987,-1.0,0.0330098287692403,1.0
-1.0,-1.0,-1.0,-1.0,-1.0,-0.9996291030475366,-0.9669901712307597,-0.9672374358657353,-0.9676083328181987,-1.0,-1.0,0.0330098287692403,1.0
-1.0,-1.0,-1.0,-1.0,-0.9996291030475366,-0.9669901712307597,-0.9672374358657353,-0.9676083328181987,-1.0,-1.0,-1.0,0.0330098287692403,1.0
-1.0,-1.0,-1.0,-0.9996291030475366,-0.9669901712307597,-0.9672374358657353,-0.9676083328181987,-1.0,-1.0,-1.0,-1.0,0.0330098287692403,1.0
-1.0,-1.0,-0.9996291030475366,-0.9669901712307597,-0.9672374358657353,-0.9676083328181987,-1.0,-1.0,-1.0,-1.0,-0.9995138551288284,0.0330098287692403,1.0
-1.0,-0.9996291030475366,-0.9669901712307597,-0.9672374358657353,-0.9676083328181987,-1.0,-1.0,-1.0,-1.0,-0.9995138551288284,-0.967671366067088,0.0330098287692403,1.0
-0.9996291030475366,-0.9669901712307597,-0.9672374358657353,-0.9676083328181987,-1.0,-1.0,-1.0,-1.0,-0.9995138551288284,-0.967671366067088,-0.9679144385026738,0.0330098287692403,1.0
-0.9669901712307597,-0.9672374358657353,-0.9676083328181987,-1.0,-1.0,-1.0,-1.0,-0.9995138551288284,-0.967671366067088,-0.9679144385026738,-0.967549829849295,0.0330098287692403,1.0
-0.9672374358657353,-0.9676083328181987,-1.0,-1.0,-1.0,-1.0,-0.9995138551288284,-0.967671366067088,-0.9679144385026738,-0.967549829849295,-0.9358288770053476,0.06417112299465244,1.0
-0.9676083328181987,-1.0,-1.0,-1.0,-1.0,-0.9995138551288284,-0.967671366067088,-0.9679144385026738,-0.967549829849295,-0.9358288770053476,-0.968886728245017,0.06417112299465244,1.0
-1.0,-1.0,-1.0,-1.0,-0.9995138551288284,-0.967671366067088,-0.9679144385026738,-0.967549829849295,-0.9358288770053476,-0.968886728245017,-0.9689384249954321,0.06417112299465244,1.0
-1.0,-1.0,-1.0,-0.9995138551288284,-0.967671366067088,-0.9679144385026738,-0.967549829849295,-0.9358288770053476,-0.968886728245017,-0.9689384249954321,-0.9684970191402573,0.06417112299465244,1.0
-1.0,-1.0,-0.9995138551288284,-0.967671366067088,-0.9679144385026738,-0.967549829849295,-0.9358288770053476,-0.968886728245017,-0.9689384249954321,-0.9684970191402573,-0.9685916919959473,0.06417112299465244,1.0
-1.0,-0.9995138551288284,-0.967671366067088,-0.9679144385026738,-0.967549829849295,-0.9358288770053476,-0.968886728245017,-0.9689384249954321,-0.9684970191402573,-0.9685916919959473,-0.9331649504565767,0.06683504954342334,1.0
-0.9995138551288284,-0.967671366067088,-0.9679144385026738,-0.967549829849295,-0.9358288770053476,-0.968886728245017,-0.9689384249954321,-0.9684970191402573,-0.9685916919959473,-0.9331649504565767,-0.9331649504565767,0.06634890467225174,1.0
-0.967671366067088,-0.9679144385026738,-0.967549829849295,-0.9358288770053476,-0.968886728245017,-0.9689384249954321,-0.9684970191402573,-0.9685916919959473,-0.9331649504565767,-0.9331649504565767,-0.9329058998769509,0.03603252511848121,1.0
-0.9679144385026738,-0.967549829849295,-0.9358288770053476,-0.968886728245017,-0.9689384249954321,-0.9684970191402573,-0.9685916919959473,-0.9331649504565767,-0.9331649504565767,-0.9329058998769509,-0.9335535263260152,0.03603252511848121,1.0
-0.967549829849295,-0.9358288770053476,-0.968886728245017,-0.9689384249954321,-0.9684970191402573,-0.9685916919959473,-0.9331649504565767,-0.9331649504565767,-0.9329058998769509,-0.9335535263260152,-0.9685253545754808,0.03603252511848121,1.0
-0.9358288770053476,-0.968886728245017,-0.9689384249954321,-0.9684970191402573,-0.9685916919959473,-0.9331649504565767,-0.9331649504565767,-0.9329058998769509,-0.9335535263260152,-0.9685253545754808,-0.9685253545754808,0.03603252511848121,1.0
-0.968886728245017,-0.9689384249954321,-0.9684970191402573,-0.9685916919959473,-0.9331649504565767,-0.9331649504565767,-0.9329058998769509,-0.9335535263260152,-0.9685253545754808,-0.9685253545754808,-0.9695615568939836,0.03665565701703266,1.0
-0.9689384249954321,-0.9684970191402573,-0.9685916919959473,-0.9331649504565767,-0.9331649504565767,-0.9329058998769509,-0.9335535263260152,-0.9685253545754808,-0.9685253545754808,-0.9695615568939836,-1.0,0.06709410012304906,1.0
-0.9684970191402573,-0.9685916919959473,-0.9331649504565767,-0.9331649504565767,-0.9329058998769509,-0.9335535263260152,-0.9685253545754808,-0.9685253545754808,-0.9695615568939836,-1.0,-0.9990952565593899,0.06709410012304906,1.0
-0.9685916919959473,-0.9331649504565767,-0.9331649504565767,-0.9329058998769509,-0.9335535263260152,-0.9685253545754808,-0.9685253545754808,-0.9695615568939836,-1.0,-0.9990952565593899,-0.9987075093705571,0.06709410012304906,1.0
-0.9331649504565767,-0.9331649504565767,-0.9329058998769509,-0.9335535263260152,-0.9685253545754808,-0.9685253545754808,-0.9695615568939836,-1.0,-0.9990952565593899,-0.9987075093705571,-0.9980612640558356,0.06709410012304906,1.0
-0.9331649504565767,-0.9329058998769509,-0.9335535263260152,-0.9685253545754808,-0.9685253545754808,-0.9695615568939836,-1.0,-0.9990952565593899,-0.9987075093705571,-0.9980612640558356,-0.9983197621817241,0.06709410012304906,1.0
-0.9329058998769509,-0.9335535263260152,-0.9685253545754808,-0.9685253545754808,-0.9695615568939836,-1.0,-0.9990952565593899,-0.9987075093705571,-0.9980612640558356,-0.9983197621817241,-1.0,0.06709410012304906,1.0
-0.9335535263260152,-0.9685253545754808,-0.9685253545754808,-0.9695615568939836,-1.0,-0.9990952565593899,-0.9987075093705571,-0.9980612640558356,-0.9983197621817241,-1.0,-1.0,0.06644647367398482,1.0
-0.9685253545754808,-0.9685253545754808,-0.9695615568939836,-1.0,-0.9990952565593899,-0.9987075093705571,-0.9980612640558356,-0.9983197621817241,-1.0,-1.0,-1.0,0.031474645424519165,1.0
-0.9685253545754808,-0.9695615568939836,-1.0,-0.9990952565593899,-0.9987075093705571,-0.9980612640558356,-0.9983197621817241,-1.0,-1.0,-1.0,-1.0,0.031474645424519165,1.0
-0.9695615568939836,-1.0,-0.9990952565593899,-0.9987075093705571,-0.9980612640558356,-0.9983197621817241,-1.0,-1.0,-1.0,-1.0,-0.9986021095437794,0.0304384431060164,1.0
-1.0,-0.9990952565593899,-0.9987075093705571,-0.9980612640558356,-0.9983197621817241,-1.0,-1.0,-1.0,-1.0,-0.9986021095437794,-0.9982208666920829,0.0019387359441643826,1.0
-0.9990952565593899,-0.9987075093705571,-0.9980612640558356,-0.9983197621817241,-1.0,-1.0,-1.0,-1.0,-0.9986021095437794,-0.9982208666920829,-0.9978396238403864,0.0021603761596136195,1.0
-0.9987075093705571,-0.9980612640558356,-0.9983197621817241,-1.0,-1.0,-1.0,-1.0,-0.9986021095437794,-0.9982208666920829,-0.9978396238403864,-0.9980937857415173,0.0021603761596136195,1.0
-0.9980612640558356,-0.9983197621817241,-1.0,-1.0,-1.0,-1.0,-0.9986021095437794,-0.9982208666920829,-0.9978396238403864,-0.9980937857415173,-0.9993645952471725,0.0021603761596136195,1.0
-0.9983197621817241,-1.0,-1.0,-1.0,-1.0,-0.9986021095437794,-0.9982208666920829,-0.9978396238403864,-0.9980937857415173,-0.9993645952471725,-1.0,0.0021603761596136195,1.0
-1.0,-1.0,-1.0,-1.0,-0.9986021095437794,-0.9982208666920829,-0.9978396238403864,-0.9980937857415173,-0.9993645952471725,-1.0,-1.0,0.0021603761596136195,1.0
-1.0,-1.0,-1.0,-0.9986021095437794,-0.9982208666920829,-0.9978396238403864,-0.9980937857415173,-0.9993645952471725,-1.0,-1.0,-1.0,0.0021603761596136195,1.0
-1.0,-1.0,-0.9986021095437794,-0.9982208666920829,-0.9978396238403864,-0.9980937857415173,-0.9993645952471725,-1.0,-1.0,-1.0,-0.9988567073170732,0.0021603761596136195,1.0
-1.0,-0.9986021095437794,-0.9982208666920829,-0.9978396238403864,-0.9980937857415173,-0.9993645952471725,-1.0,-1.0,-1.0,-0.9988567073170732,-0.9991107723577236,0.0021603761596136195,1.0
-0.9986021095437794,-0.9982208666920829,-0.9978396238403864,-0.9980937857415173,-0.9993645952471725,-1.0,-1.0,-1.0,-0.9988567073170732,-0.9991107723577236,-0.998729674796748,0.0021603761596136195,1.0
-0.9982208666920829,-0.9978396238403864,-0.9980937857415173,-0.9993645952471725,-1.0,-1.0,-1.0,-0.9988567073170732,-0.9991107723577236,-0.998729674796748,-0.9984756097560976,0.0021603761596136195,1.0
-0.9978396238403864,-0.9980937857415173,-0.9993645952471725,-1.0,-1.0,-1.0,-0.9988567073170732,-0.9991107723577236,-0.998729674796748,-0.9984756097560976,-0.9998729674796748,0.0021603761596136195,1.0
-0.9980937857415173,-0.9993645952471725,-1.0,-1.0,-1.0,-0.9988567073170732,-0.9991107723577236,-0.998729674796748,-0.9984756097560976,-0.9998729674796748,-1.0,0.0019062142584826969,1.0
-0.9993645952471725,-1.0,-1.0,-1.0,-0.9988567073170732,-0.9991107723577236,-0.998729674796748,-0.9984756097560976,-0.9998729674796748,-1.0,-1.0,0.0015243902439023849,1.0
-1.0,-1.0,-1.0,-0.9988567073170732,-0.9991107723577236,-0.998729674796748,-0.9984756097560976,-0.9998729674796748,-1.0,-1.0,-0.9997460317460317,0.0015243902439023849,1.0
-1.0,-1.0,-0.9988567073170732,-0.9991107723577236,-0.998729674796748,-0.9984756097560976,-0.9998729674796748,-1.0,-1.0,-0.9997460317460317,-0.9984761904761905,0.0015243902439023849,1.0
-1.0,-0.9988567073170732,-0.9991107723577236,-0.998729674796748,-0.9984756097560976,-0.9998729674796748,-1.0,-1.0,-0.9997460317460317,-0.9984761904761905,-0.9992380952380953,0.0015243902439023849,1.0
-0.9988567073170732,-0.9991107723577236,-0.998729674796748,-0.9984756097560976,-0.9998729674796748,-1.0,-1.0,-0.9997460317460317,-0.9984761904761905,-0.9992380952380953,-0.9991111111111111,0.0015243902439023849,1.0
-0.9991107723577236,-0.998729674796748,-0.9984756097560976,-0.9998729674796748,-1.0,-1.0,-0.9997460317460317,-0.9984761904761905,-0.9992380952380953,-0.9991111111111111,-0.9987301587301587,0.0015243902439023849,1.0
-0.998729674796748,-0.9984756097560976,-0.9998729674796748,-1.0,-1.0,-0.9997460317460317,-0.9984761904761905,-0.9992380952380953,-0.9991111111111111,-0.9987301587301587,-1.0,0.0015243902439023849,1.0
-0.9984756097560976,-0.9998729674796748,-1.0,-1.0,-0.9997460317460317,-0.9984761904761905,-0.9992380952380953,-0.9991111111111111,-0.9987301587301587,-1.0,-1.0,0.0015243902439023849,1.0
-0.9998729674796748,-1.0,-1.0,-0.9997460317460317,-0.9984761904761905,-0.9992380952380953,-0.9991111111111111,-0.9987301587301587,-1.0,-1.0,-1.0,0.0015238095238094829,1.0
-1.0,-1.0,-0.9997460317460317,-0.9984761904761905,-0.9992380952380953,-0.9991111111111111,-0.9987301587301587,-1.0,-1.0,-1.0,-1.0,0.0015238095238094829,1.0
-1.0,-0.9997460317460317,-0.9984761904761905,-0.9992380952380953,-0.9991111111111111,-0.9987301587301587,-1.0,-1.0,-1.0,-1.0,-0.998858085389837,0.0015238095238094829,1.0
-0.9997460317460317,-0.9984761904761905,-0.9992380952380953,-0.9991111111111111,-0.9987301587301587,-1.0,-1.0,-1.0,-1.0,-0.998858085389837,-0.9997462411977416,0.0015238095238094829,1.0
-0.9984761904761905,-0.9992380952380953,-0.9991111111111111,-0.9987301587301587,-1.0,-1.0,-1.0,-1.0,-0.998858085389837,-0.9997462411977416,-0.9993656029943538,0.0015238095238094829,1.0
-0.9992380952380953,-0.9991111111111111,-0.9987301587301587,-1.0,-1.0,-1.0,-1.0,-0.998858085389837,-0.9997462411977416,-0.9993656029943538,-0.9987312059887077,0.0012698412698413097,1.0
-0.9991111111111111,-0.9987301587301587,-1.0,-1.0,-1.0,-1.0,-0.998858085389837,-0.9997462411977416,-0.9993656029943538,-0.9987312059887077,-1.0,0.0012698412698413097,1.0
-0.9987301587301587,-1.0,-1.0,-1.0,-1.0,-0.998858085389837,-0.9997462411977416,-0.9993656029943538,-0.9987312059887077,-1.0,-0.9993656029943538,0.0012698412698413097,1.0
-1.0,-1.0,-1.0,-1.0,-0.998858085389837,-0.9997462411977416,-0.9993656029943538,-0.9987312059887077,-1.0,-0.9993656029943538,-0.9998731205988708,0.001268794011292318,1.0
-1.0,-1.0,-1.0,-0.998858085389837,-0.9997462411977416,-0.9993656029943538,-0.9987312059887077,-1.0,-0.9993656029943538,-0.9998731205988708,-1.0,0.001268794011292318,1.0
-1.0,-1.0,-0.998858085389837,-0.9997462411977416,-0.9993656029943538,-0.9987312059887077,-1.0,-0.9993656029943538,-0.9998731205988708,-1.0,-0.9983509862370774,0.001649013762922591,1.0
-1.0,-0.998858085389837,-0.9997462411977416,-0.9993656029943538,-0.9987312059887077,-1.0,-0.9993656029943538,-0.9998731205988708,-1.0,-0.9983509862370774,-0.998731527874675,0.001649013762922591,1.0
-0.998858085389837,-0.9997462411977416,-0.9993656029943538,-0.9987312059887077,-1.0,-0.9993656029943538,-0.9998731205988708,-1.0,-0.9983509862370774,-0.998731527874675,-0.9984778334496099,0.001649013762922591,1.0
-0.9997462411977416,-0.9993656029943538,-0.9987312059887077,-1.0,-0.9993656029943538,-0.9998731205988708,-1.0,-0.9983509862370774,-0.998731527874675,-0.9984778334496099,-0.9980972918120125,0.0019027081879875452,1.0
-0.9993656029943538,-0.9987312059887077,-1.0,-0.9993656029943538,-0.9998731205988708,-1.0,-0.9983509862370774,-0.998731527874675,-0.9984778334496099,-0.9980972918120125,-0.9991120695122725,0.0019027081879875452,1.0
