0.9929376156045064,0.972423070455692,1.0,1.0,1.0,1.0,0.9272844272844274,0.8593951093951093,0.7963320463320462,0.7397039897039897,0.609073359073359,0.390926640926641,0.0
0.972423070455692,1.0,1.0,1.0,1.0,0.9272844272844274,0.8593951093951093,0.7963320463320462,0.7397039897039897,0.609073359073359,0.4842342342342343,0.5157657657657657,0.0
1.0,1.0,1.0,1.0,0.9272844272844274,0.8593951093951093,0.7963320463320462,0.7397039897039897,0.609073359073359,0.4842342342342343,0.3648648648648649,0.6351351351351351,0.0
1.0,1.0,1.0,0.9272844272844274,0.8593951093951093,0.7963320463320462,0.7397039897039897,0.609073359073359,0.4842342342342343,0.3648648648648649,0.2429214929214929,0.7570785070785071,0.0
1.0,1.0,0.9272844272844274,0.8593951093951093,0.7963320463320462,0.7397039897039897,0.609073359073359,0.4842342342342343,0.3648648648648649,0.2429214929214929,0.12355212355212353,0.8764478764478765,0.0
1.0,0.9272844272844274,0.8593951093951093,0.7963320463320462,0.7397039897039897,0.609073359073359,0.4842342342342343,0.3648648648648649,0.2429214929214929,0.12355212355212353,0.006113256113256194,0.9938867438867438,0.0
0.9272844272844274,0.8593951093951093,0.7963320463320462,0.7397039897039897,0.609073359073359,0.4842342342342343,0.3648648648648649,0.2429214929214929,0.12355212355212353,0.006113256113256194,-0.10746460746460751,1.034749034749035,0.0
0.8593951093951093,0.7963320463320462,0.7397039897039897,0.609073359073359,0.4842342342342343,0.3648648648648649,0.2429214929214929,0.12355212355212353,0.006113256113256194,-0.10746460746460751,-0.21750321750321755,1.076898326898327,0.0
0.7963320463320462,0.7397039897039897,0.609073359073359,0.4842342342342343,0.3648648648648649,0.2429214929214929,0.12355212355212353,0.006113256113256194,-0.10746460746460751,-0.21750321750321755,-0.24034749034749037,1.0366795366795367,0.0
0.7397039897039897,0.609073359073359,0.4842342342342343,0.3648648648648649,0.2429214929214929,0.12355212355212353,0.006113256113256194,-0.10746460746460751,-0.21750321750321755,-0.24034749034749037,-0.2625482625482626,1.0022522522522523,0.0
0.609073359073359,0.4842342342342343,0.3648648648648649,0.2429214929214929,0.12355212355212353,0.006113256113256194,-0.10746460746460751,-0.21750321750321755,-0.24034749034749037,-0.2625482625482626,-0.2796010296010296,0.8886743886743886,0.0
0.4842342342342343,0.3648648648648649,0.2429214929214929,0.12355212355212353,0.006113256113256194,-0.10746460746460751,-0.21750321750321755,-0.24034749034749037,-0.2625482625482626,-0.2796010296010296,-0.29504504504504503,0.7792792792792793,0.0
0.3648648648648649,0.2429214929214929,0.12355212355212353,0.006113256113256194,-0.10746460746460751,-0.21750321750321755,-0.24034749034749037,-0.2625482625482626,-0.2796010296010296,-0.29504504504504503,-0.31241956241956237,0.6772844272844273,1.0
0.2429214929214929,0.12355212355212353,0.006113256113256194,-0.10746460746460751,-0.21750321750321755,-0.24034749034749037,-0.2625482625482626,-0.2796010296010296,-0.29504504504504503,-0.31241956241956237,-0.3297940797940798,0.5727155727155727,1.0
0.12355212355212353,0.006113256113256194,-0.10746460746460751,-0.21750321750321755,-0.24034749034749037,-0.2625482625482626,-0.2796010296010296,-0.29504504504504503,-0.31241956241956237,-0.3297940797940798,-0.34781209781209776,0.4713642213642213,1.0
0.006113256113256194,-0.10746460746460751,-0.21750321750321755,-0.24034749034749037,-0.2625482625482626,-0.2796010296010296,-0.29504504504504503,-0.31241956241956237,-0.3297940797940798,-0.34781209781209776,-0.3632561132561133,0.3693693693693695,1.0
-0.10746460746460751,-0.21750321750321755,-0.24034749034749037,-0.2625482625482626,-0.2796010296010296,-0.29504504504504503,-0.31241956241956237,-0.3297940797940798,-0.34781209781209776,-0.3632561132561133,-0.3803088803088803,0.2728442728442728,1.0
-0.21750321750321755,-0.24034749034749037,-0.2625482625482626,-0.2796010296010296,-0.29504504504504503,-0.31241956241956237,-0.3297940797940798,-0.34781209781209776,-0.3632561132561133,-0.3803088803088803,-0.3935006435006435,0.17599742599742596,1.0
-0.24034749034749037,-0.2625482625482626,-0.2796010296010296,-0.29504504504504503,-0.31241956241956237,-0.3297940797940798,-0.34781209781209776,-0.3632561132561133,-0.3803088803088803,-0.3935006435006435,-0.4089446589446589,0.16859716859716856,1.0
-0.2625482625482626,-0.2796010296010296,-0.29504504504504503,-0.31241956241956237,-0.3297940797940798,-0.34781209781209776,-0.3632561132561133,-0.3803088803088803,-0.3935006435006435,-0.4089446589446589,-0.4208494208494209,0.15830115830115832,1.0
-0.2796010296010296,-0.29504504504504503,-0.31241956241956237,-0.3297940797940798,-0.34781209781209776,-0.3632561132561133,-0.3803088803088803,-0.3935006435006435,-0.4089446589446589,-0.4208494208494209,-0.43243243243243246,0.15283140283140284,1.0
-0.29504504504504503,-0.31241956241956237,-0.3297940797940798,-0.34781209781209776,-0.3632561132561133,-0.3803088803088803,-0.3935006435006435,-0.4089446589446589,-0.4208494208494209,-0.43243243243243246,-0.44111969111969107,0.14607464607464604,1.0
-0.31241956241956237,-0.3297940797940798,-0.34781209781209776,-0.3632561132561133,-0.3803088803088803,-0.3935006435006435,-0.4089446589446589,-0.4208494208494209,-0.43243243243243246,-0.44111969111969107,-0.4517374517374517,0.13931788931788935,1.0
-0.3297940797940798,-0.34781209781209776,-0.3632561132561133,-0.3803088803088803,-0.3935006435006435,-0.4089446589446589,-0.4208494208494209,-0.43243243243243246,-0.44111969111969107,-0.4517374517374517,-0.4623552123552124,0.13256113256113256,1.0
-0.34781209781209776,-0.3632561132561133,-0.3803088803088803,-0.3935006435006435,-0.4089446589446589,-0.4208494208494209,-0.43243243243243246,-0.44111969111969107,-0.4517374517374517,-0.4623552123552124,-0.4697554697554698,0.12194337194337201,1.0
-0.3632561132561133,-0.3803088803088803,-0.3935006435006435,-0.4089446589446589,-0.4208494208494209,-0.43243243243243246,-0.44111969111969107,-0.4517374517374517,-0.4623552123552124,-0.4697554697554698,-0.47458172458172454,0.11132561132561125,1.0
-0.3803088803088803,-0.3935006435006435,-0.4089446589446589,-0.4208494208494209,-0.43243243243243246,-0.44111969111969107,-0.4517374517374517,-0.4623552123552124,-0.4697554697554698,-0.47458172458172454,-0.4784427284427284,0.09813384813384807,1.0
-0.3935006435006435,-0.4089446589446589,-0.4208494208494209,-0.43243243243243246,-0.44111969111969107,-0.4517374517374517,-0.4623552123552124,-0.4697554697554698,-0.47458172458172454,-0.4784427284427284,-0.48230373230373236,0.08880308880308885,1.0
-0.4089446589446589,-0.4208494208494209,-0.43243243243243246,-0.44111969111969107,-0.4517374517374517,-0.4623552123552124,-0.4697554697554698,-0.47458172458172454,-0.4784427284427284,-0.48230373230373236,-0.48166023166023164,0.07335907335907343,1.0
-0.4208494208494209,-0.43243243243243246,-0.44111969111969107,-0.4517374517374517,-0.4623552123552124,-0.4697554697554698,-0.47458172458172454,-0.4784427284427284,-0.48230373230373236,-0.48166023166023164,-0.48198198198198194,0.06145431145431146,1.0
-0.43243243243243246,-0.44111969111969107,-0.4517374517374517,-0.4623552123552124,-0.4697554697554698,-0.47458172458172454,-0.4784427284427284,-0.48230373230373236,-0.48166023166023164,-0.48198198198198194,-0.4803732303732303,0.0498712998712999,1.0
-0.44111969111969107,-0.4517374517374517,-0.4623552123552124,-0.4697554697554698,-0.47458172458172454,-0.4784427284427284,-0.48230373230373236,-0.48166023166023164,-0.48198198198198194,-0.4803732303732303,-0.48262548262548266,0.04150579150579159,1.0
-0.4517374517374517,-0.4623552123552124,-0.4697554697554698,-0.47458172458172454,-0.4784427284427284,-0.48230373230373236,-0.48166023166023164,-0.48198198198198194,-0.4803732303732303,-0.48262548262548266,-0.4871299871299871,0.035392535392535396,1.0
-0.4623552123552124,-0.4697554697554698,-0.47458172458172454,-0.4784427284427284,-0.48230373230373236,-0.48166023166023164,-0.48198198198198194,-0.4803732303732303,-0.48262548262548266,-0.4871299871299871,-0.49066924066924067,0.028314028314028294,1.0
-0.4697554697554698,-0.47458172458172454,-0.4784427284427284,-0.48230373230373236,-0.48166023166023164,-0.48198198198198194,-0.4803732303732303,-0.48262548262548266,-0.4871299871299871,-0.49066924066924067,-0.48101673101673104,0.02091377091377089,1.0
-0.47458172458172454,-0.4784427284427284,-0.48230373230373236,-0.48166023166023164,-0.48198198198198194,-0.4803732303732303,-0.48262548262548266,-0.4871299871299871,-0.49066924066924067,-0.48101673101673104,-0.47425997425997424,0.016409266409266432,1.0
-0.4784427284427284,-0.48230373230373236,-0.48166023166023164,-0.48198198198198194,-0.4803732303732303,-0.48262548262548266,-0.4871299871299871,-0.49066924066924067,-0.48101673101673104,-0.47425997425997424,-0.4153796653796654,0.07528957528957525,1.0
-0.48230373230373236,-0.48166023166023164,-0.48198198198198194,-0.4803732303732303,-0.48262548262548266,-0.4871299871299871,-0.49066924066924067,-0.48101673101673104,-0.47425997425997424,-0.4153796653796654,-0.4649292149292149,0.07528957528957525,1.0
-0.48166023166023164,-0.48198198198198194,-0.4803732303732303,-0.48262548262548266,-0.4871299871299871,-0.49066924066924067,-0.48101673101673104,-0.47425997425997424,-0.4153796653796654,-0.4649292149292149,-0.5296010296010296,0.1142213642213642,1.0
-0.48198198198198194,-0.4803732303732303,-0.48262548262548266,-0.4871299871299871,-0.49066924066924067,-0.48101673101673104,-0.47425997425997424,-0.4153796653796654,-0.4649292149292149,-0.5296010296010296,-0.6097168597168597,0.19433719433719432,1.0
-0.4803732303732303,-0.48262548262548266,-0.4871299871299871,-0.49066924066924067,-0.48101673101673104,-0.47425997425997424,-0.4153796653796654,-0.4649292149292149,-0.5296010296010296,-0.6097168597168597,-0.6277348777348777,0.21235521235521226,1.0
-0.48262548262548266,-0.4871299871299871,-0.49066924066924067,-0.48101673101673104,-0.47425997425997424,-0.4153796653796654,-0.4649292149292149,-0.5296010296010296,-0.6097168597168597,-0.6277348777348777,-0.6692406692406692,0.25386100386100374,0.0
-0.4871299871299871,-0.49066924066924067,-0.48101673101673104,-0.47425997425997424,-0.4153796653796654,-0.4649292149292149,-0.5296010296010296,-0.6097168597168597,-0.6277348777348777,-0.6692406692406692,-0.814028314028314,0.3986486486486486,0.0
-0.49066924066924067,-0.48101673101673104,-0.47425997425997424,-0.4153796653796654,-0.4649292149292149,-0.5296010296010296,-0.6097168597168597,-0.6277348777348777,-0.6692406692406692,-0.814028314028314,-0.9790862290862291,0.5637065637065637,0.0
-0.48101673101673104,-0.47425997425997424,-0.4153796653796654,-0.4649292149292149,-0.5296010296010296,-0.6097168597168597,-0.6277348777348777,-0.6692406692406692,-0.814028314028314,-0.9790862290862291,-1.0,0.5846203346203346,0.0
-0.47425997425997424,-0.4153796653796654,-0.4649292149292149,-0.5296010296010296,-0.6097168597168597,-0.6277348777348777,-0.6692406692406692,-0.814028314028314,-0.9790862290862291,-1.0,-1.0,0.5846203346203346,0.0
-0.4153796653796654,-0.4649292149292149,-0.5296010296010296,-0.6097168597168597,-0.6277348777348777,-0.6692406692406692,-0.814028314028314,-0.9790862290862291,-1.0,-1.0,-1.0,0.5846203346203346,0.0
-0.4649292149292149,-0.5296010296010296,-0.6097168597168597,-0.6277348777348777,-0.6692406692406692,-0.814028314028314,-0.9790862290862291,-1.0,-1.0,-1.0,-1.0,0.5350707850707851,0.0
-0.5296010296010296,-0.6097168597168597,-0.6277348777348777,-0.6692406692406692,-0.814028314028314,-0.9790862290862291,-1.0,-1.0,-1.0,-1.0,-1.0,0.4703989703989704,1.0
-0.6097168597168597,-0.6277348777348777,-0.6692406692406692,-0.814028314028314,-0.9790862290862291,-1.0,-1.0,-1.0,-1.0,-1.0,-1.0,0.39028314028314026,1.0
-0.6277348777348777,-0.6692406692406692,-0.814028314028314,-0.9790862290862291,-1.0,-1.0,-1.0,-1.0,-1.0,-1.0,-1.0,0.3722651222651223,1.0
-0.6692406692406692,-0.814028314028314,-0.9790862290862291,-1.0,-1.0,-1.0,-1.0,-1.0,-1.0,-1.0,-1.0,0.33075933075933084,1.0
-0.814028314028314,-0.9790862290862291,-1.0,-1.0,-1.0,-1.0,-1.0,-1.0,-1.0,-1.0,-1.0,0.185971685971686,1.0
-0.9790862290862291,-1.0,-1.0,-1.0,-1.0,-1.0,-1.0,-1.0,-1.0,-1.0,-1.0,0.02091377091377089,1.0
-1.0,-1.0,-1.0,-1.0,-1.0,-1.0,-1.0,-1.0,-1.0,-1.0,-1.0,0.0,1.0
-1.0,-1.0,-1.0,-1.0,-1.0,-1.0,-1.0,-1.0,-1.0,-1.0,-1.0,0.0,1.0
-1.0,-1.0,-1.0,-1.0,-1.0,-1.0,-1.0,-1.0,-1.0,-1.0,-1.0,0.0,1.0
-1.0,-1.0,-1.0,-1.0,-1.0,-1.0,-1.0,-1.0,-1.0,-1.0,-1.0,0.0,1.0
-1.0,-1.0,-1.0,-1.0,-1.0,-1.0,-1.0,-1.0,-1.0,-1.0,-0.9786488740617181,0.021351125938281923,1.0
-1.0,-1.0,-1.0,-1.0,-1.0,-1.0,-1.0,-1.0,-1.0,-0.9786488740617181,-0.950792326939116,0.04920767306088403,1.0
-1.0,-1.0,-1.0,-1.0,-1.0,-1.0,-1.0,-1.0,-0.9786488740617181,-0.950792326939116,-0.9190992493744787,0.08090075062552127,1.0
-1.0,-1.0,-1.0,-1.0,-1.0,-1.0,-1.0,-0.9786488740617181,-0.950792326939116,-0.9190992493744787,-0.8835696413678065,0.11643035863219353,1.0
-1.0,-1.0,-1.0,-1.0,-1.0,-1.0,-0.9786488740617181,-0.950792326939116,-0.9190992493744787,-0.8835696413678065,-0.8840700583819849,0.11643035863219353,1.0
-1.0,-1.0,-1.0,-1.0,-1.0,-0.9786488740617181,-0.950792326939116,-0.9190992493744787,-0.8835696413678065,-0.8840700583819849,-0.9122602168473728,0.11643035863219353,1.0
-1.0,-1.0,-1.0,-1.0,-0.9786488740617181,-0.950792326939116,-0.9190992493744787,-0.8835696413678065,-0.8840700583819849,-0.9122602168473728,-0.8820683903252711,0.11793160967472893,1.0
-1.0,-1.0,-1.0,-0.9786488740617181,-0.950792326939116,-0.9190992493744787,-0.8835696413678065,-0.8840700583819849,-0.9122602168473728,-0.8820683903252711,-0.874395329441201,0.12560467055879898,2.0
-1.0,-1.0,-0.9786488740617181,-0.950792326939116,-0.9190992493744787,-0.8835696413678065,-0.8840700583819849,-0.9122602168473728,-0.8820683903252711,-0.874395329441201,-0.8030025020850708,0.19699749791492915,2.0
-1.0,-0.9786488740617181,-0.950792326939116,-0.9190992493744787,-0.8835696413678065,-0.8840700583819849,-0.9122602168473728,-0.8820683903252711,-0.874395329441201,-0.8030025020850708,-0.7486238532110092,0.2513761467889908,2.0
-0.9786488740617181,-0.950792326939116,-0.9190992493744787,-0.8835696413678065,-0.8840700583819849,-0.9122602168473728,-0.8820683903252711,-0.874395329441201,-0.8030025020850708,-0.7486238532110092,-0.6301918265221018,0.34845704753961626,2.0
-0.950792326939116,-0.9190992493744787,-0.8835696413678065,-0.8840700583819849,-0.9122602168473728,-0.8820683903252711,-0.874395329441201,-0.8030025020850708,-0.7486238532110092,-0.6301918265221018,-0.5379482902418682,0.4128440366972478,2.0
-0.9190992493744787,-0.8835696413678065,-0.8840700583819849,-0.9122602168473728,-0.8820683903252711,-0.874395329441201,-0.8030025020850708,-0.7486238532110092,-0.6301918265221018,-0.5379482902418682,-0.4296914095079233,0.48940783986655545,2.0
-0.8835696413678065,-0.8840700583819849,-0.9122602168473728,-0.8820683903252711,-0.874395329441201,-0.8030025020850708,-0.7486238532110092,-0.6301918265221018,-0.5379482902418682,-0.4296914095079233,-0.26705587989991664,0.6452043369474562,2.0
-0.8840700583819849,-0.9122602168473728,-0.8820683903252711,-0.874395329441201,-0.8030025020850708,-0.7486238532110092,-0.6301918265221018,-0.5379482902418682,-0.4296914095079233,-0.26705587989991664,-0.13194328607172645,0.7803169307756463,2.0
-0.9122602168473728,-0.8820683903252711,-0.874395329441201,-0.8030025020850708,-0.7486238532110092,-0.6301918265221018,-0.5379482902418682,-0.4296914095079233,-0.26705587989991664,-0.13194328607172645,0.017347789824853965,0.9296080066722268,2.0
-0.8820683903252711,-0.874395329441201,-0.8030025020850708,-0.7486238532110092,-0.6301918265221018,-0.5379482902418682,-0.4296914095079233,-0.26705587989991664,-0.13194328607172645,0.017347789824853965,0.2593828190158465,1.1414512093411175,2.0
-0.874395329441201,-0.8030025020850708,-0.7486238532110092,-0.6301918265221018,-0.5379482902418682,-0.4296914095079233,-0.26705587989991664,-0.13194328607172645,0.017347789824853965,0.2593828190158465,0.49140950792326943,1.3658048373644704,2.0
-0.8030025020850708,-0.7486238532110092,-0.6301918265221018,-0.5379482902418682,-0.4296914095079233,-0.26705587989991664,-0.13194328607172645,0.017347789824853965,0.2593828190158465,0.49140950792326943,0.6625521267723102,1.465554628857381,2.0
-0.7486238532110092,-0.6301918265221018,-0.5379482902418682,-0.4296914095079233,-0.26705587989991664,-0.13194328607172645,0.017347789824853965,0.2593828190158465,0.49140950792326943,0.6625521267723102,0.8538782318598832,1.6025020850708924,2.0
-0.6301918265221018,-0.5379482902418682,-0.4296914095079233,-0.26705587989991664,-0.13194328607172645,0.017347789824853965,0.2593828190158465,0.49140950792326943,0.6625521267723102,0.8538782318598832,0.9788156797331109,1.6090075062552127,2.0
-0.5379482902418682,-0.4296914095079233,-0.26705587989991664,-0.13194328607172645,0.017347789824853965,0.2593828190158465,0.49140950792326943,0.6625521267723102,0.8538782318598832,0.9788156797331109,1.0,1.5379482902418682,2.0
-0.4296914095079233,-0.26705587989991664,-0.13194328607172645,0.017347789824853965,0.2593828190158465,0.49140950792326943,0.6625521267723102,0.8538782318598832,0.9788156797331109,1.0,1.0,1.4296914095079232,2.0
-0.26705587989991664,-0.13194328607172645,0.017347789824853965,0.2593828190158465,0.49140950792326943,0.6625521267723102,0.8538782318598832,0.9788156797331109,1.0,1.0,1.0,1.2670558798999165,2.0
-0.13194328607172645,0.017347789824853965,0.2593828190158465,0.49140950792326943,0.6625521267723102,0.8538782318598832,0.9788156797331109,1.0,1.0,1.0,1.0,1.1319432860717265,2.0
0.017347789824853965,0.2593828190158465,0.49140950792326943,0.6625521267723102,0.8538782318598832,0.9788156797331109,1.0,1.0,1.0,1.0,1.0,0.982652210175146,3.0
0.2593828190158465,0.49140950792326943,0.6625521267723102,0.8538782318598832,0.9788156797331109,1.0,1.0,1.0,1.0,1.0,1.0,0.7406171809841535,3.0
0.49140950792326943,0.6625521267723102,0.8538782318598832,0.9788156797331109,1.0,1.0,1.0,1.0,1.0,1.0,0.9994564478869412,0.5085904920767306,3.0
0.6625521267723102,0.8538782318598832,0.9788156797331109,1.0,1.0,1.0,1.0,1.0,1.0,0.9994564478869412,0.951759749966028,0.33744787322768977,3.0
0.8538782318598832,0.9788156797331109,1.0,1.0,1.0,1.0,1.0,1.0,0.9994564478869412,0.951759749966028,0.8994428590841146,0.1461217681401168,3.0
0.9788156797331109,1.0,1.0,1.0,1.0,1.0,1.0,0.9994564478869412,0.951759749966028,0.8994428590841146,0.8509308329936132,0.14906916700638684,3.0
1.0,1.0,1.0,1.0,1.0,1.0,0.9994564478869412,0.951759749966028,0.8994428590841146,0.8509308329936132,0.8044571273270824,0.1955428726729176,3.0
1.0,1.0,1.0,1.0,1.0,0.9994564478869412,0.951759749966028,0.8994428590841146,0.8509308329936132,0.8044571273270824,0.757847533632287,0.24215246636771304,3.0
1.0,1.0,1.0,1.0,0.9994564478869412,0.951759749966028,0.8994428590841146,0.8509308329936132,0.8044571273270824,0.757847533632287,0.7091996195135208,0.29080038048647916,3.0
1.0,1.0,1.0,0.9994564478869412,0.951759749966028,0.8994428590841146,0.8509308329936132,0.8044571273270824,0.757847533632287,0.7091996195135208,0.662318249762196,0.337681750237804,3.0
1.0,1.0,0.9994564478869412,0.951759749966028,0.8994428590841146,0.8509308329936132,0.8044571273270824,0.757847533632287,0.7091996195135208,0.662318249762196,0.6109525750781357,0.3890474249218643,3.0
1.0,0.9994564478869412,0.951759749966028,0.8994428590841146,0.8509308329936132,0.8044571273270824,0.757847533632287,0.7091996195135208,0.662318249762196,0.6109525750781357,0.5586356841962223,0.44136431580377766,3.0
0.9994564478869412,0.951759749966028,0.8994428590841146,0.8509308329936132,0.8044571273270824,0.757847533632287,0.7091996195135208,0.662318249762196,0.6109525750781357,0.5586356841962223,0.5101236581057209,0.4893327897812203,3.0
0.951759749966028,0.8994428590841146,0.8509308329936132,0.8044571273270824,0.757847533632287,0.7091996195135208,0.662318249762196,0.6109525750781357,0.5586356841962223,0.5101236581057209,0.4978937355618971,0.4538660144041309,3.0
0.8994428590841146,0.8509308329936132,0.8044571273270824,0.757847533632287,0.7091996195135208,0.662318249762196,0.6109525750781357,0.5586356841962223,0.5101236581057209,0.4978937355618971,0.48620736513113205,0.41323549395298254,3.0
0.8509308329936132,0.8044571273270824,0.757847533632287,0.7091996195135208,0.662318249762196,0.6109525750781357,0.5586356841962223,0.5101236581057209,0.4978937355618971,0.48620736513113205,0.4760157630112787,0.3749150699823345,3.0
0.8044571273270824,0.757847533632287,0.7091996195135208,0.662318249762196,0.6109525750781357,0.5586356841962223,0.5101236581057209,0.4978937355618971,0.48620736513113205,0.4760157630112787,0.5019703764098382,0.32844136431580373,3.0
0.757847533632287,0.7091996195135208,0.662318249762196,0.6109525750781357,0.5586356841962223,0.5101236581057209,0.4978937355618971,0.48620736513113205,0.4760157630112787,0.5019703764098382,0.5246636771300448,0.2818317706210083,3.0
0.7091996195135208,0.662318249762196,0.6109525750781357,0.5586356841962223,0.5101236581057209,0.4978937355618971,0.48620736513113205,0.4760157630112787,0.5019703764098382,0.5246636771300448,0.5462698736241338,0.23318385650224216,3.0
0.662318249762196,0.6109525750781357,0.5586356841962223,0.5101236581057209,0.4978937355618971,0.48620736513113205,0.4760157630112787,0.5019703764098382,0.5246636771300448,0.5462698736241338,0.5667889658921048,0.18630248675091732,3.0
0.6109525750781357,0.5586356841962223,0.5101236581057209,0.4978937355618971,0.48620736513113205,0.4760157630112787,0.5019703764098382,0.5246636771300448,0.5462698736241338,0.5667889658921048,0.5886669384427232,0.13493681206685704,3.0
0.5586356841962223,0.5101236581057209,0.4978937355618971,0.48620736513113205,0.4760157630112787,0.5019703764098382,0.5246636771300448,0.5462698736241338,0.5667889658921048,0.5886669384427232,0.6109525750781357,0.13493681206685704,3.0
0.5101236581057209,0.4978937355618971,0.48620736513113205,0.4760157630112787,0.5019703764098382,0.5246636771300448,0.5462698736241338,0.5667889658921048,0.5886669384427232,0.6109525750781357,0.6337817638266068,0.1577660008153281,3.0
0.4978937355618971,0.48620736513113205,0.4760157630112787,0.5019703764098382,0.5246636771300448,0.5462698736241338,0.5667889658921048,0.5886669384427232,0.6109525750781357,0.6337817638266068,0.6560674004620193,0.1800516374507406,3.0
0.48620736513113205,0.4760157630112787,0.5019703764098382,0.5246636771300448,0.5462698736241338,0.5667889658921048,0.5886669384427232,0.6109525750781357,0.6337817638266068,0.6560674004620193,0.6769941568147846,0.2009783938035059,3.0
0.4760157630112787,0.5019703764098382,0.5246636771300448,0.5462698736241338,0.5667889658921048,0.5886669384427232,0.6109525750781357,0.6337817638266068,0.6560674004620193,0.6769941568147846,0.6986003533088734,0.2225845902975947,3.0
0.5019703764098382,0.5246636771300448,0.5462698736241338,0.5667889658921048,0.5886669384427232,0.6109525750781357,0.6337817638266068,0.6560674004620193,0.6769941568147846,0.6986003533088734,0.7210218779725506,0.21905150156271236,3.0
0.5246636771300448,0.5462698736241338,0.5667889658921048,0.5886669384427232,0.6109525750781357,0.6337817638266068,0.6560674004620193,0.6769941568147846,0.6986003533088734,0.7210218779725506,0.7437151786927572,0.21905150156271236,3.0
0.5462698736241338,0.5667889658921048,0.5886669384427232,0.6109525750781357,0.6337817638266068,0.6560674004620193,0.6769941568147846,0.6986003533088734,0.7210218779725506,0.7437151786927572,0.7318929202337274,0.19744530506862334,3.0
0.5667889658921048,0.5886669384427232,0.6109525750781357,0.6337817638266068,0.6560674004620193,0.6769941568147846,0.6986003533088734,0.7210218779725506,0.7437151786927572,0.7318929202337274,0.7211577660008153,0.17692621280065235,3.0
0.5886669384427232,0.6109525750781357,0.6337817638266068,0.6560674004620193,0.6769941568147846,0.6986003533088734,0.7210218779725506,0.7437151786927572,0.7318929202337274,0.7211577660008153,0.7116456040222856,0.15504824025003394,3.0
0.6109525750781357,0.6337817638266068,0.6560674004620193,0.6769941568147846,0.6986003533088734,0.7210218779725506,0.7437151786927572,0.7318929202337274,0.7211577660008153,0.7116456040222856,0.7041717624677266,0.13276260361462144,3.0
0.6337817638266068,0.6560674004620193,0.6769941568147846,0.6986003533088734,0.7210218779725506,0.7437151786927572,0.7318929202337274,0.7211577660008153,0.7116456040222856,0.7041717624677266,0.6954749286587851,0.10993341486615038,3.0
0.6560674004620193,0.6769941568147846,0.6986003533088734,0.7210218779725506,0.7437151786927572,0.7318929202337274,0.7211577660008153,0.7116456040222856,0.7041717624677266,0.6954749286587851,0.685283326538932,0.08764777823073788,3.0
0.6769941568147846,0.6986003533088734,0.7210218779725506,0.7437151786927572,0.7318929202337274,0.7211577660008153,0.7116456040222856,0.7041717624677266,0.6954749286587851,0.685283326538932,0.6752276124473433,0.06848756624541386,3.0
0.6986003533088734,0.7210218779725506,0.7437151786927572,0.7318929202337274,0.7211577660008153,0.7116456040222856,0.7041717624677266,0.6954749286587851,0.685283326538932,0.6752276124473433,0.6303845631199891,0.11333061557276802,3.0
0.7210218779725506,0.7437151786927572,0.7318929202337274,0.7211577660008153,0.7116456040222856,0.7041717624677266,0.6954749286587851,0.685283326538932,0.6752276124473433,0.6303845631199891,0.5845902975947819,0.1591248810979753,3.0
0.7437151786927572,0.7318929202337274,0.7211577660008153,0.7116456040222856,0.7041717624677266,0.6954749286587851,0.685283326538932,0.6752276124473433,0.6303845631199891,0.5845902975947819,0.5386601440413099,0.20505503465144725,3.0
0.7318929202337274,0.7211577660008153,0.7116456040222856,0.7041717624677266,0.6954749286587851,0.685283326538932,0.6752276124473433,0.6303845631199891,0.5845902975947819,0.5386601440413099,0.49286587851610264,0.2390270417176248,3.0
0.7211577660008153,0.7116456040222856,0.7041717624677266,0.6954749286587851,0.685283326538932,0.6752276124473433,0.6303845631199891,0.5845902975947819,0.5386601440413099,0.49286587851610264,0.44951759749966036,0.2716401685011549,3.0
0.7116456040222856,0.7041717624677266,0.6954749286587851,0.685283326538932,0.6752276124473433,0.6303845631199891,0.5845902975947819,0.5386601440413099,0.49286587851610264,0.44951759749966036,0.40671286859627664,0.30493273542600896,3.0
0.7041717624677266,0.6954749286587851,0.685283326538932,0.6752276124473433,0.6303845631199891,0.5845902975947819,0.5386601440413099,0.49286587851610264,0.44951759749966036,0.40671286859627664,0.36431580377768724,0.3398559586900394,3.0
0.6954749286587851,0.685283326538932,0.6752276124473433,0.6303845631199891,0.5845902975947819,0.5386601440413099,0.49286587851610264,0.44951759749966036,0.40671286859627664,0.36431580377768724,0.32137518684603883,0.3740997418127463,3.0
0.685283326538932,0.6752276124473433,0.6303845631199891,0.5845902975947819,0.5386601440413099,0.49286587851610264,0.44951759749966036,0.40671286859627664,0.36431580377768724,0.32137518684603883,0.27789101780133163,0.40739230873760035,3.0
0.6752276124473433,0.6303845631199891,0.5845902975947819,0.5386601440413099,0.49286587851610264,0.44951759749966036,0.40671286859627664,0.36431580377768724,0.32137518684603883,0.27789101780133163,0.23549395298274223,0.4397336594646011,3.0
0.6303845631199891,0.5845902975947819,0.5386601440413099,0.49286587851610264,0.44951759749966036,0.40671286859627664,0.36431580377768724,0.32137518684603883,0.27789101780133163,0.23549395298274223,0.1936404402772116,0.4367441228427775,3.0
0.5845902975947819,0.5386601440413099,0.49286587851610264,0.44951759749966036,0.40671286859627664,0.36431580377768724,0.32137518684603883,0.27789101780133163,0.23549395298274223,0.1936404402772116,0.1520587036282104,0.4325315939665715,3.0
0.5386601440413099,0.49286587851610264,0.44951759749966036,0.40671286859627664,0.36431580377768724,0.32137518684603883,0.27789101780133163,0.23549395298274223,0.1936404402772116,0.1520587036282104,0.14594374235629837,0.39271640168501154,3.0
0.49286587851610264,0.44951759749966036,0.40671286859627664,0.36431580377768724,0.32137518684603883,0.27789101780133163,0.23549395298274223,0.1936404402772116,0.1520587036282104,0.14594374235629837,0.14213887756488663,0.350727000951216,3.0
0.44951759749966036,0.40671286859627664,0.36431580377768724,0.32137518684603883,0.27789101780133163,0.23549395298274223,0.1936404402772116,0.1520587036282104,0.14594374235629837,0.14213887756488663,0.13887756488653347,0.3106400326131269,3.0
0.40671286859627664,0.36431580377768724,0.32137518684603883,0.27789101780133163,0.23549395298274223,0.1936404402772116,0.1520587036282104,0.14594374235629837,0.14213887756488663,0.13887756488653347,0.1365674684060334,0.27014540019024325,3.0
0.36431580377768724,0.32137518684603883,0.27789101780133163,0.23549395298274223,0.1936404402772116,0.1520587036282104,0.14594374235629837,0.14213887756488663,0.13887756488653347,0.1365674684060334,0.13303437967115106,0.23128142410653618,3.0
0.32137518684603883,0.27789101780133163,0.23549395298274223,0.1936404402772116,0.1520587036282104,0.14594374235629837,0.14213887756488663,0.13887756488653347,0.1365674684060334,0.13303437967115106,0.1296371789645332,0.19173800788150563,3.0
0.27789101780133163,0.23549395298274223,0.1936404402772116,0.1520587036282104,0.14594374235629837,0.14213887756488663,0.13887756488653347,0.1365674684060334,0.13303437967115106,0.1296371789645332,0.12596820220138616,0.15192281559994547,3.0
0.23549395298274223,0.1936404402772116,0.1520587036282104,0.14594374235629837,0.14213887756488663,0.13887756488653347,0.1365674684060334,0.13303437967115106,0.1296371789645332,0.12596820220138616,0.12202744938170951,0.11346650360103272,3.0
0.1936404402772116,0.1520587036282104,0.14594374235629837,0.14213887756488663,0.13887756488653347,0.1365674684060334,0.13303437967115106,0.1296371789645332,0.12596820220138616,0.12202744938170951,0.11822258459029755,0.07541785568691406,3.0
0.1520587036282104,0.14594374235629837,0.14213887756488663,0.13887756488653347,0.1365674684060334,0.13303437967115106,0.1296371789645332,0.12596820220138616,0.12202744938170951,0.11822258459029755,0.11455360782715052,0.03750509580105987,3.0
0.14594374235629837,0.14213887756488663,0.13887756488653347,0.1365674684060334,0.13303437967115106,0.1296371789645332,0.12596820220138616,0.12202744938170951,0.11822258459029755,0.11455360782715052,0.11237939937491515,0.03356434298138322,3.0
0.14213887756488663,0.13887756488653347,0.1365674684060334,0.13303437967115106,0.1296371789645332,0.12596820220138616,0.12202744938170951,0.11822258459029755,0.11455360782715052,0.11237939937491515,0.11088463106400326,0.031254246500883376,3.0
0.13887756488653347,0.1365674684060334,0.13303437967115106,0.1296371789645332,0.12596820220138616,0.12202744938170951,0.11822258459029755,0.11455360782715052,0.11237939937491515,0.11088463106400326,0.10966163880962077,0.0292159260769127,3.0
0.1365674684060334,0.13303437967115106,0.1296371789645332,0.12596820220138616,0.12202744938170951,0.11822258459029755,0.11455360782715052,0.11237939937491515,0.11088463106400326,0.10966163880962077,0.10680799021606191,0.02975947818997149,3.0
0.13303437967115106,0.1296371789645332,0.12596820220138616,0.12202744938170951,0.11822258459029755,0.11455360782715052,0.11237939937491515,0.11088463106400326,0.10966163880962077,0.10680799021606191,0.10395434162250305,0.029080038048648005,3.0
0.1296371789645332,0.12596820220138616,0.12202744938170951,0.11822258459029755,0.11455360782715052,0.11237939937491515,0.11088463106400326,0.10966163880962077,0.10680799021606191,0.10395434162250305,0.10069302894415011,0.028944150020383086,3.0
0.12596820220138616,0.12202744938170951,0.11822258459029755,0.11455360782715052,0.11237939937491515,0.11088463106400326,0.10966163880962077,0.10680799021606191,0.10395434162250305,0.10069302894415011,0.09743171626579694,0.028536485935589218,3.0
0.12202744938170951,0.11822258459029755,0.11455360782715052,0.11237939937491515,0.11088463106400326,0.10966163880962077,0.10680799021606191,0.10395434162250305,0.10069302894415011,0.09743171626579694,0.09457806767223809,0.02744938170947142,3.0
0.11822258459029755,0.11455360782715052,0.11237939937491515,0.11088463106400326,0.10966163880962077,0.10680799021606191,0.10395434162250305,0.10069302894415011,0.09743171626579694,0.09457806767223809,0.09158853105041453,0.026634053539883018,3.0
0.11455360782715052,0.11237939937491515,0.11088463106400326,0.10966163880962077,0.10680799021606191,0.10395434162250305,0.10069302894415011,0.09743171626579694,0.09457806767223809,0.09158853105041453,0.09009376273950265,0.02445984508764787,3.0
0.11237939937491515,0.11088463106400326,0.10966163880962077,0.10680799021606191,0.10395434162250305,0.10069302894415011,0.09743171626579694,0.09457806767223809,0.09158853105041453,0.09009376273950265,0.08900665851338507,0.023372740861530072,3.0
0.11088463106400326,0.10966163880962077,0.10680799021606191,0.10395434162250305,0.10069302894415011,0.09743171626579694,0.09457806767223809,0.09158853105041453,0.09009376273950265,0.08900665851338507,0.08791955428726728,0.022965076776735982,3.0
0.10966163880962077,0.10680799021606191,0.10395434162250305,0.10069302894415011,0.09743171626579694,0.09457806767223809,0.09158853105041453,0.09009376273950265,0.08900665851338507,0.08791955428726728,0.08560945780676721,0.024052181002853557,3.0
0.10680799021606191,0.10395434162250305,0.10069302894415011,0.09743171626579694,0.09457806767223809,0.09158853105041453,0.09009376273950265,0.08900665851338507,0.08791955428726728,0.08560945780676721,0.08289169724147305,0.02391629297458886,3.0
0.10395434162250305,0.10069302894415011,0.09743171626579694,0.09457806767223809,0.09158853105041453,0.09009376273950265,0.08900665851338507,0.08791955428726728,0.08560945780676721,0.08289169724147305,0.0797662725913848,0.024188069031118253,3.0
0.10069302894415011,0.09743171626579694,0.09457806767223809,0.09158853105041453,0.09009376273950265,0.08900665851338507,0.08791955428726728,0.08560945780676721,0.08289169724147305,0.0797662725913848,0.07799972822394352,0.02269330072020659,3.0
0.09743171626579694,0.09457806767223809,0.09158853105041453,0.09009376273950265,0.08900665851338507,0.08791955428726728,0.08560945780676721,0.08289169724147305,0.0797662725913848,0.07799972822394352,0.07718440005435512,0.020247316211441824,3.0
0.09457806767223809,0.09158853105041453,0.09009376273950265,0.08900665851338507,0.08791955428726728,0.08560945780676721,0.08289169724147305,0.0797662725913848,0.07799972822394352,0.07718440005435512,0.06943878244326673,0.025139285228971353,3.0
0.09158853105041453,0.09009376273950265,0.08900665851338507,0.08791955428726728,0.08560945780676721,0.08289169724147305,0.0797662725913848,0.07799972822394352,0.07718440005435512,0.06943878244326673,0.08493001766544372,0.0221497486071478,3.0
0.09009376273950265,0.08900665851338507,0.08791955428726728,0.08560945780676721,0.08289169724147305,0.0797662725913848,0.07799972822394352,0.07718440005435512,0.06943878244326673,0.08493001766544372,0.05680119581464882,0.03329256692485383,3.0
0.08900665851338507,0.08791955428726728,0.08560945780676721,0.08289169724147305,0.0797662725913848,0.07799972822394352,0.07718440005435512,0.06943878244326673,0.08493001766544372,0.05680119581464882,0.02269330072020659,0.06631335779317848,3.0
0.08791955428726728,0.08560945780676721,0.08289169724147305,0.0797662725913848,0.07799972822394352,0.07718440005435512,0.06943878244326673,0.08493001766544372,0.05680119581464882,0.02269330072020659,0.012501698600353217,0.07541785568691406,3.0
0.08560945780676721,0.08289169724147305,0.0797662725913848,0.07799972822394352,0.07718440005435512,0.06943878244326673,0.08493001766544372,0.05680119581464882,0.02269330072020659,0.012501698600353217,-0.0070661774697649,0.09267563527653211,3.0
0.08289169724147305,0.0797662725913848,0.07799972822394352,0.07718440005435512,0.06943878244326673,0.08493001766544372,0.05680119581464882,0.02269330072020659,0.012501698600353217,-0.0070661774697649,-0.07025411061285503,0.15518412827829875,3.0
0.0797662725913848,0.07799972822394352,0.07718440005435512,0.06943878244326673,0.08493001766544372,0.05680119581464882,0.02269330072020659,0.012501698600353217,-0.0070661774697649,-0.07025411061285503,-0.14186710150835713,0.22679711917380085,0.0
0.07799972822394352,0.07718440005435512,0.06943878244326673,0.08493001766544372,0.05680119581464882,0.02269330072020659,0.012501698600353217,-0.0070661774697649,-0.07025411061285503,-0.14186710150835713,-0.18535127055306433,0.27028128821850805,0.0
0.07718440005435512,0.06943878244326673,0.08493001766544372,0.05680119581464882,0.02269330072020659,0.012501698600353217,-0.0070661774697649,-0.07025411061285503,-0.14186710150835713,-0.18535127055306433,-0.2371246093219187,0.3220546269873624,0.0
0.06943878244326673,0.08493001766544372,0.05680119581464882,0.02269330072020659,0.012501698600353217,-0.0070661774697649,-0.07025411061285503,-0.14186710150835713,-0.18535127055306433,-0.2371246093219187,-0.2958282375322734,0.3807582551977171,0.0
0.08493001766544372,0.05680119581464882,0.02269330072020659,0.012501698600353217,-0.0070661774697649,-0.07025411061285503,-0.14186710150835713,-0.18535127055306433,-0.2371246093219187,-0.2958282375322734,-0.3951623861937763,0.48009240385922003,0.0
0.05680119581464882,0.02269330072020659,0.012501698600353217,-0.0070661774697649,-0.07025411061285503,-0.14186710150835713,-0.18535127055306433,-0.2371246093219187,-0.2958282375322734,-0.3951623861937763,-0.49354531865742624,0.550346514472075,0.0
0.02269330072020659,0.012501698600353217,-0.0070661774697649,-0.07025411061285503,-0.14186710150835713,-0.18535127055306433,-0.2371246093219187,-0.2958282375322734,-0.3951623861937763,-0.49354531865742624,-0.6184264166326947,0.6411197173529013,0.0
0.012501698600353217,-0.0070661774697649,-0.07025411061285503,-0.14186710150835713,-0.18535127055306433,-0.2371246093219187,-0.2958282375322734,-0.3951623861937763,-0.49354531865742624,-0.6184264166326947,-0.6682973230058431,0.6807990216061963,0.0
-0.0070661774697649,-0.07025411061285503,-0.14186710150835713,-0.18535127055306433,-0.2371246093219187,-0.2958282375322734,-0.3951623861937763,-0.49354531865742624,-0.6184264166326947,-0.6682973230058431,-0.7457534991167278,0.7386873216469629,0.0
-0.07025411061285503,-0.14186710150835713,-0.18535127055306433,-0.2371246093219187,-0.2958282375322734,-0.3951623861937763,-0.49354531865742624,-0.6184264166326947,-0.6682973230058431,-0.7457534991167278,-0.8480771844000543,0.7778230737871993,0.0
-0.14186710150835713,-0.18535127055306433,-0.2371246093219187,-0.2958282375322734,-0.3951623861937763,-0.49354531865742624,-0.6184264166326947,-0.6682973230058431,-0.7457534991167278,-0.8480771844000543,-0.940481043620057,0.7986139421116999,0.0
-0.18535127055306433,-0.2371246093219187,-0.2958282375322734,-0.3951623861937763,-0.49354531865742624,-0.6184264166326947,-0.6682973230058431,-0.7457534991167278,-0.8480771844000543,-0.940481043620057,-0.9558363908139693,0.770485120260905,0.0
-0.2371246093219187,-0.2958282375322734,-0.3951623861937763,-0.49354531865742624,-0.6184264166326947,-0.6682973230058431,-0.7457534991167278,-0.8480771844000543,-0.940481043620057,-0.9558363908139693,-0.9618154640576165,0.7246908547356978,0.0
-0.2958282375322734,-0.3951623861937763,-0.49354531865742624,-0.6184264166326947,-0.6682973230058431,-0.7457534991167278,-0.8480771844000543,-0.940481043620057,-0.9558363908139693,-0.9618154640576165,-0.9961951352085882,0.7003668976763148,0.0
-0.3951623861937763,-0.49354531865742624,-0.6184264166326947,-0.6682973230058431,-0.7457534991167278,-0.8480771844000543,-0.940481043620057,-0.9558363908139693,-0.9618154640576165,-0.9961951352085882,-1.0,0.6048376138062237,0.0
-0.49354531865742624,-0.6184264166326947,-0.6682973230058431,-0.7457534991167278,-0.8480771844000543,-0.940481043620057,-0.9558363908139693,-0.9618154640576165,-0.9961951352085882,-1.0,-1.0,0.5064546813425738,1.0
-0.6184264166326947,-0.6682973230058431,-0.7457534991167278,-0.8480771844000543,-0.940481043620057,-0.9558363908139693,-0.9618154640576165,-0.9961951352085882,-1.0,-1.0,-0.9823197075440345,0.3815735833673053,1.0
-0.6682973230058431,-0.7457534991167278,-0.8480771844000543,-0.940481043620057,-0.9558363908139693,-0.9618154640576165,-0.9961951352085882,-1.0,-1.0,-0.9823197075440345,-0.9579926886008641,0.3317026769941569,1.0
-0.7457534991167278,-0.8480771844000543,-0.940481043620057,-0.9558363908139693,-0.9618154640576165,-0.9961951352085882,-1.0,-1.0,-0.9823197075440345,-0.9579926886008641,-0.92901296111665,0.25424650088327216,1.0
-0.8480771844000543,-0.940481043620057,-0.9558363908139693,-0.9618154640576165,-0.9961951352085882,-1.0,-1.0,-0.9823197075440345,-0.9579926886008641,-0.92901296111665,-0.9308740445330674,0.1519228155999457,1.0
-0.940481043620057,-0.9558363908139693,-0.9618154640576165,-0.9961951352085882,-1.0,-1.0,-0.9823197075440345,-0.9579926886008641,-0.92901296111665,-0.9308740445330674,-0.8991026919242273,0.10089730807577268,1.0
-0.9558363908139693,-0.9618154640576165,-0.9961951352085882,-1.0,-1.0,-0.9823197075440345,-0.9579926886008641,-0.92901296111665,-0.9308740445330674,-0.8991026919242273,-0.8675972083748753,0.1324027916251247,1.0
-0.9618154640576165,-0.9961951352085882,-1.0,-1.0,-0.9823197075440345,-0.9579926886008641,-0.92901296111665,-0.9308740445330674,-0.8991026919242273,-0.8675972083748753,-0.8367563974742439,0.1632436025257561,1.0
-0.9961951352085882,-1.0,-1.0,-0.9823197075440345,-0.9579926886008641,-0.92901296111665,-0.9308740445330674,-0.8991026919242273,-0.8675972083748753,-0.8367563974742439,-0.8383516118311731,0.1632436025257561,1.0
-1.0,-1.0,-0.9823197075440345,-0.9579926886008641,-0.92901296111665,-0.9308740445330674,-0.8991026919242273,-0.8675972083748753,-0.8367563974742439,-0.8383516118311731,-0.8406114988368228,0.1632436025257561,1.0
-1.0,-0.9823197075440345,-0.9579926886008641,-0.92901296111665,-0.9308740445330674,-0.8991026919242273,-0.8675972083748753,-0.8367563974742439,-0.8383516118311731,-0.8406114988368228,-0.8410103024260551,0.1632436025257561,1.0
-0.9823197075440345,-0.9579926886008641,-0.92901296111665,-0.9308740445330674,-0.8991026919242273,-0.8675972083748753,-0.8367563974742439,-0.8383516118311731,-0.8406114988368228,-0.8410103024260551,-0.863077434363576,0.14556331006979062,1.0
-0.9579926886008641,-0.92901296111665,-0.9308740445330674,-0.8991026919242273,-0.8675972083748753,-0.8367563974742439,-0.8383516118311731,-0.8406114988368228,-0.8410103024260551,-0.863077434363576,-0.8364905284147557,0.12150216018610838,1.0
-0.92901296111665,-0.9308740445330674,-0.8991026919242273,-0.8675972083748753,-0.8367563974742439,-0.8383516118311731,-0.8406114988368228,-0.8410103024260551,-0.863077434363576,-0.8364905284147557,-0.827716849451645,0.1031571950814224,1.0
-0.9308740445330674,-0.8991026919242273,-0.8675972083748753,-0.8367563974742439,-0.8383516118311731,-0.8406114988368228,-0.8410103024260551,-0.863077434363576,-0.8364905284147557,-0.827716849451645,-0.7690927218344965,0.16178132269857093,1.0
-0.8991026919242273,-0.8675972083748753,-0.8367563974742439,-0.8383516118311731,-0.8406114988368228,-0.8410103024260551,-0.863077434363576,-0.8364905284147557,-0.827716849451645,-0.7690927218344965,-0.7313393153871719,0.16776337653705542,1.0
-0.8675972083748753,-0.8367563974742439,-0.8383516118311731,-0.8406114988368228,-0.8410103024260551,-0.863077434363576,-0.8364905284147557,-0.827716849451645,-0.7690927218344965,-0.7313393153871719,-0.6813559322033899,0.18624127617148545,1.0
-0.8367563974742439,-0.8383516118311731,-0.8406114988368228,-0.8410103024260551,-0.863077434363576,-0.8364905284147557,-0.827716849451645,-0.7690927218344965,-0.7313393153871719,-0.6813559322033899,-0.5875041542040544,0.27557328015952154,1.0
-0.8383516118311731,-0.8406114988368228,-0.8410103024260551,-0.863077434363576,-0.8364905284147557,-0.827716849451645,-0.7690927218344965,-0.7313393153871719,-0.6813559322033899,-0.5875041542040544,-0.48328348288467926,0.3797939514788967,2.0
-0.8406114988368228,-0.8410103024260551,-0.863077434363576,-0.8364905284147557,-0.827716849451645,-0.7690927218344965,-0.7313393153871719,-0.6813559322033899,-0.5875041542040544,-0.48328348288467926,-0.40378863409770693,0.45928880026586905,2.0
-0.8410103024260551,-0.863077434363576,-0.8364905284147557,-0.827716849451645,-0.7690927218344965,-0.7313393153871719,-0.6813559322033899,-0.5875041542040544,-0.48328348288467926,-0.40378863409770693,-0.2814888667331339,0.5815885676304421,2.0
-0.863077434363576,-0.8364905284147557,-0.827716849451645,-0.7690927218344965,-0.7313393153871719,-0.6813559322033899,-0.5875041542040544,-0.48328348288467926,-0.40378863409770693,-0.2814888667331339,-0.15187770023263547,0.7111997341309405,2.0
-0.8364905284147557,-0.827716849451645,-0.7690927218344965,-0.7313393153871719,-0.6813559322033899,-0.5875041542040544,-0.48328348288467926,-0.40378863409770693,-0.2814888667331339,-0.15187770023263547,-0.01681621801262878,0.8196743104021269,2.0
-0.827716849451645,-0.7690927218344965,-0.7313393153871719,-0.6813559322033899,-0.5875041542040544,-0.48328348288467926,-0.40378863409770693,-0.2814888667331339,-0.15187770023263547,-0.01681621801262878,0.13326686606846128,0.9609837155201063,2.0
-0.7690927218344965,-0.7313393153871719,-0.6813559322033899,-0.5875041542040544,-0.48328348288467926,-0.40378863409770693,-0.2814888667331339,-0.15187770023263547,-0.01681621801262878,0.13326686606846128,0.18963110667996008,0.9587238285144566,2.0
-0.7313393153871719,-0.6813559322033899,-0.5875041542040544,-0.48328348288467926,-0.40378863409770693,-0.2814888667331339,-0.15187770023263547,-0.01681621801262878,0.13326686606846128,0.18963110667996008,0.26872715187770013,1.000066467264872,2.0
-0.6813559322033899,-0.5875041542040544,-0.48328348288467926,-0.40378863409770693,-0.2814888667331339,-0.15187770023263547,-0.01681621801262878,0.13326686606846128,0.18963110667996008,0.26872715187770013,0.3425058158856764,1.0238617480890664,2.0
-0.5875041542040544,-0.48328348288467926,-0.40378863409770693,-0.2814888667331339,-0.15187770023263547,-0.01681621801262878,0.13326686606846128,0.18963110667996008,0.26872715187770013,0.3425058158856764,0.4108341641741442,0.9983383183781986,2.0
-0.48328348288467926,-0.40378863409770693,-0.2814888667331339,-0.15187770023263547,-0.01681621801262878,0.13326686606846128,0.18963110667996008,0.26872715187770013,0.3425058158856764,0.4108341641741442,0.4705217680292455,0.9538052509139248,2.0
-0.40378863409770693,-0.2814888667331339,-0.15187770023263547,-0.01681621801262878,0.13326686606846128,0.18963110667996008,0.26872715187770013,0.3425058158856764,0.4108341641741442,0.4705217680292455,0.48700564971751414,0.8907942838152211,2.0
-0.2814888667331339,-0.15187770023263547,-0.01681621801262878,0.13326686606846128,0.18963110667996008,0.26872715187770013,0.3425058158856764,0.4108341641741442,0.4705217680292455,0.48700564971751414,0.49391824526420747,0.7754071119973414,2.0
-0.15187770023263547,-0.01681621801262878,0.13326686606846128,0.18963110667996008,0.26872715187770013,0.3425058158856764,0.4108341641741442,0.4705217680292455,0.48700564971751414,0.49391824526420747,0.5271518777002326,0.6790295779328681,2.0
-0.01681621801262878,0.13326686606846128,0.18963110667996008,0.26872715187770013,0.3425058158856764,0.4108341641741442,0.4705217680292455,0.48700564971751414,0.49391824526420747,0.5271518777002326,0.5165171153207047,0.5439680957128614,2.0
0.13326686606846128,0.18963110667996008,0.26872715187770013,0.3425058158856764,0.4108341641741442,0.4705217680292455,0.48700564971751414,0.49391824526420747,0.5271518777002326,0.5165171153207047,0.5005649717514125,0.39388501163177136,2.0
0.18963110667996008,0.26872715187770013,0.3425058158856764,0.4108341641741442,0.4705217680292455,0.48700564971751414,0.49391824526420747,0.5271518777002326,0.5165171153207047,0.5005649717514125,0.47730142904619477,0.33752077102027256,2.0
0.26872715187770013,0.3425058158856764,0.4108341641741442,0.4705217680292455,0.48700564971751414,0.49391824526420747,0.5271518777002326,0.5165171153207047,0.5005649717514125,0.47730142904619477,0.46041874376869396,0.2584247258225325,2.0
0.3425058158856764,0.4108341641741442,0.4705217680292455,0.48700564971751414,0.49391824526420747,0.5271518777002326,0.5165171153207047,0.5005649717514125,0.47730142904619477,0.46041874376869396,0.4868727151877701,0.18464606181455623,3.0
0.4108341641741442,0.4705217680292455,0.48700564971751414,0.49391824526420747,0.5271518777002326,0.5165171153207047,0.5005649717514125,0.47730142904619477,0.46041874376869396,0.4868727151877701,0.5085410435360584,0.11631771352608844,3.0
0.4705217680292455,0.48700564971751414,0.49391824526420747,0.5271518777002326,0.5165171153207047,0.5005649717514125,0.47730142904619477,0.46041874376869396,0.4868727151877701,0.5085410435360584,0.4847457627118643,0.06673313393153868,3.0
0.48700564971751414,0.49391824526420747,0.5271518777002326,0.5165171153207047,0.5005649717514125,0.47730142904619477,0.46041874376869396,0.4868727151877701,0.5085410435360584,0.4847457627118643,0.4848786972416086,0.06673313393153868,3.0
0.49391824526420747,0.5271518777002326,0.5165171153207047,0.5005649717514125,0.47730142904619477,0.46041874376869396,0.4868727151877701,0.5085410435360584,0.4847457627118643,0.4848786972416086,0.48235294117647065,0.06673313393153868,3.0
0.5271518777002326,0.5165171153207047,0.5005649717514125,0.47730142904619477,0.46041874376869396,0.4868727151877701,0.5085410435360584,0.4847457627118643,0.4848786972416086,0.48235294117647065,0.4782319707544034,0.06673313393153868,3.0
0.5165171153207047,0.5005649717514125,0.47730142904619477,0.46041874376869396,0.4868727151877701,0.5085410435360584,0.4847457627118643,0.4848786972416086,0.48235294117647065,0.4782319707544034,0.505217680292456,0.056098371552010695,3.0
0.5005649717514125,0.47730142904619477,0.46041874376869396,0.4868727151877701,0.5085410435360584,0.4847457627118643,0.4848786972416086,0.48235294117647065,0.4782319707544034,0.505217680292456,0.5294117647058822,0.06899302093718829,3.0
0.47730142904619477,0.46041874376869396,0.4868727151877701,0.5085410435360584,0.4847457627118643,0.4848786972416086,0.48235294117647065,0.4782319707544034,0.505217680292456,0.5294117647058822,0.5532070455300764,0.09278830176138242,3.0
0.46041874376869396,0.4868727151877701,0.5085410435360584,0.4847457627118643,0.4848786972416086,0.48235294117647065,0.4782319707544034,0.505217680292456,0.5294117647058822,0.5532070455300764,0.5732801595214356,0.11286141575274167,3.0
0.4868727151877701,0.5085410435360584,0.4847457627118643,0.4848786972416086,0.48235294117647065,0.4782319707544034,0.505217680292456,0.5294117647058822,0.5532070455300764,0.5732801595214356,0.5921568627450979,0.11392489199069455,3.0
0.5085410435360584,0.4847457627118643,0.4848786972416086,0.48235294117647065,0.4782319707544034,0.505217680292456,0.5294117647058822,0.5532070455300764,0.5732801595214356,0.5921568627450979,0.6111665004985045,0.13293452974410114,3.0
0.4847457627118643,0.4848786972416086,0.48235294117647065,0.4782319707544034,0.505217680292456,0.5294117647058822,0.5532070455300764,0.5732801595214356,0.5921568627450979,0.6111665004985045,0.6312396144898638,0.15300764373546039,3.0
0.4848786972416086,0.48235294117647065,0.4782319707544034,0.505217680292456,0.5294117647058822,0.5532070455300764,0.5732801595214356,0.5921568627450979,0.6111665004985045,0.6312396144898638,0.6505151213027585,0.17228315054835508,3.0
0.48235294117647065,0.4782319707544034,0.505217680292456,0.5294117647058822,0.5532070455300764,0.5732801595214356,0.5921568627450979,0.6111665004985045,0.6312396144898638,0.6505151213027585,0.6688600864074443,0.19062811565304094,3.0
0.4782319707544034,0.505217680292456,0.5294117647058822,0.5532070455300764,0.5732801595214356,0.5921568627450979,0.6111665004985045,0.6312396144898638,0.6505151213027585,0.6688600864074443,0.6864074443336656,0.20817547357926225,3.0
0.505217680292456,0.5294117647058822,0.5532070455300764,0.5732801595214356,0.5921568627450979,0.6111665004985045,0.6312396144898638,0.6505151213027585,0.6688600864074443,0.6864074443336656,0.7006314390162844,0.1954137587238285,3.0
0.5294117647058822,0.5532070455300764,0.5732801595214356,0.5921568627450979,0.6111665004985045,0.6312396144898638,0.6505151213027585,0.6688600864074443,0.6864074443336656,0.7006314390162844,0.6798936523762047,0.1712196743104022,3.0
0.5532070455300764,0.5732801595214356,0.5921568627450979,0.6111665004985045,0.6312396144898638,0.6505151213027585,0.6688600864074443,0.6864074443336656,0.7006314390162844,0.6798936523762047,0.6261881023595879,0.14742439348620806,3.0
0.5732801595214356,0.5921568627450979,0.6111665004985045,0.6312396144898638,0.6505151213027585,0.6688600864074443,0.6864074443336656,0.7006314390162844,0.6798936523762047,0.6261881023595879,0.5730337078651686,0.12759773115111583,3.0
0.5921568627450979,0.6111665004985045,0.6312396144898638,0.6505151213027585,0.6688600864074443,0.6864074443336656,0.7006314390162844,0.6798936523762047,0.6261881023595879,0.5730337078651686,0.5568413886997958,0.14379005031648862,3.0
0.6111665004985045,0.6312396144898638,0.6505151213027585,0.6688600864074443,0.6864074443336656,0.7006314390162844,0.6798936523762047,0.6261881023595879,0.5730337078651686,0.5568413886997958,0.5444949318420134,0.15613650717427108,3.0
0.6312396144898638,0.6505151213027585,0.6688600864074443,0.6864074443336656,0.7006314390162844,0.6798936523762047,0.6261881023595879,0.5730337078651686,0.5568413886997958,0.5444949318420134,0.5291081158589046,0.17152332315737984,3.0
0.6505151213027585,0.6688600864074443,0.6864074443336656,0.7006314390162844,0.6798936523762047,0.6261881023595879,0.5730337078651686,0.5568413886997958,0.5444949318420134,0.5291081158589046,0.5130089666323681,0.18762247238391638,3.0
0.6688600864074443,0.6864074443336656,0.7006314390162844,0.6798936523762047,0.6261881023595879,0.5730337078651686,0.5568413886997958,0.5444949318420134,0.5291081158589046,0.5130089666323681,0.4964940058810223,0.20413743313526211,3.0
0.6864074443336656,0.7006314390162844,0.6798936523762047,0.6261881023595879,0.5730337078651686,0.5568413886997958,0.5444949318420134,0.5291081158589046,0.5130089666323681,0.4964940058810223,0.4526939737062088,0.24793746531007566,3.0
0.7006314390162844,0.6798936523762047,0.6261881023595879,0.5730337078651686,0.5568413886997958,0.5444949318420134,0.5291081158589046,0.5130089666323681,0.4964940058810223,0.4526939737062088,0.39737062086784714,0.3032608181484373,3.0
0.6798936523762047,0.6261881023595879,0.5730337078651686,0.5568413886997958,0.5444949318420134,0.5291081158589046,0.5130089666323681,0.4964940058810223,0.4526939737062088,0.39737062086784714,0.34371912759328227,0.3361745247829224,3.0
0.6261881023595879,0.5730337078651686,0.5568413886997958,0.5444949318420134,0.5291081158589046,0.5130089666323681,0.4964940058810223,0.4526939737062088,0.39737062086784714,0.34371912759328227,0.2921954555817312,0.33399264677785667,3.0
0.5730337078651686,0.5568413886997958,0.5444949318420134,0.5291081158589046,0.5130089666323681,0.4964940058810223,0.4526939737062088,0.39737062086784714,0.34371912759328227,0.2921954555817312,0.28186032373280634,0.29117338413236227,3.0
0.5568413886997958,0.5444949318420134,0.5291081158589046,0.5130089666323681,0.4964940058810223,0.4526939737062088,0.39737062086784714,0.34371912759328227,0.2921954555817312,0.28186032373280634,0.2725891025153888,0.284252286184407,3.0
0.5444949318420134,0.5291081158589046,0.5130089666323681,0.4964940058810223,0.4526939737062088,0.39737062086784714,0.34371912759328227,0.2921954555817312,0.28186032373280634,0.2725891025153888,0.2636218557641159,0.28087307607789747,3.0
0.5291081158589046,0.5130089666323681,0.4964940058810223,0.4526939737062088,0.39737062086784714,0.34371912759328227,0.2921954555817312,0.28186032373280634,0.2725891025153888,0.2636218557641159,0.25450262177977057,0.27460549407913404,3.0
0.5130089666323681,0.4964940058810223,0.4526939737062088,0.39737062086784714,0.34371912759328227,0.2921954555817312,0.28186032373280634,0.2725891025153888,0.2636218557641159,0.25450262177977057,0.2461433239607873,0.26686564267158075,3.0
0.4964940058810223,0.4526939737062088,0.39737062086784714,0.34371912759328227,0.2921954555817312,0.28186032373280634,0.2725891025153888,0.2636218557641159,0.25450262177977057,0.2461433239607873,0.23854396230716612,0.2579500435738562,3.0
0.4526939737062088,0.39737062086784714,0.34371912759328227,0.2921954555817312,0.28186032373280634,0.2725891025153888,0.2636218557641159,0.25450262177977057,0.2461433239607873,0.23854396230716612,0.2303366517212555,0.22235732198495328,3.0
0.39737062086784714,0.34371912759328227,0.2921954555817312,0.28186032373280634,0.2725891025153888,0.2636218557641159,0.25450262177977057,0.2461433239607873,0.23854396230716612,0.2303366517212555,0.22228132836841707,0.17508929249943006,3.0
0.34371912759328227,0.2921954555817312,0.28186032373280634,0.2725891025153888,0.2636218557641159,0.25450262177977057,0.2461433239607873,0.23854396230716612,0.2303366517212555,0.22228132836841707,0.21498594118094072,0.12873318641234155,3.0
0.2921954555817312,0.28186032373280634,0.2725891025153888,0.2636218557641159,0.25450262177977057,0.2461433239607873,0.23854396230716612,0.2303366517212555,0.22228132836841707,0.21498594118094072,0.20966638802340598,0.08252906755832523,3.0
0.28186032373280634,0.2725891025153888,0.2636218557641159,0.25450262177977057,0.2461433239607873,0.23854396230716612,0.2303366517212555,0.22228132836841707,0.21498594118094072,0.20966638802340598,0.20449882209894366,0.07736150163386268,3.0
0.2725891025153888,0.2636218557641159,0.25450262177977057,0.2461433239607873,0.23854396230716612,0.2303366517212555,0.22228132836841707,0.21498594118094072,0.20966638802340598,0.20449882209894366,0.19917926894140892,0.0734098335739799,3.0
0.2636218557641159,0.25450262177977057,0.2461433239607873,0.23854396230716612,0.2303366517212555,0.22228132836841707,0.21498594118094072,0.20966638802340598,0.20449882209894366,0.19917926894140892,0.19370772855080176,0.06991412721331414,3.0
0.25450262177977057,0.2461433239607873,0.23854396230716612,0.2303366517212555,0.22228132836841707,0.21498594118094072,0.20966638802340598,0.20449882209894366,0.19917926894140892,0.19370772855080176,0.18778022646097736,0.0667223953187932,3.0
0.2461433239607873,0.23854396230716612,0.2303366517212555,0.22228132836841707,0.21498594118094072,0.20966638802340598,0.20449882209894366,0.19917926894140892,0.19370772855080176,0.18778022646097736,0.1824606733034424,0.06368265065734491,3.0
0.23854396230716612,0.2303366517212555,0.22228132836841707,0.21498594118094072,0.20966638802340598,0.20449882209894366,0.19917926894140892,0.19370772855080176,0.18778022646097736,0.1824606733034424,0.17774906907819754,0.06079489322896858,3.0
0.2303366517212555,0.22228132836841707,0.21498594118094072,0.20966638802340598,0.20449882209894366,0.19917926894140892,0.19370772855080176,0.18778022646097736,0.1824606733034424,0.17774906907819754,0.18145654834761316,0.05258758264305796,3.0
0.22228132836841707,0.21498594118094072,0.20966638802340598,0.20449882209894366,0.19917926894140892,0.19370772855080176,0.18778022646097736,0.1824606733034424,0.17774906907819754,0.18145654834761316,0.18479181097514052,0.044532259290219534,3.0
0.21498594118094072,0.20966638802340598,0.20449882209894366,0.19917926894140892,0.19370772855080176,0.18778022646097736,0.1824606733034424,0.17774906907819754,0.18145654834761316,0.18479181097514052,0.18842374061750378,0.03723687210274318,3.0
0.20966638802340598,0.20449882209894366,0.19917926894140892,0.19370772855080176,0.18778022646097736,0.1824606733034424,0.17774906907819754,0.18145654834761316,0.18479181097514052,0.18842374061750378,0.19101647497668628,0.03191731894520844,3.0
0.20449882209894366,0.19917926894140892,0.19370772855080176,0.18778022646097736,0.1824606733034424,0.17774906907819754,0.18145654834761316,0.18479181097514052,0.18842374061750378,0.19101647497668628,0.19493908153701978,0.026749753020746114,3.0
0.19917926894140892,0.19370772855080176,0.18778022646097736,0.1824606733034424,0.17774906907819754,0.18145654834761316,0.18479181097514052,0.18842374061750378,0.19101647497668628,0.19493908153701978,0.19409051825216905,0.021430199863211374,3.0
0.19370772855080176,0.18778022646097736,0.1824606733034424,0.17774906907819754,0.18145654834761316,0.18479181097514052,0.18842374061750378,0.19101647497668628,0.19493908153701978,0.19409051825216905,0.1939341827561949,0.017190012458822235,3.0
0.18778022646097736,0.1824606733034424,0.17774906907819754,0.18145654834761316,0.18479181097514052,0.18842374061750378,0.19101647497668628,0.19493908153701978,0.19409051825216905,0.1939341827561949,0.2011256155710155,0.02337654649281795,3.0
0.1824606733034424,0.17774906907819754,0.18145654834761316,0.18479181097514052,0.18842374061750378,0.19101647497668628,0.19493908153701978,0.19409051825216905,0.1939341827561949,0.2011256155710155,0.23864613460486206,0.06089706552666452,3.0
0.17774906907819754,0.18145654834761316,0.18479181097514052,0.18842374061750378,0.19101647497668628,0.19493908153701978,0.19409051825216905,0.1939341827561949,0.2011256155710155,0.23864613460486206,0.26584851090440087,0.08809944182620333,3.0
0.18145654834761316,0.18479181097514052,0.18842374061750378,0.19101647497668628,0.19493908153701978,0.19409051825216905,0.1939341827561949,0.2011256155710155,0.23864613460486206,0.26584851090440087,0.2855467833971703,0.10409023504955717,3.0
0.18479181097514052,0.18842374061750378,0.19101647497668628,0.19493908153701978,0.19409051825216905,0.1939341827561949,0.2011256155710155,0.23864613460486206,0.26584851090440087,0.2855467833971703,0.25881341358555465,0.1007549724220298,3.0
0.18842374061750378,0.19101647497668628,0.19493908153701978,0.19409051825216905,0.1939341827561949,0.2011256155710155,0.23864613460486206,0.26584851090440087,0.2855467833971703,0.25881341358555465,0.22144923004768224,0.09712304277966655,3.0
0.19101647497668628,0.19493908153701978,0.19409051825216905,0.1939341827561949,0.2011256155710155,0.23864613460486206,0.26584851090440087,0.2855467833971703,0.25881341358555465,0.22144923004768224,0.21566481669663107,0.09453030842048404,3.0
0.19493908153701978,0.19409051825216905,0.1939341827561949,0.2011256155710155,0.23864613460486206,0.26584851090440087,0.2855467833971703,0.25881341358555465,0.22144923004768224,0.21566481669663107,0.2015946220589384,0.09161260064097543,3.0
0.19409051825216905,0.1939341827561949,0.2011256155710155,0.23864613460486206,0.26584851090440087,0.2855467833971703,0.25881341358555465,0.22144923004768224,0.21566481669663107,0.2015946220589384,0.1378097397013991,0.14773704369577123,3.0
0.1939341827561949,0.2011256155710155,0.23864613460486206,0.26584851090440087,0.2855467833971703,0.25881341358555465,0.22144923004768224,0.21566481669663107,0.2015946220589384,0.1378097397013991,0.06433205659344954,0.22121472680372078,3.0
0.2011256155710155,0.23864613460486206,0.26584851090440087,0.2855467833971703,0.25881341358555465,0.22144923004768224,0.21566481669663107,0.2015946220589384,0.1378097397013991,0.06433205659344954,0.021652466192449094,0.26389431720472123,3.0
0.23864613460486206,0.26584851090440087,0.2855467833971703,0.25881341358555465,0.22144923004768224,0.21566481669663107,0.2015946220589384,0.1378097397013991,0.06433205659344954,0.021652466192449094,-0.02978191198311575,0.3153286953802861,3.0
0.26584851090440087,0.2855467833971703,0.25881341358555465,0.22144923004768224,0.21566481669663107,0.2015946220589384,0.1378097397013991,0.06433205659344954,0.021652466192449094,-0.02978191198311575,-0.0940358008285781,0.3795825842257484,0.0
0.2855467833971703,0.25881341358555465,0.22144923004768224,0.21566481669663107,0.2015946220589384,0.1378097397013991,0.06433205659344954,0.021652466192449094,-0.02978191198311575,-0.0940358008285781,-0.19299616978034861,0.47854295317751894,0.0
0.25881341358555465,0.22144923004768224,0.21566481669663107,0.2015946220589384,0.1378097397013991,0.06433205659344954,0.021652466192449094,-0.02978191198311575,-0.0940358008285781,-0.19299616978034861,-0.3260376768545298,0.5848510904400844,0.0
0.22144923004768224,0.21566481669663107,0.2015946220589384,0.1378097397013991,0.06433205659344954,0.021652466192449094,-0.02978191198311575,-0.0940358008285781,-0.19299616978034861,-0.3260376768545298,-0.45032439615414677,0.671773626201829,0.0
0.21566481669663107,0.2015946220589384,0.1378097397013991,0.06433205659344954,0.021652466192449094,-0.02978191198311575,-0.0940358008285781,-0.19299616978034861,-0.3260376768545298,-0.45032439615414677,-0.5269287891815837,0.7425936058782148,0.0
0.2015946220589384,0.1378097397013991,0.06433205659344954,0.021652466192449094,-0.02978191198311575,-0.0940358008285781,-0.19299616978034861,-0.3260376768545298,-0.45032439615414677,-0.5269287891815837,-0.5947783944344563,0.7963730164933948,0.0
0.1378097397013991,0.06433205659344954,0.021652466192449094,-0.02978191198311575,-0.0940358008285781,-0.19299616978034861,-0.3260376768545298,-0.45032439615414677,-0.5269287891815837,-0.5947783944344563,-0.6951457828499961,0.8329555225513952,0.0
0.06433205659344954,0.021652466192449094,-0.02978191198311575,-0.0940358008285781,-0.19299616978034861,-0.3260376768545298,-0.45032439615414677,-0.5269287891815837,-0.5947783944344563,-0.6951457828499961,-0.7894160869225357,0.8537481435159853,0.0
0.021652466192449094,-0.02978191198311575,-0.0940358008285781,-0.19299616978034861,-0.3260376768545298,-0.45032439615414677,-0.5269287891815837,-0.5947783944344563,-0.6951457828499961,-0.7894160869225357,-0.8352223872430236,0.8568748534354726,0.0
-0.02978191198311575,-0.0940358008285781,-0.19299616978034861,-0.3260376768545298,-0.45032439615414677,-0.5269287891815837,-0.5947783944344563,-0.6951457828499961,-0.7894160869225357,-0.8352223872430236,-0.8713358868131009,0.8415539748299852,0.0
-0.0940358008285781,-0.19299616978034861,-0.3260376768545298,-0.45032439615414677,-0.5269287891815837,-0.5947783944344563,-0.6951457828499961,-0.7894160869225357,-0.8352223872430236,-0.8713358868131009,-0.9404361760337685,0.8464003752051904,0.0
-0.19299616978034861,-0.3260376768545298,-0.45032439615414677,-0.5269287891815837,-0.5947783944344563,-0.6951457828499961,-0.7894160869225357,-0.8352223872430236,-0.8713358868131009,-0.9404361760337685,-1.0,0.8070038302196514,0.0
-0.3260376768545298,-0.45032439615414677,-0.5269287891815837,-0.5947783944344563,-0.6951457828499961,-0.7894160869225357,-0.8352223872430236,-0.8713358868131009,-0.9404361760337685,-1.0,-1.0,0.6739623231454702,0.0
-0.45032439615414677,-0.5269287891815837,-0.5947783944344563,-0.6951457828499961,-0.7894160869225357,-0.8352223872430236,-0.8713358868131009,-0.9404361760337685,-1.0,-1.0,-1.0,0.5496756038458532,0.0
-0.5269287891815837,-0.5947783944344563,-0.6951457828499961,-0.7894160869225357,-0.8352223872430236,-0.8713358868131009,-0.9404361760337685,-1.0,-1.0,-1.0,-1.0,0.4730712108184163,0.0
-0.5947783944344563,-0.6951457828499961,-0.7894160869225357,-0.8352223872430236,-0.8713358868131009,-0.9404361760337685,-1.0,-1.0,-1.0,-1.0,-0.9567048393055042,0.40522160556554365,0.0
-0.6951457828499961,-0.7894160869225357,-0.8352223872430236,-0.8713358868131009,-0.9404361760337685,-1.0,-1.0,-1.0,-1.0,-0.9567048393055042,-0.9015884743258219,0.30485421715000394,0.0
-0.7894160869225357,-0.8352223872430236,-0.8713358868131009,-0.9404361760337685,-1.0,-1.0,-1.0,-1.0,-0.9567048393055042,-0.9015884743258219,-0.867306981898781,0.21058391307746427,0.0
-0.8352223872430236,-0.8713358868131009,-0.9404361760337685,-1.0,-1.0,-1.0,-1.0,-0.9567048393055042,-0.9015884743258219,-0.867306981898781,-0.7796823051348356,0.2203176948651644,2.0
-0.8713358868131009,-0.9404361760337685,-1.0,-1.0,-1.0,-1.0,-0.9567048393055042,-0.9015884743258219,-0.867306981898781,-0.7796823051348356,-0.7140746213520502,0.28592537864794976,2.0
-0.9404361760337685,-1.0,-1.0,-1.0,-1.0,-0.9567048393055042,-0.9015884743258219,-0.867306981898781,-0.7796823051348356,-0.7140746213520502,-0.6362024381233838,0.36379756187661616,2.0
-1.0,-1.0,-1.0,-1.0,-0.9567048393055042,-0.9015884743258219,-0.867306981898781,-0.7796823051348356,-0.7140746213520502,-0.6362024381233838,-0.5097155522718877,0.4902844477281123,2.0
-1.0,-1.0,-1.0,-0.9567048393055042,-0.9015884743258219,-0.867306981898781,-0.7796823051348356,-0.7140746213520502,-0.6362024381233838,-0.5097155522718877,-0.37066863686738083,0.6293313631326192,2.0
-1.0,-1.0,-0.9567048393055042,-0.9015884743258219,-0.867306981898781,-0.7796823051348356,-0.7140746213520502,-0.6362024381233838,-0.5097155522718877,-0.37066863686738083,-0.2577761359438493,0.7422238640561507,2.0
-1.0,-0.9567048393055042,-0.9015884743258219,-0.867306981898781,-0.7796823051348356,-0.7140746213520502,-0.6362024381233838,-0.5097155522718877,-0.37066863686738083,-0.2577761359438493,-0.1373476172885113,0.8626523827114887,2.0
-0.9567048393055042,-0.9015884743258219,-0.867306981898781,-0.7796823051348356,-0.7140746213520502,-0.6362024381233838,-0.5097155522718877,-0.37066863686738083,-0.2577761359438493,-0.1373476172885113,0.029626893239748764,0.986331732545253,2.0
-0.9015884743258219,-0.867306981898781,-0.7796823051348356,-0.7140746213520502,-0.6362024381233838,-0.5097155522718877,-0.37066863686738083,-0.2577761359438493,-0.1373476172885113,0.029626893239748764,0.20413742149981529,1.1057258958256373,2.0
-0.867306981898781,-0.7796823051348356,-0.7140746213520502,-0.6362024381233838,-0.5097155522718877,-0.37066863686738083,-0.2577761359438493,-0.1373476172885113,0.029626893239748764,0.20413742149981529,0.30121906169190993,1.168526043590691,2.0
-0.7796823051348356,-0.7140746213520502,-0.6362024381233838,-0.5097155522718877,-0.37066863686738083,-0.2577761359438493,-0.1373476172885113,0.029626893239748764,0.20413742149981529,0.30121906169190993,0.3912079793128924,1.170890284447728,2.0
-0.7140746213520502,-0.6362024381233838,-0.5097155522718877,-0.37066863686738083,-0.2577761359438493,-0.1373476172885113,0.029626893239748764,0.20413742149981529,0.30121906169190993,0.3912079793128924,0.5052826006649427,1.2193572220169928,2.0
-0.6362024381233838,-0.5097155522718877,-0.37066863686738083,-0.2577761359438493,-0.1373476172885113,0.029626893239748764,0.20413742149981529,0.30121906169190993,0.3912079793128924,0.5052826006649427,0.566605097894348,1.202807536017732,2.0
-0.5097155522718877,-0.37066863686738083,-0.2577761359438493,-0.1373476172885113,0.029626893239748764,0.20413742149981529,0.30121906169190993,0.3912079793128924,0.5052826006649427,0.566605097894348,0.6508311784263021,1.1605467306981898,2.0
-0.37066863686738083,-0.2577761359438493,-0.1373476172885113,0.029626893239748764,0.20413742149981529,0.30121906169190993,0.3912079793128924,0.5052826006649427,0.566605097894348,0.6508311784263021,0.7253047654229774,1.0959734022903582,2.0
-0.2577761359438493,-0.1373476172885113,0.029626893239748764,0.20413742149981529,0.30121906169190993,0.3912079793128924,0.5052826006649427,0.566605097894348,0.6508311784263021,0.7253047654229774,0.7527890653860363,1.0105652013298856,2.0
-0.1373476172885113,0.029626893239748764,0.20413742149981529,0.30121906169190993,0.3912079793128924,0.5052826006649427,0.566605097894348,0.6508311784263021,0.7253047654229774,0.7527890653860363,0.7681566309567787,0.90550424824529,2.0
0.029626893239748764,0.20413742149981529,0.30121906169190993,0.3912079793128924,0.5052826006649427,0.566605097894348,0.6508311784263021,0.7253047654229774,0.7527890653860363,0.7681566309567787,0.8073143701514591,0.7776874769117104,2.0
0.20413742149981529,0.30121906169190993,0.3912079793128924,0.5052826006649427,0.566605097894348,0.6508311784263021,0.7253047654229774,0.7527890653860363,0.7681566309567787,0.8073143701514591,0.8373106760251201,0.6331732545253048,2.0
0.30121906169190993,0.3912079793128924,0.5052826006649427,0.566605097894348,0.6508311784263021,0.7253047654229774,0.7527890653860363,0.7681566309567787,0.8073143701514591,0.8373106760251201,0.8213520502401181,0.5360916143332102,3.0
0.3912079793128924,0.5052826006649427,0.566605097894348,0.6508311784263021,0.7253047654229774,0.7527890653860363,0.7681566309567787,0.8073143701514591,0.8373106760251201,0.8213520502401181,0.7910602142593277,0.4461026967122277,3.0
0.5052826006649427,0.566605097894348,0.6508311784263021,0.7253047654229774,0.7527890653860363,0.7681566309567787,0.8073143701514591,0.8373106760251201,0.8213520502401181,0.7910602142593277,0.7884004432951608,0.3320280753601774,3.0
0.566605097894348,0.6508311784263021,0.7253047654229774,0.7527890653860363,0.7681566309567787,0.8073143701514591,0.8373106760251201,0.8213520502401181,0.7910602142593277,0.7884004432951608,0.7790912449205762,0.2707055781307721,3.0
0.6508311784263021,0.7253047654229774,0.7527890653860363,0.7681566309567787,0.8073143701514591,0.8373106760251201,0.8213520502401181,0.7910602142593277,0.7884004432951608,0.7790912449205762,0.8024381233838198,0.186479497598818,3.0
0.7253047654229774,0.7527890653860363,0.7681566309567787,0.8073143701514591,0.8373106760251201,0.8213520502401181,0.7910602142593277,0.7884004432951608,0.7790912449205762,0.8024381233838198,0.8219431104543775,0.11200591060214271,3.0
0.7527890653860363,0.7681566309567787,0.8073143701514591,0.8373106760251201,0.8213520502401181,0.7910602142593277,0.7884004432951608,0.7790912449205762,0.8024381233838198,0.8219431104543775,0.8405615072035464,0.0877724418175101,3.0
0.7681566309567787,0.8073143701514591,0.8373106760251201,0.8213520502401181,0.7910602142593277,0.7884004432951608,0.7790912449205762,0.8024381233838198,0.8219431104543775,0.8405615072035464,0.8563723679349833,0.08821573697820462,3.0
0.8073143701514591,0.8373106760251201,0.8213520502401181,0.7910602142593277,0.7884004432951608,0.7790912449205762,0.8024381233838198,0.8219431104543775,0.8405615072035464,0.8563723679349833,0.8681935722201699,0.08910232729959366,3.0
0.8373106760251201,0.8213520502401181,0.7910602142593277,0.7884004432951608,0.7790912449205762,0.8024381233838198,0.8219431104543775,0.8405615072035464,0.8563723679349833,0.8681935722201699,0.8785371259697081,0.09944588104913188,3.0
0.8213520502401181,0.7910602142593277,0.7884004432951608,0.7790912449205762,0.8024381233838198,0.8219431104543775,0.8405615072035464,0.8563723679349833,0.8681935722201699,0.8785371259697081,0.8906538603620244,0.11156261544144819,3.0
0.7910602142593277,0.7884004432951608,0.7790912449205762,0.8024381233838198,0.8219431104543775,0.8405615072035464,0.8563723679349833,0.8681935722201699,0.8785371259697081,0.8906538603620244,0.9030661248614702,0.12397487994089396,3.0
0.7884004432951608,0.7790912449205762,0.8024381233838198,0.8219431104543775,0.8405615072035464,0.8563723679349833,0.8681935722201699,0.8785371259697081,0.8906538603620244,0.9030661248614702,0.9162172146287404,0.13712596970816415,3.0
0.7790912449205762,0.8024381233838198,0.8219431104543775,0.8405615072035464,0.8563723679349833,0.8681935722201699,0.8785371259697081,0.8906538603620244,0.9030661248614702,0.9162172146287404,0.9324713705208718,0.15338012560029557,3.0
0.8024381233838198,0.8219431104543775,0.8405615072035464,0.8563723679349833,0.8681935722201699,0.8785371259697081,0.8906538603620244,0.9030661248614702,0.9162172146287404,0.9324713705208718,0.9116364979682305,0.130033247137052,3.0
0.8219431104543775,0.8405615072035464,0.8563723679349833,0.8681935722201699,0.8785371259697081,0.8906538603620244,0.9030661248614702,0.9162172146287404,0.9324713705208718,0.9116364979682305,0.8903583302548947,0.1105282600664943,3.0
0.8405615072035464,0.8563723679349833,0.8681935722201699,0.8785371259697081,0.8906538603620244,0.9030661248614702,0.9162172146287404,0.9324713705208718,0.9116364979682305,0.8903583302548947,0.833912079793129,0.09855929072774283,3.0
0.8563723679349833,0.8681935722201699,0.8785371259697081,0.8906538603620244,0.9030661248614702,0.9162172146287404,0.9324713705208718,0.9116364979682305,0.8903583302548947,0.833912079793129,0.7808644255633543,0.15160694495751748,3.0
0.8681935722201699,0.8785371259697081,0.8906538603620244,0.9030661248614702,0.9162172146287404,0.9324713705208718,0.9116364979682305,0.8903583302548947,0.833912079793129,0.7808644255633543,0.7285555966014037,0.20391577391946814,3.0
0.8785371259697081,0.8906538603620244,0.9030661248614702,0.9162172146287404,0.9324713705208718,0.9116364979682305,0.8903583302548947,0.833912079793129,0.7808644255633543,0.7285555966014037,0.6769855929072774,0.25548577761359437,3.0
0.8906538603620244,0.9030661248614702,0.9162172146287404,0.9324713705208718,0.9116364979682305,0.8903583302548947,0.833912079793129,0.7808644255633543,0.7285555966014037,0.6769855929072774,0.6267454746952346,0.30572589582563725,3.0
0.9030661248614702,0.9162172146287404,0.9324713705208718,0.9116364979682305,0.8903583302548947,0.833912079793129,0.7808644255633543,0.7285555966014037,0.6769855929072774,0.6267454746952346,0.5784263021795346,0.3540450683413372,3.0
0.9162172146287404,0.9324713705208718,0.9116364979682305,0.8903583302548947,0.833912079793129,0.7808644255633543,0.7285555966014037,0.6769855929072774,0.6267454746952346,0.5784263021795346,0.5301071296638344,0.40236424085703737,3.0
0.9324713705208718,0.9116364979682305,0.8903583302548947,0.833912079793129,0.7808644255633543,0.7285555966014037,0.6769855929072774,0.6267454746952346,0.5784263021795346,0.5301071296638344,0.4828223125230884,0.44964905799778343,3.0
0.9116364979682305,0.8903583302548947,0.833912079793129,0.7808644255633543,0.7285555966014037,0.6769855929072774,0.6267454746952346,0.5784263021795346,0.5301071296638344,0.4828223125230884,0.43494643516808273,0.4766900628001478,3.0
0.8903583302548947,0.833912079793129,0.7808644255633543,0.7285555966014037,0.6769855929072774,0.6267454746952346,0.5784263021795346,0.5301071296638344,0.4828223125230884,0.43494643516808273,0.38721832286664193,0.5031400073882528,3.0
0.833912079793129,0.7808644255633543,0.7285555966014037,0.6769855929072774,0.6267454746952346,0.5784263021795346,0.5301071296638344,0.4828223125230884,0.43494643516808273,0.38721832286664193,0.37731806427779824,0.45659401551533074,3.0
0.7808644255633543,0.7285555966014037,0.6769855929072774,0.6267454746952346,0.5784263021795346,0.5301071296638344,0.4828223125230884,0.43494643516808273,0.38721832286664193,0.37731806427779824,0.36815663095677875,0.4127077946065756,3.0
0.7285555966014037,0.6769855929072774,0.6267454746952346,0.5784263021795346,0.5301071296638344,0.4828223125230884,0.43494643516808273,0.38721832286664193,0.37731806427779824,0.36815663095677875,0.3592907277428887,0.36926486885851495,3.0
0.6769855929072774,0.6267454746952346,0.5784263021795346,0.5301071296638344,0.4828223125230884,0.43494643516808273,0.38721832286664193,0.37731806427779824,0.36815663095677875,0.3592907277428887,0.3514591799039528,0.32552641300332463,3.0
0.6267454746952346,0.5784263021795346,0.5301071296638344,0.4828223125230884,0.43494643516808273,0.38721832286664193,0.37731806427779824,0.36815663095677875,0.3592907277428887,0.3514591799039528,0.3437753971185815,0.28297007757665305,3.0
0.5784263021795346,0.5301071296638344,0.4828223125230884,0.43494643516808273,0.38721832286664193,0.37731806427779824,0.36815663095677875,0.3592907277428887,0.3514591799039528,0.3437753971185815,0.3359438492796454,0.24248245289988923,3.0
0.5301071296638344,0.4828223125230884,0.43494643516808273,0.38721832286664193,0.37731806427779824,0.36815663095677875,0.3592907277428887,0.3514591799039528,0.3437753971185815,0.3359438492796454,0.32885112670853345,0.201256002955301,3.0
0.4828223125230884,0.43494643516808273,0.38721832286664193,0.37731806427779824,0.36815663095677875,0.3592907277428887,0.3514591799039528,0.3437753971185815,0.3359438492796454,0.32885112670853345,0.3217584041374215,0.16106390838566687,3.0
0.43494643516808273,0.38721832286664193,0.37731806427779824,0.36815663095677875,0.3592907277428887,0.3514591799039528,0.3437753971185815,0.3359438492796454,0.32885112670853345,0.3217584041374215,0.3154045068341338,0.11954192833394894,3.0
0.38721832286664193,0.37731806427779824,0.36815663095677875,0.3592907277428887,0.3514591799039528,0.3437753971185815,0.3359438492796454,0.32885112670853345,0.3217584041374215,0.3154045068341338,0.30831178426302186,0.07890653860362007,3.0
0.37731806427779824,0.36815663095677875,0.3592907277428887,0.3514591799039528,0.3437753971185815,0.3359438492796454,0.32885112670853345,0.3217584041374215,0.3154045068341338,0.30831178426302186,0.30121906169190993,0.07609900258588831,3.0
0.36815663095677875,0.3592907277428887,0.3514591799039528,0.3437753971185815,0.3359438492796454,0.32885112670853345,0.3217584041374215,0.3154045068341338,0.30831178426302186,0.30121906169190993,0.294126339120798,0.07403029183598075,3.0
0.3592907277428887,0.3514591799039528,0.3437753971185815,0.3359438492796454,0.32885112670853345,0.3217584041374215,0.3154045068341338,0.30831178426302186,0.30121906169190993,0.294126339120798,0.2879202068710749,0.07137052087181384,3.0
0.3514591799039528,0.3437753971185815,0.3359438492796454,0.32885112670853345,0.3217584041374215,0.3154045068341338,0.30831178426302186,0.30121906169190993,0.294126339120798,0.2879202068710749,0.281714074621352,0.0697451052826008,3.0
0.3437753971185815,0.3359438492796454,0.32885112670853345,0.3217584041374215,0.3154045068341338,0.30831178426302186,0.30121906169190993,0.294126339120798,0.2879202068710749,0.281714074621352,0.27595123753232365,0.06782415958625787,3.0
0.3359438492796454,0.32885112670853345,0.3217584041374215,0.3154045068341338,0.30831178426302186,0.30121906169190993,0.294126339120798,0.2879202068710749,0.281714074621352,0.27595123753232365,0.27018840044329506,0.06575544883635032,3.0
0.32885112670853345,0.3217584041374215,0.3154045068341338,0.30831178426302186,0.30121906169190993,0.294126339120798,0.2879202068710749,0.281714074621352,0.27595123753232365,0.27018840044329506,0.2648688585149612,0.06398226819357222,3.0
0.3217584041374215,0.3154045068341338,0.30831178426302186,0.30121906169190993,0.294126339120798,0.2879202068710749,0.281714074621352,0.27595123753232365,0.27018840044329506,0.2648688585149612,0.26058367196158105,0.06117473217584046,3.0
0.3154045068341338,0.30831178426302186,0.30121906169190993,0.294126339120798,0.2879202068710749,0.281714074621352,0.27595123753232365,0.27018840044329506,0.2648688585149612,0.26058367196158105,0.2570373106760251,0.0583671961581087,3.0
0.30831178426302186,0.30121906169190993,0.294126339120798,0.2879202068710749,0.281714074621352,0.27595123753232365,0.27018840044329506,0.2648688585149612,0.26058367196158105,0.2570373106760251,0.2533431843369043,0.05496859992611758,3.0
0.30121906169190993,0.294126339120798,0.2879202068710749,0.281714074621352,0.27595123753232365,0.27018840044329506,0.2648688585149612,0.26058367196158105,0.2570373106760251,0.2533431843369043,0.2794975988178796,0.04787587735500565,3.0
0.294126339120798,0.2879202068710749,0.281714074621352,0.27595123753232365,0.27018840044329506,0.2648688585149612,0.26058367196158105,0.2570373106760251,0.2533431843369043,0.2794975988178796,0.2963428149242704,0.04299963058736611,3.0
0.2879202068710749,0.281714074621352,0.27595123753232365,0.27018840044329506,0.2648688585149612,0.26058367196158105,0.2570373106760251,0.2533431843369043,0.2794975988178796,0.2963428149242704,0.26575544883635027,0.04299963058736611,3.0
0.281714074621352,0.27595123753232365,0.27018840044329506,0.2648688585149612,0.26058367196158105,0.2570373106760251,0.2533431843369043,0.2794975988178796,0.2963428149242704,0.26575544883635027,0.2622090875507943,0.04299963058736611,3.0
0.27595123753232365,0.27018840044329506,0.2648688585149612,0.26058367196158105,0.2570373106760251,0.2533431843369043,0.2794975988178796,0.2963428149242704,0.26575544883635027,0.2622090875507943,0.25024011821204284,0.04610269671222755,3.0
0.27018840044329506,0.2648688585149612,0.26058367196158105,0.2570373106760251,0.2533431843369043,0.2794975988178796,0.2963428149242704,0.26575544883635027,0.2622090875507943,0.25024011821204284,0.2320650166235685,0.0642777983007019,3.0
0.2648688585149612,0.26058367196158105,0.2570373106760251,0.2533431843369043,0.2794975988178796,0.2963428149242704,0.26575544883635027,0.2622090875507943,0.25024011821204284,0.2320650166235685,0.16645733284078323,0.12988548208348716,3.0
0.26058367196158105,0.2570373106760251,0.2533431843369043,0.2794975988178796,0.2963428149242704,0.26575544883635027,0.2622090875507943,0.25024011821204284,0.2320650166235685,0.16645733284078323,0.0921315108976728,0.2042113040265976,3.0
0.2570373106760251,0.2533431843369043,0.2794975988178796,0.2963428149242704,0.26575544883635027,0.2622090875507943,0.25024011821204284,0.2320650166235685,0.16645733284078323,0.0921315108976728,0.04706316956039891,0.24927964536387148,3.0
0.2533431843369043,0.2794975988178796,0.2963428149242704,0.26575544883635027,0.2622090875507943,0.25024011821204284,0.2320650166235685,0.16645733284078323,0.0921315108976728,0.04706316956039891,-0.005984484669375734,0.3023272995936461,3.0
0.2794975988178796,0.2963428149242704,0.26575544883635027,0.2622090875507943,0.25024011821204284,0.2320650166235685,0.16645733284078323,0.0921315108976728,0.04706316956039891,-0.005984484669375734,-0.10336165496859995,0.39970446989287034,0.0
0.2963428149242704,0.26575544883635027,0.2622090875507943,0.25024011821204284,0.2320650166235685,0.16645733284078323,0.0921315108976728,0.04706316956039891,-0.005984484669375734,-0.10336165496859995,-0.2016254155892131,0.4979682305134835,0.0
0.26575544883635027,0.2622090875507943,0.25024011821204284,0.2320650166235685,0.16645733284078323,0.0921315108976728,0.04706316956039891,-0.005984484669375734,-0.10336165496859995,-0.2016254155892131,-0.3346139637975619,0.6003694126339122,0.0
0.2622090875507943,0.25024011821204284,0.2320650166235685,0.16645733284078323,0.0921315108976728,0.04706316956039891,-0.005984484669375734,-0.10336165496859995,-0.2016254155892131,-0.3346139637975619,-0.4594754340598448,0.7216845216106391,0.0
0.25024011821204284,0.2320650166235685,0.16645733284078323,0.0921315108976728,0.04706316956039891,-0.005984484669375734,-0.10336165496859995,-0.2016254155892131,-0.3346139637975619,-0.4594754340598448,-0.5388252678241596,0.7890653860362025,0.0
0.2320650166235685,0.16645733284078323,0.0921315108976728,0.04706316956039891,-0.005984484669375734,-0.10336165496859995,-0.2016254155892131,-0.3346139637975619,-0.4594754340598448,-0.5388252678241596,-0.6483191725157,0.8803841891392685,0.0
0.16645733284078323,0.0921315108976728,0.04706316956039891,-0.005984484669375734,-0.10336165496859995,-0.2016254155892131,-0.3346139637975619,-0.4594754340598448,-0.5388252678241596,-0.6483191725157,-0.751163649796823,0.9176209826376063,0.0
0.0921315108976728,0.04706316956039891,-0.005984484669375734,-0.10336165496859995,-0.2016254155892131,-0.3346139637975619,-0.4594754340598448,-0.5388252678241596,-0.6483191725157,-0.751163649796823,-0.811895086811969,0.9040265977096418,0.0
0.04706316956039891,-0.005984484669375734,-0.10336165496859995,-0.2016254155892131,-0.3346139637975619,-0.4594754340598448,-0.5388252678241596,-0.6483191725157,-0.751163649796823,-0.811895086811969,-0.8269671222755819,0.8740302918359808,0.0
-0.005984484669375734,-0.10336165496859995,-0.2016254155892131,-0.3346139637975619,-0.4594754340598448,-0.5388252678241596,-0.6483191725157,-0.751163649796823,-0.811895086811969,-0.8269671222755819,-0.8325734359817625,0.8265889513123867,0.0
-0.10336165496859995,-0.2016254155892131,-0.3346139637975619,-0.4594754340598448,-0.5388252678241596,-0.6483191725157,-0.751163649796823,-0.811895086811969,-0.8269671222755819,-0.8325734359817625,-0.8648111332007953,0.7614494782321953,0.0
-0.2016254155892131,-0.3346139637975619,-0.4594754340598448,-0.5388252678241596,-0.6483191725157,-0.751163649796823,-0.811895086811969,-0.8269671222755819,-0.8325734359817625,-0.8648111332007953,-0.8950909925064995,0.6934655769172864,0.0
-0.3346139637975619,-0.4594754340598448,-0.5388252678241596,-0.6483191725157,-0.751163649796823,-0.811895086811969,-0.8269671222755819,-0.8325734359817625,-0.8648111332007953,-0.8950909925064995,-0.8807157057654076,0.5604770287089376,0.0
-0.4594754340598448,-0.5388252678241596,-0.6483191725157,-0.751163649796823,-0.811895086811969,-0.8269671222755819,-0.8325734359817625,-0.8648111332007953,-0.8950909925064995,-0.8807157057654076,-0.89738492124178,0.43790948718193523,0.0
-0.5388252678241596,-0.6483191725157,-0.751163649796823,-0.811895086811969,-0.8269671222755819,-0.8325734359817625,-0.8648111332007953,-0.8950909925064995,-0.8807157057654076,-0.89738492124178,-0.8966202783300199,0.3585596534176204,0.0
-0.6483191725157,-0.751163649796823,-0.811895086811969,-0.8269671222755819,-0.8325734359817625,-0.8648111332007953,-0.8950909925064995,-0.8807157057654076,-0.89738492124178,-0.8966202783300199,-0.8348371310597951,0.24906574872608,0.0
-0.751163649796823,-0.811895086811969,-0.8269671222755819,-0.8325734359817625,-0.8648111332007953,-0.8950909925064995,-0.8807157057654076,-0.89738492124178,-0.8966202783300199,-0.8348371310597951,-0.7904878421777031,0.146221271444957,0.0
-0.811895086811969,-0.8269671222755819,-0.8325734359817625,-0.8648111332007953,-0.8950909925064995,-0.8807157057654076,-0.89738492124178,-0.8966202783300199,-0.8348371310597951,-0.7904878421777031,-0.6849671203547942,0.2124178008869858,2.0
-0.8269671222755819,-0.8325734359817625,-0.8648111332007953,-0.8950909925064995,-0.8807157057654076,-0.89738492124178,-0.8966202783300199,-0.8348371310597951,-0.7904878421777031,-0.6849671203547942,-0.5996329714023552,0.2977519498394249,2.0
-0.8325734359817625,-0.8648111332007953,-0.8950909925064995,-0.8807157057654076,-0.89738492124178,-0.8966202783300199,-0.8348371310597951,-0.7904878421777031,-0.6849671203547942,-0.5996329714023552,-0.49564153540296685,0.4017433858388132,2.0
-0.8648111332007953,-0.8950909925064995,-0.8807157057654076,-0.89738492124178,-0.8966202783300199,-0.8348371310597951,-0.7904878421777031,-0.6849671203547942,-0.5996329714023552,-0.49564153540296685,-0.37758066982719074,0.5198042514145893,2.0
-0.8950909925064995,-0.8807157057654076,-0.89738492124178,-0.8966202783300199,-0.8348371310597951,-0.7904878421777031,-0.6849671203547942,-0.5996329714023552,-0.49564153540296685,-0.37758066982719074,-0.28536473466890966,0.6120201865728704,2.0
-0.8807157057654076,-0.89738492124178,-0.8966202783300199,-0.8348371310597951,-0.7904878421777031,-0.6849671203547942,-0.5996329714023552,-0.49564153540296685,-0.37758066982719074,-0.28536473466890966,-0.18550237039302642,0.7118825508487536,2.0
-0.89738492124178,-0.8966202783300199,-0.8348371310597951,-0.7904878421777031,-0.6849671203547942,-0.5996329714023552,-0.49564153540296685,-0.37758066982719074,-0.28536473466890966,-0.18550237039302642,-0.03547943110567364,0.8619054901361064,2.0
-0.8966202783300199,-0.8348371310597951,-0.7904878421777031,-0.6849671203547942,-0.5996329714023552,-0.49564153540296685,-0.37758066982719074,-0.28536473466890966,-0.18550237039302642,-0.03547943110567364,0.11989600856400062,1.0165162868940205,2.0
-0.8348371310597951,-0.7904878421777031,-0.6849671203547942,-0.5996329714023552,-0.49564153540296685,-0.37758066982719074,-0.28536473466890966,-0.18550237039302642,-0.03547943110567364,0.11989600856400062,0.3105979507569965,1.1454350818167915,2.0
-0.7904878421777031,-0.6849671203547942,-0.5996329714023552,-0.49564153540296685,-0.37758066982719074,-0.28536473466890966,-0.18550237039302642,-0.03547943110567364,0.11989600856400062,0.3105979507569965,0.49319467808533424,1.2836825202630373,2.0
-0.6849671203547942,-0.5996329714023552,-0.49564153540296685,-0.37758066982719074,-0.28536473466890966,-0.18550237039302642,-0.03547943110567364,0.11989600856400062,0.3105979507569965,0.49319467808533424,0.5835754702553908,1.268542590610185,2.0
-0.5996329714023552,-0.49564153540296685,-0.37758066982719074,-0.28536473466890966,-0.18550237039302642,-0.03547943110567364,0.11989600856400062,0.3105979507569965,0.49319467808533424,0.5835754702553908,0.6990365499311821,1.2986695213335373,2.0
-0.49564153540296685,-0.37758066982719074,-0.28536473466890966,-0.18550237039302642,-0.03547943110567364,0.11989600856400062,0.3105979507569965,0.49319467808533424,0.5835754702553908,0.6990365499311821,0.7621960544425752,1.257837589845542,2.0
-0.37758066982719074,-0.28536473466890966,-0.18550237039302642,-0.03547943110567364,0.11989600856400062,0.3105979507569965,0.49319467808533424,0.5835754702553908,0.6990365499311821,0.7621960544425752,0.8924912066065147,1.2700718764337053,2.0
-0.28536473466890966,-0.18550237039302642,-0.03547943110567364,0.11989600856400062,0.3105979507569965,0.49319467808533424,0.5835754702553908,0.6990365499311821,0.7621960544425752,0.8924912066065147,0.9736962838354488,1.2590610185043585,2.0
-0.18550237039302642,-0.03547943110567364,0.11989600856400062,0.3105979507569965,0.49319467808533424,0.5835754702553908,0.6990365499311821,0.7621960544425752,0.8924912066065147,0.9736962838354488,1.0,1.1855023703930265,2.0
-0.03547943110567364,0.11989600856400062,0.3105979507569965,0.49319467808533424,0.5835754702553908,0.6990365499311821,0.7621960544425752,0.8924912066065147,0.9736962838354488,1.0,1.0,1.0354794311056736,2.0
0.11989600856400062,0.3105979507569965,0.49319467808533424,0.5835754702553908,0.6990365499311821,0.7621960544425752,0.8924912066065147,0.9736962838354488,1.0,1.0,1.0,0.8801039914359994,2.0
0.3105979507569965,0.49319467808533424,0.5835754702553908,0.6990365499311821,0.7621960544425752,0.8924912066065147,0.9736962838354488,1.0,1.0,1.0,1.0,0.6894020492430035,2.0
0.49319467808533424,0.5835754702553908,0.6990365499311821,0.7621960544425752,0.8924912066065147,0.9736962838354488,1.0,1.0,1.0,1.0,1.0,0.5068053219146658,3.0
0.5835754702553908,0.6990365499311821,0.7621960544425752,0.8924912066065147,0.9736962838354488,1.0,1.0,1.0,1.0,1.0,1.0,0.4164245297446092,3.0
0.6990365499311821,0.7621960544425752,0.8924912066065147,0.9736962838354488,1.0,1.0,1.0,1.0,1.0,1.0,1.0,0.30096345006881786,3.0
0.7621960544425752,0.8924912066065147,0.9736962838354488,1.0,1.0,1.0,1.0,1.0,1.0,1.0,1.0,0.2378039455574248,3.0
0.8924912066065147,0.9736962838354488,1.0,1.0,1.0,1.0,1.0,1.0,1.0,1.0,1.0,0.10750879339348529,3.0
0.9736962838354488,1.0,1.0,1.0,1.0,1.0,1.0,1.0,1.0,1.0,1.0,0.026303716164551183,3.0
1.0,1.0,1.0,1.0,1.0,1.0,1.0,1.0,1.0,1.0,1.0,0.0,3.0
1.0,1.0,1.0,1.0,1.0,1.0,1.0,1.0,1.0,1.0,0.9975294117647058,0.0024705882352942243,3.0
1.0,1.0,1.0,1.0,1.0,1.0,1.0,1.0,1.0,0.9975294117647058,0.9888235294117647,0.011176470588235343,3.0
1.0,1.0,1.0,1.0,1.0,1.0,1.0,1.0,0.9975294117647058,0.9888235294117647,0.9443529411764706,0.05564705882352938,3.0
1.0,1.0,1.0,1.0,1.0,1.0,1.0,0.9975294117647058,0.9888235294117647,0.9443529411764706,0.895764705882353,0.10423529411764698,3.0
1.0,1.0,1.0,1.0,1.0,1.0,0.9975294117647058,0.9888235294117647,0.9443529411764706,0.895764705882353,0.8435294117647059,0.15647058823529414,3.0
1.0,1.0,1.0,1.0,1.0,0.9975294117647058,0.9888235294117647,0.9443529411764706,0.895764705882353,0.8435294117647059,0.7897647058823529,0.21023529411764708,3.0
1.0,1.0,1.0,1.0,0.9975294117647058,0.9888235294117647,0.9443529411764706,0.895764705882353,0.8435294117647059,0.7897647058823529,0.7352941176470589,0.2647058823529411,3.0
1.0,1.0,1.0,0.9975294117647058,0.9888235294117647,0.9443529411764706,0.895764705882353,0.8435294117647059,0.7897647058823529,0.7352941176470589,0.6814117647058824,0.3185882352941176,3.0
1.0,1.0,0.9975294117647058,0.9888235294117647,0.9443529411764706,0.895764705882353,0.8435294117647059,0.7897647058823529,0.7352941176470589,0.6814117647058824,0.6294117647058823,0.37058823529411766,3.0
1.0,0.9975294117647058,0.9888235294117647,0.9443529411764706,0.895764705882353,0.8435294117647059,0.7897647058823529,0.7352941176470589,0.6814117647058824,0.6294117647058823,0.5772941176470587,0.42270588235294126,3.0
0.9975294117647058,0.9888235294117647,0.9443529411764706,0.895764705882353,0.8435294117647059,0.7897647058823529,0.7352941176470589,0.6814117647058824,0.6294117647058823,0.5772941176470587,0.5555294117647058,0.44199999999999995,3.0
0.9888235294117647,0.9443529411764706,0.895764705882353,0.8435294117647059,0.7897647058823529,0.7352941176470589,0.6814117647058824,0.6294117647058823,0.5772941176470587,0.5555294117647058,0.5334117647058823,0.4554117647058824,3.0
0.9443529411764706,0.895764705882353,0.8435294117647059,0.7897647058823529,0.7352941176470589,0.6814117647058824,0.6294117647058823,0.5772941176470587,0.5555294117647058,0.5334117647058823,0.5111764705882353,0.4331764705882353,3.0
0.895764705882353,0.8435294117647059,0.7897647058823529,0.7352941176470589,0.6814117647058824,0.6294117647058823,0.5772941176470587,0.5555294117647058,0.5334117647058823,0.5111764705882353,0.4902352941176471,0.4055294117647059,3.0
0.8435294117647059,0.7897647058823529,0.7352941176470589,0.6814117647058824,0.6294117647058823,0.5772941176470587,0.5555294117647058,0.5334117647058823,0.5111764705882353,0.4902352941176471,0.5009411764705882,0.35329411764705876,3.0
0.7897647058823529,0.7352941176470589,0.6814117647058824,0.6294117647058823,0.5772941176470587,0.5555294117647058,0.5334117647058823,0.5111764705882353,0.4902352941176471,0.5009411764705882,0.5115294117647058,0.2995294117647058,3.0
0.7352941176470589,0.6814117647058824,0.6294117647058823,0.5772941176470587,0.5555294117647058,0.5334117647058823,0.5111764705882353,0.4902352941176471,0.5009411764705882,0.5115294117647058,0.5256470588235294,0.24505882352941177,3.0
0.6814117647058824,0.6294117647058823,0.5772941176470587,0.5555294117647058,0.5334117647058823,0.5111764705882353,0.4902352941176471,0.5009411764705882,0.5115294117647058,0.5256470588235294,0.5421176470588236,0.19117647058823528,3.0
0.6294117647058823,0.5772941176470587,0.5555294117647058,0.5334117647058823,0.5111764705882353,0.4902352941176471,0.5009411764705882,0.5115294117647058,0.5256470588235294,0.5421176470588236,0.5591764705882354,0.13917647058823523,3.0
0.5772941176470587,0.5555294117647058,0.5334117647058823,0.5111764705882353,0.4902352941176471,0.5009411764705882,0.5115294117647058,0.5256470588235294,0.5421176470588236,0.5591764705882354,0.5758823529411765,0.08705882352941163,3.0
0.5555294117647058,0.5334117647058823,0.5111764705882353,0.4902352941176471,0.5009411764705882,0.5115294117647058,0.5256470588235294,0.5421176470588236,0.5591764705882354,0.5758823529411765,0.5923529411764705,0.10211764705882342,3.0
0.5334117647058823,0.5111764705882353,0.4902352941176471,0.5009411764705882,0.5115294117647058,0.5256470588235294,0.5421176470588236,0.5591764705882354,0.5758823529411765,0.5923529411764705,0.6090588235294119,0.11882352941176477,3.0
0.5111764705882353,0.4902352941176471,0.5009411764705882,0.5115294117647058,0.5256470588235294,0.5421176470588236,0.5591764705882354,0.5758823529411765,0.5923529411764705,0.6090588235294119,0.5960000000000001,0.11882352941176477,3.0
0.4902352941176471,0.5009411764705882,0.5115294117647058,0.5256470588235294,0.5421176470588236,0.5591764705882354,0.5758823529411765,0.5923529411764705,0.6090588235294119,0.5960000000000001,0.5834117647058823,0.11882352941176477,3.0
0.5009411764705882,0.5115294117647058,0.5256470588235294,0.5421176470588236,0.5591764705882354,0.5758823529411765,0.5923529411764705,0.6090588235294119,0.5960000000000001,0.5834117647058823,0.5415294117647058,0.10811764705882365,3.0
0.5115294117647058,0.5256470588235294,0.5421176470588236,0.5591764705882354,0.5758823529411765,0.5923529411764705,0.6090588235294119,0.5960000000000001,0.5834117647058823,0.5415294117647058,0.5,0.10905882352941187,3.0
0.5256470588235294,0.5421176470588236,0.5591764705882354,0.5758823529411765,0.5923529411764705,0.6090588235294119,0.5960000000000001,0.5834117647058823,0.5415294117647058,0.5,0.4589411764705882,0.1501176470588237,3.0
0.5421176470588236,0.5591764705882354,0.5758823529411765,0.5923529411764705,0.6090588235294119,0.5960000000000001,0.5834117647058823,0.5415294117647058,0.5,0.4589411764705882,0.42070588235294126,0.1883529411764706,3.0
0.5591764705882354,0.5758823529411765,0.5923529411764705,0.6090588235294119,0.5960000000000001,0.5834117647058823,0.5415294117647058,0.5,0.4589411764705882,0.42070588235294126,0.3706829472676123,0.23837587626179957,3.0
0.5758823529411765,0.5923529411764705,0.6090588235294119,0.5960000000000001,0.5834117647058823,0.5415294117647058,0.5,0.4589411764705882,0.42070588235294126,0.3706829472676123,0.315048365372842,0.2940104581565699,3.0
0.5923529411764705,0.6090588235294119,0.5960000000000001,0.5834117647058823,0.5415294117647058,0.5,0.4589411764705882,0.42070588235294126,0.3706829472676123,0.315048365372842,0.27356237369097913,0.33549644983843274,3.0
0.6090588235294119,0.5960000000000001,0.5834117647058823,0.5415294117647058,0.5,0.4589411764705882,0.42070588235294126,0.3706829472676123,0.315048365372842,0.27356237369097913,0.23302100557290717,0.3760378179565047,3.0
0.5960000000000001,0.5834117647058823,0.5415294117647058,0.5,0.4589411764705882,0.42070588235294126,0.3706829472676123,0.315048365372842,0.27356237369097913,0.23302100557290717,0.19272460040418893,0.40327539959581116,3.0
0.5834117647058823,0.5415294117647058,0.5,0.4589411764705882,0.42070588235294126,0.3706829472676123,0.315048365372842,0.27356237369097913,0.23302100557290717,0.19272460040418893,0.15377549145691716,0.42963627324896514,3.0
0.5415294117647058,0.5,0.4589411764705882,0.42070588235294126,0.3706829472676123,0.315048365372842,0.27356237369097913,0.23302100557290717,0.19272460040418893,0.15377549145691716,0.1143364566109375,0.4271929551537683,3.0
0.5,0.4589411764705882,0.42070588235294126,0.3706829472676123,0.315048365372842,0.27356237369097913,0.23302100557290717,0.19272460040418893,0.15377549145691716,0.1143364566109375,0.07612223651172756,0.42387776348827244,3.0
0.4589411764705882,0.42070588235294126,0.3706829472676123,0.315048365372842,0.27356237369097913,0.23302100557290717,0.19272460040418893,0.15377549145691716,0.1143364566109375,0.07612223651172756,0.06950823687917196,0.3894329395914162,3.0
0.42070588235294126,0.3706829472676123,0.315048365372842,0.27356237369097913,0.23302100557290717,0.19272460040418893,0.15377549145691716,0.1143364566109375,0.07612223651172756,0.06950823687917196,0.06289423724661636,0.3578116451063249,3.0
0.3706829472676123,0.315048365372842,0.27356237369097913,0.23302100557290717,0.19272460040418893,0.15377549145691716,0.1143364566109375,0.07612223651172756,0.06950823687917196,0.06289423724661636,0.0565252005634147,0.3141577467041976,3.0
0.315048365372842,0.27356237369097913,0.23302100557290717,0.19272460040418893,0.15377549145691716,0.1143364566109375,0.07612223651172756,0.06950823687917196,0.06289423724661636,0.0565252005634147,0.0499112009308591,0.2651371644419829,3.0
0.27356237369097913,0.23302100557290717,0.19272460040418893,0.15377549145691716,0.1143364566109375,0.07612223651172756,0.06950823687917196,0.06289423724661636,0.0565252005634147,0.0499112009308591,0.04378712719701139,0.22977524649396774,3.0
0.23302100557290717,0.19272460040418893,0.15377549145691716,0.1143364566109375,0.07612223651172756,0.06950823687917196,0.06289423724661636,0.0565252005634147,0.0499112009308591,0.04378712719701139,0.03803049788719459,0.19499050768571258,3.0
0.19272460040418893,0.15377549145691716,0.1143364566109375,0.07612223651172756,0.06950823687917196,0.06289423724661636,0.0565252005634147,0.0499112009308591,0.04378712719701139,0.03803049788719459,0.033008757425439406,0.15971584297874952,3.0
0.15377549145691716,0.1143364566109375,0.07612223651172756,0.06950823687917196,0.06289423724661636,0.0565252005634147,0.0499112009308591,0.04378712719701139,0.03803049788719459,0.033008757425439406,0.02859942433706908,0.12517606711984808,3.0
0.1143364566109375,0.07612223651172756,0.06950823687917196,0.06289423724661636,0.0565252005634147,0.0499112009308591,0.04378712719701139,0.03803049788719459,0.033008757425439406,0.02859942433706908,0.02406760977402178,0.09026884683691572,3.0
0.07612223651172756,0.06950823687917196,0.06289423724661636,0.0565252005634147,0.0499112009308591,0.04378712719701139,0.03803049788719459,0.033008757425439406,0.02859942433706908,0.02406760977402178,0.019168350786943567,0.05695388572478399,3.0
0.06950823687917196,0.06289423724661636,0.0565252005634147,0.0499112009308591,0.04378712719701139,0.03803049788719459,0.033008757425439406,0.02859942433706908,0.02406760977402178,0.019168350786943567,0.016106313920019488,0.05340192295915247,3.0
0.06289423724661636,0.0565252005634147,0.0499112009308591,0.04378712719701139,0.03803049788719459,0.033008757425439406,0.02859942433706908,0.02406760977402178,0.019168350786943567,0.016106313920019488,0.011941943781003106,0.05095229346561325,3.0
0.0565252005634147,0.0499112009308591,0.04378712719701139,0.03803049788719459,0.033008757425439406,0.02859942433706908,0.02406760977402178,0.019168350786943567,0.016106313920019488,0.011941943781003106,0.008389981015371362,0.04813521954804334,3.0
0.0499112009308591,0.04378712719701139,0.03803049788719459,0.033008757425439406,0.02859942433706908,0.02406760977402178,0.019168350786943567,0.016106313920019488,0.011941943781003106,0.008389981015371362,0.006797721844570948,0.04311347908628815,3.0
0.04378712719701139,0.03803049788719459,0.033008757425439406,0.02859942433706908,0.02406760977402178,0.019168350786943567,0.016106313920019488,0.011941943781003106,0.008389981015371362,0.006797721844570948,0.00753261069263278,0.03698940535244044,3.0
0.03803049788719459,0.033008757425439406,0.02859942433706908,0.02406760977402178,0.019168350786943567,0.016106313920019488,0.011941943781003106,0.008389981015371362,0.006797721844570948,0.00753261069263278,0.004348092351031951,0.03368240553616264,3.0
0.033008757425439406,0.02859942433706908,0.02406760977402178,0.019168350786943567,0.016106313920019488,0.011941943781003106,0.008389981015371362,0.006797721844570948,0.00753261069263278,0.004348092351031951,0.021617980280482563,0.028660665074407454,3.0
0.02859942433706908,0.02406760977402178,0.019168350786943567,0.016106313920019488,0.011941943781003106,0.008389981015371362,0.006797721844570948,0.00753261069263278,0.004348092351031951,0.021617980280482563,-0.002755833180231537,0.031355257517300616,3.0
0.02406760977402178,0.019168350786943567,0.016106313920019488,0.011941943781003106,0.008389981015371362,0.006797721844570948,0.00753261069263278,0.004348092351031951,0.021617980280482563,-0.002755833180231537,-0.03276379447608546,0.05683140425010724,3.0
0.019168350786943567,0.016106313920019488,0.011941943781003106,0.008389981015371362,0.006797721844570948,0.00753261069263278,0.004348092351031951,0.021617980280482563,-0.002755833180231537,-0.03276379447608546,-0.06828342213240246,0.08990140241288502,3.0
0.016106313920019488,0.011941943781003106,0.008389981015371362,0.006797721844570948,0.00753261069263278,0.004348092351031951,0.021617980280482563,-0.002755833180231537,-0.03276379447608546,-0.06828342213240246,-0.07808194010655889,0.09969992038704145,3.0
0.011941943781003106,0.008389981015371362,0.006797721844570948,0.00753261069263278,0.004348092351031951,0.021617980280482563,-0.002755833180231537,-0.03276379447608546,-0.06828342213240246,-0.07808194010655889,-0.09486190213730172,0.11647988241778429,3.0
0.008389981015371362,0.006797721844570948,0.00753261069263278,0.004348092351031951,0.021617980280482563,-0.002755833180231537,-0.03276379447608546,-0.06828342213240246,-0.07808194010655889,-0.09486190213730172,-0.1510808990140241,0.17269887929450667,3.0
0.006797721844570948,0.00753261069263278,0.004348092351031951,0.021617980280482563,-0.002755833180231537,-0.03276379447608546,-0.06828342213240246,-0.07808194010655889,-0.09486190213730172,-0.1510808990140241,-0.21440382142200987,0.23602180170249243,3.0
0.00753261069263278,0.004348092351031951,0.021617980280482563,-0.002755833180231537,-0.03276379447608546,-0.06828342213240246,-0.07808194010655889,-0.09486190213730172,-0.1510808990140241,-0.21440382142200987,-0.25408781921734336,0.2757057994978259,3.0
0.004348092351031951,0.021617980280482563,-0.002755833180231537,-0.03276379447608546,-0.06828342213240246,-0.07808194010655889,-0.09486190213730172,-0.1510808990140241,-0.21440382142200987,-0.25408781921734336,-0.30001837222120153,0.3216363525016841,0.0
0.021617980280482563,-0.002755833180231537,-0.03276379447608546,-0.06828342213240246,-0.07808194010655889,-0.09486190213730172,-0.1510808990140241,-0.21440382142200987,-0.25408781921734336,-0.30001837222120153,-0.35403270255373875,0.3756506828342213,0.0
-0.002755833180231537,-0.03276379447608546,-0.06828342213240246,-0.07808194010655889,-0.09486190213730172,-0.1510808990140241,-0.21440382142200987,-0.25408781921734336,-0.30001837222120153,-0.35403270255373875,-0.4430767346438851,0.44032090146365355,0.0
-0.03276379447608546,-0.06828342213240246,-0.07808194010655889,-0.09486190213730172,-0.1510808990140241,-0.21440382142200987,-0.25408781921734336,-0.30001837222120153,-0.35403270255373875,-0.4430767346438851,-0.5569845060934533,0.5242207116173678,0.0
-0.06828342213240246,-0.07808194010655889,-0.09486190213730172,-0.1510808990140241,-0.21440382142200987,-0.25408781921734336,-0.30001837222120153,-0.35403270255373875,-0.4430767346438851,-0.5569845060934533,-0.6020576887745728,0.5337742666421703,0.0
-0.07808194010655889,-0.09486190213730172,-0.1510808990140241,-0.21440382142200987,-0.25408781921734336,-0.30001837222120153,-0.35403270255373875,-0.4430767346438851,-0.5569845060934533,-0.6020576887745728,-0.6457835752342458,0.5677016351276869,0.0
-0.09486190213730172,-0.1510808990140241,-0.21440382142200987,-0.25408781921734336,-0.30001837222120153,-0.35403270255373875,-0.4430767346438851,-0.5569845060934533,-0.6020576887745728,-0.6457835752342458,-0.6868148692510259,0.5919529671137241,0.0
-0.1510808990140241,-0.21440382142200987,-0.25408781921734336,-0.30001837222120153,-0.35403270255373875,-0.4430767346438851,-0.5569845060934533,-0.6020576887745728,-0.6457835752342458,-0.6868148692510259,-0.7547920876967359,0.6037111886827118,0.0
-0.21440382142200987,-0.25408781921734336,-0.30001837222120153,-0.35403270255373875,-0.4430767346438851,-0.5569845060934533,-0.6020576887745728,-0.6457835752342458,-0.6868148692510259,-0.7547920876967359,-0.8166452324085982,0.6022414109865883,0.0
-0.25408781921734336,-0.30001837222120153,-0.35403270255373875,-0.4430767346438851,-0.5569845060934533,-0.6020576887745728,-0.6457835752342458,-0.6868148692510259,-0.7547920876967359,-0.8166452324085982,-0.8393043052238349,0.5852164860064916,0.0
-0.30001837222120153,-0.35403270255373875,-0.4430767346438851,-0.5569845060934533,-0.6020576887745728,-0.6457835752342458,-0.6868148692510259,-0.7547920876967359,-0.8166452324085982,-0.8393043052238349,-0.8537571192357156,0.5537387470145141,0.0
-0.35403270255373875,-0.4430767346438851,-0.5569845060934533,-0.6020576887745728,-0.6457835752342458,-0.6868148692510259,-0.7547920876967359,-0.8166452324085982,-0.8393043052238349,-0.8537571192357156,-0.8930736726070182,0.5390409700532794,0.0
-0.4430767346438851,-0.5569845060934533,-0.6020576887745728,-0.6457835752342458,-0.6868148692510259,-0.7547920876967359,-0.8166452324085982,-0.8393043052238349,-0.8537571192357156,-0.8930736726070182,-0.9274909669912426,0.4844142323473575,0.0
-0.5569845060934533,-0.6020576887745728,-0.6457835752342458,-0.6868148692510259,-0.7547920876967359,-0.8166452324085982,-0.8393043052238349,-0.8537571192357156,-0.8930736726070182,-0.9274909669912426,-0.9551717802682345,0.39818727417478117,0.0
-0.6020576887745728,-0.6457835752342458,-0.6868148692510259,-0.7547920876967359,-0.8166452324085982,-0.8393043052238349,-0.8537571192357156,-0.8930736726070182,-0.9274909669912426,-0.9551717802682345,-0.9379018923387837,0.3531140914936617,0.0
-0.6457835752342458,-0.6868148692510259,-0.7547920876967359,-0.8166452324085982,-0.8393043052238349,-0.8537571192357156,-0.8930736726070182,-0.9274909669912426,-0.9551717802682345,-0.9379018923387837,-0.9345948925225059,0.3093882050339887,0.0
-0.6868148692510259,-0.7547920876967359,-0.8166452324085982,-0.8393043052238349,-0.8537571192357156,-0.8930736726070182,-0.9274909669912426,-0.9551717802682345,-0.9379018923387837,-0.9345948925225059,-0.9120583011819462,0.2683569110172086,0.0
-0.7547920876967359,-0.8166452324085982,-0.8393043052238349,-0.8537571192357156,-0.8930736726070182,-0.9274909669912426,-0.9551717802682345,-0.9379018923387837,-0.9345948925225059,-0.9120583011819462,-0.9028721905811746,0.20037969257149857,0.0
-0.8166452324085982,-0.8393043052238349,-0.8537571192357156,-0.8930736726070182,-0.9274909669912426,-0.9551717802682345,-0.9379018923387837,-0.9345948925225059,-0.9120583011819462,-0.9028721905811746,-0.8465307122297753,0.13852654785963625,0.0
-0.8393043052238349,-0.8537571192357156,-0.8930736726070182,-0.9274909669912426,-0.9551717802682345,-0.9379018923387837,-0.9345948925225059,-0.9120583011819462,-0.9028721905811746,-0.8465307122297753,-0.7775736419866495,0.177598138281585,2.0
-0.8537571192357156,-0.8930736726070182,-0.9274909669912426,-0.9551717802682345,-0.9379018923387837,-0.9345948925225059,-0.9120583011819462,-0.9028721905811746,-0.8465307122297753,-0.7775736419866495,-0.7283360891665136,0.22683569110172086,2.0
-0.8930736726070182,-0.9274909669912426,-0.9551717802682345,-0.9379018923387837,-0.9345948925225059,-0.9120583011819462,-0.9028721905811746,-0.8465307122297753,-0.7775736419866495,-0.7283360891665136,-0.6380672423295977,0.3171045379386368,2.0
-0.9274909669912426,-0.9551717802682345,-0.9379018923387837,-0.9345948925225059,-0.9120583011819462,-0.9028721905811746,-0.8465307122297753,-0.7775736419866495,-0.7283360891665136,-0.6380672423295977,-0.5400820625880336,0.41508971768020086,2.0
-0.9551717802682345,-0.9379018923387837,-0.9345948925225059,-0.9120583011819462,-0.9028721905811746,-0.8465307122297753,-0.7775736419866495,-0.7283360891665136,-0.6380672423295977,-0.5400820625880336,-0.4640210668136444,0.49115071345459005,2.0
-0.9379018923387837,-0.9345948925225059,-0.9120583011819462,-0.9028721905811746,-0.8465307122297753,-0.7775736419866495,-0.7283360891665136,-0.6380672423295977,-0.5400820625880336,-0.4640210668136444,-0.3814685528813767,0.556433339457407,2.0
-0.9345948925225059,-0.9120583011819462,-0.9028721905811746,-0.8465307122297753,-0.7775736419866495,-0.7283360891665136,-0.6380672423295977,-0.5400820625880336,-0.4640210668136444,-0.3814685528813767,-0.2936493355379999,0.6409455569845061,2.0
-0.9120583011819462,-0.9028721905811746,-0.8465307122297753,-0.7775736419866495,-0.7283360891665136,-0.6380672423295977,-0.5400820625880336,-0.4640210668136444,-0.3814685528813767,-0.2936493355379999,-0.17447486067732254,0.7375834405046237,2.0
-0.9028721905811746,-0.8465307122297753,-0.7775736419866495,-0.7283360891665136,-0.6380672423295977,-0.5400820625880336,-0.4640210668136444,-0.3814685528813767,-0.2936493355379999,-0.17447486067732254,-0.02921183171045383,0.8736603588707208,2.0
-0.8465307122297753,-0.7775736419866495,-0.7283360891665136,-0.6380672423295977,-0.5400820625880336,-0.4640210668136444,-0.3814685528813767,-0.2936493355379999,-0.17447486067732254,-0.02921183171045383,0.0742850143915732,0.9208157266213485,2.0
-0.7775736419866495,-0.7283360891665136,-0.6380672423295977,-0.5400820625880336,-0.4640210668136444,-0.3814685528813767,-0.2936493355379999,-0.17447486067732254,-0.02921183171045383,0.0742850143915732,0.167615898095413,0.9451895400820625,2.0
-0.7283360891665136,-0.6380672423295977,-0.5400820625880336,-0.4640210668136444,-0.3814685528813767,-0.2936493355379999,-0.17447486067732254,-0.02921183171045383,0.0742850143915732,0.167615898095413,0.21991548778247294,0.9482515769489865,2.0
-0.6380672423295977,-0.5400820625880336,-0.4640210668136444,-0.3814685528813767,-0.2936493355379999,-0.17447486067732254,-0.02921183171045383,0.0742850143915732,0.167615898095413,0.21991548778247294,0.2625390409700532,0.9006062832996509,2.0
-0.5400820625880336,-0.4640210668136444,-0.3814685528813767,-0.2936493355379999,-0.17447486067732254,-0.02921183171045383,0.0742850143915732,0.167615898095413,0.21991548778247294,0.2625390409700532,0.32426970420723866,0.8643517667952723,2.0
-0.4640210668136444,-0.3814685528813767,-0.2936493355379999,-0.17447486067732254,-0.02921183171045383,0.0742850143915732,0.167615898095413,0.21991548778247294,0.2625390409700532,0.32426970420723866,0.34202951803539716,0.8060505848490416,2.0
-0.3814685528813767,-0.2936493355379999,-0.17447486067732254,-0.02921183171045383,0.0742850143915732,0.167615898095413,0.21991548778247294,0.2625390409700532,0.32426970420723866,0.34202951803539716,0.34950088799069134,0.730969440872068,2.0
-0.2936493355379999,-0.17447486067732254,-0.02921183171045383,0.0742850143915732,0.167615898095413,0.21991548778247294,0.2625390409700532,0.32426970420723866,0.34202951803539716,0.34950088799069134,0.40976177353175336,0.7034111090697532,2.0
-0.17447486067732254,-0.02921183171045383,0.0742850143915732,0.167615898095413,0.21991548778247294,0.2625390409700532,0.32426970420723866,0.34202951803539716,0.34950088799069134,0.40976177353175336,0.46046910404801267,0.6349439647253352,2.0
-0.02921183171045383,0.0742850143915732,0.167615898095413,0.21991548778247294,0.2625390409700532,0.32426970420723866,0.34202951803539716,0.34950088799069134,0.40976177353175336,0.46046910404801267,0.5023577683875313,0.5315696000979852,2.0
0.0742850143915732,0.167615898095413,0.21991548778247294,0.2625390409700532,0.32426970420723866,0.34202951803539716,0.34950088799069134,0.40976177353175336,0.46046910404801267,0.5023577683875313,0.5052973237797782,0.431012309388205,2.0
0.167615898095413,0.21991548778247294,0.2625390409700532,0.32426970420723866,0.34202951803539716,0.34950088799069134,0.40976177353175336,0.46046910404801267,0.5023577683875313,0.5052973237797782,0.4984383611978689,0.3376814256843652,2.0
0.21991548778247294,0.2625390409700532,0.32426970420723866,0.34202951803539716,0.34950088799069134,0.40976177353175336,0.46046910404801267,0.5023577683875313,0.5052973237797782,0.4984383611978689,0.4850878804580807,0.28538183599730527,2.0
0.2625390409700532,0.32426970420723866,0.34202951803539716,0.34950088799069134,0.40976177353175336,0.46046910404801267,0.5023577683875313,0.5052973237797782,0.4984383611978689,0.4850878804580807,0.49807091677383797,0.242758282809725,2.0
0.32426970420723866,0.34202951803539716,0.34950088799069134,0.40976177353175336,0.46046910404801267,0.5023577683875313,0.5052973237797782,0.4984383611978689,0.4850878804580807,0.49807091677383797,0.4734521403637699,0.18102761957253954,3.0
0.34202951803539716,0.34950088799069134,0.40976177353175336,0.46046910404801267,0.5023577683875313,0.5052973237797782,0.4984383611978689,0.4850878804580807,0.49807091677383797,0.4734521403637699,0.44528140118807036,0.16326780574438104,3.0
0.34950088799069134,0.40976177353175336,0.46046910404801267,0.5023577683875313,0.5052973237797782,0.4984383611978689,0.4850878804580807,0.49807091677383797,0.4734521403637699,0.44528140118807036,0.418580439708494,0.15579643578908686,3.0
0.40976177353175336,0.46046910404801267,0.5023577683875313,0.5052973237797782,0.4984383611978689,0.4850878804580807,0.49807091677383797,0.4734521403637699,0.44528140118807036,0.418580439708494,0.3934717373997183,0.1118255863800599,3.0
0.46046910404801267,0.5023577683875313,0.5052973237797782,0.4984383611978689,0.4850878804580807,0.49807091677383797,0.4734521403637699,0.44528140118807036,0.418580439708494,0.3934717373997183,0.369955294261743,0.1353420295180352,3.0
0.5023577683875313,0.5052973237797782,0.4984383611978689,0.4850878804580807,0.49807091677383797,0.4734521403637699,0.44528140118807036,0.418580439708494,0.3934717373997183,0.369955294261743,0.3154510380304978,0.18984628574928042,3.0
0.5052973237797782,0.4984383611978689,0.4850878804580807,0.49807091677383797,0.4734521403637699,0.44528140118807036,0.418580439708494,0.3934717373997183,0.369955294261743,0.3154510380304978,0.26400881866617665,0.24128850511360156,3.0
0.4984383611978689,0.4850878804580807,0.49807091677383797,0.4734521403637699,0.44528140118807036,0.418580439708494,0.3934717373997183,0.369955294261743,0.3154510380304978,0.26400881866617665,0.21526119174474867,0.2831771694531202,3.0
0.4850878804580807,0.49807091677383797,0.4734521403637699,0.44528140118807036,0.418580439708494,0.3934717373997183,0.369955294261743,0.3154510380304978,0.26400881866617665,0.21526119174474867,0.16835078694347483,0.32972012983036314,3.0
0.49807091677383797,0.4734521403637699,0.44528140118807036,0.418580439708494,0.3934717373997183,0.369955294261743,0.3154510380304978,0.26400881866617665,0.21526119174474867,0.16835078694347483,0.1238900116357402,0.37418090513809776,3.0
0.4734521403637699,0.44528140118807036,0.418580439708494,0.3934717373997183,0.369955294261743,0.3154510380304978,0.26400881866617665,0.21526119174474867,0.16835078694347483,0.1238900116357402,0.08065405107477486,0.39279808928899507,3.0
0.44528140118807036,0.418580439708494,0.3934717373997183,0.369955294261743,0.3154510380304978,0.26400881866617665,0.21526119174474867,0.16835078694347483,0.1238900116357402,0.08065405107477486,0.03741809051380973,0.4078633106742606,3.0
0.418580439708494,0.3934717373997183,0.369955294261743,0.3154510380304978,0.26400881866617665,0.21526119174474867,0.16835078694347483,0.1238900116357402,0.08065405107477486,0.03741809051380973,0.02663972074223775,0.39194071896625626,3.0
0.3934717373997183,0.369955294261743,0.3154510380304978,0.26400881866617665,0.21526119174474867,0.16835078694347483,0.1238900116357402,0.08065405107477486,0.03741809051380973,0.02663972074223775,0.017698573090820124,0.3757731643088982,3.0
0.369955294261743,0.3154510380304978,0.26400881866617665,0.21526119174474867,0.16835078694347483,0.1238900116357402,0.08065405107477486,0.03741809051380973,0.02663972074223775,0.017698573090820124,0.008757425439402278,0.36119786882234073,3.0
0.3154510380304978,0.26400881866617665,0.21526119174474867,0.16835078694347483,0.1238900116357402,0.08065405107477486,0.03741809051380973,0.02663972074223775,0.017698573090820124,0.008757425439402278,0.001653499908138789,0.313797538122359,3.0
0.26400881866617665,0.21526119174474867,0.16835078694347483,0.1238900116357402,0.08065405107477486,0.03741809051380973,0.02663972074223775,0.017698573090820124,0.008757425439402278,0.001653499908138789,-0.006797721844571059,0.2708065405107477,3.0
0.21526119174474867,0.16835078694347483,0.1238900116357402,0.08065405107477486,0.03741809051380973,0.02663972074223775,0.017698573090820124,0.008757425439402278,0.001653499908138789,-0.006797721844571059,-0.014334721881891666,0.22959591362664034,3.0
0.16835078694347483,0.1238900116357402,0.08065405107477486,0.03741809051380973,0.02663972074223775,0.017698573090820124,0.008757425439402278,0.001653499908138789,-0.006797721844571059,-0.014334721881891666,-0.012842197581908188,0.1826855088253665,3.0
0.1238900116357402,0.08065405107477486,0.03741809051380973,0.02663972074223775,0.017698573090820124,0.008757425439402278,0.001653499908138789,-0.006797721844571059,-0.014334721881891666,-0.012842197581908188,0.01133872079183118,0.13822473351763187,3.0
0.08065405107477486,0.03741809051380973,0.02663972074223775,0.017698573090820124,0.008757425439402278,0.001653499908138789,-0.006797721844571059,-0.014334721881891666,-0.012842197581908188,0.01133872079183118,0.0352690597005576,0.09498877295666652,3.0
0.03741809051380973,0.02663972074223775,0.017698573090820124,0.008757425439402278,0.001653499908138789,-0.006797721844571059,-0.014334721881891666,-0.012842197581908188,0.01133872079183118,0.0352690597005576,0.05907410887677744,0.07340883075866911,3.0
0.02663972074223775,0.017698573090820124,0.008757425439402278,0.001653499908138789,-0.006797721844571059,-0.014334721881891666,-0.012842197581908188,0.01133872079183118,0.0352690597005576,0.05907410887677744,0.08312973751801045,0.09746445939990211,3.0
0.017698573090820124,0.008757425439402278,0.001653499908138789,-0.006797721844571059,-0.014334721881891666,-0.012842197581908188,0.01133872079183118,0.0352690597005576,0.05907410887677744,0.08312973751801045,0.10868884294932024,0.1230235648312119,3.0
0.008757425439402278,0.001653499908138789,-0.006797721844571059,-0.014334721881891666,-0.012842197581908188,0.01133872079183118,0.0352690597005576,0.05907410887677744,0.08312973751801045,0.10868884294932024,0.13537555597318796,0.14971027785507962,3.0
0.001653499908138789,-0.006797721844571059,-0.014334721881891666,-0.012842197581908188,0.01133872079183118,0.0352690597005576,0.05907410887677744,0.08312973751801045,0.10868884294932024,0.13537555597318796,0.16293929712460065,0.1772740190064923,3.0
-0.006797721844571059,-0.014334721881891666,-0.012842197581908188,0.01133872079183118,0.0352690597005576,0.05907410887677744,0.08312973751801045,0.10868884294932024,0.13537555597318796,0.16293929712460065,0.19037774854350675,0.20471247042539842,3.0
-0.014334721881891666,-0.012842197581908188,0.01133872079183118,0.0352690597005576,0.05907410887677744,0.08312973751801045,0.10868884294932024,0.13537555597318796,0.16293929712460065,0.19037774854350675,0.21706446156737447,0.23139918344926613,3.0
-0.012842197581908188,0.01133872079183118,0.0352690597005576,0.05907410887677744,0.08312973751801045,0.10868884294932024,0.13537555597318796,0.16293929712460065,0.19037774854350675,0.21706446156737447,0.24613167950886417,0.25897387709077235,3.0
0.01133872079183118,0.0352690597005576,0.05907410887677744,0.08312973751801045,0.10868884294932024,0.13537555597318796,0.16293929712460065,0.19037774854350675,0.21706446156737447,0.24613167950886417,0.2746977385203282,0.263359017728497,3.0
0.0352690597005576,0.05907410887677744,0.08312973751801045,0.10868884294932024,0.13537555597318796,0.16293929712460065,0.19037774854350675,0.21706446156737447,0.24613167950886417,0.2746977385203282,0.27181607467268054,0.2394286788197706,3.0
0.05907410887677744,0.08312973751801045,0.10868884294932024,0.13537555597318796,0.16293929712460065,0.19037774854350675,0.21706446156737447,0.24613167950886417,0.2746977385203282,0.27181607467268054,0.2685585416275136,0.21562362964355075,3.0
0.08312973751801045,0.10868884294932024,0.13537555597318796,0.16293929712460065,0.19037774854350675,0.21706446156737447,0.24613167950886417,0.2746977385203282,0.27181607467268054,0.2685585416275136,0.26555158804735957,0.19156800100231774,3.0
0.10868884294932024,0.13537555597318796,0.16293929712460065,0.19037774854350675,0.21706446156737447,0.24613167950886417,0.2746977385203282,0.27181607467268054,0.2685585416275136,0.26555158804735957,0.2627952139322183,0.16600889557100795,3.0
0.13537555597318796,0.16293929712460065,0.19037774854350675,0.21706446156737447,0.24613167950886417,0.2746977385203282,0.27181607467268054,0.2685585416275136,0.26555158804735957,0.2627952139322183,0.2607905782121156,0.13932218254714024,3.0
0.16293929712460065,0.19037774854350675,0.21706446156737447,0.24613167950886417,0.2746977385203282,0.27181607467268054,0.2685585416275136,0.26555158804735957,0.2627952139322183,0.2607905782121156,0.2584100732944936,0.11175844139572755,3.0
0.19037774854350675,0.21706446156737447,0.24613167950886417,0.2746977385203282,0.27181607467268054,0.2685585416275136,0.26555158804735957,0.2627952139322183,0.2607905782121156,0.2584100732944936,0.25715717596942933,0.08431998997682144,3.0
0.21706446156737447,0.24613167950886417,0.2746977385203282,0.27181607467268054,0.2685585416275136,0.26555158804735957,0.2627952139322183,0.2607905782121156,0.2584100732944936,0.25715717596942933,0.2564054375743907,0.05763327695295373,3.0
0.24613167950886417,0.2746977385203282,0.27181607467268054,0.2685585416275136,0.26555158804735957,0.2627952139322183,0.2607905782121156,0.2584100732944936,0.25715717596942933,0.2564054375743907,0.2554031197143394,0.02856605901146403,3.0
0.2746977385203282,0.27181607467268054,0.2685585416275136,0.26555158804735957,0.2627952139322183,0.2607905782121156,0.2584100732944936,0.25715717596942933,0.2564054375743907,0.2554031197143394,0.25314790452922376,0.02154983399110444,3.0
0.27181607467268054,0.2685585416275136,0.26555158804735957,0.2627952139322183,0.2607905782121156,0.2584100732944936,0.25715717596942933,0.2564054375743907,0.2554031197143394,0.25314790452922376,0.2463822589738771,0.02543381569880343,3.0
0.2685585416275136,0.26555158804735957,0.2627952139322183,0.2607905782121156,0.2584100732944936,0.25715717596942933,0.2564054375743907,0.2554031197143394,0.25314790452922376,0.2463822589738771,0.20015034767900763,0.06840819394850595,3.0
0.26555158804735957,0.2627952139322183,0.2607905782121156,0.2584100732944936,0.25715717596942933,0.2564054375743907,0.2554031197143394,0.25314790452922376,0.2463822589738771,0.20015034767900763,0.14439641671365022,0.12115517133370934,3.0
0.2627952139322183,0.2607905782121156,0.2584100732944936,0.25715717596942933,0.2564054375743907,0.2554031197143394,0.25314790452922376,0.2463822589738771,0.20015034767900763,0.14439641671365022,0.11282340412203218,0.1499718098101861,3.0
0.2607905782121156,0.2584100732944936,0.25715717596942933,0.2564054375743907,0.2554031197143394,0.25314790452922376,0.2463822589738771,0.20015034767900763,0.14439641671365022,0.11282340412203218,0.07210424105744528,0.1886863371546703,3.0
0.2584100732944936,0.25715717596942933,0.2564054375743907,0.2554031197143394,0.25314790452922376,0.2463822589738771,0.20015034767900763,0.14439641671365022,0.11282340412203218,0.07210424105744528,-0.011213431059324708,0.2696235043538183,0.0
0.25715717596942933,0.2564054375743907,0.2554031197143394,0.25314790452922376,0.2463822589738771,0.20015034767900763,0.14439641671365022,0.11282340412203218,0.07210424105744528,-0.011213431059324708,-0.07050558273742313,0.32766275870685246,0.0
0.2564054375743907,0.2554031197143394,0.25314790452922376,0.2463822589738771,0.20015034767900763,0.14439641671365022,0.11282340412203218,0.07210424105744528,-0.011213431059324708,-0.07050558273742313,-0.13347617847239723,0.38988161604678795,0.0
0.2554031197143394,0.25314790452922376,0.2463822589738771,0.20015034767900763,0.14439641671365022,0.11282340412203218,0.07210424105744528,-0.011213431059324708,-0.07050558273742313,-0.13347617847239723,-0.19044544867656554,0.4458485683909049,0.0
0.25314790452922376,0.2463822589738771,0.20015034767900763,0.14439641671365022,0.11282340412203218,0.07210424105744528,-0.011213431059324708,-0.07050558273742313,-0.13347617847239723,-0.19044544867656554,-0.2909730052397692,0.544120909768993,0.0
0.2463822589738771,0.20015034767900763,0.14439641671365022,0.11282340412203218,0.07210424105744528,-0.011213431059324708,-0.07050558273742313,-0.13347617847239723,-0.19044544867656554,-0.2909730052397692,-0.4024465249777899,0.648828783951667,0.0
0.20015034767900763,0.14439641671365022,0.11282340412203218,0.07210424105744528,-0.011213431059324708,-0.07050558273742313,-0.13347617847239723,-0.19044544867656554,-0.2909730052397692,-0.4024465249777899,-0.4881489841986456,0.6882993318776532,0.0
0.14439641671365022,0.11282340412203218,0.07210424105744528,-0.011213431059324708,-0.07050558273742313,-0.13347617847239723,-0.19044544867656554,-0.2909730052397692,-0.4024465249777899,-0.4881489841986456,-0.5790855392693065,0.7234819559829567,0.0
0.11282340412203218,0.07210424105744528,-0.011213431059324708,-0.07050558273742313,-0.13347617847239723,-0.19044544867656554,-0.2909730052397692,-0.4024465249777899,-0.4881489841986456,-0.5790855392693065,-0.6319879290833648,0.7448113332053969,0.0
0.07210424105744528,-0.011213431059324708,-0.07050558273742313,-0.13347617847239723,-0.19044544867656554,-0.2909730052397692,-0.4024465249777899,-0.4881489841986456,-0.5790855392693065,-0.6319879290833648,-0.6826660423007882,0.7547702833582335,0.0
-0.011213431059324708,-0.07050558273742313,-0.13347617847239723,-0.19044544867656554,-0.2909730052397692,-0.4024465249777899,-0.4881489841986456,-0.5790855392693065,-0.6319879290833648,-0.6826660423007882,-0.774367088607595,0.7631536575482702,0.0
-0.07050558273742313,-0.13347617847239723,-0.19044544867656554,-0.2909730052397692,-0.4024465249777899,-0.4881489841986456,-0.5790855392693065,-0.6319879290833648,-0.6826660423007882,-0.774367088607595,-0.8593354430379747,0.7888298603005516,0.0
-0.13347617847239723,-0.19044544867656554,-0.2909730052397692,-0.4024465249777899,-0.4881489841986456,-0.5790855392693065,-0.6319879290833648,-0.6826660423007882,-0.774367088607595,-0.8593354430379747,-0.9321202531645569,0.7986440746921597,0.0
-0.19044544867656554,-0.2909730052397692,-0.4024465249777899,-0.4881489841986456,-0.5790855392693065,-0.6319879290833648,-0.6826660423007882,-0.774367088607595,-0.8593354430379747,-0.9321202531645569,-0.9922468354430379,0.8018013867664724,0.0
-0.2909730052397692,-0.4024465249777899,-0.4881489841986456,-0.5790855392693065,-0.6319879290833648,-0.6826660423007882,-0.774367088607595,-0.8593354430379747,-0.9321202531645569,-0.9922468354430379,-1.0,0.7090269947602308,0.0
-0.4024465249777899,-0.4881489841986456,-0.5790855392693065,-0.6319879290833648,-0.6826660423007882,-0.774367088607595,-0.8593354430379747,-0.9321202531645569,-0.9922468354430379,-1.0,-1.0,0.5975534750222101,0.0
-0.4881489841986456,-0.5790855392693065,-0.6319879290833648,-0.6826660423007882,-0.774367088607595,-0.8593354430379747,-0.9321202531645569,-0.9922468354430379,-1.0,-1.0,-0.9822282980177717,0.5118510158013544,0.0
-0.5790855392693065,-0.6319879290833648,-0.6826660423007882,-0.774367088607595,-0.8593354430379747,-0.9321202531645569,-0.9922468354430379,-1.0,-1.0,-0.9822282980177717,-0.9819245082402978,0.4209144607306935,0.0
-0.6319879290833648,-0.6826660423007882,-0.774367088607595,-0.8593354430379747,-0.9321202531645569,-0.9922468354430379,-1.0,-1.0,-0.9822282980177717,-0.9819245082402978,-1.0,0.36801207091663524,1.0
-0.6826660423007882,-0.774367088607595,-0.8593354430379747,-0.9321202531645569,-0.9922468354430379,-1.0,-1.0,-0.9822282980177717,-0.9819245082402978,-1.0,-0.9599271402550091,0.3173339576992118,1.0
-0.774367088607595,-0.8593354430379747,-0.9321202531645569,-0.9922468354430379,-1.0,-1.0,-0.9822282980177717,-0.9819245082402978,-1.0,-0.9599271402550091,-0.9371584699453552,0.22563291139240504,1.0
-0.8593354430379747,-0.9321202531645569,-0.9922468354430379,-1.0,-1.0,-0.9822282980177717,-0.9819245082402978,-1.0,-0.9599271402550091,-0.9371584699453552,-0.855191256830601,0.14480874316939896,1.0
-0.9321202531645569,-0.9922468354430379,-1.0,-1.0,-0.9822282980177717,-0.9819245082402978,-1.0,-0.9599271402550091,-0.9371584699453552,-0.855191256830601,-0.7955373406193078,0.2044626593806922,1.0
-0.9922468354430379,-1.0,-1.0,-0.9822282980177717,-0.9819245082402978,-1.0,-0.9599271402550091,-0.9371584699453552,-0.855191256830601,-0.7955373406193078,-0.7218522770761577,0.27814772292384227,1.0
-1.0,-1.0,-0.9822282980177717,-0.9819245082402978,-1.0,-0.9599271402550091,-0.9371584699453552,-0.855191256830601,-0.7955373406193078,-0.7218522770761577,-0.5561043370890569,0.44389566291094307,1.0
-1.0,-0.9822282980177717,-0.9819245082402978,-1.0,-0.9599271402550091,-0.9371584699453552,-0.855191256830601,-0.7955373406193078,-0.7218522770761577,-0.5561043370890569,-0.4048563720044437,0.5951436279955563,2.0
-0.9822282980177717,-0.9819245082402978,-1.0,-0.9599271402550091,-0.9371584699453552,-0.855191256830601,-0.7955373406193078,-0.7218522770761577,-0.5561043370890569,-0.4048563720044437,-0.2837881219903692,0.7162118780096308,2.0
-0.9819245082402978,-1.0,-0.9599271402550091,-0.9371584699453552,-0.855191256830601,-0.7955373406193078,-0.7218522770761577,-0.5561043370890569,-0.4048563720044437,-0.2837881219903692,-0.11829855537720702,0.881701444622793,2.0
-1.0,-0.9599271402550091,-0.9371584699453552,-0.855191256830601,-0.7955373406193078,-0.7218522770761577,-0.5561043370890569,-0.4048563720044437,-0.2837881219903692,-0.11829855537720702,0.04895666131621179,1.0489566613162118,2.0
-0.9599271402550091,-0.9371584699453552,-0.855191256830601,-0.7955373406193078,-0.7218522770761577,-0.5561043370890569,-0.4048563720044437,-0.2837881219903692,-0.11829855537720702,0.04895666131621179,0.24863563402889244,1.2085627742839016,2.0
-0.9371584699453552,-0.855191256830601,-0.7955373406193078,-0.7218522770761577,-0.5561043370890569,-0.4048563720044437,-0.2837881219903692,-0.11829855537720702,0.04895666131621179,0.24863563402889244,0.39743178170144455,1.3345902516467998,2.0
-0.855191256830601,-0.7955373406193078,-0.7218522770761577,-0.5561043370890569,-0.4048563720044437,-0.2837881219903692,-0.11829855537720702,0.04895666131621179,0.24863563402889244,0.39743178170144455,0.4895666131621188,1.3447578699927198,2.0
-0.7955373406193078,-0.7218522770761577,-0.5561043370890569,-0.4048563720044437,-0.2837881219903692,-0.11829855537720702,0.04895666131621179,0.24863563402889244,0.39743178170144455,0.4895666131621188,0.602728731942215,1.3982660725615228,2.0
-0.7218522770761577,-0.5561043370890569,-0.4048563720044437,-0.2837881219903692,-0.11829855537720702,0.04895666131621179,0.24863563402889244,0.39743178170144455,0.4895666131621188,0.602728731942215,0.6593900481540931,1.3812423252302508,2.0
-0.5561043370890569,-0.4048563720044437,-0.2837881219903692,-0.11829855537720702,0.04895666131621179,0.24863563402889244,0.39743178170144455,0.4895666131621188,0.602728731942215,0.6593900481540931,0.7393258426966292,1.295430179785686,2.0
-0.4048563720044437,-0.2837881219903692,-0.11829855537720702,0.04895666131621179,0.24863563402889244,0.39743178170144455,0.4895666131621188,0.602728731942215,0.6593900481540931,0.7393258426966292,0.8452648475120386,1.2501212195164824,2.0
-0.2837881219903692,-0.11829855537720702,0.04895666131621179,0.24863563402889244,0.39743178170144455,0.4895666131621188,0.602728731942215,0.6593900481540931,0.7393258426966292,0.8452648475120386,0.8964686998394864,1.1802568218298557,2.0
-0.11829855537720702,0.04895666131621179,0.24863563402889244,0.39743178170144455,0.4895666131621188,0.602728731942215,0.6593900481540931,0.7393258426966292,0.8452648475120386,0.8964686998394864,0.9317817014446228,1.05008025682183,2.0
0.04895666131621179,0.24863563402889244,0.39743178170144455,0.4895666131621188,0.602728731942215,0.6593900481540931,0.7393258426966292,0.8452648475120386,0.8964686998394864,0.9317817014446228,0.9874799357945425,0.9385232744783307,2.0
0.24863563402889244,0.39743178170144455,0.4895666131621188,0.602728731942215,0.6593900481540931,0.7393258426966292,0.8452648475120386,0.8964686998394864,0.9317817014446228,0.9874799357945425,0.9845906902086676,0.7388443017656501,2.0
0.39743178170144455,0.4895666131621188,0.602728731942215,0.6593900481540931,0.7393258426966292,0.8452648475120386,0.8964686998394864,0.9317817014446228,0.9874799357945425,0.9845906902086676,0.9263242375601926,0.590048154093098,2.0
0.4895666131621188,0.602728731942215,0.6593900481540931,0.7393258426966292,0.8452648475120386,0.8964686998394864,0.9317817014446228,0.9874799357945425,0.9845906902086676,0.9263242375601926,0.8587479935794542,0.4979133226324237,2.0
0.602728731942215,0.6593900481540931,0.7393258426966292,0.8452648475120386,0.8964686998394864,0.9317817014446228,0.9874799357945425,0.9845906902086676,0.9263242375601926,0.8587479935794542,0.8245585874799357,0.38475120385232753,2.0
0.6593900481540931,0.7393258426966292,0.8452648475120386,0.8964686998394864,0.9317817014446228,0.9874799357945425,0.9845906902086676,0.9263242375601926,0.8587479935794542,0.8245585874799357,0.7869983948635635,0.32808988764044944,3.0
0.7393258426966292,0.8452648475120386,0.8964686998394864,0.9317817014446228,0.9874799357945425,0.9845906902086676,0.9263242375601926,0.8587479935794542,0.8245585874799357,0.7869983948635635,0.7486356340288924,0.24815409309791336,3.0
0.8452648475120386,0.8964686998394864,0.9317817014446228,0.9874799357945425,0.9845906902086676,0.9263242375601926,0.8587479935794542,0.8245585874799357,0.7869983948635635,0.7486356340288924,0.7067415730337079,0.28073836276083464,3.0
0.8964686998394864,0.9317817014446228,0.9874799357945425,0.9845906902086676,0.9263242375601926,0.8587479935794542,0.8245585874799357,0.7869983948635635,0.7486356340288924,0.7067415730337079,0.6654895666131622,0.32199036918138035,3.0
0.9317817014446228,0.9874799357945425,0.9845906902086676,0.9263242375601926,0.8587479935794542,0.8245585874799357,0.7869983948635635,0.7486356340288924,0.7067415730337079,0.6654895666131622,0.6256821829855537,0.36179775280898885,3.0
0.9874799357945425,0.9845906902086676,0.9263242375601926,0.8587479935794542,0.8245585874799357,0.7869983948635635,0.7486356340288924,0.7067415730337079,0.6654895666131622,0.6256821829855537,0.5873194221508828,0.4001605136436597,3.0
0.9845906902086676,0.9263242375601926,0.8587479935794542,0.8245585874799357,0.7869983948635635,0.7486356340288924,0.7067415730337079,0.6654895666131622,0.6256821829855537,0.5873194221508828,0.5504012841091492,0.4341894060995184,3.0
0.9263242375601926,0.8587479935794542,0.8245585874799357,0.7869983948635635,0.7486356340288924,0.7067415730337079,0.6654895666131622,0.6256821829855537,0.5873194221508828,0.5504012841091492,0.5174959871589084,0.4088282504012841,3.0
0.8587479935794542,0.8245585874799357,0.7869983948635635,0.7486356340288924,0.7067415730337079,0.6654895666131622,0.6256821829855537,0.5873194221508828,0.5504012841091492,0.5174959871589084,0.48940609951845904,0.36934189406099516,3.0
0.8245585874799357,0.7869983948635635,0.7486356340288924,0.7067415730337079,0.6654895666131622,0.6256821829855537,0.5873194221508828,0.5504012841091492,0.5174959871589084,0.48940609951845904,0.5056179775280898,0.3351524879614767,3.0
0.7869983948635635,0.7486356340288924,0.7067415730337079,0.6654895666131622,0.6256821829855537,0.5873194221508828,0.5504012841091492,0.5174959871589084,0.48940609951845904,0.5056179775280898,0.5240770465489566,0.29759229534510445,3.0
0.7486356340288924,0.7067415730337079,0.6654895666131622,0.6256821829855537,0.5873194221508828,0.5504012841091492,0.5174959871589084,0.48940609951845904,0.5056179775280898,0.5240770465489566,0.5446227929373997,0.2592295345104334,3.0
0.7067415730337079,0.6654895666131622,0.6256821829855537,0.5873194221508828,0.5504012841091492,0.5174959871589084,0.48940609951845904,0.5056179775280898,0.5240770465489566,0.5446227929373997,0.5664526484751204,0.21733547351524884,3.0
0.6654895666131622,0.6256821829855537,0.5873194221508828,0.5504012841091492,0.5174959871589084,0.48940609951845904,0.5056179775280898,0.5240770465489566,0.5446227929373997,0.5664526484751204,0.5889245585874798,0.17608346709470313,3.0
0.6256821829855537,0.5873194221508828,0.5504012841091492,0.5174959871589084,0.48940609951845904,0.5056179775280898,0.5240770465489566,0.5446227929373997,0.5664526484751204,0.5889245585874798,0.6134831460674157,0.13627608346709463,3.0
0.5873194221508828,0.5504012841091492,0.5174959871589084,0.48940609951845904,0.5056179775280898,0.5240770465489566,0.5446227929373997,0.5664526484751204,0.5889245585874798,0.6134831460674157,0.63884430176565,0.14943820224719095,3.0
0.5504012841091492,0.5174959871589084,0.48940609951845904,0.5056179775280898,0.5240770465489566,0.5446227929373997,0.5664526484751204,0.5889245585874798,0.6134831460674157,0.63884430176565,0.624398073836276,0.14943820224719095,3.0
0.5174959871589084,0.48940609951845904,0.5056179775280898,0.5240770465489566,0.5446227929373997,0.5664526484751204,0.5889245585874798,0.6134831460674157,0.63884430176565,0.624398073836276,0.6104333868378813,0.14943820224719095,3.0
0.48940609951845904,0.5056179775280898,0.5240770465489566,0.5446227929373997,0.5664526484751204,0.5889245585874798,0.6134831460674157,0.63884430176565,0.624398073836276,0.6104333868378813,0.5974317817014447,0.14943820224719095,3.0
0.5056179775280898,0.5240770465489566,0.5446227929373997,0.5664526484751204,0.5889245585874798,0.6134831460674157,0.63884430176565,0.624398073836276,0.6104333868378813,0.5974317817014447,0.5849117174959872,0.1332263242375602,3.0
0.5240770465489566,0.5446227929373997,0.5664526484751204,0.5889245585874798,0.6134831460674157,0.63884430176565,0.624398073836276,0.6104333868378813,0.5974317817014447,0.5849117174959872,0.5733547351524879,0.1147672552166934,3.0
0.5446227929373997,0.5664526484751204,0.5889245585874798,0.6134831460674157,0.63884430176565,0.624398073836276,0.6104333868378813,0.5974317817014447,0.5849117174959872,0.5733547351524879,0.5621187800963081,0.09422150882825031,3.0
0.5664526484751204,0.5889245585874798,0.6134831460674157,0.63884430176565,0.624398073836276,0.6104333868378813,0.5974317817014447,0.5849117174959872,0.5733547351524879,0.5621187800963081,0.5529695024077046,0.0858747993579454,3.0
0.5889245585874798,0.6134831460674157,0.63884430176565,0.624398073836276,0.6104333868378813,0.5974317817014447,0.5849117174959872,0.5733547351524879,0.5621187800963081,0.5529695024077046,0.5443017656500801,0.09454253611556984,3.0
0.6134831460674157,0.63884430176565,0.624398073836276,0.6104333868378813,0.5974317817014447,0.5849117174959872,0.5733547351524879,0.5621187800963081,0.5529695024077046,0.5443017656500801,0.5362760834670948,0.10256821829855522,3.0
0.63884430176565,0.624398073836276,0.6104333868378813,0.5974317817014447,0.5849117174959872,0.5733547351524879,0.5621187800963081,0.5529695024077046,0.5443017656500801,0.5362760834670948,0.5301765650080257,0.10866773675762431,3.0
0.624398073836276,0.6104333868378813,0.5974317817014447,0.5849117174959872,0.5733547351524879,0.5621187800963081,0.5529695024077046,0.5443017656500801,0.5362760834670948,0.5301765650080257,0.4828250401284109,0.14157303370786511,3.0
0.6104333868378813,0.5974317817014447,0.5849117174959872,0.5733547351524879,0.5621187800963081,0.5529695024077046,0.5443017656500801,0.5362760834670948,0.5301765650080257,0.4828250401284109,0.43675762439807375,0.17367576243980754,3.0
0.5974317817014447,0.5849117174959872,0.5733547351524879,0.5621187800963081,0.5529695024077046,0.5443017656500801,0.5362760834670948,0.5301765650080257,0.4828250401284109,0.43675762439807375,0.39101123595505616,0.20642054574638857,3.0
0.5849117174959872,0.5733547351524879,0.5621187800963081,0.5529695024077046,0.5443017656500801,0.5362760834670948,0.5301765650080257,0.4828250401284109,0.43675762439807375,0.39101123595505616,0.34606741573033717,0.23884430176565008,3.0
0.5733547351524879,0.5621187800963081,0.5529695024077046,0.5443017656500801,0.5362760834670948,0.5301765650080257,0.4828250401284109,0.43675762439807375,0.39101123595505616,0.34606741573033717,0.3017656500802568,0.2715890850722311,3.0
0.5621187800963081,0.5529695024077046,0.5443017656500801,0.5362760834670948,0.5301765650080257,0.4828250401284109,0.43675762439807375,0.39101123595505616,0.34606741573033717,0.3017656500802568,0.3004815409309791,0.261637239165329,3.0
0.5529695024077046,0.5443017656500801,0.5362760834670948,0.5301765650080257,0.4828250401284109,0.43675762439807375,0.39101123595505616,0.34606741573033717,0.3017656500802568,0.3004815409309791,0.25698234349919735,0.29598715890850724,3.0
0.5443017656500801,0.5362760834670948,0.5301765650080257,0.4828250401284109,0.43675762439807375,0.39101123595505616,0.34606741573033717,0.3017656500802568,0.3004815409309791,0.25698234349919735,0.21444622792937396,0.3298555377207062,3.0
0.5362760834670948,0.5301765650080257,0.4828250401284109,0.43675762439807375,0.39101123595505616,0.34606741573033717,0.3017656500802568,0.3004815409309791,0.25698234349919735,0.21444622792937396,0.21316211878009628,0.3231139646869985,3.0
0.5301765650080257,0.4828250401284109,0.43675762439807375,0.39101123595505616,0.34606741573033717,0.3017656500802568,0.3004815409309791,0.25698234349919735,0.21444622792937396,0.21316211878009628,0.2191011235955056,0.3170144462279294,3.0
0.4828250401284109,0.43675762439807375,0.39101123595505616,0.34606741573033717,0.3017656500802568,0.3004815409309791,0.25698234349919735,0.21444622792937396,0.21316211878009628,0.2191011235955056,0.23017656500802564,0.2696629213483146,3.0
0.43675762439807375,0.39101123595505616,0.34606741573033717,0.3017656500802568,0.3004815409309791,0.25698234349919735,0.21444622792937396,0.21316211878009628,0.2191011235955056,0.23017656500802564,0.23001605136436587,0.22359550561797747,3.0
0.39101123595505616,0.34606741573033717,0.3017656500802568,0.3004815409309791,0.25698234349919735,0.21444622792937396,0.21316211878009628,0.2191011235955056,0.23017656500802564,0.23001605136436587,0.21765650080256815,0.17784911717495988,3.0
0.34606741573033717,0.3017656500802568,0.3004815409309791,0.25698234349919735,0.21444622792937396,0.21316211878009628,0.2191011235955056,0.23017656500802564,0.23001605136436587,0.21765650080256815,0.23499197431781704,0.1329052969502409,3.0
0.3017656500802568,0.3004815409309791,0.25698234349919735,0.21444622792937396,0.21316211878009628,0.2191011235955056,0.23017656500802564,0.23001605136436587,0.21765650080256815,0.23499197431781704,0.2404494382022473,0.08860353130016052,3.0
0.3004815409309791,0.25698234349919735,0.21444622792937396,0.21316211878009628,0.2191011235955056,0.23017656500802564,0.23001605136436587,0.21765650080256815,0.23499197431781704,0.2404494382022473,0.19390048154093087,0.10658105939004825,3.0
0.25698234349919735,0.21444622792937396,0.21316211878009628,0.2191011235955056,0.23017656500802564,0.23001605136436587,0.21765650080256815,0.23499197431781704,0.2404494382022473,0.19390048154093087,0.13306581059390044,0.12391653290529692,3.0
0.21444622792937396,0.21316211878009628,0.2191011235955056,0.23017656500802564,0.23001605136436587,0.21765650080256815,0.23499197431781704,0.2404494382022473,0.19390048154093087,0.13306581059390044,0.062439807383627643,0.17800963081861965,3.0
0.21316211878009628,0.2191011235955056,0.23017656500802564,0.23001605136436587,0.21765650080256815,0.23499197431781704,0.2404494382022473,0.19390048154093087,0.13306581059390044,0.062439807383627643,0.025682182985553803,0.2147672552166935,3.0
0.2191011235955056,0.23017656500802564,0.23001605136436587,0.21765650080256815,0.23499197431781704,0.2404494382022473,0.19390048154093087,0.13306581059390044,0.062439807383627643,0.025682182985553803,-0.06276083467094706,0.30321027287319435,0.0
0.23017656500802564,0.23001605136436587,0.21765650080256815,0.23499197431781704,0.2404494382022473,0.19390048154093087,0.13306581059390044,0.062439807383627643,0.025682182985553803,-0.06276083467094706,-0.20369181380417334,0.44414125200642063,0.0
0.23001605136436587,0.21765650080256815,0.23499197431781704,0.2404494382022473,0.19390048154093087,0.13306581059390044,0.062439807383627643,0.025682182985553803,-0.06276083467094706,-0.20369181380417334,-0.3182985553772071,0.5587479935794544,0.0
0.21765650080256815,0.23499197431781704,0.2404494382022473,0.19390048154093087,0.13306581059390044,0.062439807383627643,0.025682182985553803,-0.06276083467094706,-0.20369181380417334,-0.3182985553772071,-0.4441412520064205,0.6845906902086678,0.0
0.23499197431781704,0.2404494382022473,0.19390048154093087,0.13306581059390044,0.062439807383627643,0.025682182985553803,-0.06276083467094706,-0.20369181380417334,-0.3182985553772071,-0.4441412520064205,-0.5630818619582665,0.8035313001605138,0.0
0.2404494382022473,0.19390048154093087,0.13306581059390044,0.062439807383627643,0.025682182985553803,-0.06276083467094706,-0.20369181380417334,-0.3182985553772071,-0.4441412520064205,-0.5630818619582665,-0.6301765650080257,0.870626003210273,0.0
0.19390048154093087,0.13306581059390044,0.062439807383627643,0.025682182985553803,-0.06276083467094706,-0.20369181380417334,-0.3182985553772071,-0.4441412520064205,-0.5630818619582665,-0.6301765650080257,-0.7719101123595505,0.9658105939004814,0.0
0.13306581059390044,0.062439807383627643,0.025682182985553803,-0.06276083467094706,-0.20369181380417334,-0.3182985553772071,-0.4441412520064205,-0.5630818619582665,-0.6301765650080257,-0.7719101123595505,-0.9035313001605136,1.036597110754414,0.0
0.062439807383627643,0.025682182985553803,-0.06276083467094706,-0.20369181380417334,-0.3182985553772071,-0.4441412520064205,-0.5630818619582665,-0.6301765650080257,-0.7719101123595505,-0.9035313001605136,-0.9833065810593901,1.0457463884430176,0.0
0.025682182985553803,-0.06276083467094706,-0.20369181380417334,-0.3182985553772071,-0.4441412520064205,-0.5630818619582665,-0.6301765650080257,-0.7719101123595505,-0.9035313001605136,-0.9833065810593901,-1.0,1.0256821829855538,0.0
-0.06276083467094706,-0.20369181380417334,-0.3182985553772071,-0.4441412520064205,-0.5630818619582665,-0.6301765650080257,-0.7719101123595505,-0.9035313001605136,-0.9833065810593901,-1.0,-1.0,0.9372391653290529,0.0
-0.20369181380417334,-0.3182985553772071,-0.4441412520064205,-0.5630818619582665,-0.6301765650080257,-0.7719101123595505,-0.9035313001605136,-0.9833065810593901,-1.0,-1.0,-1.0,0.7963081861958267,0.0
-0.3182985553772071,-0.4441412520064205,-0.5630818619582665,-0.6301765650080257,-0.7719101123595505,-0.9035313001605136,-0.9833065810593901,-1.0,-1.0,-1.0,-0.9777191439460569,0.6817014446227929,0.0
-0.4441412520064205,-0.5630818619582665,-0.6301765650080257,-0.7719101123595505,-0.9035313001605136,-0.9833065810593901,-1.0,-1.0,-1.0,-0.9777191439460569,-0.962761259935237,0.5558587479935795,1.0
-0.5630818619582665,-0.6301765650080257,-0.7719101123595505,-0.9035313001605136,-0.9833065810593901,-1.0,-1.0,-1.0,-0.9777191439460569,-0.962761259935237,-0.924181082075819,0.4369181380417335,1.0
-0.6301765650080257,-0.7719101123595505,-0.9035313001605136,-0.9833065810593901,-1.0,-1.0,-1.0,-0.9777191439460569,-0.962761259935237,-0.924181082075819,-0.9007729112992271,0.36982343499197434,1.0
-0.7719101123595505,-0.9035313001605136,-0.9833065810593901,-1.0,-1.0,-1.0,-0.9777191439460569,-0.962761259935237,-0.924181082075819,-0.9007729112992271,-0.8214654282765738,0.22808988764044946,1.0
-0.9035313001605136,-0.9833065810593901,-1.0,-1.0,-1.0,-0.9777191439460569,-0.962761259935237,-0.924181082075819,-0.9007729112992271,-0.8214654282765738,-0.7651481645289695,0.2348518354710305,1.0
-0.9833065810593901,-1.0,-1.0,-1.0,-0.9777191439460569,-0.962761259935237,-0.924181082075819,-0.9007729112992271,-0.8214654282765738,-0.7651481645289695,-0.6547250479139024,0.3452749520860976,1.0
-1.0,-1.0,-1.0,-0.9777191439460569,-0.962761259935237,-0.924181082075819,-0.9007729112992271,-0.8214654282765738,-0.7651481645289695,-0.6547250479139024,-0.4901960784313726,0.5098039215686274,1.0
-1.0,-1.0,-0.9777191439460569,-0.962761259935237,-0.924181082075819,-0.9007729112992271,-0.8214654282765738,-0.7651481645289695,-0.6547250479139024,-0.4901960784313726,-0.31859059413238977,0.6814094058676102,2.0
-1.0,-0.9777191439460569,-0.962761259935237,-0.924181082075819,-0.9007729112992271,-0.8214654282765738,-0.7651481645289695,-0.6547250479139024,-0.4901960784313726,-0.31859059413238977,-0.17691287041132242,0.8230871295886776,2.0
-0.9777191439460569,-0.962761259935237,-0.924181082075819,-0.9007729112992271,-0.8214654282765738,-0.7651481645289695,-0.6547250479139024,-0.4901960784313726,-0.31859059413238977,-0.17691287041132242,-0.032728881026094614,0.9449902629199622,2.0
-0.962761259935237,-0.924181082075819,-0.9007729112992271,-0.8214654282765738,-0.7651481645289695,-0.6547250479139024,-0.4901960784313726,-0.31859059413238977,-0.17691287041132242,-0.032728881026094614,0.07548282470883083,1.038244084644068,2.0
-0.924181082075819,-0.9007729112992271,-0.8214654282765738,-0.7651481645289695,-0.6547250479139024,-0.4901960784313726,-0.31859059413238977,-0.17691287041132242,-0.032728881026094614,0.07548282470883083,0.21155830753353966,1.1357393896093586,2.0
-0.9007729112992271,-0.8214654282765738,-0.7651481645289695,-0.6547250479139024,-0.4901960784313726,-0.31859059413238977,-0.17691287041132242,-0.032728881026094614,0.07548282470883083,0.21155830753353966,0.3657673595754092,1.2665402708746363,2.0
-0.8214654282765738,-0.7651481645289695,-0.6547250479139024,-0.4901960784313726,-0.31859059413238977,-0.17691287041132242,-0.032728881026094614,0.07548282470883083,0.21155830753353966,0.3657673595754092,0.46719740527790066,1.2886628335544743,2.0
-0.7651481645289695,-0.6547250479139024,-0.4901960784313726,-0.31859059413238977,-0.17691287041132242,-0.032728881026094614,0.07548282470883083,0.21155830753353966,0.3657673595754092,0.46719740527790066,0.5897095680377413,1.3548577325667108,2.0
-0.6547250479139024,-0.4901960784313726,-0.31859059413238977,-0.17691287041132242,-0.032728881026094614,0.07548282470883083,0.21155830753353966,0.3657673595754092,0.46719740527790066,0.5897095680377413,0.6597375792422233,1.3144626271561257,2.0
-0.4901960784313726,-0.31859059413238977,-0.17691287041132242,-0.032728881026094614,0.07548282470883083,0.21155830753353966,0.3657673595754092,0.46719740527790066,0.5897095680377413,0.6597375792422233,0.7530591183841957,1.2432551968155683,2.0
-0.31859059413238977,-0.17691287041132242,-0.032728881026094614,0.07548282470883083,0.21155830753353966,0.3657673595754092,0.46719740527790066,0.5897095680377413,0.6597375792422233,0.7530591183841957,0.793454223794781,1.112044817927171,2.0
-0.17691287041132242,-0.032728881026094614,0.07548282470883083,0.21155830753353966,0.3657673595754092,0.46719740527790066,0.5897095680377413,0.6597375792422233,0.7530591183841957,0.793454223794781,0.777532065457762,0.9703670942061035,2.0
-0.032728881026094614,0.07548282470883083,0.21155830753353966,0.3657673595754092,0.46719740527790066,0.5897095680377413,0.6597375792422233,0.7530591183841957,0.793454223794781,0.777532065457762,0.7481940144478845,0.8261831048208756,2.0
0.07548282470883083,0.21155830753353966,0.3657673595754092,0.46719740527790066,0.5897095680377413,0.6597375792422233,0.7530591183841957,0.793454223794781,0.777532065457762,0.7481940144478845,0.7446557570396579,0.7179713990859502,2.0
0.21155830753353966,0.3657673595754092,0.46719740527790066,0.5897095680377413,0.6597375792422233,0.7530591183841957,0.793454223794781,0.777532065457762,0.7481940144478845,0.7446557570396579,0.7689812767212147,0.5818959162612414,3.0
0.3657673595754092,0.46719740527790066,0.5897095680377413,0.6597375792422233,0.7530591183841957,0.793454223794781,0.777532065457762,0.7481940144478845,0.7446557570396579,0.7689812767212147,0.781217750257998,0.42768686421937185,3.0
0.46719740527790066,0.5897095680377413,0.6597375792422233,0.7530591183841957,0.793454223794781,0.777532065457762,0.7481940144478845,0.7446557570396579,0.7689812767212147,0.781217750257998,0.7458351761757334,0.3262568185168804,3.0
0.5897095680377413,0.6597375792422233,0.7530591183841957,0.793454223794781,0.777532065457762,0.7481940144478845,0.7446557570396579,0.7689812767212147,0.781217750257998,0.7458351761757334,0.7066194899012237,0.2037446557570397,3.0
0.6597375792422233,0.7530591183841957,0.793454223794781,0.777532065457762,0.7481940144478845,0.7446557570396579,0.7689812767212147,0.781217750257998,0.7458351761757334,0.7066194899012237,0.6256818516880436,0.16777237210673746,3.0
0.7530591183841957,0.793454223794781,0.777532065457762,0.7481940144478845,0.7446557570396579,0.7689812767212147,0.781217750257998,0.7458351761757334,0.7066194899012237,0.6256818516880436,0.542532802594722,0.250921421200059,3.0
0.793454223794781,0.777532065457762,0.7481940144478845,0.7446557570396579,0.7689812767212147,0.781217750257998,0.7458351761757334,0.7066194899012237,0.6256818516880436,0.542532802594722,0.45776205218929666,0.33569217160548437,3.0
0.777532065457762,0.7481940144478845,0.7446557570396579,0.7689812767212147,0.781217750257998,0.7458351761757334,0.7066194899012237,0.6256818516880436,0.542532802594722,0.45776205218929666,0.37358101135190913,0.40763673890608887,3.0
0.7481940144478845,0.7446557570396579,0.7689812767212147,0.781217750257998,0.7458351761757334,0.7066194899012237,0.6256818516880436,0.542532802594722,0.45776205218929666,0.37358101135190913,0.32802594722099365,0.45319180303700435,3.0
0.7446557570396579,0.7689812767212147,0.781217750257998,0.7458351761757334,0.7066194899012237,0.6256818516880436,0.542532802594722,0.45776205218929666,0.37358101135190913,0.32802594722099365,0.2860091404983045,0.4952086097596935,3.0
0.7689812767212147,0.781217750257998,0.7458351761757334,0.7066194899012237,0.6256818516880436,0.542532802594722,0.45776205218929666,0.37358101135190913,0.32802594722099365,0.2860091404983045,0.25033171163202117,0.5308860386259768,3.0
0.781217750257998,0.7458351761757334,0.7066194899012237,0.6256818516880436,0.542532802594722,0.45776205218929666,0.37358101135190913,0.32802594722099365,0.2860091404983045,0.25033171163202117,0.21863482234999254,0.5625829279080055,3.0
0.7458351761757334,0.7066194899012237,0.6256818516880436,0.542532802594722,0.45776205218929666,0.37358101135190913,0.32802594722099365,0.2860091404983045,0.25033171163202117,0.21863482234999254,0.1549461890019166,0.5908889871738168,3.0
0.7066194899012237,0.6256818516880436,0.542532802594722,0.45776205218929666,0.37358101135190913,0.32802594722099365,0.2860091404983045,0.25033171163202117,0.21863482234999254,0.1549461890019166,0.09627008698216133,0.6103494029190624,3.0
0.6256818516880436,0.542532802594722,0.45776205218929666,0.37358101135190913,0.32802594722099365,0.2860091404983045,0.25033171163202117,0.21863482234999254,0.1549461890019166,0.09627008698216133,0.04201680672268915,0.5836650449653544,3.0
0.542532802594722,0.45776205218929666,0.37358101135190913,0.32802594722099365,0.2860091404983045,0.25033171163202117,0.21863482234999254,0.1549461890019166,0.09627008698216133,0.04201680672268915,-0.009435353088603882,0.5519681556833259,3.0
0.45776205218929666,0.37358101135190913,0.32802594722099365,0.2860091404983045,0.25033171163202117,0.21863482234999254,0.1549461890019166,0.09627008698216133,0.04201680672268915,-0.009435353088603882,-0.020344980097302123,0.4781070322865988,3.0
0.37358101135190913,0.32802594722099365,0.2860091404983045,0.25033171163202117,0.21863482234999254,0.1549461890019166,0.09627008698216133,0.04201680672268915,-0.009435353088603882,-0.020344980097302123,-0.029780333185905894,0.403361344537815,3.0
0.32802594722099365,0.2860091404983045,0.25033171163202117,0.21863482234999254,0.1549461890019166,0.09627008698216133,0.04201680672268915,-0.009435353088603882,-0.020344980097302123,-0.029780333185905894,-0.03729913017838715,0.3653250773993808,3.0
0.2860091404983045,0.25033171163202117,0.21863482234999254,0.1549461890019166,0.09627008698216133,0.04201680672268915,-0.009435353088603882,-0.020344980097302123,-0.029780333185905894,-0.03729913017838715,-0.0434910806427834,0.3295002211410879,3.0
0.25033171163202117,0.21863482234999254,0.1549461890019166,0.09627008698216133,0.04201680672268915,-0.009435353088603882,-0.020344980097302123,-0.029780333185905894,-0.03729913017838715,-0.0434910806427834,-0.04776647501105702,0.2980981866430782,3.0
0.21863482234999254,0.1549461890019166,0.09627008698216133,0.04201680672268915,-0.009435353088603882,-0.020344980097302123,-0.029780333185905894,-0.03729913017838715,-0.0434910806427834,-0.04776647501105702,-0.051157305027274114,0.26979212737726666,3.0
0.1549461890019166,0.09627008698216133,0.04201680672268915,-0.009435353088603882,-0.020344980097302123,-0.029780333185905894,-0.03729913017838715,-0.0434910806427834,-0.04776647501105702,-0.051157305027274114,-0.05499041721951936,0.20993660622143595,3.0
0.09627008698216133,0.04201680672268915,-0.009435353088603882,-0.020344980097302123,-0.029780333185905894,-0.03729913017838715,-0.0434910806427834,-0.04776647501105702,-0.051157305027274114,-0.05499041721951936,-0.057644110275689275,0.1539141972578506,3.0
0.04201680672268915,-0.009435353088603882,-0.020344980097302123,-0.029780333185905894,-0.03729913017838715,-0.0434910806427834,-0.04776647501105702,-0.051157305027274114,-0.05499041721951936,-0.057644110275689275,-0.06044523072386854,0.10246203744655769,3.0
-0.009435353088603882,-0.020344980097302123,-0.029780333185905894,-0.03729913017838715,-0.0434910806427834,-0.04776647501105702,-0.051157305027274114,-0.05499041721951936,-0.057644110275689275,-0.06044523072386854,-0.06265664160401008,0.053221288515406195,3.0
-0.020344980097302123,-0.029780333185905894,-0.03729913017838715,-0.0434910806427834,-0.04776647501105702,-0.051157305027274114,-0.05499041721951936,-0.057644110275689275,-0.06044523072386854,-0.06265664160401008,-0.06516290726817042,0.0448179271708683,3.0
-0.029780333185905894,-0.03729913017838715,-0.0434910806427834,-0.04776647501105702,-0.051157305027274114,-0.05499041721951936,-0.057644110275689275,-0.06044523072386854,-0.06265664160401008,-0.06516290726817042,-0.0672268907563025,0.03744655757039661,3.0
-0.03729913017838715,-0.0434910806427834,-0.04776647501105702,-0.051157305027274114,-0.05499041721951936,-0.057644110275689275,-0.06044523072386854,-0.06265664160401008,-0.06516290726817042,-0.0672268907563025,-0.06899601946041578,0.03169688928202863,3.0
-0.0434910806427834,-0.04776647501105702,-0.051157305027274114,-0.05499041721951936,-0.057644110275689275,-0.06044523072386854,-0.06265664160401008,-0.06516290726817042,-0.0672268907563025,-0.06899601946041578,-0.06988058381247231,0.02638950316968891,3.0
-0.04776647501105702,-0.051157305027274114,-0.05499041721951936,-0.057644110275689275,-0.06044523072386854,-0.06265664160401008,-0.06516290726817042,-0.0672268907563025,-0.06899601946041578,-0.06988058381247231,-0.07164971251658558,0.023883237505528565,3.0
-0.051157305027274114,-0.05499041721951936,-0.057644110275689275,-0.06044523072386854,-0.06265664160401008,-0.06516290726817042,-0.0672268907563025,-0.06899601946041578,-0.06988058381247231,-0.07164971251658558,-0.07341884122069886,0.022261536193424747,3.0
-0.05499041721951936,-0.057644110275689275,-0.06044523072386854,-0.06265664160401008,-0.06516290726817042,-0.0672268907563025,-0.06899601946041578,-0.06988058381247231,-0.07164971251658558,-0.07341884122069886,-0.07577767949284975,0.020787262273330387,3.0
-0.057644110275689275,-0.06044523072386854,-0.06265664160401008,-0.06516290726817042,-0.0672268907563025,-0.06899601946041578,-0.06988058381247231,-0.07164971251658558,-0.07341884122069886,-0.07577767949284975,-0.07872622733303847,0.021082117057349192,3.0
-0.06044523072386854,-0.06265664160401008,-0.06516290726817042,-0.0672268907563025,-0.06899601946041578,-0.06988058381247231,-0.07164971251658558,-0.07341884122069886,-0.07577767949284975,-0.07872622733303847,-0.08152734778121773,0.021082117057349192,3.0
-0.06265664160401008,-0.06516290726817042,-0.0672268907563025,-0.06899601946041578,-0.06988058381247231,-0.07164971251658558,-0.07341884122069886,-0.07577767949284975,-0.07872622733303847,-0.08152734778121773,-0.08477075040542537,0.02211410880141529,3.0
-0.06516290726817042,-0.0672268907563025,-0.06899601946041578,-0.06988058381247231,-0.07164971251658558,-0.07341884122069886,-0.07577767949284975,-0.07872622733303847,-0.08152734778121773,-0.08477075040542537,-0.08771929824561409,0.022556390977443663,3.0
-0.0672268907563025,-0.06899601946041578,-0.06988058381247231,-0.07164971251658558,-0.07341884122069886,-0.07577767949284975,-0.07872622733303847,-0.08152734778121773,-0.08477075040542537,-0.08771929824561409,-0.09022556390977443,0.022998673153471927,3.0
-0.06899601946041578,-0.06988058381247231,-0.07164971251658558,-0.07341884122069886,-0.07577767949284975,-0.07872622733303847,-0.08152734778121773,-0.08477075040542537,-0.08771929824561409,-0.09022556390977443,-0.09155241043785933,0.022556390977443552,3.0
-0.06988058381247231,-0.07164971251658558,-0.07341884122069886,-0.07577767949284975,-0.07872622733303847,-0.08152734778121773,-0.08477075040542537,-0.08771929824561409,-0.09022556390977443,-0.09155241043785933,-0.09258440218192543,0.02270381836945312,3.0
-0.07164971251658558,-0.07341884122069886,-0.07577767949284975,-0.07872622733303847,-0.08152734778121773,-0.08477075040542537,-0.08771929824561409,-0.09022556390977443,-0.09155241043785933,-0.09258440218192543,-0.09420610349402914,0.022556390977443552,3.0
-0.07341884122069886,-0.07577767949284975,-0.07872622733303847,-0.08152734778121773,-0.08477075040542537,-0.08771929824561409,-0.09022556390977443,-0.09155241043785933,-0.09258440218192543,-0.09420610349402914,-0.09671236915818959,0.023293527937490732,3.0
-0.07577767949284975,-0.07872622733303847,-0.08152734778121773,-0.08477075040542537,-0.08771929824561409,-0.09022556390977443,-0.09155241043785933,-0.09258440218192543,-0.09420610349402914,-0.09671236915818959,-0.09848149786230287,0.02270381836945312,3.0
-0.07872622733303847,-0.08152734778121773,-0.08477075040542537,-0.08771929824561409,-0.09022556390977443,-0.09155241043785933,-0.09258440218192543,-0.09420610349402914,-0.09671236915818959,-0.09848149786230287,-0.10054548135043495,0.021819254017396483,3.0
-0.08152734778121773,-0.08477075040542537,-0.08771929824561409,-0.09022556390977443,-0.09155241043785933,-0.09258440218192543,-0.09420610349402914,-0.09671236915818959,-0.09848149786230287,-0.10054548135043495,-0.10260946483856703,0.021082117057349303,3.0
-0.08477075040542537,-0.08771929824561409,-0.09022556390977443,-0.09155241043785933,-0.09258440218192543,-0.09420610349402914,-0.09671236915818959,-0.09848149786230287,-0.10054548135043495,-0.10260946483856703,-0.10482087571870857,0.020050125313283207,3.0
-0.08771929824561409,-0.09022556390977443,-0.09155241043785933,-0.09258440218192543,-0.09420610349402914,-0.09671236915818959,-0.09848149786230287,-0.10054548135043495,-0.10260946483856703,-0.10482087571870857,-0.10659000442282174,0.018870706177207652,3.0
-0.09022556390977443,-0.09155241043785933,-0.09258440218192543,-0.09420610349402914,-0.09671236915818959,-0.09848149786230287,-0.10054548135043495,-0.10260946483856703,-0.10482087571870857,-0.10659000442282174,-0.10747456877487838,0.017249004865103945,3.0
-0.09155241043785933,-0.09258440218192543,-0.09420610349402914,-0.09671236915818959,-0.09848149786230287,-0.10054548135043495,-0.10260946483856703,-0.10482087571870857,-0.10659000442282174,-0.10747456877487838,-0.10850656051894447,0.01695415008108514,3.0
-0.09258440218192543,-0.09420610349402914,-0.09671236915818959,-0.09848149786230287,-0.10054548135043495,-0.10260946483856703,-0.10482087571870857,-0.10659000442282174,-0.10747456877487838,-0.10850656051894447,-0.10998083443903872,0.017396432257113292,3.0
-0.09420610349402914,-0.09671236915818959,-0.09848149786230287,-0.10054548135043495,-0.10260946483856703,-0.10482087571870857,-0.10659000442282174,-0.10747456877487838,-0.10850656051894447,-0.10998083443903872,-0.11145510835913308,0.017249004865103945,3.0
-0.09671236915818959,-0.09848149786230287,-0.10054548135043495,-0.10260946483856703,-0.10482087571870857,-0.10659000442282174,-0.10747456877487838,-0.10850656051894447,-0.10998083443903872,-0.11145510835913308,-0.11086539879109536,0.014742739200943489,3.0
-0.09848149786230287,-0.10054548135043495,-0.10260946483856703,-0.10482087571870857,-0.10659000442282174,-0.10747456877487838,-0.10850656051894447,-0.10998083443903872,-0.11145510835913308,-0.11086539879109536,-0.10408373875866139,0.012973610496830212,3.0
-0.10054548135043495,-0.10260946483856703,-0.10482087571870857,-0.10659000442282174,-0.10747456877487838,-0.10850656051894447,-0.10998083443903872,-0.11145510835913308,-0.11086539879109536,-0.10408373875866139,-0.08801415302963289,0.02344095532950019,3.0
-0.10260946483856703,-0.10482087571870857,-0.10659000442282174,-0.10747456877487838,-0.10850656051894447,-0.10998083443903872,-0.11145510835913308,-0.11086539879109536,-0.10408373875866139,-0.08801415302963289,-0.03007518796992481,0.08137992038920827,3.0
-0.10482087571870857,-0.10659000442282174,-0.10747456877487838,-0.10850656051894447,-0.10998083443903872,-0.11145510835913308,-0.11086539879109536,-0.10408373875866139,-0.08801415302963289,-0.03007518796992481,-0.018575851393188847,0.09287925696594423,3.0
-0.10659000442282174,-0.10747456877487838,-0.10850656051894447,-0.10998083443903872,-0.11145510835913308,-0.11086539879109536,-0.10408373875866139,-0.08801415302963289,-0.03007518796992481,-0.018575851393188847,0.017986141825151014,0.1294412501842841,3.0
-0.10747456877487838,-0.10850656051894447,-0.10998083443903872,-0.11145510835913308,-0.11086539879109536,-0.10408373875866139,-0.08801415302963289,-0.03007518796992481,-0.018575851393188847,0.017986141825151014,0.04865103936311366,0.16010614772224674,3.0
-0.10850656051894447,-0.10998083443903872,-0.11145510835913308,-0.11086539879109536,-0.10408373875866139,-0.08801415302963289,-0.03007518796992481,-0.018575851393188847,0.017986141825151014,0.04865103936311366,0.07341884122069886,0.18487394957983194,3.0
-0.10998083443903872,-0.11145510835913308,-0.11086539879109536,-0.10408373875866139,-0.08801415302963289,-0.03007518796992481,-0.018575851393188847,0.017986141825151014,0.04865103936311366,0.07341884122069886,0.09332153914197261,0.2047766475011057,3.0
-0.11145510835913308,-0.11086539879109536,-0.10408373875866139,-0.08801415302963289,-0.03007518796992481,-0.018575851393188847,0.017986141825151014,0.04865103936311366,0.07341884122069886,0.09332153914197261,0.07047029338051014,0.2047766475011057,3.0
-0.11086539879109536,-0.10408373875866139,-0.08801415302963289,-0.03007518796992481,-0.018575851393188847,0.017986141825151014,0.04865103936311366,0.07341884122069886,0.09332153914197261,0.07047029338051014,0.04334365325077405,0.20418693793306797,3.0
-0.10408373875866139,-0.08801415302963289,-0.03007518796992481,-0.018575851393188847,0.017986141825151014,0.04865103936311366,0.07341884122069886,0.09332153914197261,0.07047029338051014,0.04334365325077405,0.009877635264632145,0.197405277900634,3.0
-0.08801415302963289,-0.03007518796992481,-0.018575851393188847,0.017986141825151014,0.04865103936311366,0.07341884122069886,0.09332153914197261,0.07047029338051014,0.04334365325077405,0.009877635264632145,0.004717676544301996,0.1813356921716055,3.0
-0.03007518796992481,-0.018575851393188847,0.017986141825151014,0.04865103936311366,0.07341884122069886,0.09332153914197261,0.07047029338051014,0.04334365325077405,0.009877635264632145,0.004717676544301996,-0.013710747456877503,0.12339672711189742,3.0
-0.018575851393188847,0.017986141825151014,0.04865103936311366,0.07341884122069886,0.09332153914197261,0.07047029338051014,0.04334365325077405,0.009877635264632145,0.004717676544301996,-0.013710747456877503,-0.04570249152292494,0.13902403066489755,3.0
0.017986141825151014,0.04865103936311366,0.07341884122069886,0.09332153914197261,0.07047029338051014,0.04334365325077405,0.009877635264632145,0.004717676544301996,-0.013710747456877503,-0.04570249152292494,-0.1606141127841748,0.2539356519261474,3.0
0.04865103936311366,0.07341884122069886,0.09332153914197261,0.07047029338051014,0.04334365325077405,0.009877635264632145,0.004717676544301996,-0.013710747456877503,-0.04570249152292494,-0.1606141127841748,-0.2169890026545317,0.3103105417965043,3.0
0.07341884122069886,0.09332153914197261,0.07047029338051014,0.04334365325077405,0.009877635264632145,0.004717676544301996,-0.013710747456877503,-0.04570249152292494,-0.1606141127841748,-0.2169890026545317,-0.30695706675023504,0.40027860589220765,3.0
0.09332153914197261,0.07047029338051014,0.04334365325077405,0.009877635264632145,0.004717676544301996,-0.013710747456877503,-0.04570249152292494,-0.1606141127841748,-0.2169890026545317,-0.30695706675023504,-0.37104613178232815,0.46436767092430076,0.0
0.07047029338051014,0.04334365325077405,0.009877635264632145,0.004717676544301996,-0.013710747456877503,-0.04570249152292494,-0.1606141127841748,-0.2169890026545317,-0.30695706675023504,-0.37104613178232815,-0.4360639766176829,0.5065342699981931,0.0
0.04334365325077405,0.009877635264632145,0.004717676544301996,-0.013710747456877503,-0.04570249152292494,-0.1606141127841748,-0.2169890026545317,-0.30695706675023504,-0.37104613178232815,-0.4360639766176829,-0.5071105630908344,0.5504542163416084,0.0
0.009877635264632145,0.004717676544301996,-0.013710747456877503,-0.04570249152292494,-0.1606141127841748,-0.2169890026545317,-0.30695706675023504,-0.37104613178232815,-0.4360639766176829,-0.5071105630908344,-0.5418002466091245,0.5516778818737567,0.0
0.004717676544301996,-0.013710747456877503,-0.04570249152292494,-0.1606141127841748,-0.2169890026545317,-0.30695706675023504,-0.37104613178232815,-0.4360639766176829,-0.5071105630908344,-0.5418002466091245,-0.6177558569667078,0.6224735335110098,0.0
-0.013710747456877503,-0.04570249152292494,-0.1606141127841748,-0.2169890026545317,-0.30695706675023504,-0.37104613178232815,-0.4360639766176829,-0.5071105630908344,-0.5418002466091245,-0.6177558569667078,-0.6902589395807646,0.6765481921238871,0.0
-0.04570249152292494,-0.1606141127841748,-0.2169890026545317,-0.30695706675023504,-0.37104613178232815,-0.4360639766176829,-0.5071105630908344,-0.5418002466091245,-0.6177558569667078,-0.6902589395807646,-0.7979449239621866,0.7522424324392617,0.0
-0.1606141127841748,-0.2169890026545317,-0.30695706675023504,-0.37104613178232815,-0.4360639766176829,-0.5071105630908344,-0.5418002466091245,-0.6177558569667078,-0.6902589395807646,-0.7979449239621866,-0.9003699136868064,0.7397558009026316,0.0
-0.2169890026545317,-0.30695706675023504,-0.37104613178232815,-0.4360639766176829,-0.5071105630908344,-0.5418002466091245,-0.6177558569667078,-0.6902589395807646,-0.7979449239621866,-0.9003699136868064,-0.9985203452527743,0.7815313425982426,0.0
-0.30695706675023504,-0.37104613178232815,-0.4360639766176829,-0.5071105630908344,-0.5418002466091245,-0.6177558569667078,-0.6902589395807646,-0.7979449239621866,-0.9003699136868064,-0.9985203452527743,-1.0,0.693042933249765,0.0
-0.37104613178232815,-0.4360639766176829,-0.5071105630908344,-0.5418002466091245,-0.6177558569667078,-0.6902589395807646,-0.7979449239621866,-0.9003699136868064,-0.9985203452527743,-1.0,-1.0,0.6289538682176719,0.0
-0.4360639766176829,-0.5071105630908344,-0.5418002466091245,-0.6177558569667078,-0.6902589395807646,-0.7979449239621866,-0.9003699136868064,-0.9985203452527743,-1.0,-1.0,-0.9828575921994182,0.5639360233823171,0.0
-0.5071105630908344,-0.5418002466091245,-0.6177558569667078,-0.6902589395807646,-0.7979449239621866,-0.9003699136868064,-0.9985203452527743,-1.0,-1.0,-0.9828575921994182,-0.986160257922466,0.49288943690916565,0.0
-0.5418002466091245,-0.6177558569667078,-0.6902589395807646,-0.7979449239621866,-0.9003699136868064,-0.9985203452527743,-1.0,-1.0,-0.9828575921994182,-0.986160257922466,-1.0,0.4581997533908755,1.0
-0.6177558569667078,-0.6902589395807646,-0.7979449239621866,-0.9003699136868064,-0.9985203452527743,-1.0,-1.0,-0.9828575921994182,-0.986160257922466,-1.0,-0.9619450317124736,0.38224414303329224,1.0
-0.6902589395807646,-0.7979449239621866,-0.9003699136868064,-0.9985203452527743,-1.0,-1.0,-0.9828575921994182,-0.986160257922466,-1.0,-0.9619450317124736,-0.9439354788191997,0.30974106041923544,1.0
-0.7979449239621866,-0.9003699136868064,-0.9985203452527743,-1.0,-1.0,-0.9828575921994182,-0.986160257922466,-1.0,-0.9619450317124736,-0.9439354788191997,-0.8665727037820061,0.20205507603781336,1.0
-0.9003699136868064,-0.9985203452527743,-1.0,-1.0,-0.9828575921994182,-0.986160257922466,-1.0,-0.9619450317124736,-0.9439354788191997,-0.8665727037820061,-0.7345548508339206,0.2654451491660794,1.0
-0.9985203452527743,-1.0,-1.0,-0.9828575921994182,-0.986160257922466,-1.0,-0.9619450317124736,-0.9439354788191997,-0.8665727037820061,-0.7345548508339206,-0.6272805575131157,0.37271944248688427,1.0
-1.0,-1.0,-0.9828575921994182,-0.986160257922466,-1.0,-0.9619450317124736,-0.9439354788191997,-0.8665727037820061,-0.7345548508339206,-0.6272805575131157,-0.5030929449534101,0.49690705504658994,1.0
-1.0,-0.9828575921994182,-0.986160257922466,-1.0,-0.9619450317124736,-0.9439354788191997,-0.8665727037820061,-0.7345548508339206,-0.6272805575131157,-0.5030929449534101,-0.3262861169837914,0.6737138830162086,2.0
-0.9828575921994182,-0.986160257922466,-1.0,-0.9619450317124736,-0.9439354788191997,-0.8665727037820061,-0.7345548508339206,-0.6272805575131157,-0.5030929449534101,-0.3262861169837914,-0.140396210163652,0.859603789836348,2.0
-0.986160257922466,-1.0,-0.9619450317124736,-0.9439354788191997,-0.8665727037820061,-0.7345548508339206,-0.6272805575131157,-0.5030929449534101,-0.3262861169837914,-0.140396210163652,0.013546315871897363,1.0135463158718974,2.0
-1.0,-0.9619450317124736,-0.9439354788191997,-0.8665727037820061,-0.7345548508339206,-0.6272805575131157,-0.5030929449534101,-0.3262861169837914,-0.140396210163652,0.013546315871897363,0.12426591496358941,1.1242659149635894,2.0
-0.9619450317124736,-0.9439354788191997,-0.8665727037820061,-0.7345548508339206,-0.6272805575131157,-0.5030929449534101,-0.3262861169837914,-0.140396210163652,0.013546315871897363,0.12426591496358941,0.27053480541852637,1.232479837131,2.0
-0.9439354788191997,-0.8665727037820061,-0.7345548508339206,-0.6272805575131157,-0.5030929449534101,-0.3262861169837914,-0.140396210163652,0.013546315871897363,0.12426591496358941,0.27053480541852637,0.44875107665805336,1.392686555477253,2.0
-0.8665727037820061,-0.7345548508339206,-0.6272805575131157,-0.5030929449534101,-0.3262861169837914,-0.140396210163652,0.013546315871897363,0.12426591496358941,0.27053480541852637,0.44875107665805336,0.5788896719129277,1.4454623756949339,2.0
-0.7345548508339206,-0.6272805575131157,-0.5030929449534101,-0.3262861169837914,-0.140396210163652,0.013546315871897363,0.12426591496358941,0.27053480541852637,0.44875107665805336,0.5788896719129277,0.7002583979328165,1.434813248766737,2.0
-0.6272805575131157,-0.5030929449534101,-0.3262861169837914,-0.140396210163652,0.013546315871897363,0.12426591496358941,0.27053480541852637,0.44875107665805336,0.5788896719129277,0.7002583979328165,0.8090987393312974,1.4363792968444131,2.0
-0.5030929449534101,-0.3262861169837914,-0.140396210163652,0.013546315871897363,0.12426591496358941,0.27053480541852637,0.44875107665805336,0.5788896719129277,0.7002583979328165,0.8090987393312974,0.8668859133975413,1.3699788583509513,2.0
-0.3262861169837914,-0.140396210163652,0.013546315871897363,0.12426591496358941,0.27053480541852637,0.44875107665805336,0.5788896719129277,0.7002583979328165,0.8090987393312974,0.8668859133975413,0.9517657192075797,1.278051836191371,2.0
-0.140396210163652,0.013546315871897363,0.12426591496358941,0.27053480541852637,0.44875107665805336,0.5788896719129277,0.7002583979328165,0.8090987393312974,0.8668859133975413,0.9517657192075797,1.0,1.140396210163652,2.0
0.013546315871897363,0.12426591496358941,0.27053480541852637,0.44875107665805336,0.5788896719129277,0.7002583979328165,0.8090987393312974,0.8668859133975413,0.9517657192075797,1.0,1.0,0.9864536841281026,2.0
0.12426591496358941,0.27053480541852637,0.44875107665805336,0.5788896719129277,0.7002583979328165,0.8090987393312974,0.8668859133975413,0.9517657192075797,1.0,1.0,1.0,0.8757340850364106,2.0
0.27053480541852637,0.44875107665805336,0.5788896719129277,0.7002583979328165,0.8090987393312974,0.8668859133975413,0.9517657192075797,1.0,1.0,1.0,1.0,0.7294651945814736,2.0
0.44875107665805336,0.5788896719129277,0.7002583979328165,0.8090987393312974,0.8668859133975413,0.9517657192075797,1.0,1.0,1.0,1.0,1.0,0.5512489233419466,2.0
0.5788896719129277,0.7002583979328165,0.8090987393312974,0.8668859133975413,0.9517657192075797,1.0,1.0,1.0,1.0,1.0,0.959656652360515,0.42111032808707227,3.0
0.7002583979328165,0.8090987393312974,0.8668859133975413,0.9517657192075797,1.0,1.0,1.0,1.0,1.0,0.959656652360515,0.9050071530758226,0.2997416020671835,3.0
0.8090987393312974,0.8668859133975413,0.9517657192075797,1.0,1.0,1.0,1.0,1.0,0.959656652360515,0.9050071530758226,0.8391988555078684,0.1909012606687026,3.0
0.8668859133975413,0.9517657192075797,1.0,1.0,1.0,1.0,1.0,0.959656652360515,0.9050071530758226,0.8391988555078684,0.8350500715307583,0.16494992846924172,3.0
0.9517657192075797,1.0,1.0,1.0,1.0,1.0,0.959656652360515,0.9050071530758226,0.8391988555078684,0.8350500715307583,0.8228898426323319,0.1771101573676681,3.0
1.0,1.0,1.0,1.0,1.0,0.959656652360515,0.9050071530758226,0.8391988555078684,0.8350500715307583,0.8228898426323319,0.8068669527896997,0.19313304721030033,3.0
1.0,1.0,1.0,1.0,0.959656652360515,0.9050071530758226,0.8391988555078684,0.8350500715307583,0.8228898426323319,0.8068669527896997,0.7861230329041489,0.21387696709585113,3.0
1.0,1.0,1.0,0.959656652360515,0.9050071530758226,0.8391988555078684,0.8350500715307583,0.8228898426323319,0.8068669527896997,0.7861230329041489,0.7626609442060086,0.2373390557939914,3.0
1.0,1.0,0.959656652360515,0.9050071530758226,0.8391988555078684,0.8350500715307583,0.8228898426323319,0.8068669527896997,0.7861230329041489,0.7626609442060086,0.7432045779685266,0.25679542203147343,3.0
1.0,0.959656652360515,0.9050071530758226,0.8391988555078684,0.8350500715307583,0.8228898426323319,0.8068669527896997,0.7861230329041489,0.7626609442060086,0.7432045779685266,0.6539341917024319,0.34606580829756806,3.0
0.959656652360515,0.9050071530758226,0.8391988555078684,0.8350500715307583,0.8228898426323319,0.8068669527896997,0.7861230329041489,0.7626609442060086,0.7432045779685266,0.6539341917024319,0.5699570815450643,0.3896995708154507,3.0
0.9050071530758226,0.8391988555078684,0.8350500715307583,0.8228898426323319,0.8068669527896997,0.7861230329041489,0.7626609442060086,0.7432045779685266,0.6539341917024319,0.5699570815450643,0.4889842632331902,0.41602288984263236,3.0
0.8391988555078684,0.8350500715307583,0.8228898426323319,0.8068669527896997,0.7861230329041489,0.7626609442060086,0.7432045779685266,0.6539341917024319,0.5699570815450643,0.4889842632331902,0.44921316165951364,0.3899856938483548,3.0
0.8350500715307583,0.8228898426323319,0.8068669527896997,0.7861230329041489,0.7626609442060086,0.7432045779685266,0.6539341917024319,0.5699570815450643,0.4889842632331902,0.44921316165951364,0.4167381974248927,0.41831187410586557,3.0
0.8228898426323319,0.8068669527896997,0.7861230329041489,0.7626609442060086,0.7432045779685266,0.6539341917024319,0.5699570815450643,0.4889842632331902,0.44921316165951364,0.4167381974248927,0.38812589413447784,0.43476394849785405,3.0
0.8068669527896997,0.7861230329041489,0.7626609442060086,0.7432045779685266,0.6539341917024319,0.5699570815450643,0.4889842632331902,0.44921316165951364,0.4167381974248927,0.38812589413447784,0.3271816881258942,0.47968526466380546,3.0
0.7861230329041489,0.7626609442060086,0.7432045779685266,0.6539341917024319,0.5699570815450643,0.4889842632331902,0.44921316165951364,0.4167381974248927,0.38812589413447784,0.3271816881258942,0.2715307582260371,0.5145922746781117,3.0
0.7626609442060086,0.7432045779685266,0.6539341917024319,0.5699570815450643,0.4889842632331902,0.44921316165951364,0.4167381974248927,0.38812589413447784,0.3271816881258942,0.2715307582260371,0.21874105865522164,0.543919885550787,3.0
0.7432045779685266,0.6539341917024319,0.5699570815450643,0.4889842632331902,0.44921316165951364,0.4167381974248927,0.38812589413447784,0.3271816881258942,0.2715307582260371,0.21874105865522164,0.16866952789699563,0.5745350500715309,3.0
0.6539341917024319,0.5699570815450643,0.4889842632331902,0.44921316165951364,0.4167381974248927,0.38812589413447784,0.3271816881258942,0.2715307582260371,0.21874105865522164,0.16866952789699563,0.12117310443490692,0.532761087267525,3.0
0.5699570815450643,0.4889842632331902,0.44921316165951364,0.4167381974248927,0.38812589413447784,0.3271816881258942,0.2715307582260371,0.21874105865522164,0.16866952789699563,0.12117310443490692,0.07510729613733913,0.4948497854077252,3.0
0.4889842632331902,0.44921316165951364,0.4167381974248927,0.38812589413447784,0.3271816881258942,0.2715307582260371,0.21874105865522164,0.16866952789699563,0.12117310443490692,0.07510729613733913,0.06723891273247506,0.42174535050071515,3.0
0.44921316165951364,0.4167381974248927,0.38812589413447784,0.3271816881258942,0.2715307582260371,0.21874105865522164,0.16866952789699563,0.12117310443490692,0.07510729613733913,0.06723891273247506,0.05865522174535043,0.3905579399141632,3.0
0.4167381974248927,0.38812589413447784,0.3271816881258942,0.2715307582260371,0.21874105865522164,0.16866952789699563,0.12117310443490692,0.07510729613733913,0.06723891273247506,0.05865522174535043,0.05078683834048636,0.36595135908440635,3.0
0.38812589413447784,0.3271816881258942,0.2715307582260371,0.21874105865522164,0.16866952789699563,0.12117310443490692,0.07510729613733913,0.06723891273247506,0.05865522174535043,0.05078683834048636,0.043776824034334805,0.34434907010014304,3.0
0.3271816881258942,0.2715307582260371,0.21874105865522164,0.16866952789699563,0.12117310443490692,0.07510729613733913,0.06723891273247506,0.05865522174535043,0.05078683834048636,0.043776824034334805,0.03705293276108734,0.29012875536480687,3.0
0.2715307582260371,0.21874105865522164,0.16866952789699563,0.12117310443490692,0.07510729613733913,0.06723891273247506,0.05865522174535043,0.05078683834048636,0.043776824034334805,0.03705293276108734,0.031330472103004325,0.2402002861230328,3.0
0.21874105865522164,0.16866952789699563,0.12117310443490692,0.07510729613733913,0.06723891273247506,0.05865522174535043,0.05078683834048636,0.043776824034334805,0.03705293276108734,0.031330472103004325,0.025894134477825403,0.19284692417739624,3.0
0.16866952789699563,0.12117310443490692,0.07510729613733913,0.06723891273247506,0.05865522174535043,0.05078683834048636,0.043776824034334805,0.03705293276108734,0.031330472103004325,0.025894134477825403,0.02060085836909864,0.148068669527897,3.0
0.12117310443490692,0.07510729613733913,0.06723891273247506,0.05865522174535043,0.05078683834048636,0.043776824034334805,0.03705293276108734,0.031330472103004325,0.025894134477825403,0.02060085836909864,0.01587982832618029,0.10529327610872663,3.0
0.07510729613733913,0.06723891273247506,0.05865522174535043,0.05078683834048636,0.043776824034334805,0.03705293276108734,0.031330472103004325,0.025894134477825403,0.02060085836909864,0.01587982832618029,0.01101573676680978,0.06409155937052935,3.0
0.06723891273247506,0.05865522174535043,0.05078683834048636,0.043776824034334805,0.03705293276108734,0.031330472103004325,0.025894134477825403,0.02060085836909864,0.01587982832618029,0.01101573676680978,0.006008583690987113,0.06123032904148795,3.0
0.05865522174535043,0.05078683834048636,0.043776824034334805,0.03705293276108734,0.031330472103004325,0.025894134477825403,0.02060085836909864,0.01587982832618029,0.01101573676680978,0.006008583690987113,0.0,0.05865522174535043,3.0
0.05078683834048636,0.043776824034334805,0.03705293276108734,0.031330472103004325,0.025894134477825403,0.02060085836909864,0.01587982832618029,0.01101573676680978,0.006008583690987113,0.0,-0.004434907010014255,0.05522174535050062,3.0
0.043776824034334805,0.03705293276108734,0.031330472103004325,0.025894134477825403,0.02060085836909864,0.01587982832618029,0.01101573676680978,0.006008583690987113,0.0,-0.004434907010014255,-0.007868383404864066,0.05164520743919887,3.0
0.03705293276108734,0.031330472103004325,0.025894134477825403,0.02060085836909864,0.01587982832618029,0.01101573676680978,0.006008583690987113,0.0,-0.004434907010014255,-0.007868383404864066,-0.009442060085836923,0.046494992846924266,3.0
0.031330472103004325,0.025894134477825403,0.02060085836909864,0.01587982832618029,0.01101573676680978,0.006008583690987113,0.0,-0.004434907010014255,-0.007868383404864066,-0.009442060085836923,-0.011444921316165924,0.04277539341917025,3.0
0.025894134477825403,0.02060085836909864,0.01587982832618029,0.01101573676680978,0.006008583690987113,0.0,-0.004434907010014255,-0.007868383404864066,-0.009442060085836923,-0.011444921316165924,-0.013161659513590829,0.03905579399141623,3.0
0.02060085836909864,0.01587982832618029,0.01101573676680978,0.006008583690987113,0.0,-0.004434907010014255,-0.007868383404864066,-0.009442060085836923,-0.011444921316165924,-0.013161659513590829,-0.014735336194563686,0.035336194563662326,3.0
0.01587982832618029,0.01101573676680978,0.006008583690987113,0.0,-0.004434907010014255,-0.007868383404864066,-0.009442060085836923,-0.011444921316165924,-0.013161659513590829,-0.014735336194563686,-0.01645207439198859,0.03233190271816888,3.0
0.01101573676680978,0.006008583690987113,0.0,-0.004434907010014255,-0.007868383404864066,-0.009442060085836923,-0.011444921316165924,-0.013161659513590829,-0.014735336194563686,-0.01645207439198859,-0.017596566523605195,0.028612303290414975,3.0
0.006008583690987113,0.0,-0.004434907010014255,-0.007868383404864066,-0.009442060085836923,-0.011444921316165924,-0.013161659513590829,-0.014735336194563686,-0.01645207439198859,-0.017596566523605195,-0.019742489270386243,0.025751072961373356,3.0
0.0,-0.004434907010014255,-0.007868383404864066,-0.009442060085836923,-0.011444921316165924,-0.013161659513590829,-0.014735336194563686,-0.01645207439198859,-0.017596566523605195,-0.019742489270386243,-0.0213161659513591,0.0213161659513591,3.0
-0.004434907010014255,-0.007868383404864066,-0.009442060085836923,-0.011444921316165924,-0.013161659513590829,-0.014735336194563686,-0.01645207439198859,-0.017596566523605195,-0.019742489270386243,-0.0213161659513591,-0.022317596566523656,0.0178826895565094,3.0
-0.007868383404864066,-0.009442060085836923,-0.011444921316165924,-0.013161659513590829,-0.014735336194563686,-0.01645207439198859,-0.017596566523605195,-0.019742489270386243,-0.0213161659513591,-0.022317596566523656,-0.021745350500715355,0.014449213161659591,3.0
-0.009442060085836923,-0.011444921316165924,-0.013161659513590829,-0.014735336194563686,-0.01645207439198859,-0.017596566523605195,-0.019742489270386243,-0.0213161659513591,-0.022317596566523656,-0.021745350500715355,-0.022317596566523656,0.012875536480686733,3.0
-0.011444921316165924,-0.013161659513590829,-0.014735336194563686,-0.01645207439198859,-0.017596566523605195,-0.019742489270386243,-0.0213161659513591,-0.022317596566523656,-0.021745350500715355,-0.022317596566523656,-0.022460658082975704,0.01101573676680978,3.0
-0.013161659513590829,-0.014735336194563686,-0.01645207439198859,-0.017596566523605195,-0.019742489270386243,-0.0213161659513591,-0.022317596566523656,-0.021745350500715355,-0.022317596566523656,-0.022460658082975704,-0.023891273247496403,0.010729613733905574,3.0
-0.014735336194563686,-0.01645207439198859,-0.017596566523605195,-0.019742489270386243,-0.0213161659513591,-0.022317596566523656,-0.021745350500715355,-0.022317596566523656,-0.022460658082975704,-0.023891273247496403,-0.02489270386266096,0.010157367668097272,3.0
-0.01645207439198859,-0.017596566523605195,-0.019742489270386243,-0.0213161659513591,-0.022317596566523656,-0.021745350500715355,-0.022317596566523656,-0.022460658082975704,-0.023891273247496403,-0.02489270386266096,-0.026466380543633816,0.010014306151645225,3.0
-0.017596566523605195,-0.019742489270386243,-0.0213161659513591,-0.022317596566523656,-0.021745350500715355,-0.022317596566523656,-0.022460658082975704,-0.023891273247496403,-0.02489270386266096,-0.026466380543633816,-0.02818311874105861,0.010586552217453415,3.0
-0.019742489270386243,-0.0213161659513591,-0.022317596566523656,-0.021745350500715355,-0.022317596566523656,-0.022460658082975704,-0.023891273247496403,-0.02489270386266096,-0.026466380543633816,-0.02818311874105861,-0.02489270386266096,0.008440629470672367,3.0
-0.0213161659513591,-0.022317596566523656,-0.021745350500715355,-0.022317596566523656,-0.022460658082975704,-0.023891273247496403,-0.02489270386266096,-0.026466380543633816,-0.02818311874105861,-0.02489270386266096,-0.02060085836909875,0.007582260371959859,3.0
-0.022317596566523656,-0.021745350500715355,-0.022317596566523656,-0.022460658082975704,-0.023891273247496403,-0.02489270386266096,-0.026466380543633816,-0.02818311874105861,-0.02489270386266096,-0.02060085836909875,0.00758226037195997,0.03576537911301858,3.0
-0.021745350500715355,-0.022317596566523656,-0.022460658082975704,-0.023891273247496403,-0.02489270386266096,-0.026466380543633816,-0.02818311874105861,-0.02489270386266096,-0.02060085836909875,0.00758226037195997,0.02618025751072972,0.05436337625178833,3.0
-0.022317596566523656,-0.022460658082975704,-0.023891273247496403,-0.02489270386266096,-0.026466380543633816,-0.02818311874105861,-0.02489270386266096,-0.02060085836909875,0.00758226037195997,0.02618025751072972,0.04220314735336195,0.07038626609442056,3.0
-0.022460658082975704,-0.023891273247496403,-0.02489270386266096,-0.026466380543633816,-0.02818311874105861,-0.02489270386266096,-0.02060085836909875,0.00758226037195997,0.02618025751072972,0.04220314735336195,0.018454935622317592,0.07038626609442056,3.0
-0.023891273247496403,-0.02489270386266096,-0.026466380543633816,-0.02818311874105861,-0.02489270386266096,-0.02060085836909875,0.00758226037195997,0.02618025751072972,0.04220314735336195,0.018454935622317592,-0.008154506437768272,0.07038626609442056,3.0
-0.02489270386266096,-0.026466380543633816,-0.02818311874105861,-0.02489270386266096,-0.02060085836909875,0.00758226037195997,0.02618025751072972,0.04220314735336195,0.018454935622317592,-0.008154506437768272,-0.04191702432045785,0.0841201716738198,3.0
-0.026466380543633816,-0.02818311874105861,-0.02489270386266096,-0.02060085836909875,0.00758226037195997,0.02618025751072972,0.04220314735336195,0.018454935622317592,-0.008154506437768272,-0.04191702432045785,-0.045779685264663805,0.08798283261802575,3.0
-0.02818311874105861,-0.02489270386266096,-0.02060085836909875,0.00758226037195997,0.02618025751072972,0.04220314735336195,0.018454935622317592,-0.008154506437768272,-0.04191702432045785,-0.045779685264663805,-0.057510729613733935,0.09971387696709588,3.0
-0.02489270386266096,-0.02060085836909875,0.00758226037195997,0.02618025751072972,0.04220314735336195,0.018454935622317592,-0.008154506437768272,-0.04191702432045785,-0.045779685264663805,-0.057510729613733935,-0.07625178826895562,0.11845493562231757,3.0
-0.02060085836909875,0.00758226037195997,0.02618025751072972,0.04220314735336195,0.018454935622317592,-0.008154506437768272,-0.04191702432045785,-0.045779685264663805,-0.057510729613733935,-0.07625178826895562,-0.1381974248927038,0.18040057224606576,3.0
0.00758226037195997,0.02618025751072972,0.04220314735336195,0.018454935622317592,-0.008154506437768272,-0.04191702432045785,-0.045779685264663805,-0.057510729613733935,-0.07625178826895562,-0.1381974248927038,-0.21072961373390553,0.2529327610872675,3.0
0.02618025751072972,0.04220314735336195,0.018454935622317592,-0.008154506437768272,-0.04191702432045785,-0.045779685264663805,-0.057510729613733935,-0.07625178826895562,-0.1381974248927038,-0.21072961373390553,-0.2918454935622318,0.3340486409155937,3.0
0.04220314735336195,0.018454935622317592,-0.008154506437768272,-0.04191702432045785,-0.045779685264663805,-0.057510729613733935,-0.07625178826895562,-0.1381974248927038,-0.21072961373390553,-0.2918454935622318,-0.36423462088698144,0.4064377682403434,0.0
0.018454935622317592,-0.008154506437768272,-0.04191702432045785,-0.045779685264663805,-0.057510729613733935,-0.07625178826895562,-0.1381974248927038,-0.21072961373390553,-0.2918454935622318,-0.36423462088698144,-0.4309012875536481,0.4493562231759657,0.0
-0.008154506437768272,-0.04191702432045785,-0.045779685264663805,-0.057510729613733935,-0.07625178826895562,-0.1381974248927038,-0.21072961373390553,-0.2918454935622318,-0.36423462088698144,-0.4309012875536481,-0.4994277539341917,0.4912732474964234,0.0
-0.04191702432045785,-0.045779685264663805,-0.057510729613733935,-0.07625178826895562,-0.1381974248927038,-0.21072961373390553,-0.2918454935622318,-0.36423462088698144,-0.4309012875536481,-0.4994277539341917,-0.5319027181688125,0.48998569384835466,0.0
-0.045779685264663805,-0.057510729613733935,-0.07625178826895562,-0.1381974248927038,-0.21072961373390553,-0.2918454935622318,-0.36423462088698144,-0.4309012875536481,-0.4994277539341917,-0.5319027181688125,-0.5998569384835479,0.5540772532188841,0.0
-0.057510729613733935,-0.07625178826895562,-0.1381974248927038,-0.21072961373390553,-0.2918454935622318,-0.36423462088698144,-0.4309012875536481,-0.4994277539341917,-0.5319027181688125,-0.5998569384835479,-0.6632331902718169,0.605722460658083,0.0
-0.07625178826895562,-0.1381974248927038,-0.21072961373390553,-0.2918454935622318,-0.36423462088698144,-0.4309012875536481,-0.4994277539341917,-0.5319027181688125,-0.5998569384835479,-0.6632331902718169,-0.7562231759656652,0.6799713876967096,0.0
-0.1381974248927038,-0.21072961373390553,-0.2918454935622318,-0.36423462088698144,-0.4309012875536481,-0.4994277539341917,-0.5319027181688125,-0.5998569384835479,-0.6632331902718169,-0.7562231759656652,-0.842346208869814,0.7041487839771102,0.0
-0.21072961373390553,-0.2918454935622318,-0.36423462088698144,-0.4309012875536481,-0.4994277539341917,-0.5319027181688125,-0.5998569384835479,-0.6632331902718169,-0.7562231759656652,-0.842346208869814,-0.9203147353361946,0.709585121602289,0.0
-0.2918454935622318,-0.36423462088698144,-0.4309012875536481,-0.4994277539341917,-0.5319027181688125,-0.5998569384835479,-0.6632331902718169,-0.7562231759656652,-0.842346208869814,-0.9203147353361946,-0.9154506437768241,0.6284692417739628,0.0
-0.36423462088698144,-0.4309012875536481,-0.4994277539341917,-0.5319027181688125,-0.5998569384835479,-0.6632331902718169,-0.7562231759656652,-0.842346208869814,-0.9203147353361946,-0.9154506437768241,-0.8967095851216023,0.5560801144492131,0.0
-0.4309012875536481,-0.4994277539341917,-0.5319027181688125,-0.5998569384835479,-0.6632331902718169,-0.7562231759656652,-0.842346208869814,-0.9203147353361946,-0.9154506437768241,-0.8967095851216023,-0.8907010014306151,0.4894134477825465,0.0
-0.4994277539341917,-0.5319027181688125,-0.5998569384835479,-0.6632331902718169,-0.7562231759656652,-0.842346208869814,-0.9203147353361946,-0.9154506437768241,-0.8967095851216023,-0.8907010014306151,-0.8610872675250357,0.42088698140200287,0.0
-0.5319027181688125,-0.5998569384835479,-0.6632331902718169,-0.7562231759656652,-0.842346208869814,-0.9203147353361946,-0.9154506437768241,-0.8967095851216023,-0.8907010014306151,-0.8610872675250357,-0.844206008583691,0.38841201716738205,2.0
-0.5998569384835479,-0.6632331902718169,-0.7562231759656652,-0.842346208869814,-0.9203147353361946,-0.9154506437768241,-0.8967095851216023,-0.8907010014306151,-0.8610872675250357,-0.844206008583691,-0.7676680972818312,0.32045779685264664,2.0
-0.6632331902718169,-0.7562231759656652,-0.842346208869814,-0.9203147353361946,-0.9154506437768241,-0.8967095851216023,-0.8907010014306151,-0.8610872675250357,-0.844206008583691,-0.7676680972818312,-0.7082975679542203,0.25708154506437764,2.0
-0.7562231759656652,-0.842346208869814,-0.9203147353361946,-0.9154506437768241,-0.8967095851216023,-0.8907010014306151,-0.8610872675250357,-0.844206008583691,-0.7676680972818312,-0.7082975679542203,-0.5556509298998569,0.3646638054363377,2.0
-0.842346208869814,-0.9203147353361946,-0.9154506437768241,-0.8967095851216023,-0.8907010014306151,-0.8610872675250357,-0.844206008583691,-0.7676680972818312,-0.7082975679542203,-0.5556509298998569,-0.4253218884120171,0.49499284692417744,2.0
-0.9203147353361946,-0.9154506437768241,-0.8967095851216023,-0.8907010014306151,-0.8610872675250357,-0.844206008583691,-0.7676680972818312,-0.7082975679542203,-0.5556509298998569,-0.4253218884120171,-0.2842632331902718,0.6360515021459228,2.0
-0.9154506437768241,-0.8967095851216023,-0.8907010014306151,-0.8610872675250357,-0.844206008583691,-0.7676680972818312,-0.7082975679542203,-0.5556509298998569,-0.4253218884120171,-0.2842632331902718,-0.09599427753934187,0.8194563662374822,2.0
-0.8967095851216023,-0.8907010014306151,-0.8610872675250357,-0.844206008583691,-0.7676680972818312,-0.7082975679542203,-0.5556509298998569,-0.4253218884120171,-0.2842632331902718,-0.09599427753934187,0.09928469241773952,0.9959942775393418,2.0
-0.8907010014306151,-0.8610872675250357,-0.844206008583691,-0.7676680972818312,-0.7082975679542203,-0.5556509298998569,-0.4253218884120171,-0.2842632331902718,-0.09599427753934187,0.09928469241773952,0.25937052932761095,1.150071530758226,2.0
-0.8610872675250357,-0.844206008583691,-0.7676680972818312,-0.7082975679542203,-0.5556509298998569,-0.4253218884120171,-0.2842632331902718,-0.09599427753934187,0.09928469241773952,0.25937052932761095,0.4138769670958513,1.274964234620887,2.0
-0.844206008583691,-0.7676680972818312,-0.7082975679542203,-0.5556509298998569,-0.4253218884120171,-0.2842632331902718,-0.09599427753934187,0.09928469241773952,0.25937052932761095,0.4138769670958513,0.5572246065808297,1.4014306151645206,2.0
-0.7676680972818312,-0.7082975679542203,-0.5556509298998569,-0.4253218884120171,-0.2842632331902718,-0.09599427753934187,0.09928469241773952,0.25937052932761095,0.4138769670958513,0.5572246065808297,0.6479256080114448,1.415593705293276,2.0
-0.7082975679542203,-0.5556509298998569,-0.4253218884120171,-0.2842632331902718,-0.09599427753934187,0.09928469241773952,0.25937052932761095,0.4138769670958513,0.5572246065808297,0.6479256080114448,0.7570815450643777,1.465379113018598,2.0
-0.5556509298998569,-0.4253218884120171,-0.2842632331902718,-0.09599427753934187,0.09928469241773952,0.25937052932761095,0.4138769670958513,0.5572246065808297,0.6479256080114448,0.7570815450643777,0.8127324749642346,1.3683834048640915,2.0
-0.4253218884120171,-0.2842632331902718,-0.09599427753934187,0.09928469241773952,0.25937052932761095,0.4138769670958513,0.5572246065808297,0.6479256080114448,0.7570815450643777,0.8127324749642346,0.888698140200286,1.3140200286123032,2.0
-0.2842632331902718,-0.09599427753934187,0.09928469241773952,0.25937052932761095,0.4138769670958513,0.5572246065808297,0.6479256080114448,0.7570815450643777,0.8127324749642346,0.888698140200286,0.9075822603719599,1.1918454935622318,2.0
-0.09599427753934187,0.09928469241773952,0.25937052932761095,0.4138769670958513,0.5572246065808297,0.6479256080114448,0.7570815450643777,0.8127324749642346,0.888698140200286,0.9075822603719599,0.946351931330472,1.0423462088698139,2.0
0.09928469241773952,0.25937052932761095,0.4138769670958513,0.5572246065808297,0.6479256080114448,0.7570815450643777,0.8127324749642346,0.888698140200286,0.9075822603719599,0.946351931330472,0.9753934191702431,0.8761087267525036,2.0
0.25937052932761095,0.4138769670958513,0.5572246065808297,0.6479256080114448,0.7570815450643777,0.8127324749642346,0.888698140200286,0.9075822603719599,0.946351931330472,0.9753934191702431,0.9579399141630902,0.7160228898426322,2.0
0.4138769670958513,0.5572246065808297,0.6479256080114448,0.7570815450643777,0.8127324749642346,0.888698140200286,0.9075822603719599,0.946351931330472,0.9753934191702431,0.9579399141630902,0.965379113018598,0.5615164520743918,2.0
0.5572246065808297,0.6479256080114448,0.7570815450643777,0.8127324749642346,0.888698140200286,0.9075822603719599,0.946351931330472,0.9753934191702431,0.9579399141630902,0.965379113018598,0.9656652360515021,0.4181688125894134,2.0
0.6479256080114448,0.7570815450643777,0.8127324749642346,0.888698140200286,0.9075822603719599,0.946351931330472,0.9753934191702431,0.9579399141630902,0.965379113018598,0.9656652360515021,0.9619456366237482,0.3274678111587983,3.0
0.7570815450643777,0.8127324749642346,0.888698140200286,0.9075822603719599,0.946351931330472,0.9753934191702431,0.9579399141630902,0.965379113018598,0.9656652360515021,0.9619456366237482,0.9872675250357654,0.23018597997138768,3.0
0.8127324749642346,0.888698140200286,0.9075822603719599,0.946351931330472,0.9753934191702431,0.9579399141630902,0.965379113018598,0.9656652360515021,0.9619456366237482,0.9872675250357654,1.0,0.18726752503576538,3.0
0.888698140200286,0.9075822603719599,0.946351931330472,0.9753934191702431,0.9579399141630902,0.965379113018598,0.9656652360515021,0.9619456366237482,0.9872675250357654,1.0,1.0,0.11130185979971396,3.0
0.9075822603719599,0.946351931330472,0.9753934191702431,0.9579399141630902,0.965379113018598,0.9656652360515021,0.9619456366237482,0.9872675250357654,1.0,1.0,1.0,0.09241773962804012,3.0
0.946351931330472,0.9753934191702431,0.9579399141630902,0.965379113018598,0.9656652360515021,0.9619456366237482,0.9872675250357654,1.0,1.0,1.0,1.0,0.05364806866952798,3.0
0.9753934191702431,0.9579399141630902,0.965379113018598,0.9656652360515021,0.9619456366237482,0.9872675250357654,1.0,1.0,1.0,1.0,1.0,0.04206008583690979,3.0
0.9579399141630902,0.965379113018598,0.9656652360515021,0.9619456366237482,0.9872675250357654,1.0,1.0,1.0,1.0,1.0,1.0,0.04206008583690979,3.0
0.965379113018598,0.9656652360515021,0.9619456366237482,0.9872675250357654,1.0,1.0,1.0,1.0,1.0,1.0,1.0,0.03805436337625179,3.0
0.9656652360515021,0.9619456366237482,0.9872675250357654,1.0,1.0,1.0,1.0,1.0,1.0,1.0,0.9792218374414341,0.03805436337625179,3.0
0.9619456366237482,0.9872675250357654,1.0,1.0,1.0,1.0,1.0,1.0,1.0,0.9792218374414341,0.9259862836966117,0.07401371630338827,3.0
0.9872675250357654,1.0,1.0,1.0,1.0,1.0,1.0,1.0,0.9792218374414341,0.9259862836966117,0.8753310246486046,0.12466897535139543,3.0
1.0,1.0,1.0,1.0,1.0,1.0,1.0,0.9792218374414341,0.9259862836966117,0.8753310246486046,0.825490595504855,0.17450940449514496,3.0
1.0,1.0,1.0,1.0,1.0,1.0,0.9792218374414341,0.9259862836966117,0.8753310246486046,0.825490595504855,0.7763291912813199,0.22367080871868006,3.0
1.0,1.0,1.0,1.0,1.0,0.9792218374414341,0.9259862836966117,0.8753310246486046,0.825490595504855,0.7763291912813199,0.7285258368982142,0.27147416310178585,3.0
1.0,1.0,1.0,1.0,0.9792218374414341,0.9259862836966117,0.8753310246486046,0.825490595504855,0.7763291912813199,0.7285258368982142,0.6788212127385076,0.3211787872614924,3.0
1.0,1.0,1.0,0.9792218374414341,0.9259862836966117,0.8753310246486046,0.825490595504855,0.7763291912813199,0.7285258368982142,0.6788212127385076,0.6288449786107151,0.3711550213892849,3.0
1.0,1.0,0.9792218374414341,0.9259862836966117,0.8753310246486046,0.825490595504855,0.7763291912813199,0.7285258368982142,0.6788212127385076,0.6288449786107151,0.579819379371223,0.42018062062877704,3.0
1.0,0.9792218374414341,0.9259862836966117,0.8753310246486046,0.825490595504855,0.7763291912813199,0.7285258368982142,0.6788212127385076,0.6288449786107151,0.579819379371223,0.5312011950838595,0.46879880491614045,3.0
0.9792218374414341,0.9259862836966117,0.8753310246486046,0.825490595504855,0.7763291912813199,0.7285258368982142,0.6788212127385076,0.6288449786107151,0.579819379371223,0.5312011950838595,0.48339784070075376,0.49582399674068034,3.0
0.9259862836966117,0.8753310246486046,0.825490595504855,0.7763291912813199,0.7285258368982142,0.6788212127385076,0.6288449786107151,0.579819379371223,0.5312011950838595,0.48339784070075376,0.4380389760304204,0.4879473076661913,3.0
0.8753310246486046,0.825490595504855,0.7763291912813199,0.7285258368982142,0.6788212127385076,0.6288449786107151,0.579819379371223,0.5312011950838595,0.48339784070075376,0.4380389760304204,0.4278536022272017,0.44747742242140287,3.0
0.825490595504855,0.7763291912813199,0.7285258368982142,0.6788212127385076,0.6288449786107151,0.579819379371223,0.5312011950838595,0.48339784070075376,0.4380389760304204,0.4278536022272017,0.4180756433761119,0.4074149521287431,3.0
0.7763291912813199,0.7285258368982142,0.6788212127385076,0.6288449786107151,0.579819379371223,0.5312011950838595,0.48339784070075376,0.4380389760304204,0.4278536022272017,0.4180756433761119,0.40734704963672175,0.3689821416445982,3.0
0.7285258368982142,0.6788212127385076,0.6288449786107151,0.579819379371223,0.5312011950838595,0.48339784070075376,0.4380389760304204,0.4278536022272017,0.4180756433761119,0.40734704963672175,0.3968900658654173,0.33163577103279684,3.0
0.6788212127385076,0.6288449786107151,0.579819379371223,0.5312011950838595,0.48339784070075376,0.4380389760304204,0.4278536022272017,0.4180756433761119,0.40734704963672175,0.3968900658654173,0.3867046920621986,0.292116520676309,3.0
0.6288449786107151,0.579819379371223,0.5312011950838595,0.48339784070075376,0.4380389760304204,0.4278536022272017,0.4180756433761119,0.40734704963672175,0.3968900658654173,0.3867046920621986,0.3774699531472805,0.2513750254634346,3.0
0.579819379371223,0.5312011950838595,0.48339784070075376,0.4380389760304204,0.4278536022272017,0.4180756433761119,0.40734704963672175,0.3968900658654173,0.3867046920621986,0.3774699531472805,0.3686426291844911,0.21117675018673188,3.0
0.5312011950838595,0.48339784070075376,0.4380389760304204,0.4278536022272017,0.4180756433761119,0.40734704963672175,0.3968900658654173,0.3867046920621986,0.3774699531472805,0.3686426291844911,0.35017950842308765,0.1810216866607719,3.0
0.48339784070075376,0.4380389760304204,0.4278536022272017,0.4180756433761119,0.40734704963672175,0.3968900658654173,0.3867046920621986,0.3774699531472805,0.3686426291844911,0.35017950842308765,0.3380193472057902,0.14537849349496357,3.0
0.4380389760304204,0.4278536022272017,0.4180756433761119,0.40734704963672175,0.3968900658654173,0.3867046920621986,0.3774699531472805,0.3686426291844911,0.35017950842308765,0.3380193472057902,0.32265349329569504,0.11538548273472538,3.0
0.4278536022272017,0.4180756433761119,0.40734704963672175,0.3968900658654173,0.3867046920621986,0.3774699531472805,0.3686426291844911,0.35017950842308765,0.3380193472057902,0.32265349329569504,0.31729004940014116,0.11056355282706054,3.0
0.4180756433761119,0.40734704963672175,0.3968900658654173,0.3867046920621986,0.3774699531472805,0.3686426291844911,0.35017950842308765,0.3380193472057902,0.32265349329569504,0.31729004940014116,0.3102328863796753,0.10784275699643664,3.0
0.40734704963672175,0.3968900658654173,0.3867046920621986,0.3774699531472805,0.3686426291844911,0.35017950842308765,0.3380193472057902,0.32265349329569504,0.31729004940014116,0.3102328863796753,0.33944954128440363,0.09711416325704647,3.0
0.3968900658654173,0.3867046920621986,0.3774699531472805,0.3686426291844911,0.35017950842308765,0.3380193472057902,0.32265349329569504,0.31729004940014116,0.3102328863796753,0.33944954128440363,0.368666196189132,0.08665717948574203,3.0
0.3867046920621986,0.3774699531472805,0.3686426291844911,0.35017950842308765,0.3380193472057902,0.32265349329569504,0.31729004940014116,0.3102328863796753,0.33944954128440363,0.368666196189132,0.39858856739590687,0.08835568101623159,3.0
0.3774699531472805,0.3686426291844911,0.35017950842308765,0.3380193472057902,0.32265349329569504,0.31729004940014116,0.3102328863796753,0.33944954128440363,0.368666196189132,0.39858856739590687,0.428652081863091,0.11841919548341573,3.0
0.3686426291844911,0.35017950842308765,0.3380193472057902,0.32265349329569504,0.31729004940014116,0.3102328863796753,0.33944954128440363,0.368666196189132,0.39858856739590687,0.428652081863091,0.45984474241354967,0.1496118560338744,3.0
0.35017950842308765,0.3380193472057902,0.32265349329569504,0.31729004940014116,0.3102328863796753,0.33944954128440363,0.368666196189132,0.39858856739590687,0.428652081863091,0.45984474241354967,0.4896259703599153,0.17939308398024,3.0
0.3380193472057902,0.32265349329569504,0.31729004940014116,0.3102328863796753,0.33944954128440363,0.368666196189132,0.39858856739590687,0.428652081863091,0.45984474241354967,0.4896259703599153,0.5201129146083274,0.20988002822865215,3.0
0.32265349329569504,0.31729004940014116,0.3102328863796753,0.33944954128440363,0.368666196189132,0.39858856739590687,0.428652081863091,0.45984474241354967,0.4896259703599153,0.5201129146083274,0.550317572335921,0.24008468595624577,3.0
0.31729004940014116,0.3102328863796753,0.33944954128440363,0.368666196189132,0.39858856739590687,0.428652081863091,0.45984474241354967,0.4896259703599153,0.5201129146083274,0.550317572335921,0.5800988002822864,0.26986591390261117,3.0
0.3102328863796753,0.33944954128440363,0.368666196189132,0.39858856739590687,0.428652081863091,0.45984474241354967,0.4896259703599153,0.5201129146083274,0.550317572335921,0.5800988002822864,0.6095977417078335,0.29936485532815826,3.0
0.33944954128440363,0.368666196189132,0.39858856739590687,0.428652081863091,0.45984474241354967,0.4896259703599153,0.5201129146083274,0.550317572335921,0.5800988002822864,0.6095977417078335,0.6386732533521524,0.2992237120677488,3.0
0.368666196189132,0.39858856739590687,0.428652081863091,0.45984474241354967,0.4896259703599153,0.5201129146083274,0.550317572335921,0.5800988002822864,0.6095977417078335,0.6386732533521524,0.668454481298518,0.29978828510938604,3.0
0.39858856739590687,0.428652081863091,0.45984474241354967,0.4896259703599153,0.5201129146083274,0.550317572335921,0.5800988002822864,0.6095977417078335,0.6386732533521524,0.668454481298518,0.6625264643613267,0.26986591390261117,3.0
0.428652081863091,0.45984474241354967,0.4896259703599153,0.5201129146083274,0.550317572335921,0.5800988002822864,0.6095977417078335,0.6386732533521524,0.668454481298518,0.6625264643613267,0.6578687367678193,0.23980239943542703,3.0
0.45984474241354967,0.4896259703599153,0.5201129146083274,0.550317572335921,0.5800988002822864,0.6095977417078335,0.6386732533521524,0.668454481298518,0.6625264643613267,0.6578687367678193,0.6525052928722654,0.20860973888496837,3.0
0.4896259703599153,0.5201129146083274,0.550317572335921,0.5800988002822864,0.6095977417078335,0.6386732533521524,0.668454481298518,0.6625264643613267,0.6578687367678193,0.6525052928722654,0.6482709950599859,0.17882851093860275,3.0
0.5201129146083274,0.550317572335921,0.5800988002822864,0.6095977417078335,0.6386732533521524,0.668454481298518,0.6625264643613267,0.6578687367678193,0.6525052928722654,0.6482709950599859,0.6436132674664785,0.1483415666901906,3.0
0.550317572335921,0.5800988002822864,0.6095977417078335,0.6386732533521524,0.668454481298518,0.6625264643613267,0.6578687367678193,0.6525052928722654,0.6482709950599859,0.6436132674664785,0.6400846859562457,0.11813690896259699,3.0
0.5800988002822864,0.6095977417078335,0.6386732533521524,0.668454481298518,0.6625264643613267,0.6578687367678193,0.6525052928722654,0.6482709950599859,0.6436132674664785,0.6400846859562457,0.6366972477064221,0.08835568101623159,3.0
0.6095977417078335,0.6386732533521524,0.668454481298518,0.6625264643613267,0.6578687367678193,0.6525052928722654,0.6482709950599859,0.6436132674664785,0.6400846859562457,0.6366972477064221,0.6100211714890613,0.05885673959068449,3.0
0.6386732533521524,0.668454481298518,0.6625264643613267,0.6578687367678193,0.6525052928722654,0.6482709950599859,0.6436132674664785,0.6400846859562457,0.6366972477064221,0.6100211714890613,0.6105857445306986,0.05843330980945671,3.0
0.668454481298518,0.6625264643613267,0.6578687367678193,0.6525052928722654,0.6482709950599859,0.6436132674664785,0.6400846859562457,0.6366972477064221,0.6100211714890613,0.6105857445306986,0.5527170077628794,0.11573747353563868,3.0
0.6625264643613267,0.6578687367678193,0.6525052928722654,0.6482709950599859,0.6436132674664785,0.6400846859562457,0.6366972477064221,0.6100211714890613,0.6105857445306986,0.5527170077628794,0.5199717713479182,0.1425546930134085,3.0
0.6578687367678193,0.6525052928722654,0.6482709950599859,0.6436132674664785,0.6400846859562457,0.6366972477064221,0.6100211714890613,0.6105857445306986,0.5527170077628794,0.5199717713479182,0.4814396612561751,0.17642907551164422,3.0
0.6525052928722654,0.6482709950599859,0.6436132674664785,0.6400846859562457,0.6366972477064221,0.6100211714890613,0.6105857445306986,0.5527170077628794,0.5199717713479182,0.4814396612561751,0.3954834156669018,0.2570218772053636,3.0
0.6482709950599859,0.6436132674664785,0.6400846859562457,0.6366972477064221,0.6100211714890613,0.6105857445306986,0.5527170077628794,0.5199717713479182,0.4814396612561751,0.3954834156669018,0.29851799576570226,0.3497529992942836,3.0
0.6436132674664785,0.6400846859562457,0.6366972477064221,0.6100211714890613,0.6105857445306986,0.5527170077628794,0.5199717713479182,0.4814396612561751,0.3954834156669018,0.29851799576570226,0.22865208186309105,0.41496118560338746,3.0
0.6400846859562457,0.6366972477064221,0.6100211714890613,0.6105857445306986,0.5527170077628794,0.5199717713479182,0.4814396612561751,0.3954834156669018,0.29851799576570226,0.22865208186309105,0.14693013408609734,0.49315455187014834,0.0
0.6366972477064221,0.6100211714890613,0.6105857445306986,0.5527170077628794,0.5199717713479182,0.4814396612561751,0.3954834156669018,0.29851799576570226,0.22865208186309105,0.14693013408609734,0.019336626676076163,0.617360621030346,0.0
0.6100211714890613,0.6105857445306986,0.5527170077628794,0.5199717713479182,0.4814396612561751,0.3954834156669018,0.29851799576570226,0.22865208186309105,0.14693013408609734,0.019336626676076163,-0.11743119266055047,0.728016937191249,0.0
0.6105857445306986,0.5527170077628794,0.5199717713479182,0.4814396612561751,0.3954834156669018,0.29851799576570226,0.22865208186309105,0.14693013408609734,0.019336626676076163,-0.11743119266055047,-0.2280875088214538,0.8386732533521524,0.0
0.5527170077628794,0.5199717713479182,0.4814396612561751,0.3954834156669018,0.29851799576570226,0.22865208186309105,0.14693013408609734,0.019336626676076163,-0.11743119266055047,-0.2280875088214538,-0.32053634438955536,0.8732533521524347,0.0
0.5199717713479182,0.4814396612561751,0.3954834156669018,0.29851799576570226,0.22865208186309105,0.14693013408609734,0.019336626676076163,-0.11743119266055047,-0.2280875088214538,-0.32053634438955536,-0.4402258292166549,0.960197600564573,0.0
0.4814396612561751,0.3954834156669018,0.29851799576570226,0.22865208186309105,0.14693013408609734,0.019336626676076163,-0.11743119266055047,-0.2280875088214538,-0.32053634438955536,-0.4402258292166549,-0.5419901199717714,1.0234297812279465,0.0
0.3954834156669018,0.29851799576570226,0.22865208186309105,0.14693013408609734,0.019336626676076163,-0.11743119266055047,-0.2280875088214538,-0.32053634438955536,-0.4402258292166549,-0.5419901199717714,-0.6695836273817926,1.0650670430486944,0.0
0.29851799576570226,0.22865208186309105,0.14693013408609734,0.019336626676076163,-0.11743119266055047,-0.2280875088214538,-0.32053634438955536,-0.4402258292166549,-0.5419901199717714,-0.6695836273817926,-0.7923782639378969,1.0908962597035992,0.0
0.22865208186309105,0.14693013408609734,0.019336626676076163,-0.11743119266055047,-0.2280875088214538,-0.32053634438955536,-0.4402258292166549,-0.5419901199717714,-0.6695836273817926,-0.7923782639378969,-0.8694424841213833,1.0980945659844743,0.0
0.14693013408609734,0.019336626676076163,-0.11743119266055047,-0.2280875088214538,-0.32053634438955536,-0.4402258292166549,-0.5419901199717714,-0.6695836273817926,-0.7923782639378969,-0.8694424841213833,-0.9369089625970359,1.0838390966831333,0.0
0.019336626676076163,-0.11743119266055047,-0.2280875088214538,-0.32053634438955536,-0.4402258292166549,-0.5419901199717714,-0.6695836273817926,-0.7923782639378969,-0.8694424841213833,-0.9369089625970359,-1.0,1.0193366266760762,0.0
-0.11743119266055047,-0.2280875088214538,-0.32053634438955536,-0.4402258292166549,-0.5419901199717714,-0.6695836273817926,-0.7923782639378969,-0.8694424841213833,-0.9369089625970359,-1.0,-1.0,0.8825688073394495,0.0
-0.2280875088214538,-0.32053634438955536,-0.4402258292166549,-0.5419901199717714,-0.6695836273817926,-0.7923782639378969,-0.8694424841213833,-0.9369089625970359,-1.0,-1.0,-1.0,0.7719124911785462,0.0
-0.32053634438955536,-0.4402258292166549,-0.5419901199717714,-0.6695836273817926,-0.7923782639378969,-0.8694424841213833,-0.9369089625970359,-1.0,-1.0,-1.0,-1.0,0.6794636556104446,0.0
-0.4402258292166549,-0.5419901199717714,-0.6695836273817926,-0.7923782639378969,-0.8694424841213833,-0.9369089625970359,-1.0,-1.0,-1.0,-1.0,-1.0,0.5597741707833451,0.0
-0.5419901199717714,-0.6695836273817926,-0.7923782639378969,-0.8694424841213833,-0.9369089625970359,-1.0,-1.0,-1.0,-1.0,-1.0,-1.0,0.4580098800282286,1.0
-0.6695836273817926,-0.7923782639378969,-0.8694424841213833,-0.9369089625970359,-1.0,-1.0,-1.0,-1.0,-1.0,-1.0,-0.966453777175666,0.33041637261820744,1.0
-0.7923782639378969,-0.8694424841213833,-0.9369089625970359,-1.0,-1.0,-1.0,-1.0,-1.0,-1.0,-0.966453777175666,-0.9116186052512741,0.2076217360621031,1.0
-0.8694424841213833,-0.9369089625970359,-1.0,-1.0,-1.0,-1.0,-1.0,-1.0,-0.966453777175666,-0.9116186052512741,-0.8427198245274499,0.15728017547255013,1.0
-0.9369089625970359,-1.0,-1.0,-1.0,-1.0,-1.0,-1.0,-0.966453777175666,-0.9116186052512741,-0.8427198245274499,-0.7282755951228953,0.2717244048771047,1.0
-1.0,-1.0,-1.0,-1.0,-1.0,-1.0,-0.966453777175666,-0.9116186052512741,-0.8427198245274499,-0.7282755951228953,-0.6352493387523386,0.3647506612476614,1.0
-1.0,-1.0,-1.0,-1.0,-1.0,-0.966453777175666,-0.9116186052512741,-0.8427198245274499,-0.7282755951228953,-0.6352493387523386,-0.5293206889878073,0.47067931101219274,2.0
-1.0,-1.0,-1.0,-1.0,-0.966453777175666,-0.9116186052512741,-0.8427198245274499,-0.7282755951228953,-0.6352493387523386,-0.5293206889878073,-0.38171730856073804,0.618282691439262,2.0
-1.0,-1.0,-1.0,-0.966453777175666,-0.9116186052512741,-0.8427198245274499,-0.7282755951228953,-0.6352493387523386,-0.5293206889878073,-0.38171730856073804,-0.25837042771434104,0.741629572285659,2.0
-1.0,-1.0,-0.966453777175666,-0.9116186052512741,-0.8427198245274499,-0.7282755951228953,-0.6352493387523386,-0.5293206889878073,-0.38171730856073804,-0.25837042771434104,-0.1275401586994388,0.8724598413005612,2.0
-1.0,-0.966453777175666,-0.9116186052512741,-0.8427198245274499,-0.7282755951228953,-0.6352493387523386,-0.5293206889878073,-0.38171730856073804,-0.25837042771434104,-0.1275401586994388,0.043932649506483346,1.0439326495064833,2.0
-0.966453777175666,-0.9116186052512741,-0.8427198245274499,-0.7282755951228953,-0.6352493387523386,-0.5293206889878073,-0.38171730856073804,-0.25837042771434104,-0.1275401586994388,0.043932649506483346,0.17734339720018055,1.1437971743758466,2.0
-0.9116186052512741,-0.8427198245274499,-0.7282755951228953,-0.6352493387523386,-0.5293206889878073,-0.38171730856073804,-0.25837042771434104,-0.1275401586994388,0.043932649506483346,0.17734339720018055,0.3342365008709116,1.2458551061221859,2.0
-0.8427198245274499,-0.7282755951228953,-0.6352493387523386,-0.5293206889878073,-0.38171730856073804,-0.25837042771434104,-0.1275401586994388,0.043932649506483346,0.17734339720018055,0.3342365008709116,0.41436036384749375,1.2570801883749436,2.0
-0.7282755951228953,-0.6352493387523386,-0.5293206889878073,-0.38171730856073804,-0.25837042771434104,-0.1275401586994388,0.043932649506483346,0.17734339720018055,0.3342365008709116,0.41436036384749375,0.5130636733113993,1.2413392684342948,2.0
-0.6352493387523386,-0.5293206889878073,-0.38171730856073804,-0.25837042771434104,-0.1275401586994388,0.043932649506483346,0.17734339720018055,0.3342365008709116,0.41436036384749375,0.5130636733113993,0.5997677569189084,1.235017095671247,2.0
-0.5293206889878073,-0.38171730856073804,-0.25837042771434104,-0.1275401586994388,0.043932649506483346,0.17734339720018055,0.3342365008709116,0.41436036384749375,0.5130636733113993,0.5997677569189084,0.6432488226566029,1.1725695116444101,2.0
-0.38171730856073804,-0.25837042771434104,-0.1275401586994388,0.043932649506483346,0.17734339720018055,0.3342365008709116,0.41436036384749375,0.5130636733113993,0.5997677569189084,0.6432488226566029,0.710083220437391,1.091800528998129,2.0
-0.25837042771434104,-0.1275401586994388,0.043932649506483346,0.17734339720018055,0.3342365008709116,0.41436036384749375,0.5130636733113993,0.5997677569189084,0.6432488226566029,0.710083220437391,0.7628540094187473,1.0212244371330883,2.0
-0.1275401586994388,0.043932649506483346,0.17734339720018055,0.3342365008709116,0.41436036384749375,0.5130636733113993,0.5997677569189084,0.6432488226566029,0.710083220437391,0.7628540094187473,0.7738210438036255,0.9013612025030643,2.0
0.043932649506483346,0.17734339720018055,0.3342365008709116,0.41436036384749375,0.5130636733113993,0.5997677569189084,0.6432488226566029,0.710083220437391,0.7628540094187473,0.7738210438036255,0.8394942261789562,0.7955615766724728,2.0
0.17734339720018055,0.3342365008709116,0.41436036384749375,0.5130636733113993,0.5997677569189084,0.6432488226566029,0.710083220437391,0.7628540094187473,0.7738210438036255,0.8394942261789562,0.8939423263015289,0.7165989291013484,2.0
0.3342365008709116,0.41436036384749375,0.5130636733113993,0.5997677569189084,0.6432488226566029,0.710083220437391,0.7628540094187473,0.7738210438036255,0.8394942261789562,0.8939423263015289,0.9032320495451907,0.568995548674279,2.0
0.41436036384749375,0.5130636733113993,0.5997677569189084,0.6432488226566029,0.710083220437391,0.7628540094187473,0.7738210438036255,0.8394942261789562,0.8939423263015289,0.9032320495451907,0.9041352170827688,0.48977485323527503,2.0
0.5130636733113993,0.5997677569189084,0.6432488226566029,0.710083220437391,0.7628540094187473,0.7738210438036255,0.8394942261789562,0.8939423263015289,0.9032320495451907,0.9041352170827688,0.8989742597251791,0.39107154377136943,2.0
0.5997677569189084,0.6432488226566029,0.710083220437391,0.7628540094187473,0.7738210438036255,0.8394942261789562,0.8939423263015289,0.9032320495451907,0.9041352170827688,0.8989742597251791,0.9218114960325141,0.32204373911360573,2.0
0.6432488226566029,0.710083220437391,0.7628540094187473,0.7738210438036255,0.8394942261789562,0.8939423263015289,0.9032320495451907,0.9041352170827688,0.8989742597251791,0.9218114960325141,0.9434875169343913,0.3002386942777884,3.0
0.710083220437391,0.7628540094187473,0.7738210438036255,0.8394942261789562,0.8939423263015289,0.9032320495451907,0.9041352170827688,0.8989742597251791,0.9218114960325141,0.9434875169343913,0.964002322430811,0.25391910199341994,3.0
0.7628540094187473,0.7738210438036255,0.8394942261789562,0.8939423263015289,0.9032320495451907,0.9041352170827688,0.8989742597251791,0.9218114960325141,0.9434875169343913,0.964002322430811,0.9829688407199535,0.22011483130120624,3.0
0.7738210438036255,0.8394942261789562,0.8939423263015289,0.9032320495451907,0.9041352170827688,0.8989742597251791,0.9218114960325141,0.9434875169343913,0.964002322430811,0.9829688407199535,1.0,0.22617895619637451,3.0
0.8394942261789562,0.8939423263015289,0.9032320495451907,0.9041352170827688,0.8989742597251791,0.9218114960325141,0.9434875169343913,0.964002322430811,0.9829688407199535,1.0,1.0,0.1605057738210438,3.0
0.8939423263015289,0.9032320495451907,0.9041352170827688,0.8989742597251791,0.9218114960325141,0.9434875169343913,0.964002322430811,0.9829688407199535,1.0,1.0,1.0,0.10605767369847108,3.0
0.9032320495451907,0.9041352170827688,0.8989742597251791,0.9218114960325141,0.9434875169343913,0.964002322430811,0.9829688407199535,1.0,1.0,1.0,0.9888867841131528,0.10102574027482092,3.0
0.9041352170827688,0.8989742597251791,0.9218114960325141,0.9434875169343913,0.964002322430811,0.9829688407199535,1.0,1.0,1.0,0.9888867841131528,0.9795415798446676,0.10102574027482092,3.0
0.8989742597251791,0.9218114960325141,0.9434875169343913,0.964002322430811,0.9829688407199535,1.0,1.0,1.0,0.9888867841131528,0.9795415798446676,0.9739849719012439,0.10102574027482092,3.0
0.9218114960325141,0.9434875169343913,0.964002322430811,0.9829688407199535,1.0,1.0,1.0,0.9888867841131528,0.9795415798446676,0.9739849719012439,0.9705752352086885,0.07818850396748589,3.0
0.9434875169343913,0.964002322430811,0.9829688407199535,1.0,1.0,1.0,0.9888867841131528,0.9795415798446676,0.9739849719012439,0.9705752352086885,0.9677969312369767,0.05651248306560874,3.0
0.964002322430811,0.9829688407199535,1.0,1.0,1.0,0.9888867841131528,0.9795415798446676,0.9739849719012439,0.9705752352086885,0.9677969312369767,0.965902633074446,0.035997677569189035,3.0
0.9829688407199535,1.0,1.0,1.0,0.9888867841131528,0.9795415798446676,0.9739849719012439,0.9705752352086885,0.9677969312369767,0.965902633074446,0.9623666098377217,0.03763339016227829,3.0
1.0,1.0,1.0,0.9888867841131528,0.9795415798446676,0.9739849719012439,0.9705752352086885,0.9677969312369767,0.965902633074446,0.9623666098377217,0.9579465807918166,0.042053419208183396,3.0
1.0,1.0,0.9888867841131528,0.9795415798446676,0.9739849719012439,0.9705752352086885,0.9677969312369767,0.965902633074446,0.9623666098377217,0.9579465807918166,0.9535265517459115,0.0464734482540885,3.0
1.0,0.9888867841131528,0.9795415798446676,0.9739849719012439,0.9705752352086885,0.9677969312369767,0.965902633074446,0.9623666098377217,0.9579465807918166,0.9535265517459115,0.9479699438024878,0.05203005619751222,3.0
0.9888867841131528,0.9795415798446676,0.9739849719012439,0.9705752352086885,0.9677969312369767,0.965902633074446,0.9623666098377217,0.9579465807918166,0.9535265517459115,0.9479699438024878,0.9422870493148956,0.046599734798257186,3.0
0.9795415798446676,0.9739849719012439,0.9705752352086885,0.9677969312369767,0.965902633074446,0.9623666098377217,0.9579465807918166,0.9535265517459115,0.9479699438024878,0.9422870493148956,0.9376144471806529,0.04192713266401471,3.0
0.9739849719012439,0.9705752352086885,0.9677969312369767,0.965902633074446,0.9623666098377217,0.9579465807918166,0.9535265517459115,0.9479699438024878,0.9422870493148956,0.9376144471806529,0.9339521373997601,0.04003283450148376,3.0
0.9705752352086885,0.9677969312369767,0.965902633074446,0.9623666098377217,0.9579465807918166,0.9535265517459115,0.9479699438024878,0.9422870493148956,0.9376144471806529,0.9339521373997601,0.9297846814421924,0.040790553766496096,3.0
0.9677969312369767,0.965902633074446,0.9623666098377217,0.9579465807918166,0.9535265517459115,0.9479699438024878,0.9422870493148956,0.9376144471806529,0.9339521373997601,0.9297846814421924,0.8910147123823957,0.07678221885458103,3.0
0.965902633074446,0.9623666098377217,0.9579465807918166,0.9535265517459115,0.9479699438024878,0.9422870493148956,0.9376144471806529,0.9339521373997601,0.9297846814421924,0.8910147123823957,0.8517395971459241,0.11416303592852195,3.0
0.9623666098377217,0.9579465807918166,0.9535265517459115,0.9479699438024878,0.9422870493148956,0.9376144471806529,0.9339521373997601,0.9297846814421924,0.8910147123823957,0.8517395971459241,0.8120856222769464,0.15028098756077535,3.0
0.9579465807918166,0.9535265517459115,0.9479699438024878,0.9422870493148956,0.9376144471806529,0.9339521373997601,0.9297846814421924,0.8910147123823957,0.8517395971459241,0.8120856222769464,0.7725579339521373,0.18538864683967926,3.0
0.9535265517459115,0.9479699438024878,0.9422870493148956,0.9376144471806529,0.9339521373997601,0.9297846814421924,0.8910147123823957,0.8517395971459241,0.8120856222769464,0.7725579339521373,0.7329039590831596,0.22062259266275186,3.0
0.9479699438024878,0.9422870493148956,0.9376144471806529,0.9339521373997601,0.9297846814421924,0.8910147123823957,0.8517395971459241,0.8120856222769464,0.7725579339521373,0.7329039590831596,0.6940077034791943,0.2539622403232935,3.0
0.9422870493148956,0.9376144471806529,0.9339521373997601,0.9297846814421924,0.8910147123823957,0.8517395971459241,0.8120856222769464,0.7725579339521373,0.7329039590831596,0.6940077034791943,0.6557428805960726,0.28654416871882304,3.0
0.9376144471806529,0.9339521373997601,0.9297846814421924,0.8910147123823957,0.8517395971459241,0.8120856222769464,0.7725579339521373,0.7329039590831596,0.6940077034791943,0.6557428805960726,0.6188672096988066,0.3187472374818463,3.0
0.9339521373997601,0.9297846814421924,0.8910147123823957,0.8517395971459241,0.8120856222769464,0.7725579339521373,0.7329039590831596,0.6940077034791943,0.6557428805960726,0.6188672096988066,0.5821178253457093,0.3518343120540508,3.0
0.9297846814421924,0.8910147123823957,0.8517395971459241,0.8120856222769464,0.7725579339521373,0.7329039590831596,0.6940077034791943,0.6557428805960726,0.6188672096988066,0.5821178253457093,0.5443581486392626,0.3854265328029298,3.0
0.8910147123823957,0.8517395971459241,0.8120856222769464,0.7725579339521373,0.7329039590831596,0.6940077034791943,0.6557428805960726,0.6188672096988066,0.5821178253457093,0.5443581486392626,0.5064721853886469,0.3845425269937488,3.0
0.8517395971459241,0.8120856222769464,0.7725579339521373,0.7329039590831596,0.6940077034791943,0.6557428805960726,0.6188672096988066,0.5821178253457093,0.5443581486392626,0.5064721853886469,0.4689650817705373,0.38277451537538676,3.0
0.8120856222769464,0.7725579339521373,0.7329039590831596,0.6940077034791943,0.6557428805960726,0.6188672096988066,0.5821178253457093,0.5443581486392626,0.5064721853886469,0.4689650817705373,0.46429247963629483,0.34779314264065153,3.0
0.7725579339521373,0.7329039590831596,0.6940077034791943,0.6557428805960726,0.6188672096988066,0.5821178253457093,0.5443581486392626,0.5064721853886469,0.4689650817705373,0.46429247963629483,0.45949359095788345,0.3130643429942539,3.0
0.7329039590831596,0.6940077034791943,0.6557428805960726,0.6188672096988066,0.5821178253457093,0.5443581486392626,0.5064721853886469,0.4689650817705373,0.46429247963629483,0.45949359095788345,0.45570499463282177,0.27719896445033787,3.0
0.6940077034791943,0.6557428805960726,0.6188672096988066,0.5821178253457093,0.5443581486392626,0.5064721853886469,0.4689650817705373,0.46429247963629483,0.45949359095788345,0.45570499463282177,0.45128496558691666,0.2427227378922776,3.0
0.6557428805960726,0.6188672096988066,0.5821178253457093,0.5443581486392626,0.5064721853886469,0.4689650817705373,0.46429247963629483,0.45949359095788345,0.45570499463282177,0.45128496558691666,0.4485066616152049,0.20723621898086764,3.0
0.6188672096988066,0.5821178253457093,0.5443581486392626,0.5064721853886469,0.4689650817705373,0.46429247963629483,0.45949359095788345,0.45570499463282177,0.45128496558691666,0.4485066616152049,0.4462335038201679,0.1726337058786387,3.0
0.5821178253457093,0.5443581486392626,0.5064721853886469,0.4689650817705373,0.46429247963629483,0.45949359095788345,0.45570499463282177,0.45128496558691666,0.4485066616152049,0.4462335038201679,0.44358148639262485,0.13853633895308448,3.0
0.5443581486392626,0.5064721853886469,0.4689650817705373,0.46429247963629483,0.45949359095788345,0.45570499463282177,0.45128496558691666,0.4485066616152049,0.4462335038201679,0.44358148639262485,0.44017174970006945,0.10418639893919313,3.0
0.5064721853886469,0.4689650817705373,0.46429247963629483,0.45949359095788345,0.45570499463282177,0.45128496558691666,0.4485066616152049,0.4462335038201679,0.44358148639262485,0.44017174970006945,0.43676201300751405,0.06971017238113286,3.0
0.4689650817705373,0.46429247963629483,0.45949359095788345,0.45570499463282177,0.45128496558691666,0.4485066616152049,0.4462335038201679,0.44358148639262485,0.44017174970006945,0.43676201300751405,0.4337311359474647,0.0352339458230726,3.0
0.46429247963629483,0.45949359095788345,0.45570499463282177,0.45128496558691666,0.4485066616152049,0.4462335038201679,0.44358148639262485,0.44017174970006945,0.43676201300751405,0.4337311359474647,0.4305739723432469,0.03371850729304793,3.0
0.45949359095788345,0.45570499463282177,0.45128496558691666,0.4485066616152049,0.4462335038201679,0.44358148639262485,0.44017174970006945,0.43676201300751405,0.4337311359474647,0.4305739723432469,0.42766938182736625,0.0318242091305172,3.0
0.45570499463282177,0.45128496558691666,0.4485066616152049,0.4462335038201679,0.44358148639262485,0.44017174970006945,0.43676201300751405,0.4337311359474647,0.4305739723432469,0.42766938182736625,0.42526993748816055,0.030435057144661215,3.0
0.45128496558691666,0.4485066616152049,0.4462335038201679,0.44358148639262485,0.44017174970006945,0.43676201300751405,0.4337311359474647,0.4305739723432469,0.42766938182736625,0.42526993748816055,0.42324935278146114,0.028035612805455523,3.0
0.4485066616152049,0.4462335038201679,0.44358148639262485,0.44017174970006945,0.43676201300751405,0.4337311359474647,0.4305739723432469,0.42766938182736625,0.42526993748816055,0.42324935278146114,0.42084990844225545,0.027656753172949466,3.0
0.4462335038201679,0.44358148639262485,0.44017174970006945,0.43676201300751405,0.4337311359474647,0.4305739723432469,0.42766938182736625,0.42526993748816055,0.42324935278146114,0.42084990844225545,0.4190818968238934,0.027151606996274502,3.0
0.44358148639262485,0.44017174970006945,0.43676201300751405,0.4337311359474647,0.4305739723432469,0.42766938182736625,0.42526993748816055,0.42324935278146114,0.42084990844225545,0.4190818968238934,0.4157984466755067,0.027783039717118152,3.0
0.44017174970006945,0.43676201300751405,0.4337311359474647,0.4305739723432469,0.42766938182736625,0.42526993748816055,0.42324935278146114,0.42084990844225545,0.4190818968238934,0.4157984466755067,0.41188356380627633,0.028288185893793116,3.0
0.43676201300751405,0.4337311359474647,0.4305739723432469,0.42766938182736625,0.42526993748816055,0.42324935278146114,0.42084990844225545,0.4190818968238934,0.4157984466755067,0.41188356380627633,0.40733724821620254,0.02942476479131151,3.0
0.4337311359474647,0.4305739723432469,0.42766938182736625,0.42526993748816055,0.42324935278146114,0.42084990844225545,0.4190818968238934,0.4157984466755067,0.41188356380627633,0.40733724821620254,0.4031697922586348,0.0305613436888299,3.0
0.4305739723432469,0.42766938182736625,0.42526993748816055,0.42324935278146114,0.42084990844225545,0.4190818968238934,0.4157984466755067,0.41188356380627633,0.40733724821620254,0.4031697922586348,0.3988760497568984,0.031697922586348515,3.0
0.42766938182736625,0.42526993748816055,0.42324935278146114,0.42084990844225545,0.4190818968238934,0.4157984466755067,0.41188356380627633,0.40733724821620254,0.4031697922586348,0.3988760497568984,0.39508745343183693,0.032581928395529314,3.0
0.42526993748816055,0.42324935278146114,0.42084990844225545,0.4190818968238934,0.4157984466755067,0.41188356380627633,0.40733724821620254,0.4031697922586348,0.3988760497568984,0.39508745343183693,0.3915514301951126,0.03371850729304793,3.0
0.42324935278146114,0.42084990844225545,0.4190818968238934,0.4157984466755067,0.41188356380627633,0.40733724821620254,0.4031697922586348,0.3988760497568984,0.39508745343183693,0.3915514301951126,0.38801540695838854,0.0352339458230726,3.0
0.42084990844225545,0.4190818968238934,0.4157984466755067,0.41188356380627633,0.40733724821620254,0.4031697922586348,0.3988760497568984,0.39508745343183693,0.3915514301951126,0.38801540695838854,0.3843530971774958,0.036496811264759677,3.0
0.4190818968238934,0.4157984466755067,0.41188356380627633,0.40733724821620254,0.4031697922586348,0.3988760497568984,0.39508745343183693,0.3915514301951126,0.38801540695838854,0.3843530971774958,0.38018564121992804,0.03889625560396537,3.0
0.4157984466755067,0.41188356380627633,0.40733724821620254,0.4031697922586348,0.3988760497568984,0.39508745343183693,0.3915514301951126,0.38801540695838854,0.3843530971774958,0.38018564121992804,0.376144471806529,0.039653974868977704,3.0
0.41188356380627633,0.40733724821620254,0.4031697922586348,0.3988760497568984,0.39508745343183693,0.3915514301951126,0.38801540695838854,0.3843530971774958,0.38018564121992804,0.376144471806529,0.37185072930479257,0.04003283450148376,3.0
0.40733724821620254,0.4031697922586348,0.3988760497568984,0.39508745343183693,0.3915514301951126,0.38801540695838854,0.3843530971774958,0.38018564121992804,0.376144471806529,0.37185072930479257,0.36768327334722484,0.039653974868977704,3.0
0.4031697922586348,0.3988760497568984,0.39508745343183693,0.3915514301951126,0.38801540695838854,0.3843530971774958,0.38018564121992804,0.376144471806529,0.37185072930479257,0.36768327334722484,0.36326324430131973,0.039906547957315075,3.0
0.3988760497568984,0.39508745343183693,0.3915514301951126,0.38801540695838854,0.3843530971774958,0.38018564121992804,0.376144471806529,0.37185072930479257,0.36768327334722484,0.36326324430131973,0.35960093452042674,0.03927511523647165,3.0
0.39508745343183693,0.3915514301951126,0.38801540695838854,0.3843530971774958,0.38018564121992804,0.376144471806529,0.37185072930479257,0.36768327334722484,0.36326324430131973,0.35960093452042674,0.3556860516511966,0.03940140178064033,3.0
0.3915514301951126,0.38801540695838854,0.3843530971774958,0.38018564121992804,0.376144471806529,0.37185072930479257,0.36768327334722484,0.36326324430131973,0.35960093452042674,0.3556860516511966,0.3795542084990844,0.03586537854391603,3.0
0.38801540695838854,0.3843530971774958,0.38018564121992804,0.376144471806529,0.37185072930479257,0.36768327334722484,0.36326324430131973,0.35960093452042674,0.3556860516511966,0.3795542084990844,0.3929405821809686,0.03725453052977201,3.0
0.3843530971774958,0.38018564121992804,0.376144471806529,0.37185072930479257,0.36768327334722484,0.36326324430131973,0.35960093452042674,0.3556860516511966,0.3795542084990844,0.3929405821809686,0.36616783481720017,0.03725453052977201,3.0
0.38018564121992804,0.376144471806529,0.37185072930479257,0.36768327334722484,0.36326324430131973,0.35960093452042674,0.3556860516511966,0.3795542084990844,0.3929405821809686,0.36616783481720017,0.3305550293616215,0.0623855528193471,3.0
0.376144471806529,0.37185072930479257,0.36768327334722484,0.36326324430131973,0.35960093452042674,0.3556860516511966,0.3795542084990844,0.3929405821809686,0.36616783481720017,0.3305550293616215,0.31767380185641225,0.07526678032455636,3.0
0.37185072930479257,0.36768327334722484,0.36326324430131973,0.35960093452042674,0.3556860516511966,0.3795542084990844,0.3929405821809686,0.36616783481720017,0.3305550293616215,0.31767380185641225,0.2636231609522006,0.129317421228768,3.0
0.36768327334722484,0.36326324430131973,0.35960093452042674,0.3556860516511966,0.3795542084990844,0.3929405821809686,0.36616783481720017,0.3305550293616215,0.31767380185641225,0.2636231609522006,0.19984845614699753,0.19309212603397108,3.0
0.36326324430131973,0.35960093452042674,0.3556860516511966,0.3795542084990844,0.3929405821809686,0.36616783481720017,0.3305550293616215,0.31767380185641225,0.2636231609522006,0.19984845614699753,0.16107848708720085,0.23186209509376776,3.0
0.35960093452042674,0.3556860516511966,0.3795542084990844,0.3929405821809686,0.36616783481720017,0.3305550293616215,0.31767380185641225,0.2636231609522006,0.19984845614699753,0.16107848708720085,0.11346845993559396,0.27947212224537465,3.0
0.3556860516511966,0.3795542084990844,0.3929405821809686,0.36616783481720017,0.3305550293616215,0.31767380185641225,0.2636231609522006,0.19984845614699753,0.16107848708720085,0.11346845993559396,0.02822504262170855,0.36471553955926006,0.0
0.3795542084990844,0.3929405821809686,0.36616783481720017,0.3305550293616215,0.31767380185641225,0.2636231609522006,0.19984845614699753,0.16107848708720085,0.11346845993559396,0.02822504262170855,-0.06080697101723809,0.4537475531982067,0.0
0.3929405821809686,0.36616783481720017,0.3305550293616215,0.31767380185641225,0.2636231609522006,0.19984845614699753,0.16107848708720085,0.11346845993559396,0.02822504262170855,-0.06080697101723809,-0.1536275809812464,0.546568163162215,0.0
0.36616783481720017,0.3305550293616215,0.31767380185641225,0.2636231609522006,0.19984845614699753,0.16107848708720085,0.11346845993559396,0.02822504262170855,-0.06080697101723809,-0.1536275809812464,-0.2765043884574099,0.64267222327461,0.0
0.3305550293616215,0.31767380185641225,0.2636231609522006,0.19984845614699753,0.16107848708720085,0.11346845993559396,0.02822504262170855,-0.06080697101723809,-0.1536275809812464,-0.2765043884574099,-0.359979794152933,0.6905348235145545,0.0
0.31767380185641225,0.2636231609522006,0.19984845614699753,0.16107848708720085,0.11346845993559396,0.02822504262170855,-0.06080697101723809,-0.1536275809812464,-0.2765043884574099,-0.359979794152933,-0.40620066931868415,0.7238744711750964,0.0
0.2636231609522006,0.19984845614699753,0.16107848708720085,0.11346845993559396,0.02822504262170855,-0.06080697101723809,-0.1536275809812464,-0.2765043884574099,-0.359979794152933,-0.40620066931868415,-0.44471806529014335,0.708341226242344,0.0
0.19984845614699753,0.16107848708720085,0.11346845993559396,0.02822504262170855,-0.06080697101723809,-0.1536275809812464,-0.2765043884574099,-0.359979794152933,-0.40620066931868415,-0.44471806529014335,-0.5076087642861653,0.7074572204331628,0.0
0.16107848708720085,0.11346845993559396,0.02822504262170855,-0.06080697101723809,-0.1536275809812464,-0.2765043884574099,-0.359979794152933,-0.40620066931868415,-0.44471806529014335,-0.5076087642861653,-0.5319820673107281,0.6930605543979289,0.0
0.11346845993559396,0.02822504262170855,-0.06080697101723809,-0.1536275809812464,-0.2765043884574099,-0.359979794152933,-0.40620066931868415,-0.44471806529014335,-0.5076087642861653,-0.5319820673107281,-0.5473890256993117,0.6608574856349057,0.0
0.02822504262170855,-0.06080697101723809,-0.1536275809812464,-0.2765043884574099,-0.359979794152933,-0.40620066931868415,-0.44471806529014335,-0.5076087642861653,-0.5319820673107281,-0.5473890256993117,-0.5878007198333017,0.6160257624550103,0.0
-0.06080697101723809,-0.1536275809812464,-0.2765043884574099,-0.359979794152933,-0.40620066931868415,-0.44471806529014335,-0.5076087642861653,-0.5319820673107281,-0.5473890256993117,-0.5878007198333017,-0.6196249289638189,0.5588179579465808,0.0
-0.1536275809812464,-0.2765043884574099,-0.359979794152933,-0.40620066931868415,-0.44471806529014335,-0.5076087642861653,-0.5319820673107281,-0.5473890256993117,-0.5878007198333017,-0.6196249289638189,-0.6128054555787081,0.46599734798257253,0.0
-0.2765043884574099,-0.359979794152933,-0.40620066931868415,-0.44471806529014335,-0.5076087642861653,-0.5319820673107281,-0.5473890256993117,-0.5878007198333017,-0.6196249289638189,-0.6128054555787081,-0.601187093515186,0.34312054050640906,0.0
-0.359979794152933,-0.40620066931868415,-0.44471806529014335,-0.5076087642861653,-0.5319820673107281,-0.5473890256993117,-0.5878007198333017,-0.6196249289638189,-0.6128054555787081,-0.601187093515186,-0.5758034981372735,0.2596451348108859,0.0
-0.40620066931868415,-0.44471806529014335,-0.5076087642861653,-0.5319820673107281,-0.5473890256993117,-0.5878007198333017,-0.6196249289638189,-0.6128054555787081,-0.601187093515186,-0.5758034981372735,-0.5641851360737513,0.21342425964513478,0.0
-0.44471806529014335,-0.5076087642861653,-0.5319820673107281,-0.5473890256993117,-0.5878007198333017,-0.6196249289638189,-0.6128054555787081,-0.601187093515186,-0.5758034981372735,-0.5641851360737513,-0.5327397865757404,0.17490686367367558,0.0
-0.5076087642861653,-0.5319820673107281,-0.5473890256993117,-0.5878007198333017,-0.6196249289638189,-0.6128054555787081,-0.601187093515186,-0.5758034981372735,-0.5641851360737513,-0.5327397865757404,-0.4795731514807098,0.14005177748310915,2.0
-0.5319820673107281,-0.5473890256993117,-0.5878007198333017,-0.6196249289638189,-0.6128054555787081,-0.601187093515186,-0.5758034981372735,-0.5641851360737513,-0.5327397865757404,-0.4795731514807098,-0.43991917661173197,0.17970575235208697,2.0
-0.5473890256993117,-0.5878007198333017,-0.6196249289638189,-0.6128054555787081,-0.601187093515186,-0.5758034981372735,-0.5641851360737513,-0.5327397865757404,-0.4795731514807098,-0.43991917661173197,-0.35177116878196624,0.2678537601818527,2.0
-0.5878007198333017,-0.6196249289638189,-0.6128054555787081,-0.601187093515186,-0.5758034981372735,-0.5641851360737513,-0.5327397865757404,-0.4795731514807098,-0.43991917661173197,-0.35177116878196624,-0.2479636294752794,0.37166129948853954,2.0
-0.6196249289638189,-0.6128054555787081,-0.601187093515186,-0.5758034981372735,-0.5641851360737513,-0.5327397865757404,-0.4795731514807098,-0.43991917661173197,-0.35177116878196624,-0.2479636294752794,-0.16486708341226242,0.4547578455515565,2.0
-0.6128054555787081,-0.601187093515186,-0.5758034981372735,-0.5641851360737513,-0.5327397865757404,-0.4795731514807098,-0.43991917661173197,-0.35177116878196624,-0.2479636294752794,-0.16486708341226242,-0.03933825850855588,0.5734671970701523,2.0
-0.601187093515186,-0.5758034981372735,-0.5641851360737513,-0.5327397865757404,-0.4795731514807098,-0.43991917661173197,-0.35177116878196624,-0.2479636294752794,-0.16486708341226242,-0.03933825850855588,0.09667234956115434,0.6978594430763403,2.0
-0.5758034981372735,-0.5641851360737513,-0.5327397865757404,-0.4795731514807098,-0.43991917661173197,-0.35177116878196624,-0.2479636294752794,-0.16486708341226242,-0.03933825850855588,0.09667234956115434,0.20856222769463906,0.7843657258319126,2.0
-0.5641851360737513,-0.5327397865757404,-0.4795731514807098,-0.43991917661173197,-0.35177116878196624,-0.2479636294752794,-0.16486708341226242,-0.03933825850855588,0.09667234956115434,0.20856222769463906,0.3270190061248974,0.8912041421986487,2.0
-0.5327397865757404,-0.4795731514807098,-0.43991917661173197,-0.35177116878196624,-0.2479636294752794,-0.16486708341226242,-0.03933825850855588,0.09667234956115434,0.20856222769463906,0.3270190061248974,0.43916145734671974,0.9719012439224601,2.0
-0.4795731514807098,-0.43991917661173197,-0.35177116878196624,-0.2479636294752794,-0.16486708341226242,-0.03933825850855588,0.09667234956115434,0.20856222769463906,0.3270190061248974,0.43916145734671974,0.5693628843846688,1.0489360358653785,2.0
-0.43991917661173197,-0.35177116878196624,-0.2479636294752794,-0.16486708341226242,-0.03933825850855588,0.09667234956115434,0.20856222769463906,0.3270190061248974,0.43916145734671974,0.5693628843846688,0.6508177053734925,1.0907368819852246,2.0
-0.35177116878196624,-0.2479636294752794,-0.16486708341226242,-0.03933825850855588,0.09667234956115434,0.20856222769463906,0.3270190061248974,0.43916145734671974,0.5693628843846688,0.6508177053734925,0.7467954789417188,1.098566647723685,2.0
-0.2479636294752794,-0.16486708341226242,-0.03933825850855588,0.09667234956115434,0.20856222769463906,0.3270190061248974,0.43916145734671974,0.5693628843846688,0.6508177053734925,0.7467954789417188,0.8612110879585779,1.1091747174338573,2.0
-0.16486708341226242,-0.03933825850855588,0.09667234956115434,0.20856222769463906,0.3270190061248974,0.43916145734671974,0.5693628843846688,0.6508177053734925,0.7467954789417188,0.8612110879585779,0.927258950558818,1.0921260339710805,2.0
-0.03933825850855588,0.09667234956115434,0.20856222769463906,0.3270190061248974,0.43916145734671974,0.5693628843846688,0.6508177053734925,0.7467954789417188,0.8612110879585779,0.927258950558818,0.9794152933004989,1.0187535518090547,2.0
0.09667234956115434,0.20856222769463906,0.3270190061248974,0.43916145734671974,0.5693628843846688,0.6508177053734925,0.7467954789417188,0.8612110879585779,0.927258950558818,0.9794152933004989,1.0,0.9033276504388457,2.0
0.20856222769463906,0.3270190061248974,0.43916145734671974,0.5693628843846688,0.6508177053734925,0.7467954789417188,0.8612110879585779,0.927258950558818,0.9794152933004989,1.0,0.9946226474082411,0.7914377723053609,2.0
0.3270190061248974,0.43916145734671974,0.5693628843846688,0.6508177053734925,0.7467954789417188,0.8612110879585779,0.927258950558818,0.9794152933004989,1.0,0.9946226474082411,0.9761145501156756,0.6729809938751026,2.0
0.43916145734671974,0.5693628843846688,0.6508177053734925,0.7467954789417188,0.8612110879585779,0.927258950558818,0.9794152933004989,1.0,0.9946226474082411,0.9761145501156756,0.9793659726130182,0.5608385426532803,2.0
0.5693628843846688,0.6508177053734925,0.7467954789417188,0.8612110879585779,0.927258950558818,0.9794152933004989,1.0,0.9946226474082411,0.9761145501156756,0.9793659726130182,0.9733633464640781,0.43063711561533125,3.0
0.6508177053734925,0.7467954789417188,0.8612110879585779,0.927258950558818,0.9794152933004989,1.0,0.9946226474082411,0.9761145501156756,0.9793659726130182,0.9733633464640781,0.9627336959919965,0.3491822946265075,3.0
0.7467954789417188,0.8612110879585779,0.927258950558818,0.9794152933004989,1.0,0.9946226474082411,0.9761145501156756,0.9793659726130182,0.9733633464640781,0.9627336959919965,0.9481022947539548,0.2532045210582812,3.0
0.8612110879585779,0.927258950558818,0.9794152933004989,1.0,0.9946226474082411,0.9761145501156756,0.9793659726130182,0.9733633464640781,0.9627336959919965,0.9481022947539548,0.9636090789720502,0.13878891204142207,3.0
0.927258950558818,0.9794152933004989,1.0,0.9946226474082411,0.9761145501156756,0.9793659726130182,0.9733633464640781,0.9627336959919965,0.9481022947539548,0.9636090789720502,0.9434752704308136,0.07274104944118198,3.0
0.9794152933004989,1.0,0.9946226474082411,0.9761145501156756,0.9793659726130182,0.9733633464640781,0.9627336959919965,0.9481022947539548,0.9636090789720502,0.9434752704308136,0.9180891640092541,0.08191083599074589,3.0
1.0,0.9946226474082411,0.9761145501156756,0.9793659726130182,0.9733633464640781,0.9627336959919965,0.9481022947539548,0.9636090789720502,0.9434752704308136,0.9180891640092541,0.8920777840305134,0.10792221596948659,3.0
0.9946226474082411,0.9761145501156756,0.9793659726130182,0.9733633464640781,0.9627336959919965,0.9481022947539548,0.9636090789720502,0.9434752704308136,0.9180891640092541,0.8920777840305134,0.8635653098230476,0.13105733758519356,3.0
0.9761145501156756,0.9793659726130182,0.9733633464640781,0.9627336959919965,0.9481022947539548,0.9636090789720502,0.9434752704308136,0.9180891640092541,0.8920777840305134,0.8635653098230476,0.8663165134746451,0.11580066278997059,3.0
0.9793659726130182,0.9733633464640781,0.9627336959919965,0.9481022947539548,0.9636090789720502,0.9434752704308136,0.9180891640092541,0.8920777840305134,0.8635653098230476,0.8663165134746451,0.8713187019320954,0.11580066278997059,3.0
0.9733633464640781,0.9627336959919965,0.9481022947539548,0.9636090789720502,0.9434752704308136,0.9180891640092541,0.8920777840305134,0.8635653098230476,0.8663165134746451,0.8713187019320954,0.8794472581754518,0.1097980366410305,3.0
0.9627336959919965,0.9481022947539548,0.9636090789720502,0.9434752704308136,0.9180891640092541,0.8920777840305134,0.8635653098230476,0.8663165134746451,0.8713187019320954,0.8794472581754518,0.8890764709560433,0.10004376914900259,3.0
0.9481022947539548,0.9636090789720502,0.9434752704308136,0.9180891640092541,0.8920777840305134,0.8635653098230476,0.8663165134746451,0.8713187019320954,0.8794472581754518,0.8890764709560433,0.8684424435690614,0.10004376914900259,3.0
0.9636090789720502,0.9434752704308136,0.9180891640092541,0.8920777840305134,0.8635653098230476,0.8663165134746451,0.8713187019320954,0.8794472581754518,0.8890764709560433,0.8684424435690614,0.8489339085850058,0.11467517038704433,3.0
0.9434752704308136,0.9180891640092541,0.8920777840305134,0.8635653098230476,0.8663165134746451,0.8713187019320954,0.8794472581754518,0.8890764709560433,0.8684424435690614,0.8489339085850058,0.8277505879361851,0.11572468249462853,3.0
0.9180891640092541,0.8920777840305134,0.8635653098230476,0.8663165134746451,0.8713187019320954,0.8794472581754518,0.8890764709560433,0.8684424435690614,0.8489339085850058,0.8277505879361851,0.7726678860726417,0.14542127793661241,3.0
0.8920777840305134,0.8635653098230476,0.8663165134746451,0.8713187019320954,0.8794472581754518,0.8890764709560433,0.8684424435690614,0.8489339085850058,0.8277505879361851,0.7726678860726417,0.7144984432110464,0.17757934081946702,3.0
0.8635653098230476,0.8663165134746451,0.8713187019320954,0.8794472581754518,0.8890764709560433,0.8684424435690614,0.8489339085850058,0.8277505879361851,0.7726678860726417,0.7144984432110464,0.6439835817671202,0.24509288918892302,3.0
0.8663165134746451,0.8713187019320954,0.8794472581754518,0.8890764709560433,0.8684424435690614,0.8489339085850058,0.8277505879361851,0.7726678860726417,0.7144984432110464,0.6439835817671202,0.5707124411362601,0.3183640298197832,3.0
0.8713187019320954,0.8794472581754518,0.8890764709560433,0.8684424435690614,0.8489339085850058,0.8277505879361851,0.7726678860726417,0.7144984432110464,0.6439835817671202,0.5707124411362601,0.5139049379862877,0.3751715329697556,3.0
0.8794472581754518,0.8890764709560433,0.8684424435690614,0.8489339085850058,0.8277505879361851,0.7726678860726417,0.7144984432110464,0.6439835817671202,0.5707124411362601,0.5139049379862877,0.46475618211231806,0.4243202888437252,3.0
0.8890764709560433,0.8684424435690614,0.8489339085850058,0.8277505879361851,0.7726678860726417,0.7144984432110464,0.6439835817671202,0.5707124411362601,0.5139049379862877,0.46475618211231806,0.4168399969185732,0.47223647403747004,3.0
0.8684424435690614,0.8489339085850058,0.8277505879361851,0.7726678860726417,0.7144984432110464,0.6439835817671202,0.5707124411362601,0.5139049379862877,0.46475618211231806,0.4168399969185732,0.3686156690547724,0.49982677451428903,3.0
0.8489339085850058,0.8277505879361851,0.7726678860726417,0.7144984432110464,0.6439835817671202,0.5707124411362601,0.5139049379862877,0.46475618211231806,0.4168399969185732,0.3686156690547724,0.31977505585085897,0.5291588527341469,3.0
0.8277505879361851,0.7726678860726417,0.7144984432110464,0.6439835817671202,0.5707124411362601,0.5139049379862877,0.46475618211231806,0.4168399969185732,0.3686156690547724,0.31977505585085897,0.31037670441414367,0.5173738835220414,3.0
0.7726678860726417,0.7144984432110464,0.6439835817671202,0.5707124411362601,0.5139049379862877,0.46475618211231806,0.4168399969185732,0.3686156690547724,0.31977505585085897,0.31037670441414367,0.3006702103073724,0.4719976757652693,3.0
0.7144984432110464,0.6439835817671202,0.5707124411362601,0.5139049379862877,0.46475618211231806,0.4168399969185732,0.3686156690547724,0.31977505585085897,0.31037670441414367,0.3006702103073724,0.291117787535629,0.4233806556754174,3.0
0.6439835817671202,0.5707124411362601,0.5139049379862877,0.46475618211231806,0.4168399969185732,0.3686156690547724,0.31977505585085897,0.31037670441414367,0.3006702103073724,0.291117787535629,0.28048686541868895,0.3634967163484313,3.0
0.5707124411362601,0.5139049379862877,0.46475618211231806,0.4168399969185732,0.3686156690547724,0.31977505585085897,0.31037670441414367,0.3006702103073724,0.291117787535629,0.28048686541868895,0.26985594330174867,0.3008564978345114,3.0
0.5139049379862877,0.46475618211231806,0.4168399969185732,0.3686156690547724,0.31977505585085897,0.31037670441414367,0.3006702103073724,0.291117787535629,0.28048686541868895,0.26985594330174867,0.2603035205300055,0.2536014174562822,3.0
0.46475618211231806,0.4168399969185732,0.3686156690547724,0.31977505585085897,0.31037670441414367,0.3006702103073724,0.291117787535629,0.28048686541868895,0.26985594330174867,0.2603035205300055,0.2519836684384871,0.212772513673831,3.0
0.4168399969185732,0.3686156690547724,0.31977505585085897,0.31037670441414367,0.3006702103073724,0.291117787535629,0.28048686541868895,0.26985594330174867,0.2603035205300055,0.2519836684384871,0.24458824435713744,0.17225175256143577,3.0
0.3686156690547724,0.31977505585085897,0.31037670441414367,0.3006702103073724,0.291117787535629,0.28048686541868895,0.26985594330174867,0.2603035205300055,0.2519836684384871,0.24458824435713744,0.2373468916108159,0.13126877744395649,3.0
0.31977505585085897,0.31037670441414367,0.3006702103073724,0.291117787535629,0.28048686541868895,0.26985594330174867,0.2603035205300055,0.2519836684384871,0.24458824435713744,0.2373468916108159,0.23072182420460674,0.08905323164625223,3.0
0.31037670441414367,0.3006702103073724,0.291117787535629,0.28048686541868895,0.26985594330174867,0.2603035205300055,0.2519836684384871,0.24458824435713744,0.2373468916108159,0.23072182420460674,0.22455897080348208,0.08581773361066158,3.0
0.3006702103073724,0.291117787535629,0.28048686541868895,0.26985594330174867,0.2603035205300055,0.2519836684384871,0.24458824435713744,0.2373468916108159,0.23072182420460674,0.22455897080348208,0.21870426007241361,0.08196595023495878,3.0
0.291117787535629,0.28048686541868895,0.26985594330174867,0.2603035205300055,0.2519836684384871,0.24458824435713744,0.2373468916108159,0.23072182420460674,0.22455897080348208,0.21870426007241361,0.21254140667128874,0.07857638086434027,3.0
0.28048686541868895,0.26985594330174867,0.2603035205300055,0.2519836684384871,0.24458824435713744,0.2373468916108159,0.23072182420460674,0.22455897080348208,0.21870426007241361,0.21254140667128874,0.2056081965950236,0.07487866882366534,3.0
0.26985594330174867,0.2603035205300055,0.2519836684384871,0.24458824435713744,0.2373468916108159,0.23072182420460674,0.22455897080348208,0.21870426007241361,0.21254140667128874,0.2056081965950236,0.20006162853401133,0.06979431476773734,3.0
0.2603035205300055,0.2519836684384871,0.24458824435713744,0.2373468916108159,0.23072182420460674,0.22455897080348208,0.21870426007241361,0.21254140667128874,0.2056081965950236,0.20006162853401133,0.19528541714813952,0.06501810338186598,3.0
0.2519836684384871,0.24458824435713744,0.2373468916108159,0.23072182420460674,0.22455897080348208,0.21870426007241361,0.21254140667128874,0.2056081965950236,0.20006162853401133,0.19528541714813952,0.19143363377243672,0.060550034666050356,3.0
0.24458824435713744,0.2373468916108159,0.23072182420460674,0.22455897080348208,0.21870426007241361,0.21254140667128874,0.2056081965950236,0.20006162853401133,0.19528541714813952,0.19143363377243672,0.1871196363916494,0.05746860796548803,3.0
0.2373468916108159,0.23072182420460674,0.22455897080348208,0.21870426007241361,0.21254140667128874,0.2056081965950236,0.20006162853401133,0.19528541714813952,0.19143363377243672,0.1871196363916494,0.18265156767583401,0.05469532393498189,3.0
0.23072182420460674,0.22455897080348208,0.21870426007241361,0.21254140667128874,0.2056081965950236,0.20006162853401133,0.19528541714813952,0.19143363377243672,0.1871196363916494,0.18265156767583401,0.1780294276249903,0.05269239657961644,3.0
0.22455897080348208,0.21870426007241361,0.21254140667128874,0.2056081965950236,0.20006162853401133,0.19528541714813952,0.19143363377243672,0.1871196363916494,0.18265156767583401,0.1780294276249903,0.1735613589091749,0.05099761189430718,3.0
0.21870426007241361,0.21254140667128874,0.2056081965950236,0.20006162853401133,0.19528541714813952,0.19143363377243672,0.1871196363916494,0.18265156767583401,0.1780294276249903,0.1735613589091749,0.16847700485324713,0.05022725521916649,3.0
0.21254140667128874,0.2056081965950236,0.20006162853401133,0.19528541714813952,0.19143363377243672,0.1871196363916494,0.18265156767583401,0.1780294276249903,0.1735613589091749,0.16847700485324713,0.20191048455434868,0.04406440181804161,3.0
0.2056081965950236,0.20006162853401133,0.19528541714813952,0.19143363377243672,0.1871196363916494,0.18265156767583401,0.1780294276249903,0.1735613589091749,0.16847700485324713,0.20191048455434868,0.23611432093059093,0.0676373160773438,3.0
0.20006162853401133,0.19528541714813952,0.19143363377243672,0.1871196363916494,0.18265156767583401,0.1780294276249903,0.1735613589091749,0.16847700485324713,0.20191048455434868,0.23611432093059093,0.27108851398197364,0.10261150912872652,3.0
0.19528541714813952,0.19143363377243672,0.1871196363916494,0.18265156767583401,0.1780294276249903,0.1735613589091749,0.16847700485324713,0.20191048455434868,0.23611432093059093,0.27108851398197364,0.2684693012864956,0.10261150912872652,3.0
0.19143363377243672,0.1871196363916494,0.18265156767583401,0.1780294276249903,0.1735613589091749,0.16847700485324713,0.20191048455434868,0.23611432093059093,0.27108851398197364,0.2684693012864956,0.3048301363531316,0.13635313149988448,3.0
0.1871196363916494,0.18265156767583401,0.1780294276249903,0.1735613589091749,0.16847700485324713,0.20191048455434868,0.23611432093059093,0.27108851398197364,0.2684693012864956,0.3048301363531316,0.3410369000847393,0.17255989523149218,3.0
0.18265156767583401,0.1780294276249903,0.1735613589091749,0.16847700485324713,0.20191048455434868,0.23611432093059093,0.27108851398197364,0.2684693012864956,0.3048301363531316,0.3410369000847393,0.33826361605423316,0.17255989523149218,3.0
0.1780294276249903,0.1735613589091749,0.16847700485324713,0.20191048455434868,0.23611432093059093,0.27108851398197364,0.2684693012864956,0.3048301363531316,0.3410369000847393,0.33826361605423316,0.37554887913103774,0.2070718742777906,3.0
0.1735613589091749,0.16847700485324713,0.20191048455434868,0.23611432093059093,0.27108851398197364,0.2684693012864956,0.3048301363531316,0.3410369000847393,0.33826361605423316,0.37554887913103774,0.3803250905169093,0.2118480856636622,3.0
0.16847700485324713,0.20191048455434868,0.23611432093059093,0.27108851398197364,0.2684693012864956,0.3048301363531316,0.3410369000847393,0.33826361605423316,0.37554887913103774,0.3803250905169093,0.3827902318773593,0.21431322702411215,3.0
0.20191048455434868,0.23611432093059093,0.27108851398197364,0.2684693012864956,0.3048301363531316,0.3410369000847393,0.33826361605423316,0.37554887913103774,0.3803250905169093,0.3827902318773593,0.41067714351744855,0.20876665896309987,3.0
0.23611432093059093,0.27108851398197364,0.2684693012864956,0.3048301363531316,0.3410369000847393,0.33826361605423316,0.37554887913103774,0.3803250905169093,0.3827902318773593,0.41067714351744855,0.38833679993837156,0.17456282258685762,3.0
0.27108851398197364,0.2684693012864956,0.3048301363531316,0.3410369000847393,0.33826361605423316,0.37554887913103774,0.3803250905169093,0.3827902318773593,0.41067714351744855,0.38833679993837156,0.3193128418457747,0.14220784223095295,3.0
0.2684693012864956,0.3048301363531316,0.3410369000847393,0.33826361605423316,0.37554887913103774,0.3803250905169093,0.3827902318773593,0.41067714351744855,0.38833679993837156,0.3193128418457747,0.2410446036514906,0.16963253986595794,3.0
0.3048301363531316,0.3410369000847393,0.33826361605423316,0.37554887913103774,0.3803250905169093,0.3827902318773593,0.41067714351744855,0.38833679993837156,0.3193128418457747,0.2410446036514906,0.19405284646791454,0.216624297049534,3.0
0.3410369000847393,0.33826361605423316,0.37554887913103774,0.3803250905169093,0.3827902318773593,0.41067714351744855,0.38833679993837156,0.3193128418457747,0.2410446036514906,0.19405284646791454,0.1781834989600184,0.23249364455743016,3.0
0.33826361605423316,0.37554887913103774,0.3803250905169093,0.3827902318773593,0.41067714351744855,0.38833679993837156,0.3193128418457747,0.2410446036514906,0.19405284646791454,0.1781834989600184,0.07326091980587002,0.33741622371157853,0.0
0.37554887913103774,0.3803250905169093,0.3827902318773593,0.41067714351744855,0.38833679993837156,0.3193128418457747,0.2410446036514906,0.19405284646791454,0.1781834989600184,0.07326091980587002,-0.041984438795162116,0.45266158231261067,0.0
