0.8819788884649624,0.8891008520920769,0.8863029378099962,0.8743482131501972,0.8567976599262368,0.8964771715630167,0.8598499300521429,0.8219509093221418,0.7789647717156303,0.7293653821696553,0.6151596082920006,0.2813175632710161,0.0
0.8891008520920769,0.8863029378099962,0.8743482131501972,0.8567976599262368,0.8964771715630167,0.8598499300521429,0.8219509093221418,0.7789647717156303,0.7293653821696553,0.6151596082920006,0.4948492941625333,0.40162787740048334,0.0
0.8863029378099962,0.8743482131501972,0.8567976599262368,0.8964771715630167,0.8598499300521429,0.8219509093221418,0.7789647717156303,0.7293653821696553,0.6151596082920006,0.4948492941625333,0.4276993513925982,0.46877782017041847,0.0
0.8743482131501972,0.8567976599262368,0.8964771715630167,0.8598499300521429,0.8219509093221418,0.7789647717156303,0.7293653821696553,0.6151596082920006,0.4948492941625333,0.4276993513925982,0.35597100343380395,0.5405061681292127,0.0
0.8567976599262368,0.8964771715630167,0.8598499300521429,0.8219509093221418,0.7789647717156303,0.7293653821696553,0.6151596082920006,0.4948492941625333,0.4276993513925982,0.35597100343380395,0.28576879053796267,0.610708381025054,0.0
0.8964771715630167,0.8598499300521429,0.8219509093221418,0.7789647717156303,0.7293653821696553,0.6151596082920006,0.4948492941625333,0.4276993513925982,0.35597100343380395,0.28576879053796267,0.21378608673534272,0.6826910848276739,0.0
0.8598499300521429,0.8219509093221418,0.7789647717156303,0.7293653821696553,0.6151596082920006,0.4948492941625333,0.4276993513925982,0.35597100343380395,0.28576879053796267,0.21378608673534272,0.14383822968332693,0.716011700368816,0.0
0.8219509093221418,0.7789647717156303,0.7293653821696553,0.6151596082920006,0.4948492941625333,0.4276993513925982,0.35597100343380395,0.28576879053796267,0.21378608673534272,0.14383822968332693,0.07389037263131115,0.7480605366908306,0.0
0.7789647717156303,0.7293653821696553,0.6151596082920006,0.4948492941625333,0.4276993513925982,0.35597100343380395,0.28576879053796267,0.21378608673534272,0.14383822968332693,0.07389037263131115,0.008520920768154694,0.7704438509474756,0.0
0.7293653821696553,0.6151596082920006,0.4948492941625333,0.4276993513925982,0.35597100343380395,0.28576879053796267,0.21378608673534272,0.14383822968332693,0.07389037263131115,0.008520920768154694,-0.056848531095001875,0.7862139132646572,0.0
0.6151596082920006,0.4948492941625333,0.4276993513925982,0.35597100343380395,0.28576879053796267,0.21378608673534272,0.14383822968332693,0.07389037263131115,0.008520920768154694,-0.056848531095001875,-0.1245071855525881,0.7396667938445887,0.0
0.4948492941625333,0.4276993513925982,0.35597100343380395,0.28576879053796267,0.21378608673534272,0.14383822968332693,0.07389037263131115,0.008520920768154694,-0.056848531095001875,-0.1245071855525881,-0.19114841663487214,0.6859977107974055,0.0
0.4276993513925982,0.35597100343380395,0.28576879053796267,0.21378608673534272,0.14383822968332693,0.07389037263131115,0.008520920768154694,-0.056848531095001875,-0.1245071855525881,-0.19114841663487214,-0.2585527152486329,0.6862520666412311,0.0
0.35597100343380395,0.28576879053796267,0.21378608673534272,0.14383822968332693,0.07389037263131115,0.008520920768154694,-0.056848531095001875,-0.1245071855525881,-0.19114841663487214,-0.2585527152486329,-0.326211369706219,0.682182373140023,0.0
0.28576879053796267,0.21378608673534272,0.14383822968332693,0.07389037263131115,0.008520920768154694,-0.056848531095001875,-0.1245071855525881,-0.19114841663487214,-0.2585527152486329,-0.326211369706219,-0.39717665013353687,0.6829454406714995,0.0
0.21378608673534272,0.14383822968332693,0.07389037263131115,0.008520920768154694,-0.056848531095001875,-0.1245071855525881,-0.19114841663487214,-0.2585527152486329,-0.326211369706219,-0.39717665013353687,-0.47246597990588834,0.6862520666412311,0.0
0.14383822968332693,0.07389037263131115,0.008520920768154694,-0.056848531095001875,-0.1245071855525881,-0.19114841663487214,-0.2585527152486329,-0.326211369706219,-0.39717665013353687,-0.47246597990588834,-0.6212641485438128,0.7651023782271398,0.0
0.07389037263131115,0.008520920768154694,-0.056848531095001875,-0.1245071855525881,-0.19114841663487214,-0.2585527152486329,-0.326211369706219,-0.39717665013353687,-0.47246597990588834,-0.6212641485438128,-0.7845606002797915,0.8584509729111026,0.0
0.008520920768154694,-0.056848531095001875,-0.1245071855525881,-0.19114841663487214,-0.2585527152486329,-0.326211369706219,-0.39717665013353687,-0.47246597990588834,-0.6212641485438128,-0.7845606002797915,-0.8964771715630167,0.9049980923311713,0.0
-0.056848531095001875,-0.1245071855525881,-0.19114841663487214,-0.2585527152486329,-0.326211369706219,-0.39717665013353687,-0.47246597990588834,-0.6212641485438128,-0.7845606002797915,-0.8964771715630167,-1.0,0.9431514689049981,0.0
-0.1245071855525881,-0.19114841663487214,-0.2585527152486329,-0.326211369706219,-0.39717665013353687,-0.47246597990588834,-0.6212641485438128,-0.7845606002797915,-0.8964771715630167,-1.0,-1.0,0.8754928144474119,0.0
-0.19114841663487214,-0.2585527152486329,-0.326211369706219,-0.39717665013353687,-0.47246597990588834,-0.6212641485438128,-0.7845606002797915,-0.8964771715630167,-1.0,-1.0,-1.0,0.8088515833651279,0.0
-0.2585527152486329,-0.326211369706219,-0.39717665013353687,-0.47246597990588834,-0.6212641485438128,-0.7845606002797915,-0.8964771715630167,-1.0,-1.0,-1.0,-1.0,0.7414472847513671,0.0
-0.326211369706219,-0.39717665013353687,-0.47246597990588834,-0.6212641485438128,-0.7845606002797915,-0.8964771715630167,-1.0,-1.0,-1.0,-1.0,-1.0,0.673788630293781,0.0
-0.39717665013353687,-0.47246597990588834,-0.6212641485438128,-0.7845606002797915,-0.8964771715630167,-1.0,-1.0,-1.0,-1.0,-1.0,-1.0,0.6028233498664631,1.0
-0.47246597990588834,-0.6212641485438128,-0.7845606002797915,-0.8964771715630167,-1.0,-1.0,-1.0,-1.0,-1.0,-1.0,-1.0,0.5275340200941117,1.0
-0.6212641485438128,-0.7845606002797915,-0.8964771715630167,-1.0,-1.0,-1.0,-1.0,-1.0,-1.0,-1.0,-1.0,0.37873585145618716,1.0
-0.7845606002797915,-0.8964771715630167,-1.0,-1.0,-1.0,-1.0,-1.0,-1.0,-1.0,-1.0,-1.0,0.21543939972020854,1.0
-0.8964771715630167,-1.0,-1.0,-1.0,-1.0,-1.0,-1.0,-1.0,-1.0,-1.0,-1.0,0.10352282843698335,1.0
-1.0,-1.0,-1.0,-1.0,-1.0,-1.0,-1.0,-1.0,-1.0,-1.0,-0.981425702811245,0.01857429718875503,1.0
-1.0,-1.0,-1.0,-1.0,-1.0,-1.0,-1.0,-1.0,-1.0,-0.981425702811245,-0.9954819277108434,0.01857429718875503,1.0
-1.0,-1.0,-1.0,-1.0,-1.0,-1.0,-1.0,-1.0,-0.981425702811245,-0.9954819277108434,-1.0,0.01857429718875503,1.0
-1.0,-1.0,-1.0,-1.0,-1.0,-1.0,-1.0,-0.981425702811245,-0.9954819277108434,-1.0,-0.9984943538268507,0.01857429718875503,1.0
-1.0,-1.0,-1.0,-1.0,-1.0,-1.0,-0.981425702811245,-0.9954819277108434,-1.0,-0.9984943538268507,-0.9394395650355499,0.06056043496445007,1.0
-1.0,-1.0,-1.0,-1.0,-1.0,-0.981425702811245,-0.9954819277108434,-1.0,-0.9984943538268507,-0.9394395650355499,-0.9133416980342952,0.08665830196570479,1.0
-1.0,-1.0,-1.0,-1.0,-0.981425702811245,-0.9954819277108434,-1.0,-0.9984943538268507,-0.9394395650355499,-0.9133416980342952,-0.8827268925135926,0.1172731074864074,1.0
-1.0,-1.0,-1.0,-0.981425702811245,-0.9954819277108434,-1.0,-0.9984943538268507,-0.9394395650355499,-0.9133416980342952,-0.8827268925135926,-0.8484316185696361,0.15156838143036389,1.0
-1.0,-1.0,-0.981425702811245,-0.9954819277108434,-1.0,-0.9984943538268507,-0.9394395650355499,-0.9133416980342952,-0.8827268925135926,-0.8484316185696361,-0.8139690506064408,0.18603094939355924,1.0
-0.6175658720200753,-0.6200752823086575,-0.6217482225010456,-0.6230865746549561,-0.6704307820995399,-0.6719364282726892,-0.6734420744458385,-0.6737766624843162,-0.6719364282726892,-0.6710999581764951,-0.6694270179841071,0.056210790464240934,1.0
-0.6200752823086575,-0.6217482225010456,-0.6230865746549561,-0.6704307820995399,-0.6719364282726892,-0.6734420744458385,-0.6737766624843162,-0.6719364282726892,-0.6710999581764951,-0.6694270179841071,-0.6680886658301965,0.05370138017565873,1.0
-0.6217482225010456,-0.6230865746549561,-0.6704307820995399,-0.6719364282726892,-0.6734420744458385,-0.6737766624843162,-0.6719364282726892,-0.6710999581764951,-0.6694270179841071,-0.6680886658301965,-0.6690924299456295,0.05202843998327067,1.0
-0.6230865746549561,-0.6704307820995399,-0.6719364282726892,-0.6734420744458385,-0.6737766624843162,-0.6719364282726892,-0.6710999581764951,-0.6694270179841071,-0.6680886658301965,-0.6690924299456295,-0.667754077791719,0.05069008782936013,1.0
-0.6704307820995399,-0.6719364282726892,-0.6734420744458385,-0.6737766624843162,-0.6719364282726892,-0.6710999581764951,-0.6694270179841071,-0.6680886658301965,-0.6690924299456295,-0.667754077791719,-0.667754077791719,0.006022584692597199,1.0
-0.6719364282726892,-0.6734420744458385,-0.6737766624843162,-0.6719364282726892,-0.6710999581764951,-0.6694270179841071,-0.6680886658301965,-0.6690924299456295,-0.667754077791719,-0.667754077791719,-0.6682559598494353,0.006022584692597199,1.0
-0.6734420744458385,-0.6737766624843162,-0.6719364282726892,-0.6710999581764951,-0.6694270179841071,-0.6680886658301965,-0.6690924299456295,-0.667754077791719,-0.667754077791719,-0.6682559598494353,-0.6652446675031367,0.008531994981179514,1.0
-0.6737766624843162,-0.6719364282726892,-0.6710999581764951,-0.6694270179841071,-0.6680886658301965,-0.6690924299456295,-0.667754077791719,-0.667754077791719,-0.6682559598494353,-0.6652446675031367,-0.6645754914261814,0.009201171058134783,1.0
-0.6719364282726892,-0.6710999581764951,-0.6694270179841071,-0.6680886658301965,-0.6690924299456295,-0.667754077791719,-0.667754077791719,-0.6682559598494353,-0.6652446675031367,-0.6645754914261814,-0.663237139272271,0.008699289000418164,1.0
-0.6710999581764951,-0.6694270179841071,-0.6680886658301965,-0.6690924299456295,-0.667754077791719,-0.667754077791719,-0.6682559598494353,-0.6652446675031367,-0.6645754914261814,-0.663237139272271,-0.6624006691760769,0.008699289000418275,1.0
-0.6694270179841071,-0.6680886658301965,-0.6690924299456295,-0.667754077791719,-0.667754077791719,-0.6682559598494353,-0.6652446675031367,-0.6645754914261814,-0.663237139272271,-0.6624006691760769,-0.6645754914261814,0.007026348808030214,1.0
-0.6680886658301965,-0.6690924299456295,-0.667754077791719,-0.667754077791719,-0.6682559598494353,-0.6652446675031367,-0.6645754914261814,-0.663237139272271,-0.6624006691760769,-0.6645754914261814,-0.6647427854454203,0.006691760769552579,1.0
-0.6690924299456295,-0.667754077791719,-0.667754077791719,-0.6682559598494353,-0.6652446675031367,-0.6645754914261814,-0.663237139272271,-0.6624006691760769,-0.6645754914261814,-0.6647427854454203,-0.665913843580092,0.006691760769552579,1.0
-0.667754077791719,-0.667754077791719,-0.6682559598494353,-0.6652446675031367,-0.6645754914261814,-0.663237139272271,-0.6624006691760769,-0.6645754914261814,-0.6647427854454203,-0.665913843580092,-0.6672521957340025,0.0058552906733584376,1.0
-0.667754077791719,-0.6682559598494353,-0.6652446675031367,-0.6645754914261814,-0.663237139272271,-0.6624006691760769,-0.6645754914261814,-0.6647427854454203,-0.665913843580092,-0.6672521957340025,-0.665913843580092,0.0058552906733584376,1.0
-0.6682559598494353,-0.6652446675031367,-0.6645754914261814,-0.663237139272271,-0.6624006691760769,-0.6645754914261814,-0.6647427854454203,-0.665913843580092,-0.6672521957340025,-0.665913843580092,-0.665077373483898,0.0058552906733584376,1.0
-0.6652446675031367,-0.6645754914261814,-0.663237139272271,-0.6624006691760769,-0.6645754914261814,-0.6647427854454203,-0.665913843580092,-0.6672521957340025,-0.665913843580092,-0.665077373483898,-0.6162275198661649,0.051024675867837654,1.0
-0.6645754914261814,-0.663237139272271,-0.6624006691760769,-0.6645754914261814,-0.6647427854454203,-0.665913843580092,-0.6672521957340025,-0.665913843580092,-0.665077373483898,-0.6162275198661649,-0.5578419071518192,0.10941028858218327,1.0
-0.663237139272271,-0.6624006691760769,-0.6645754914261814,-0.6647427854454203,-0.665913843580092,-0.6672521957340025,-0.665913843580092,-0.665077373483898,-0.6162275198661649,-0.5578419071518192,-0.5310748640736094,0.13617733166039314,1.0
-0.6624006691760769,-0.6645754914261814,-0.6647427854454203,-0.665913843580092,-0.6672521957340025,-0.665913843580092,-0.665077373483898,-0.6162275198661649,-0.5578419071518192,-0.5310748640736094,-0.49242994562944375,0.17482225010455876,1.0
-0.6645754914261814,-0.6647427854454203,-0.665913843580092,-0.6672521957340025,-0.665913843580092,-0.665077373483898,-0.6162275198661649,-0.5578419071518192,-0.5310748640736094,-0.49242994562944375,-0.4010874111250523,0.2661647846089502,1.0
-0.6647427854454203,-0.665913843580092,-0.6672521957340025,-0.665913843580092,-0.665077373483898,-0.6162275198661649,-0.5578419071518192,-0.5310748640736094,-0.49242994562944375,-0.4010874111250523,-0.3010455876202426,0.36620660811375993,2.0
-0.665913843580092,-0.6672521957340025,-0.665913843580092,-0.665077373483898,-0.6162275198661649,-0.5578419071518192,-0.5310748640736094,-0.49242994562944375,-0.4010874111250523,-0.3010455876202426,-0.23178586365537435,0.43546633207862817,2.0
-0.6672521957340025,-0.665913843580092,-0.665077373483898,-0.6162275198661649,-0.5578419071518192,-0.5310748640736094,-0.49242994562944375,-0.4010874111250523,-0.3010455876202426,-0.23178586365537435,-0.15616896695943117,0.5110832287745714,2.0
-0.665913843580092,-0.665077373483898,-0.6162275198661649,-0.5578419071518192,-0.5310748640736094,-0.49242994562944375,-0.4010874111250523,-0.3010455876202426,-0.23178586365537435,-0.15616896695943117,-0.06817231283981595,0.597741530740276,2.0
-0.665077373483898,-0.6162275198661649,-0.5578419071518192,-0.5310748640736094,-0.49242994562944375,-0.4010874111250523,-0.3010455876202426,-0.23178586365537435,-0.15616896695943117,-0.06817231283981595,0.0745294855708909,0.7396068590547888,2.0
-0.6162275198661649,-0.5578419071518192,-0.5310748640736094,-0.49242994562944375,-0.4010874111250523,-0.3010455876202426,-0.23178586365537435,-0.15616896695943117,-0.06817231283981595,0.0745294855708909,0.22626516102049354,0.8424926808866584,2.0
-0.5578419071518192,-0.5310748640736094,-0.49242994562944375,-0.4010874111250523,-0.3010455876202426,-0.23178586365537435,-0.15616896695943117,-0.06817231283981595,0.0745294855708909,0.22626516102049354,0.3418653283145128,0.899707235466332,2.0
-0.5310748640736094,-0.49242994562944375,-0.4010874111250523,-0.3010455876202426,-0.23178586365537435,-0.15616896695943117,-0.06817231283981595,0.0745294855708909,0.22626516102049354,0.3418653283145128,0.4153074027603514,0.9463822668339608,2.0
-0.49242994562944375,-0.4010874111250523,-0.3010455876202426,-0.23178586365537435,-0.15616896695943117,-0.06817231283981595,0.0745294855708909,0.22626516102049354,0.3418653283145128,0.4153074027603514,0.4840652446675031,0.9764951902969469,2.0
-0.4010874111250523,-0.3010455876202426,-0.23178586365537435,-0.15616896695943117,-0.06817231283981595,0.0745294855708909,0.22626516102049354,0.3418653283145128,0.4153074027603514,0.4840652446675031,0.5844416562107904,0.9855290673358427,2.0
-0.3010455876202426,-0.23178586365537435,-0.15616896695943117,-0.06817231283981595,0.0745294855708909,0.22626516102049354,0.3418653283145128,0.4153074027603514,0.4840652446675031,0.5844416562107904,0.6762860727728983,0.9773316603931409,2.0
-0.23178586365537435,-0.15616896695943117,-0.06817231283981595,0.0745294855708909,0.22626516102049354,0.3418653283145128,0.4153074027603514,0.4840652446675031,0.5844416562107904,0.6762860727728983,0.7589293182768717,0.9907151819322461,2.0
-0.15616896695943117,-0.06817231283981595,0.0745294855708909,0.22626516102049354,0.3418653283145128,0.4153074027603514,0.4840652446675031,0.5844416562107904,0.6762860727728983,0.7589293182768717,0.8357172731074864,0.9918862400669176,2.0
-0.06817231283981595,0.0745294855708909,0.22626516102049354,0.3418653283145128,0.4153074027603514,0.4840652446675031,0.5844416562107904,0.6762860727728983,0.7589293182768717,0.8357172731074864,0.9546633207862818,1.0228356336260978,2.0
0.0745294855708909,0.22626516102049354,0.3418653283145128,0.4153074027603514,0.4840652446675031,0.5844416562107904,0.6762860727728983,0.7589293182768717,0.8357172731074864,0.9546633207862818,1.0,0.9254705144291091,2.0
0.22626516102049354,0.3418653283145128,0.4153074027603514,0.4840652446675031,0.5844416562107904,0.6762860727728983,0.7589293182768717,0.8357172731074864,0.9546633207862818,1.0,1.0,0.7737348389795065,2.0
0.3418653283145128,0.4153074027603514,0.4840652446675031,0.5844416562107904,0.6762860727728983,0.7589293182768717,0.8357172731074864,0.9546633207862818,1.0,1.0,1.0,0.6581346716854872,2.0
0.4153074027603514,0.4840652446675031,0.5844416562107904,0.6762860727728983,0.7589293182768717,0.8357172731074864,0.9546633207862818,1.0,1.0,1.0,1.0,0.5846925972396486,2.0
0.4840652446675031,0.5844416562107904,0.6762860727728983,0.7589293182768717,0.8357172731074864,0.9546633207862818,1.0,1.0,1.0,1.0,1.0,0.5159347553324969,2.0
0.5844416562107904,0.6762860727728983,0.7589293182768717,0.8357172731074864,0.9546633207862818,1.0,1.0,1.0,1.0,1.0,1.0,0.41555834378920964,3.0
0.6762860727728983,0.7589293182768717,0.8357172731074864,0.9546633207862818,1.0,1.0,1.0,1.0,1.0,1.0,1.0,0.3237139272271017,3.0
0.7589293182768717,0.8357172731074864,0.9546633207862818,1.0,1.0,1.0,1.0,1.0,1.0,1.0,1.0,0.2410706817231283,3.0
0.8357172731074864,0.9546633207862818,1.0,1.0,1.0,1.0,1.0,1.0,1.0,1.0,1.0,0.16428272689251355,3.0
0.9546633207862818,1.0,1.0,1.0,1.0,1.0,1.0,1.0,1.0,1.0,1.0,0.0453366792137182,3.0
1.0,1.0,1.0,1.0,1.0,1.0,1.0,1.0,1.0,1.0,1.0,0.0,3.0
1.0,1.0,1.0,1.0,1.0,1.0,1.0,1.0,1.0,1.0,1.0,0.0,3.0
1.0,1.0,1.0,1.0,1.0,1.0,1.0,1.0,1.0,1.0,1.0,0.0,3.0
1.0,1.0,1.0,1.0,1.0,1.0,1.0,1.0,1.0,1.0,1.0,0.0,3.0
1.0,1.0,1.0,1.0,1.0,1.0,1.0,1.0,1.0,1.0,1.0,0.0,3.0
1.0,1.0,1.0,1.0,1.0,1.0,1.0,1.0,1.0,1.0,1.0,0.0,3.0
1.0,1.0,1.0,1.0,1.0,1.0,1.0,1.0,1.0,1.0,0.9940858686380438,0.005914131361956176,3.0
1.0,1.0,1.0,1.0,1.0,1.0,1.0,1.0,1.0,0.9940858686380438,0.9876030707989765,0.012396929201023532,3.0
1.0,1.0,1.0,1.0,1.0,1.0,1.0,1.0,0.9940858686380438,0.9876030707989765,1.0,0.012396929201023532,3.0
1.0,1.0,1.0,1.0,1.0,1.0,1.0,0.9940858686380438,0.9876030707989765,1.0,1.0,0.012396929201023532,3.0
1.0,1.0,1.0,1.0,1.0,1.0,0.9940858686380438,0.9876030707989765,1.0,1.0,1.0,0.012396929201023532,3.0
1.0,1.0,1.0,1.0,1.0,0.9940858686380438,0.9876030707989765,1.0,1.0,1.0,1.0,0.012396929201023532,3.0
1.0,1.0,1.0,1.0,0.9940858686380438,0.9876030707989765,1.0,1.0,1.0,1.0,1.0,0.012396929201023532,3.0
1.0,1.0,1.0,0.9940858686380438,0.9876030707989765,1.0,1.0,1.0,1.0,1.0,1.0,0.012396929201023532,3.0
1.0,1.0,0.9940858686380438,0.9876030707989765,1.0,1.0,1.0,1.0,1.0,1.0,1.0,0.012396929201023532,3.0
1.0,0.9940858686380438,0.9876030707989765,1.0,1.0,1.0,1.0,1.0,1.0,1.0,1.0,0.012396929201023532,3.0
0.9940858686380438,0.9876030707989765,1.0,1.0,1.0,1.0,1.0,1.0,1.0,1.0,1.0,0.012396929201023532,3.0
0.9876030707989765,1.0,1.0,1.0,1.0,1.0,1.0,1.0,1.0,1.0,1.0,0.012396929201023532,3.0
1.0,1.0,1.0,1.0,1.0,1.0,1.0,1.0,1.0,1.0,1.0,0.0,3.0
1.0,1.0,1.0,1.0,1.0,1.0,1.0,1.0,1.0,1.0,1.0,0.0,3.0
1.0,1.0,1.0,1.0,1.0,1.0,1.0,1.0,1.0,1.0,0.9686380795663536,0.031361920433646384,3.0
1.0,1.0,1.0,1.0,1.0,1.0,1.0,1.0,1.0,0.9686380795663536,0.954021875907463,0.04597812409253699,3.0
1.0,1.0,1.0,1.0,1.0,1.0,1.0,1.0,0.9686380795663536,0.954021875907463,0.9313716000387184,0.06862839996128156,3.0
1.0,1.0,1.0,1.0,1.0,1.0,1.0,0.9686380795663536,0.954021875907463,0.9313716000387184,0.8736811538089246,0.12631884619107536,3.0
1.0,1.0,1.0,1.0,1.0,1.0,0.9686380795663536,0.954021875907463,0.9313716000387184,0.8736811538089246,0.8321556480495595,0.16784435195044045,3.0
1.0,1.0,1.0,1.0,1.0,0.9686380795663536,0.954021875907463,0.9313716000387184,0.8736811538089246,0.8321556480495595,0.7829832542832253,0.21701674571677465,0.0
1.0,1.0,1.0,1.0,0.9686380795663536,0.954021875907463,0.9313716000387184,0.8736811538089246,0.8321556480495595,0.7829832542832253,0.7022553479818023,0.29774465201819766,0.0
1.0,1.0,1.0,0.9686380795663536,0.954021875907463,0.9313716000387184,0.8736811538089246,0.8321556480495595,0.7829832542832253,0.7022553479818023,0.6151389023327849,0.3848610976672151,0.0
1.0,1.0,0.9686380795663536,0.954021875907463,0.9313716000387184,0.8736811538089246,0.8321556480495595,0.7829832542832253,0.7022553479818023,0.6151389023327849,0.5450585616106862,0.4549414383893138,0.0
1.0,0.9686380795663536,0.954021875907463,0.9313716000387184,0.8736811538089246,0.8321556480495595,0.7829832542832253,0.7022553479818023,0.6151389023327849,0.5450585616106862,0.4694608459974834,0.5305391540025166,0.0
0.9686380795663536,0.954021875907463,0.9313716000387184,0.8736811538089246,0.8321556480495595,0.7829832542832253,0.7022553479818023,0.6151389023327849,0.5450585616106862,0.4694608459974834,0.3646307230664989,0.6040073564998547,0.0
0.954021875907463,0.9313716000387184,0.8736811538089246,0.8321556480495595,0.7829832542832253,0.7022553479818023,0.6151389023327849,0.5450585616106862,0.4694608459974834,0.3646307230664989,0.2811925273448843,0.6728293485625787,0.0
0.9313716000387184,0.8736811538089246,0.8321556480495595,0.7829832542832253,0.7022553479818023,0.6151389023327849,0.5450585616106862,0.4694608459974834,0.3646307230664989,0.2811925273448843,0.22253412060787925,0.7088374794308392,0.0
0.8736811538089246,0.8321556480495595,0.7829832542832253,0.7022553479818023,0.6151389023327849,0.5450585616106862,0.4694608459974834,0.3646307230664989,0.2811925273448843,0.22253412060787925,0.14103184590068718,0.7326493079082375,0.0
0.8321556480495595,0.7829832542832253,0.7022553479818023,0.6151389023327849,0.5450585616106862,0.4694608459974834,0.3646307230664989,0.2811925273448843,0.22253412060787925,0.14103184590068718,0.06436937372955187,0.7677862743200077,0.0
0.7829832542832253,0.7022553479818023,0.6151389023327849,0.5450585616106862,0.4694608459974834,0.3646307230664989,0.2811925273448843,0.22253412060787925,0.14103184590068718,0.06436937372955187,0.01964959829638957,0.7633336559868358,0.0
0.7022553479818023,0.6151389023327849,0.5450585616106862,0.4694608459974834,0.3646307230664989,0.2811925273448843,0.22253412060787925,0.14103184590068718,0.06436937372955187,0.01964959829638957,-0.06727325525118577,0.7695286032329881,0.0
0.6151389023327849,0.5450585616106862,0.4694608459974834,0.3646307230664989,0.2811925273448843,0.22253412060787925,0.14103184590068718,0.06436937372955187,0.01964959829638957,-0.06727325525118577,-0.1482915497047721,0.763430452037557,0.0
0.5450585616106862,0.4694608459974834,0.3646307230664989,0.2811925273448843,0.22253412060787925,0.14103184590068718,0.06436937372955187,0.01964959829638957,-0.06727325525118577,-0.1482915497047721,-0.2003678249927403,0.7454263866034265,0.0
0.4694608459974834,0.3646307230664989,0.2811925273448843,0.22253412060787925,0.14103184590068718,0.06436937372955187,0.01964959829638957,-0.06727325525118577,-0.1482915497047721,-0.2003678249927403,-0.24731390959248867,0.7167747555899721,0.0
0.3646307230664989,0.2811925273448843,0.22253412060787925,0.14103184590068718,0.06436937372955187,0.01964959829638957,-0.06727325525118577,-0.1482915497047721,-0.2003678249927403,-0.24731390959248867,-0.3124576517278095,0.6770883747943084,0.0
0.2811925273448843,0.22253412060787925,0.14103184590068718,0.06436937372955187,0.01964959829638957,-0.06727325525118577,-0.1482915497047721,-0.2003678249927403,-0.24731390959248867,-0.3124576517278095,-0.3720840189720259,0.6532765463169102,0.0
0.22253412060787925,0.14103184590068718,0.06436937372955187,0.01964959829638957,-0.06727325525118577,-0.1482915497047721,-0.2003678249927403,-0.24731390959248867,-0.3124576517278095,-0.3720840189720259,-0.40247797889846093,0.6250120995063402,0.0
0.14103184590068718,0.06436937372955187,0.01964959829638957,-0.06727325525118577,-0.1482915497047721,-0.2003678249927403,-0.24731390959248867,-0.3124576517278095,-0.3720840189720259,-0.40247797889846093,-0.42735456393379145,0.5683864098344786,0.0
0.06436937372955187,0.01964959829638957,-0.06727325525118577,-0.1482915497047721,-0.2003678249927403,-0.24731390959248867,-0.3124576517278095,-0.3720840189720259,-0.40247797889846093,-0.42735456393379145,-0.4725583196205595,0.5369276933501114,0.0
0.01964959829638957,-0.06727325525118577,-0.1482915497047721,-0.2003678249927403,-0.24731390959248867,-0.3124576517278095,-0.3720840189720259,-0.40247797889846093,-0.42735456393379145,-0.4725583196205595,-0.5132126609234343,0.5328622592198239,0.0
-0.06727325525118577,-0.1482915497047721,-0.2003678249927403,-0.24731390959248867,-0.3124576517278095,-0.3720840189720259,-0.40247797889846093,-0.42735456393379145,-0.4725583196205595,-0.5132126609234343,-0.550769528603233,0.48349627335204726,0.0
-0.1482915497047721,-0.2003678249927403,-0.24731390959248867,-0.3124576517278095,-0.3720840189720259,-0.40247797889846093,-0.42735456393379145,-0.4725583196205595,-0.5132126609234343,-0.550769528603233,-0.587842416029426,0.4395508663246539,0.0
-0.2003678249927403,-0.24731390959248867,-0.3124576517278095,-0.3720840189720259,-0.40247797889846093,-0.42735456393379145,-0.4725583196205595,-0.5132126609234343,-0.550769528603233,-0.587842416029426,-0.5747749491820734,0.3874745910366857,0.0
-0.24731390959248867,-0.3124576517278095,-0.3720840189720259,-0.40247797889846093,-0.42735456393379145,-0.4725583196205595,-0.5132126609234343,-0.550769528603233,-0.587842416029426,-0.5747749491820734,-0.5602555415739038,0.34052850643693733,0.0
-0.3124576517278095,-0.3720840189720259,-0.40247797889846093,-0.42735456393379145,-0.4725583196205595,-0.5132126609234343,-0.550769528603233,-0.587842416029426,-0.5747749491820734,-0.5602555415739038,-0.544090601103475,0.2753847643016165,0.0
-0.3720840189720259,-0.40247797889846093,-0.42735456393379145,-0.4725583196205595,-0.5132126609234343,-0.550769528603233,-0.587842416029426,-0.5747749491820734,-0.5602555415739038,-0.544090601103475,-0.5265705159229503,0.21575839705740008,0.0
-0.40247797889846093,-0.42735456393379145,-0.4725583196205595,-0.5132126609234343,-0.550769528603233,-0.587842416029426,-0.5747749491820734,-0.5602555415739038,-0.544090601103475,-0.5265705159229503,-0.507792082083051,0.18536443713096507,1.0
-0.42735456393379145,-0.4725583196205595,-0.5132126609234343,-0.550769528603233,-0.587842416029426,-0.5747749491820734,-0.5602555415739038,-0.544090601103475,-0.5265705159229503,-0.507792082083051,-0.4882392798373827,0.16048785209563454,1.0
-0.4725583196205595,-0.5132126609234343,-0.550769528603233,-0.587842416029426,-0.5747749491820734,-0.5602555415739038,-0.544090601103475,-0.5265705159229503,-0.507792082083051,-0.4882392798373827,-0.46791210918594517,0.11993030684348083,1.0
-0.5132126609234343,-0.550769528603233,-0.587842416029426,-0.5747749491820734,-0.5602555415739038,-0.544090601103475,-0.5265705159229503,-0.507792082083051,-0.4882392798373827,-0.46791210918594517,-0.4464233859258542,0.14141903010357182,1.0
-0.550769528603233,-0.587842416029426,-0.5747749491820734,-0.5602555415739038,-0.544090601103475,-0.5265705159229503,-0.507792082083051,-0.4882392798373827,-0.46791210918594517,-0.4464233859258542,-0.42541864291936893,0.16242377311005707,1.0
-0.587842416029426,-0.5747749491820734,-0.5602555415739038,-0.544090601103475,-0.5265705159229503,-0.507792082083051,-0.4882392798373827,-0.46791210918594517,-0.4464233859258542,-0.42541864291936893,-0.40422030781144125,0.18362210821798475,1.0
-0.5747749491820734,-0.5602555415739038,-0.544090601103475,-0.5265705159229503,-0.507792082083051,-0.4882392798373827,-0.46791210918594517,-0.4464233859258542,-0.42541864291936893,-0.40422030781144125,-0.3831187687542348,0.1916561804278386,1.0
-0.5602555415739038,-0.544090601103475,-0.5265705159229503,-0.507792082083051,-0.4882392798373827,-0.46791210918594517,-0.4464233859258542,-0.42541864291936893,-0.40422030781144125,-0.3831187687542348,-0.3616300454941438,0.19862549607976,1.0
-0.544090601103475,-0.5265705159229503,-0.507792082083051,-0.4882392798373827,-0.46791210918594517,-0.4464233859258542,-0.42541864291936893,-0.40422030781144125,-0.3831187687542348,-0.3616300454941438,-0.36404994676217206,0.18246055560933117,1.0
-0.5265705159229503,-0.507792082083051,-0.4882392798373827,-0.46791210918594517,-0.4464233859258542,-0.42541864291936893,-0.40422030781144125,-0.3831187687542348,-0.3616300454941438,-0.36404994676217206,-0.36666344013164265,0.16494047042880655,1.0
-0.507792082083051,-0.4882392798373827,-0.46791210918594517,-0.4464233859258542,-0.42541864291936893,-0.40422030781144125,-0.3831187687542348,-0.3616300454941438,-0.36404994676217206,-0.36666344013164265,-0.36830897299390186,0.14616203658890725,1.0
-0.4882392798373827,-0.46791210918594517,-0.4464233859258542,-0.42541864291936893,-0.40422030781144125,-0.3831187687542348,-0.3616300454941438,-0.36404994676217206,-0.36666344013164265,-0.36830897299390186,-0.3702448940083245,0.1266092343432389,1.0
-0.46791210918594517,-0.4464233859258542,-0.42541864291936893,-0.40422030781144125,-0.3831187687542348,-0.3616300454941438,-0.36404994676217206,-0.36666344013164265,-0.36830897299390186,-0.3702448940083245,-0.37121285451553576,0.10628206369180138,1.0
-0.4464233859258542,-0.42541864291936893,-0.40422030781144125,-0.3831187687542348,-0.3616300454941438,-0.36404994676217206,-0.36666344013164265,-0.36830897299390186,-0.3702448940083245,-0.37121285451553576,-0.3731487755299584,0.08479334043171038,1.0
-0.42541864291936893,-0.40422030781144125,-0.3831187687542348,-0.3616300454941438,-0.36404994676217206,-0.36666344013164265,-0.36830897299390186,-0.3702448940083245,-0.37121285451553576,-0.3731487755299584,-0.37537508469654435,0.06378859742522514,1.0
-0.40422030781144125,-0.3831187687542348,-0.3616300454941438,-0.36404994676217206,-0.36666344013164265,-0.36830897299390186,-0.3702448940083245,-0.37121285451553576,-0.3731487755299584,-0.37537508469654435,-0.37808537411673604,0.042590262317297456,1.0
-0.3831187687542348,-0.3616300454941438,-0.36404994676217206,-0.36666344013164265,-0.36830897299390186,-0.3702448940083245,-0.37121285451553576,-0.3731487755299584,-0.37537508469654435,-0.37808537411673604,-0.3805052753847643,0.02148872326009099,1.0
-0.3616300454941438,-0.36404994676217206,-0.36666344013164265,-0.36830897299390186,-0.3702448940083245,-0.37121285451553576,-0.3731487755299584,-0.37537508469654435,-0.37808537411673604,-0.3805052753847643,-0.3833341403185978,0.021704094824454012,1.0
-0.36404994676217206,-0.36666344013164265,-0.36830897299390186,-0.3702448940083245,-0.37121285451553576,-0.3731487755299584,-0.37537508469654435,-0.37808537411673604,-0.3805052753847643,-0.3833341403185978,-0.41004926108374384,0.04599931432157178,1.0
-0.36666344013164265,-0.36830897299390186,-0.3702448940083245,-0.37121285451553576,-0.3731487755299584,-0.37537508469654435,-0.37808537411673604,-0.3805052753847643,-0.3833341403185978,-0.41004926108374384,-0.42206115965051627,0.05539771951887362,1.0
-0.36830897299390186,-0.3702448940083245,-0.37121285451553576,-0.3731487755299584,-0.37537508469654435,-0.37808537411673604,-0.3805052753847643,-0.3833341403185978,-0.41004926108374384,-0.42206115965051627,-0.4363007865337408,0.06799181353983896,1.0
-0.3702448940083245,-0.37121285451553576,-0.3731487755299584,-0.37537508469654435,-0.37808537411673604,-0.3805052753847643,-0.3833341403185978,-0.41004926108374384,-0.42206115965051627,-0.4363007865337408,-0.45262198825673217,0.08237709424840767,1.0
-0.37121285451553576,-0.3731487755299584,-0.37537508469654435,-0.37808537411673604,-0.3805052753847643,-0.3833341403185978,-0.41004926108374384,-0.42206115965051627,-0.4363007865337408,-0.45262198825673217,-0.4690537084398977,0.09784085392436193,1.0
-0.3731487755299584,-0.37537508469654435,-0.37808537411673604,-0.3805052753847643,-0.3833341403185978,-0.41004926108374384,-0.42206115965051627,-0.4363007865337408,-0.45262198825673217,-0.4690537084398977,-0.4871635610766045,0.11401478554664612,1.0
-0.37537508469654435,-0.37808537411673604,-0.3805052753847643,-0.3833341403185978,-0.41004926108374384,-0.42206115965051627,-0.4363007865337408,-0.45262198825673217,-0.4690537084398977,-0.4871635610766045,-0.5100477464714832,0.13467266177493886,1.0
-0.37808537411673604,-0.3805052753847643,-0.3833341403185978,-0.41004926108374384,-0.42206115965051627,-0.4363007865337408,-0.45262198825673217,-0.4690537084398977,-0.4871635610766045,-0.5100477464714832,-0.5389055151774262,0.1608201410606902,1.0
-0.3805052753847643,-0.3833341403185978,-0.41004926108374384,-0.42206115965051627,-0.4363007865337408,-0.45262198825673217,-0.4690537084398977,-0.4871635610766045,-0.5100477464714832,-0.5389055151774262,-0.539974348011971,0.15946907262720666,1.0
-0.3833341403185978,-0.41004926108374384,-0.42206115965051627,-0.4363007865337408,-0.45262198825673217,-0.4690537084398977,-0.4871635610766045,-0.5100477464714832,-0.5389055151774262,-0.539974348011971,-0.5408294142796066,0.15749527396100882,1.0
-0.41004926108374384,-0.42206115965051627,-0.4363007865337408,-0.45262198825673217,-0.4690537084398977,-0.4871635610766045,-0.5100477464714832,-0.5389055151774262,-0.539974348011971,-0.5408294142796066,-0.5401881145788798,0.13078015319586278,1.0
-0.42206115965051627,-0.4363007865337408,-0.45262198825673217,-0.4690537084398977,-0.4871635610766045,-0.5100477464714832,-0.5389055151774262,-0.539974348011971,-0.5408294142796066,-0.5401881145788798,-0.5405087644292432,0.11876825462909035,1.0
-0.4363007865337408,-0.45262198825673217,-0.4690537084398977,-0.4871635610766045,-0.5100477464714832,-0.5389055151774262,-0.539974348011971,-0.5408294142796066,-0.5401881145788798,-0.5405087644292432,-0.5389055151774262,0.1045286277458658,1.0
-0.45262198825673217,-0.4690537084398977,-0.4871635610766045,-0.5100477464714832,-0.5389055151774262,-0.539974348011971,-0.5408294142796066,-0.5401881145788798,-0.5405087644292432,-0.5389055151774262,-0.5603890551517743,0.10776706689504212,1.0
-0.4690537084398977,-0.4871635610766045,-0.5100477464714832,-0.5389055151774262,-0.539974348011971,-0.5408294142796066,-0.5401881145788798,-0.5405087644292432,-0.5389055151774262,-0.5603890551517743,-0.5753527148353997,0.10629900639550205,1.0
-0.4871635610766045,-0.5100477464714832,-0.5389055151774262,-0.539974348011971,-0.5408294142796066,-0.5401881145788798,-0.5405087644292432,-0.5389055151774262,-0.5603890551517743,-0.5753527148353997,-0.5549380076955964,0.08818915375879521,1.0
-0.5100477464714832,-0.5389055151774262,-0.539974348011971,-0.5408294142796066,-0.5401881145788798,-0.5405087644292432,-0.5389055151774262,-0.5603890551517743,-0.5753527148353997,-0.5549380076955964,-0.5290722530996153,0.06530496836391653,1.0
-0.5389055151774262,-0.539974348011971,-0.5408294142796066,-0.5401881145788798,-0.5405087644292432,-0.5389055151774262,-0.5603890551517743,-0.5753527148353997,-0.5549380076955964,-0.5290722530996153,-0.49850363403163744,0.07684908080376229,1.0
-0.539974348011971,-0.5408294142796066,-0.5401881145788798,-0.5405087644292432,-0.5389055151774262,-0.5603890551517743,-0.5753527148353997,-0.5549380076955964,-0.5290722530996153,-0.49850363403163744,-0.48867037195382645,0.08668234288157328,1.0
-0.5408294142796066,-0.5401881145788798,-0.5405087644292432,-0.5389055151774262,-0.5603890551517743,-0.5753527148353997,-0.5549380076955964,-0.5290722530996153,-0.49850363403163744,-0.48867037195382645,-0.475096194955109,0.10025651988029072,2.0
-0.5401881145788798,-0.5405087644292432,-0.5389055151774262,-0.5603890551517743,-0.5753527148353997,-0.5549380076955964,-0.5290722530996153,-0.49850363403163744,-0.48867037195382645,-0.475096194955109,-0.4562847370671227,0.11906797776827704,2.0
-0.5405087644292432,-0.5389055151774262,-0.5603890551517743,-0.5753527148353997,-0.5549380076955964,-0.5290722530996153,-0.49850363403163744,-0.48867037195382645,-0.475096194955109,-0.4562847370671227,-0.40487387772552375,0.170478837109876,2.0
-0.5389055151774262,-0.5603890551517743,-0.5753527148353997,-0.5549380076955964,-0.5290722530996153,-0.49850363403163744,-0.48867037195382645,-0.475096194955109,-0.4562847370671227,-0.40487387772552375,-0.3502565198802907,0.22509619495510902,2.0
-0.5603890551517743,-0.5753527148353997,-0.5549380076955964,-0.5290722530996153,-0.49850363403163744,-0.48867037195382645,-0.475096194955109,-0.4562847370671227,-0.40487387772552375,-0.3502565198802907,-0.31658828559213337,0.25876442924326637,2.0
-0.5753527148353997,-0.5549380076955964,-0.5290722530996153,-0.49850363403163744,-0.48867037195382645,-0.475096194955109,-0.4562847370671227,-0.40487387772552375,-0.3502565198802907,-0.31658828559213337,-0.28131680205215903,0.2940359127832407,2.0
-0.5549380076955964,-0.5290722530996153,-0.49850363403163744,-0.48867037195382645,-0.475096194955109,-0.4562847370671227,-0.40487387772552375,-0.3502565198802907,-0.31658828559213337,-0.28131680205215903,-0.21964514749893116,0.33529286019666527,2.0
-0.5290722530996153,-0.49850363403163744,-0.48867037195382645,-0.475096194955109,-0.4562847370671227,-0.40487387772552375,-0.3502565198802907,-0.31658828559213337,-0.28131680205215903,-0.21964514749893116,-0.1616075245831552,0.36746472851646006,2.0
-0.49850363403163744,-0.48867037195382645,-0.475096194955109,-0.4562847370671227,-0.40487387772552375,-0.3502565198802907,-0.31658828559213337,-0.28131680205215903,-0.21964514749893116,-0.1616075245831552,-0.10688328345446774,0.3916203505771697,2.0
-0.48867037195382645,-0.475096194955109,-0.4562847370671227,-0.40487387772552375,-0.3502565198802907,-0.31658828559213337,-0.28131680205215903,-0.21964514749893116,-0.1616075245831552,-0.10688328345446774,-0.05344164172723387,0.4352287302265926,2.0
-0.475096194955109,-0.4562847370671227,-0.40487387772552375,-0.3502565198802907,-0.31658828559213337,-0.28131680205215903,-0.21964514749893116,-0.1616075245831552,-0.10688328345446774,-0.05344164172723387,-0.001175716117999159,0.47392047883710986,2.0
-0.4562847370671227,-0.40487387772552375,-0.3502565198802907,-0.31658828559213337,-0.28131680205215903,-0.21964514749893116,-0.1616075245831552,-0.10688328345446774,-0.05344164172723387,-0.001175716117999159,0.05087644292432669,0.5071611799914494,2.0
-0.40487387772552375,-0.3502565198802907,-0.31658828559213337,-0.28131680205215903,-0.21964514749893116,-0.1616075245831552,-0.10688328345446774,-0.05344164172723387,-0.001175716117999159,0.05087644292432669,0.1021804189824711,0.5070542967079948,2.0
-0.3502565198802907,-0.31658828559213337,-0.28131680205215903,-0.21964514749893116,-0.1616075245831552,-0.10688328345446774,-0.05344164172723387,-0.001175716117999159,0.05087644292432669,0.1021804189824711,0.15213090209079727,0.502387421971088,2.0
-0.31658828559213337,-0.28131680205215903,-0.21964514749893116,-0.1616075245831552,-0.10688328345446774,-0.05344164172723387,-0.001175716117999159,0.05087644292432669,0.1021804189824711,0.15213090209079727,0.17362002567394086,0.4902083112660742,2.0
-0.28131680205215903,-0.21964514749893116,-0.1616075245831552,-0.10688328345446774,-0.05344164172723387,-0.001175716117999159,0.05087644292432669,0.1021804189824711,0.15213090209079727,0.17362002567394086,0.22284062934817506,0.5041574314003341,2.0
-0.21964514749893116,-0.1616075245831552,-0.10688328345446774,-0.05344164172723387,-0.001175716117999159,0.05087644292432669,0.1021804189824711,0.15213090209079727,0.17362002567394086,0.22284062934817506,0.2987582958681225,0.5184034433670537,2.0
-0.1616075245831552,-0.10688328345446774,-0.05344164172723387,-0.001175716117999159,0.05087644292432669,0.1021804189824711,0.15213090209079727,0.17362002567394086,0.22284062934817506,0.2987582958681225,0.3736887176193535,0.5352962422025087,2.0
-0.10688328345446774,-0.05344164172723387,-0.001175716117999159,0.05087644292432669,0.1021804189824711,0.15213090209079727,0.17362002567394086,0.22284062934817506,0.2987582958681225,0.3736887176193535,0.4467583917768616,0.5536416752313293,2.0
-0.05344164172723387,-0.001175716117999159,0.05087644292432669,0.1021804189824711,0.15213090209079727,0.17362002567394086,0.22284062934817506,0.2987582958681225,0.3736887176193535,0.4467583917768616,0.5166764816103646,0.5701181233375985,2.0
-0.001175716117999159,0.05087644292432669,0.1021804189824711,0.15213090209079727,0.17362002567394086,0.22284062934817506,0.2987582958681225,0.3736887176193535,0.4467583917768616,0.5166764816103646,0.5285614861609294,0.5297372022789285,2.0
0.05087644292432669,0.1021804189824711,0.15213090209079727,0.17362002567394086,0.22284062934817506,0.2987582958681225,0.3736887176193535,0.4467583917768616,0.5166764816103646,0.5285614861609294,0.5375140577304129,0.48663761480608625,2.0
0.1021804189824711,0.15213090209079727,0.17362002567394086,0.22284062934817506,0.2987582958681225,0.3736887176193535,0.4467583917768616,0.5166764816103646,0.5285614861609294,0.5375140577304129,0.5428693836019922,0.4406889646195211,2.0
0.15213090209079727,0.17362002567394086,0.22284062934817506,0.2987582958681225,0.3736887176193535,0.4467583917768616,0.5166764816103646,0.5285614861609294,0.5375140577304129,0.5428693836019922,0.5705028650993413,0.41837196300854407,2.0
0.17362002567394086,0.22284062934817506,0.2987582958681225,0.3736887176193535,0.4467583917768616,0.5166764816103646,0.5285614861609294,0.5375140577304129,0.5428693836019922,0.5705028650993413,0.5953515771434692,0.42173155146952834,3.0
0.22284062934817506,0.2987582958681225,0.3736887176193535,0.4467583917768616,0.5166764816103646,0.5285614861609294,0.5375140577304129,0.5428693836019922,0.5705028650993413,0.5953515771434692,0.617629732769239,0.394789103421064,3.0
0.2987582958681225,0.3736887176193535,0.4467583917768616,0.5166764816103646,0.5285614861609294,0.5375140577304129,0.5428693836019922,0.5705028650993413,0.5953515771434692,0.617629732769239,0.6371231189417876,0.3383648230736651,3.0
0.3736887176193535,0.4467583917768616,0.5166764816103646,0.5285614861609294,0.5375140577304129,0.5428693836019922,0.5705028650993413,0.5953515771434692,0.617629732769239,0.6371231189417876,0.6260911476463342,0.2634344013224341,3.0
0.4467583917768616,0.5166764816103646,0.5285614861609294,0.5375140577304129,0.5428693836019922,0.5705028650993413,0.5953515771434692,0.617629732769239,0.6371231189417876,0.6260911476463342,0.6116317677930703,0.19036472716492603,3.0
0.5166764816103646,0.5285614861609294,0.5375140577304129,0.5428693836019922,0.5705028650993413,0.5953515771434692,0.617629732769239,0.6371231189417876,0.6260911476463342,0.6116317677930703,0.5958210554513796,0.12044663733142302,3.0
0.5285614861609294,0.5375140577304129,0.5428693836019922,0.5705028650993413,0.5953515771434692,0.617629732769239,0.6371231189417876,0.6260911476463342,0.6116317677930703,0.5958210554513796,0.5788853161843515,0.10856163278085829,3.0
0.5375140577304129,0.5428693836019922,0.5705028650993413,0.5953515771434692,0.617629732769239,0.6371231189417876,0.6260911476463342,0.6116317677930703,0.5958210554513796,0.5788853161843515,0.5548780487804879,0.0996090612113747,3.0
0.5428693836019922,0.5705028650993413,0.5953515771434692,0.617629732769239,0.6371231189417876,0.6260911476463342,0.6116317677930703,0.5958210554513796,0.5788853161843515,0.5548780487804879,0.5554692269271324,0.09425373533979542,3.0
0.5705028650993413,0.5953515771434692,0.617629732769239,0.6371231189417876,0.6260911476463342,0.6116317677930703,0.5958210554513796,0.5788853161843515,0.5548780487804879,0.5554692269271324,0.5566381096365978,0.08224507016129978,3.0
0.5953515771434692,0.617629732769239,0.6371231189417876,0.6260911476463342,0.6116317677930703,0.5958210554513796,0.5788853161843515,0.5548780487804879,0.5554692269271324,0.5566381096365978,0.5521896982073973,0.08493342073439036,3.0
0.617629732769239,0.6371231189417876,0.6260911476463342,0.6116317677930703,0.5958210554513796,0.5788853161843515,0.5548780487804879,0.5554692269271324,0.5566381096365978,0.5521896982073973,0.5638683994848379,0.08493342073439036,3.0
0.6371231189417876,0.6260911476463342,0.6116317677930703,0.5958210554513796,0.5788853161843515,0.5548780487804879,0.5554692269271324,0.5566381096365978,0.5521896982073973,0.5638683994848379,0.5668527056539674,0.08493342073439036,3.0
0.6260911476463342,0.6116317677930703,0.5958210554513796,0.5788853161843515,0.5548780487804879,0.5554692269271324,0.5566381096365978,0.5521896982073973,0.5638683994848379,0.5668527056539674,0.5426725188978299,0.08341862874850436,3.0
0.6116317677930703,0.5958210554513796,0.5788853161843515,0.5548780487804879,0.5554692269271324,0.5566381096365978,0.5521896982073973,0.5638683994848379,0.5668527056539674,0.5426725188978299,0.5112167763960009,0.10041499139706933,3.0
0.5958210554513796,0.5788853161843515,0.5548780487804879,0.5554692269271324,0.5566381096365978,0.5521896982073973,0.5638683994848379,0.5668527056539674,0.5426725188978299,0.5112167763960009,0.5014630577907828,0.09435799766059683,3.0
0.5788853161843515,0.5548780487804879,0.5554692269271324,0.5566381096365978,0.5521896982073973,0.5638683994848379,0.5668527056539674,0.5426725188978299,0.5112167763960009,0.5014630577907828,0.4837844428188247,0.09510087336552675,3.0
0.5548780487804879,0.5554692269271324,0.5566381096365978,0.5521896982073973,0.5638683994848379,0.5668527056539674,0.5426725188978299,0.5112167763960009,0.5014630577907828,0.4837844428188247,0.4590343818580833,0.10781832379588407,3.0
0.5554692269271324,0.5566381096365978,0.5521896982073973,0.5638683994848379,0.5668527056539674,0.5426725188978299,0.5112167763960009,0.5014630577907828,0.4837844428188247,0.4590343818580833,0.39722019019751276,0.16963251545645464,3.0
0.5566381096365978,0.5521896982073973,0.5638683994848379,0.5668527056539674,0.5426725188978299,0.5112167763960009,0.5014630577907828,0.4837844428188247,0.4590343818580833,0.39722019019751276,0.3306510607168984,0.23620164493706897,3.0
0.5521896982073973,0.5638683994848379,0.5668527056539674,0.5426725188978299,0.5112167763960009,0.5014630577907828,0.4837844428188247,0.4590343818580833,0.39722019019751276,0.3306510607168984,0.25883930748597894,0.30801339816798845,3.0
0.5638683994848379,0.5668527056539674,0.5426725188978299,0.5112167763960009,0.5014630577907828,0.4837844428188247,0.4590343818580833,0.39722019019751276,0.3306510607168984,0.25883930748597894,0.2153133382101926,0.3515393674437748,3.0
0.5668527056539674,0.5426725188978299,0.5112167763960009,0.5014630577907828,0.4837844428188247,0.4590343818580833,0.39722019019751276,0.3306510607168984,0.25883930748597894,0.2153133382101926,0.1708119970738844,0.396040708580083,0.0
0.5426725188978299,0.5112167763960009,0.5014630577907828,0.4837844428188247,0.4590343818580833,0.39722019019751276,0.3306510607168984,0.25883930748597894,0.2153133382101926,0.1708119970738844,0.09729334308705195,0.4453791758107779,0.0
0.5112167763960009,0.5014630577907828,0.4837844428188247,0.4590343818580833,0.39722019019751276,0.3306510607168984,0.25883930748597894,0.2153133382101926,0.1708119970738844,0.09729334308705195,-0.005852231163130939,0.5170690075591319,0.0
0.5014630577907828,0.4837844428188247,0.4590343818580833,0.39722019019751276,0.3306510607168984,0.25883930748597894,0.2153133382101926,0.1708119970738844,0.09729334308705195,-0.005852231163130939,-0.07595708363813702,0.5774201414289198,0.0
0.4837844428188247,0.4590343818580833,0.39722019019751276,0.3306510607168984,0.25883930748597894,0.2153133382101926,0.1708119970738844,0.09729334308705195,-0.005852231163130939,-0.07595708363813702,-0.1422823701536211,0.6260668129724458,0.0
0.4590343818580833,0.39722019019751276,0.3306510607168984,0.25883930748597894,0.2153133382101926,0.1708119970738844,0.09729334308705195,-0.005852231163130939,-0.07595708363813702,-0.1422823701536211,-0.20482809070958308,0.6638624725676664,0.0
0.39722019019751276,0.3306510607168984,0.25883930748597894,0.2153133382101926,0.1708119970738844,0.09729334308705195,-0.005852231163130939,-0.07595708363813702,-0.1422823701536211,-0.20482809070958308,-0.26505730309680564,0.6622774932943184,0.0
0.3306510607168984,0.25883930748597894,0.2153133382101926,0.1708119970738844,0.09729334308705195,-0.005852231163130939,-0.07595708363813702,-0.1422823701536211,-0.20482809070958308,-0.26505730309680564,-0.3232138502804194,0.6538649109973178,0.0
0.25883930748597894,0.2153133382101926,0.1708119970738844,0.09729334308705195,-0.005852231163130939,-0.07595708363813702,-0.1422823701536211,-0.20482809070958308,-0.26505730309680564,-0.3232138502804194,-0.3483296756888564,0.6071689831748354,0.0
0.2153133382101926,0.1708119970738844,0.09729334308705195,-0.005852231163130939,-0.07595708363813702,-0.1422823701536211,-0.20482809070958308,-0.26505730309680564,-0.3232138502804194,-0.3483296756888564,-0.4022189709826871,0.6175323091928797,0.0
0.1708119970738844,0.09729334308705195,-0.005852231163130939,-0.07595708363813702,-0.1422823701536211,-0.20482809070958308,-0.26505730309680564,-0.3232138502804194,-0.3483296756888564,-0.4022189709826871,-0.4514752499390393,0.6222872470129237,0.0
0.09729334308705195,-0.005852231163130939,-0.07595708363813702,-0.1422823701536211,-0.20482809070958308,-0.26505730309680564,-0.3232138502804194,-0.3483296756888564,-0.4022189709826871,-0.4514752499390393,-0.5269446476469154,0.6242379907339674,0.0
-0.005852231163130939,-0.07595708363813702,-0.1422823701536211,-0.20482809070958308,-0.26505730309680564,-0.3232138502804194,-0.3483296756888564,-0.4022189709826871,-0.4514752499390393,-0.5269446476469154,-0.6013167520117044,0.5954645208485735,0.0
-0.07595708363813702,-0.1422823701536211,-0.20482809070958308,-0.26505730309680564,-0.3232138502804194,-0.3483296756888564,-0.4022189709826871,-0.4514752499390393,-0.5269446476469154,-0.6013167520117044,-0.6739819556205804,0.5980248719824434,0.0
-0.1422823701536211,-0.20482809070958308,-0.26505730309680564,-0.3232138502804194,-0.3483296756888564,-0.4022189709826871,-0.4514752499390393,-0.5269446476469154,-0.6013167520117044,-0.6739819556205804,-0.7104364789075834,0.5681541087539623,0.0
-0.20482809070958308,-0.26505730309680564,-0.3232138502804194,-0.3483296756888564,-0.4022189709826871,-0.4514752499390393,-0.5269446476469154,-0.6013167520117044,-0.6739819556205804,-0.7104364789075834,-0.7421360643745427,0.5373079736649596,0.0
-0.26505730309680564,-0.3232138502804194,-0.3483296756888564,-0.4022189709826871,-0.4514752499390393,-0.5269446476469154,-0.6013167520117044,-0.6739819556205804,-0.7104364789075834,-0.7421360643745427,-0.7699341623994148,0.5048768593026092,0.0
-0.3232138502804194,-0.3483296756888564,-0.4022189709826871,-0.4514752499390393,-0.5269446476469154,-0.6013167520117044,-0.6739819556205804,-0.7104364789075834,-0.7421360643745427,-0.7699341623994148,-0.8255303584491587,0.5023165081687393,0.0
-0.3483296756888564,-0.4022189709826871,-0.4514752499390393,-0.5269446476469154,-0.6013167520117044,-0.6739819556205804,-0.7104364789075834,-0.7421360643745427,-0.7699341623994148,-0.8255303584491587,-0.8772250670568154,0.5288953913679589,0.0
-0.4022189709826871,-0.4514752499390393,-0.5269446476469154,-0.6013167520117044,-0.6739819556205804,-0.7104364789075834,-0.7421360643745427,-0.7699341623994148,-0.8255303584491587,-0.8772250670568154,-0.9257498171177762,0.523530846135089,0.0
-0.4514752499390393,-0.5269446476469154,-0.6013167520117044,-0.6739819556205804,-0.7104364789075834,-0.7421360643745427,-0.7699341623994148,-0.8255303584491587,-0.8772250670568154,-0.9257498171177762,-0.97061692270178,0.5191416727627407,0.0
-0.5269446476469154,-0.6013167520117044,-0.6739819556205804,-0.7104364789075834,-0.7421360643745427,-0.7699341623994148,-0.8255303584491587,-0.8772250670568154,-0.9257498171177762,-0.97061692270178,-0.9832967568885638,0.4563521092416484,0.0
-0.6013167520117044,-0.6739819556205804,-0.7104364789075834,-0.7421360643745427,-0.7699341623994148,-0.8255303584491587,-0.8772250670568154,-0.9257498171177762,-0.97061692270178,-0.9832967568885638,-0.9947573762496952,0.39344062423799075,0.0
-0.6739819556205804,-0.7104364789075834,-0.7421360643745427,-0.7699341623994148,-0.8255303584491587,-0.8772250670568154,-0.9257498171177762,-0.97061692270178,-0.9832967568885638,-0.9947573762496952,-1.0,0.3260180443794196,0.0
-0.7104364789075834,-0.7421360643745427,-0.7699341623994148,-0.8255303584491587,-0.8772250670568154,-0.9257498171177762,-0.97061692270178,-0.9832967568885638,-0.9947573762496952,-1.0,-1.0,0.28956352109241656,0.0
-0.7421360643745427,-0.7699341623994148,-0.8255303584491587,-0.8772250670568154,-0.9257498171177762,-0.97061692270178,-0.9832967568885638,-0.9947573762496952,-1.0,-1.0,-1.0,0.2578639356254573,1.0
-0.7699341623994148,-0.8255303584491587,-0.8772250670568154,-0.9257498171177762,-0.97061692270178,-0.9832967568885638,-0.9947573762496952,-1.0,-1.0,-1.0,-1.0,0.2300658376005852,1.0
-0.8255303584491587,-0.8772250670568154,-0.9257498171177762,-0.97061692270178,-0.9832967568885638,-0.9947573762496952,-1.0,-1.0,-1.0,-1.0,-1.0,0.17446964155084133,1.0
-0.8772250670568154,-0.9257498171177762,-0.97061692270178,-0.9832967568885638,-0.9947573762496952,-1.0,-1.0,-1.0,-1.0,-1.0,-1.0,0.12277493294318464,1.0
-0.9257498171177762,-0.97061692270178,-0.9832967568885638,-0.9947573762496952,-1.0,-1.0,-1.0,-1.0,-1.0,-1.0,-1.0,0.07425018288222385,1.0
-0.97061692270178,-0.9832967568885638,-0.9947573762496952,-1.0,-1.0,-1.0,-1.0,-1.0,-1.0,-1.0,-0.9741657696447793,0.029383077298219984,1.0
-0.9832967568885638,-0.9947573762496952,-1.0,-1.0,-1.0,-1.0,-1.0,-1.0,-1.0,-0.9741657696447793,-0.9474943188613802,0.05250568113861975,1.0
-0.9947573762496952,-1.0,-1.0,-1.0,-1.0,-1.0,-1.0,-1.0,-0.9741657696447793,-0.9474943188613802,-0.9512020093290277,0.05250568113861975,1.0
-1.0,-1.0,-1.0,-1.0,-1.0,-1.0,-1.0,-0.9741657696447793,-0.9474943188613802,-0.9512020093290277,-0.9241717497906949,0.07582825020930506,1.0
-1.0,-1.0,-1.0,-1.0,-1.0,-1.0,-0.9741657696447793,-0.9474943188613802,-0.9512020093290277,-0.9241717497906949,-0.925112818636419,0.07582825020930506,1.0
-1.0,-1.0,-1.0,-1.0,-1.0,-0.9741657696447793,-0.9474943188613802,-0.9512020093290277,-0.9241717497906949,-0.925112818636419,-0.8963500954022281,0.1036499045977719,1.0
-1.0,-1.0,-1.0,-1.0,-0.9741657696447793,-0.9474943188613802,-0.9512020093290277,-0.9241717497906949,-0.925112818636419,-0.8963500954022281,-0.8646100043714482,0.1353899956285518,1.0
-1.0,-1.0,-1.0,-0.9741657696447793,-0.9474943188613802,-0.9512020093290277,-0.9241717497906949,-0.925112818636419,-0.8963500954022281,-0.8646100043714482,-0.8615813712135953,0.13841862878640465,1.0
-1.0,-1.0,-0.9741657696447793,-0.9474943188613802,-0.9512020093290277,-0.9241717497906949,-0.925112818636419,-0.8963500954022281,-0.8646100043714482,-0.8615813712135953,-0.858553509474246,0.14144649052575398,1.0
-1.0,-0.9741657696447793,-0.9474943188613802,-0.9512020093290277,-0.9241717497906949,-0.925112818636419,-0.8963500954022281,-0.8646100043714482,-0.8615813712135953,-0.858553509474246,-0.820303867403315,0.17969613259668504,1.0
-0.9741657696447793,-0.9474943188613802,-0.9512020093290277,-0.9241717497906949,-0.925112818636419,-0.8963500954022281,-0.8646100043714482,-0.8615813712135953,-0.858553509474246,-0.820303867403315,-0.7720943866334458,0.20207138301133354,1.0
-0.9474943188613802,-0.9512020093290277,-0.9241717497906949,-0.925112818636419,-0.8963500954022281,-0.8646100043714482,-0.8615813712135953,-0.858553509474246,-0.820303867403315,-0.7720943866334458,-0.7670616469176541,0.18414036241137355,1.0
-0.9512020093290277,-0.9241717497906949,-0.925112818636419,-0.8963500954022281,-0.8646100043714482,-0.8615813712135953,-0.858553509474246,-0.820303867403315,-0.7720943866334458,-0.7670616469176541,-0.7678116094195291,0.18414036241137355,1.0
-0.9241717497906949,-0.925112818636419,-0.8963500954022281,-0.8646100043714482,-0.8615813712135953,-0.858553509474246,-0.820303867403315,-0.7720943866334458,-0.7670616469176541,-0.7678116094195291,-0.767661616919154,0.15805117171876493,1.0
-0.925112818636419,-0.8963500954022281,-0.8646100043714482,-0.8615813712135953,-0.858553509474246,-0.820303867403315,-0.7720943866334458,-0.7670616469176541,-0.7678116094195291,-0.767661616919154,-0.7303134843257837,0.19479933431063534,1.0
-0.8963500954022281,-0.8646100043714482,-0.8615813712135953,-0.858553509474246,-0.820303867403315,-0.7720943866334458,-0.7670616469176541,-0.7678116094195291,-0.767661616919154,-0.7303134843257837,-0.7669116544172792,0.1660366110764444,1.0
-0.8646100043714482,-0.8615813712135953,-0.858553509474246,-0.820303867403315,-0.7720943866334458,-0.7670616469176541,-0.7678116094195291,-0.767661616919154,-0.7303134843257837,-0.7669116544172792,-0.7648117594120294,0.1342965200456645,1.0
-0.8615813712135953,-0.858553509474246,-0.820303867403315,-0.7720943866334458,-0.7670616469176541,-0.7678116094195291,-0.767661616919154,-0.7303134843257837,-0.7669116544172792,-0.7648117594120294,-0.799610019499025,0.13126788688781166,1.0
-0.858553509474246,-0.820303867403315,-0.7720943866334458,-0.7670616469176541,-0.7678116094195291,-0.767661616919154,-0.7303134843257837,-0.7669116544172792,-0.7648117594120294,-0.799610019499025,-0.8350082495875206,0.12824002514846233,1.0
-0.820303867403315,-0.7720943866334458,-0.7670616469176541,-0.7678116094195291,-0.767661616919154,-0.7303134843257837,-0.7669116544172792,-0.7648117594120294,-0.799610019499025,-0.8350082495875206,-0.8312584370781461,0.10469476526173693,1.0
-0.7720943866334458,-0.7670616469176541,-0.7678116094195291,-0.767661616919154,-0.7303134843257837,-0.7669116544172792,-0.7648117594120294,-0.799610019499025,-0.8350082495875206,-0.8312584370781461,-0.824658767061647,0.10469476526173693,1.0
-0.7670616469176541,-0.7678116094195291,-0.767661616919154,-0.7303134843257837,-0.7669116544172792,-0.7648117594120294,-0.799610019499025,-0.8350082495875206,-0.8312584370781461,-0.824658767061647,-0.8453577321133943,0.11504424778761058,1.0
-0.7678116094195291,-0.767661616919154,-0.7303134843257837,-0.7669116544172792,-0.7648117594120294,-0.799610019499025,-0.8350082495875206,-0.8312584370781461,-0.824658767061647,-0.8453577321133943,-0.8170091495425229,0.11504424778761058,1.0
-0.767661616919154,-0.7303134843257837,-0.7669116544172792,-0.7648117594120294,-0.799610019499025,-0.8350082495875206,-0.8312584370781461,-0.824658767061647,-0.8453577321133943,-0.8170091495425229,-0.7412629368531574,0.11504424778761058,1.0
-0.7303134843257837,-0.7669116544172792,-0.7648117594120294,-0.799610019499025,-0.8350082495875206,-0.8312584370781461,-0.824658767061647,-0.8453577321133943,-0.8170091495425229,-0.7412629368531574,-0.7301634918254087,0.11519424028798553,1.0
-0.7669116544172792,-0.7648117594120294,-0.799610019499025,-0.8350082495875206,-0.8312584370781461,-0.824658767061647,-0.8453577321133943,-0.8170091495425229,-0.7412629368531574,-0.7301634918254087,-0.7132143392830359,0.13214339283035836,1.0
-0.7648117594120294,-0.799610019499025,-0.8350082495875206,-0.8312584370781461,-0.824658767061647,-0.8453577321133943,-0.8170091495425229,-0.7412629368531574,-0.7301634918254087,-0.7132143392830359,-0.6497675116244188,0.19559022048897545,2.0
-0.799610019499025,-0.8350082495875206,-0.8312584370781461,-0.824658767061647,-0.8453577321133943,-0.8170091495425229,-0.7412629368531574,-0.7301634918254087,-0.7132143392830359,-0.6497675116244188,-0.5422228888555571,0.3031348432578371,2.0
-0.8350082495875206,-0.8312584370781461,-0.824658767061647,-0.8453577321133943,-0.8170091495425229,-0.7412629368531574,-0.7301634918254087,-0.7132143392830359,-0.6497675116244188,-0.5422228888555571,-0.4297285135743213,0.415629218539073,2.0
-0.8312584370781461,-0.824658767061647,-0.8453577321133943,-0.8170091495425229,-0.7412629368531574,-0.7301634918254087,-0.7132143392830359,-0.6497675116244188,-0.5422228888555571,-0.4297285135743213,-0.3508324583770811,0.49452527373631316,2.0
-0.824658767061647,-0.8453577321133943,-0.8170091495425229,-0.7412629368531574,-0.7301634918254087,-0.7132143392830359,-0.6497675116244188,-0.5422228888555571,-0.4297285135743213,-0.3508324583770811,-0.26653667316634166,0.5788210589470526,2.0
-0.8453577321133943,-0.8170091495425229,-0.7412629368531574,-0.7301634918254087,-0.7132143392830359,-0.6497675116244188,-0.5422228888555571,-0.4297285135743213,-0.3508324583770811,-0.26653667316634166,-0.17789110544472775,0.6674666266686665,2.0
-0.8170091495425229,-0.7412629368531574,-0.7301634918254087,-0.7132143392830359,-0.6497675116244188,-0.5422228888555571,-0.4297285135743213,-0.3508324583770811,-0.26653667316634166,-0.17789110544472775,-0.08954552272386385,0.7274636268186591,2.0
-0.7412629368531574,-0.7301634918254087,-0.7132143392830359,-0.6497675116244188,-0.5422228888555571,-0.4297285135743213,-0.3508324583770811,-0.26653667316634166,-0.17789110544472775,-0.08954552272386385,0.032998350082495964,0.7742612869356533,2.0
-0.7301634918254087,-0.7132143392830359,-0.6497675116244188,-0.5422228888555571,-0.4297285135743213,-0.3508324583770811,-0.26653667316634166,-0.17789110544472775,-0.08954552272386385,0.032998350082495964,0.11024448777561124,0.84040797960102,2.0
-0.7132143392830359,-0.6497675116244188,-0.5422228888555571,-0.4297285135743213,-0.3508324583770811,-0.26653667316634166,-0.17789110544472775,-0.08954552272386385,0.032998350082495964,0.11024448777561124,0.18014099295035257,0.8933553322333885,2.0
-0.6497675116244188,-0.5422228888555571,-0.4297285135743213,-0.3508324583770811,-0.26653667316634166,-0.17789110544472775,-0.08954552272386385,0.032998350082495964,0.11024448777561124,0.18014099295035257,0.279886005699715,0.9296535173241338,2.0
-0.5422228888555571,-0.4297285135743213,-0.3508324583770811,-0.26653667316634166,-0.17789110544472775,-0.08954552272386385,0.032998350082495964,0.11024448777561124,0.18014099295035257,0.279886005699715,0.37303134843257846,0.9152542372881356,2.0
-0.4297285135743213,-0.3508324583770811,-0.26653667316634166,-0.17789110544472775,-0.08954552272386385,0.032998350082495964,0.11024448777561124,0.18014099295035257,0.279886005699715,0.37303134843257846,0.4222288885555723,0.8519574021298936,2.0
-0.3508324583770811,-0.26653667316634166,-0.17789110544472775,-0.08954552272386385,0.032998350082495964,0.11024448777561124,0.18014099295035257,0.279886005699715,0.37303134843257846,0.4222288885555723,0.4339283035848207,0.7847607619619018,2.0
-0.26653667316634166,-0.17789110544472775,-0.08954552272386385,0.032998350082495964,0.11024448777561124,0.18014099295035257,0.279886005699715,0.37303134843257846,0.4222288885555723,0.4339283035848207,0.4496775161241937,0.7162141892905354,2.0
-0.17789110544472775,-0.08954552272386385,0.032998350082495964,0.11024448777561124,0.18014099295035257,0.279886005699715,0.37303134843257846,0.4222288885555723,0.4339283035848207,0.4496775161241937,0.544622768861557,0.7225138743062848,2.0
-0.08954552272386385,0.032998350082495964,0.11024448777561124,0.18014099295035257,0.279886005699715,0.37303134843257846,0.4222288885555723,0.4339283035848207,0.4496775161241937,0.544622768861557,0.63926803659817,0.7288135593220338,2.0
0.032998350082495964,0.11024448777561124,0.18014099295035257,0.279886005699715,0.37303134843257846,0.4222288885555723,0.4339283035848207,0.4496775161241937,0.544622768861557,0.63926803659817,0.7334633268336583,0.7004649767511624,2.0
0.11024448777561124,0.18014099295035257,0.279886005699715,0.37303134843257846,0.4222288885555723,0.4339283035848207,0.4496775161241937,0.544622768861557,0.63926803659817,0.7334633268336583,0.8264586770661466,0.7162141892905354,2.0
0.18014099295035257,0.279886005699715,0.37303134843257846,0.4222288885555723,0.4339283035848207,0.4496775161241937,0.544622768861557,0.63926803659817,0.7334633268336583,0.8264586770661466,0.84040797960102,0.6602669866506674,2.0
0.279886005699715,0.37303134843257846,0.4222288885555723,0.4339283035848207,0.4496775161241937,0.544622768861557,0.63926803659817,0.7334633268336583,0.8264586770661466,0.84040797960102,0.8570571471426429,0.5771711414429279,2.0
0.37303134843257846,0.4222288885555723,0.4339283035848207,0.4496775161241937,0.544622768861557,0.63926803659817,0.7334633268336583,0.8264586770661466,0.84040797960102,0.8570571471426429,0.8761061946902655,0.5030748462576871,2.0
0.4222288885555723,0.4339283035848207,0.4496775161241937,0.544622768861557,0.63926803659817,0.7334633268336583,0.8264586770661466,0.84040797960102,0.8570571471426429,0.8761061946902655,0.8957552122393879,0.47352632368381564,2.0
0.4339283035848207,0.4496775161241937,0.544622768861557,0.63926803659817,0.7334633268336583,0.8264586770661466,0.84040797960102,0.8570571471426429,0.8761061946902655,0.8957552122393879,0.9173541322933854,0.48342582870856465,2.0
0.4496775161241937,0.544622768861557,0.63926803659817,0.7334633268336583,0.8264586770661466,0.84040797960102,0.8570571471426429,0.8761061946902655,0.8957552122393879,0.9173541322933854,0.9385030748462577,0.488825558722064,2.0
0.544622768861557,0.63926803659817,0.7334633268336583,0.8264586770661466,0.84040797960102,0.8570571471426429,0.8761061946902655,0.8957552122393879,0.9173541322933854,0.9385030748462577,1.0,0.455377231138443,2.0
0.63926803659817,0.7334633268336583,0.8264586770661466,0.84040797960102,0.8570571471426429,0.8761061946902655,0.8957552122393879,0.9173541322933854,0.9385030748462577,1.0,1.0,0.36073196340183,2.0
0.7334633268336583,0.8264586770661466,0.84040797960102,0.8570571471426429,0.8761061946902655,0.8957552122393879,0.9173541322933854,0.9385030748462577,1.0,1.0,1.0,0.26653667316634166,2.0
0.8264586770661466,0.84040797960102,0.8570571471426429,0.8761061946902655,0.8957552122393879,0.9173541322933854,0.9385030748462577,1.0,1.0,1.0,1.0,0.17354132293385338,2.0
0.84040797960102,0.8570571471426429,0.8761061946902655,0.8957552122393879,0.9173541322933854,0.9385030748462577,1.0,1.0,1.0,1.0,1.0,0.15959202039898002,2.0
0.8570571471426429,0.8761061946902655,0.8957552122393879,0.9173541322933854,0.9385030748462577,1.0,1.0,1.0,1.0,1.0,1.0,0.14294285285735708,3.0
0.8761061946902655,0.8957552122393879,0.9173541322933854,0.9385030748462577,1.0,1.0,1.0,1.0,1.0,1.0,1.0,0.12389380530973448,3.0
0.8957552122393879,0.9173541322933854,0.9385030748462577,1.0,1.0,1.0,1.0,1.0,1.0,1.0,0.998809917355372,0.10424478776061208,3.0
0.9173541322933854,0.9385030748462577,1.0,1.0,1.0,1.0,1.0,1.0,1.0,0.998809917355372,1.0,0.08264586770661464,3.0
0.9385030748462577,1.0,1.0,1.0,1.0,1.0,1.0,1.0,0.998809917355372,1.0,1.0,0.06149692515374228,3.0
1.0,1.0,1.0,1.0,1.0,1.0,1.0,0.998809917355372,1.0,1.0,0.9596658399686726,0.04033416003132739,3.0
1.0,1.0,1.0,1.0,1.0,1.0,0.998809917355372,1.0,1.0,0.9596658399686726,0.9400861506330767,0.059913849366923344,3.0
1.0,1.0,1.0,1.0,1.0,0.998809917355372,1.0,1.0,0.9596658399686726,0.9400861506330767,0.8787364573815428,0.12126354261845718,3.0
1.0,1.0,1.0,1.0,0.998809917355372,1.0,1.0,0.9596658399686726,0.9400861506330767,0.8787364573815428,0.8086411695601097,0.19135883043989033,3.0
1.0,1.0,1.0,0.998809917355372,1.0,1.0,0.9596658399686726,0.9400861506330767,0.8787364573815428,0.8086411695601097,0.6959926902493148,0.30400730975068524,3.0
1.0,1.0,0.998809917355372,1.0,1.0,0.9596658399686726,0.9400861506330767,0.8787364573815428,0.8086411695601097,0.6959926902493148,0.5778618979245529,0.4221381020754471,0.0
1.0,0.998809917355372,1.0,1.0,0.9596658399686726,0.9400861506330767,0.8787364573815428,0.8086411695601097,0.6959926902493148,0.5778618979245529,0.4542487925858243,0.5457512074141757,0.0
0.998809917355372,1.0,1.0,0.9596658399686726,0.9400861506330767,0.8787364573815428,0.8086411695601097,0.6959926902493148,0.5778618979245529,0.4542487925858243,0.3613105338728626,0.6386894661271374,0.0
1.0,1.0,0.9596658399686726,0.9400861506330767,0.8787364573815428,0.8086411695601097,0.6959926902493148,0.5778618979245529,0.4542487925858243,0.3613105338728626,0.3049210285863464,0.6950789714136536,0.0
1.0,0.9596658399686726,0.9400861506330767,0.8787364573815428,0.8086411695601097,0.6959926902493148,0.5778618979245529,0.4542487925858243,0.3613105338728626,0.3049210285863464,0.2504894922333898,0.7495105077666102,0.0
0.9596658399686726,0.9400861506330767,0.8787364573815428,0.8086411695601097,0.6959926902493148,0.5778618979245529,0.4542487925858243,0.3613105338728626,0.3049210285863464,0.2504894922333898,0.1306617934995431,0.8290040464691295,0.0
0.9400861506330767,0.8787364573815428,0.8086411695601097,0.6959926902493148,0.5778618979245529,0.4542487925858243,0.3613105338728626,0.3049210285863464,0.2504894922333898,0.1306617934995431,0.017621720402036356,0.9224644302310403,0.0
0.8787364573815428,0.8086411695601097,0.6959926902493148,0.5778618979245529,0.4542487925858243,0.3613105338728626,0.3049210285863464,0.2504894922333898,0.1306617934995431,0.017621720402036356,-0.055084192664143106,0.9338206500456859,0.0
0.8086411695601097,0.6959926902493148,0.5778618979245529,0.4542487925858243,0.3613105338728626,0.3049210285863464,0.2504894922333898,0.1306617934995431,0.017621720402036356,-0.055084192664143106,-0.12087194883174524,0.9295131183918549,0.0
0.6959926902493148,0.5778618979245529,0.4542487925858243,0.3613105338728626,0.3049210285863464,0.2504894922333898,0.1306617934995431,0.017621720402036356,-0.055084192664143106,-0.12087194883174524,-0.18287429839446545,0.8788669886437802,0.0
0.5778618979245529,0.4542487925858243,0.3613105338728626,0.3049210285863464,0.2504894922333898,0.1306617934995431,0.017621720402036356,-0.055084192664143106,-0.12087194883174524,-0.18287429839446545,-0.2427881477613889,0.8206500456859418,0.0
0.4542487925858243,0.3613105338728626,0.3049210285863464,0.2504894922333898,0.1306617934995431,0.017621720402036356,-0.055084192664143106,-0.12087194883174524,-0.18287429839446545,-0.2427881477613889,-0.26667536875081577,0.7209241613366401,0.0
0.3613105338728626,0.3049210285863464,0.2504894922333898,0.1306617934995431,0.017621720402036356,-0.055084192664143106,-0.12087194883174524,-0.18287429839446545,-0.2427881477613889,-0.26667536875081577,-0.2871687769220729,0.6484793107949355,0.0
0.3049210285863464,0.2504894922333898,0.1306617934995431,0.017621720402036356,-0.055084192664143106,-0.12087194883174524,-0.18287429839446545,-0.2427881477613889,-0.26667536875081577,-0.2871687769220729,-0.30270199712831225,0.6076230257146586,0.0
0.2504894922333898,0.1306617934995431,0.017621720402036356,-0.055084192664143106,-0.12087194883174524,-0.18287429839446545,-0.2427881477613889,-0.26667536875081577,-0.2871687769220729,-0.30270199712831225,-0.34629943871557234,0.5967889309489621,0.0
0.1306617934995431,0.017621720402036356,-0.055084192664143106,-0.12087194883174524,-0.18287429839446545,-0.2427881477613889,-0.26667536875081577,-0.2871687769220729,-0.30270199712831225,-0.34629943871557234,-0.42109385197754867,0.5517556454770918,0.0
0.017621720402036356,-0.055084192664143106,-0.12087194883174524,-0.18287429839446545,-0.2427881477613889,-0.26667536875081577,-0.2871687769220729,-0.30270199712831225,-0.34629943871557234,-0.42109385197754867,-0.49236392115911765,0.509985641561154,0.0
-0.055084192664143106,-0.12087194883174524,-0.18287429839446545,-0.2427881477613889,-0.26667536875081577,-0.2871687769220729,-0.30270199712831225,-0.34629943871557234,-0.42109385197754867,-0.49236392115911765,-0.5248662054562068,0.46978201279206366,0.0
-0.12087194883174524,-0.18287429839446545,-0.2427881477613889,-0.26667536875081577,-0.2871687769220729,-0.30270199712831225,-0.34629943871557234,-0.42109385197754867,-0.49236392115911765,-0.5248662054562068,-0.5527998955749902,0.431927946743245,0.0
-0.18287429839446545,-0.2427881477613889,-0.26667536875081577,-0.2871687769220729,-0.30270199712831225,-0.34629943871557234,-0.42109385197754867,-0.49236392115911765,-0.5248662054562068,-0.5527998955749902,-0.5770787103511291,0.39420441195666367,0.0
-0.2427881477613889,-0.26667536875081577,-0.2871687769220729,-0.30270199712831225,-0.34629943871557234,-0.42109385197754867,-0.49236392115911765,-0.5248662054562068,-0.5527998955749902,-0.5770787103511291,-0.6312491841796111,0.38846103641822216,0.0
-0.26667536875081577,-0.2871687769220729,-0.30270199712831225,-0.34629943871557234,-0.42109385197754867,-0.49236392115911765,-0.5248662054562068,-0.5527998955749902,-0.5770787103511291,-0.6312491841796111,-0.6826785015011095,0.41600313275029377,0.0
-0.2871687769220729,-0.30270199712831225,-0.34629943871557234,-0.42109385197754867,-0.49236392115911765,-0.5248662054562068,-0.5527998955749902,-0.5770787103511291,-0.6312491841796111,-0.6826785015011095,-0.7305834747422008,0.4434146978201279,0.0
-0.30270199712831225,-0.34629943871557234,-0.42109385197754867,-0.49236392115911765,-0.5248662054562068,-0.5527998955749902,-0.5770787103511291,-0.6312491841796111,-0.6826785015011095,-0.7305834747422008,-0.7739198538049863,0.47121785667667404,0.0
-0.34629943871557234,-0.42109385197754867,-0.49236392115911765,-0.5248662054562068,-0.5527998955749902,-0.5770787103511291,-0.6312491841796111,-0.6826785015011095,-0.7305834747422008,-0.7739198538049863,-0.817778357916721,0.4714789192011487,0.0
-0.42109385197754867,-0.49236392115911765,-0.5248662054562068,-0.5527998955749902,-0.5770787103511291,-0.6312491841796111,-0.6826785015011095,-0.7305834747422008,-0.7739198538049863,-0.817778357916721,-0.8609842057172693,0.43989035373972063,0.0
-0.49236392115911765,-0.5248662054562068,-0.5527998955749902,-0.5770787103511291,-0.6312491841796111,-0.6826785015011095,-0.7305834747422008,-0.7739198538049863,-0.817778357916721,-0.8609842057172693,-0.9041900535178176,0.4118261323586999,0.0
-0.5248662054562068,-0.5527998955749902,-0.5770787103511291,-0.6312491841796111,-0.6826785015011095,-0.7305834747422008,-0.7739198538049863,-0.817778357916721,-0.8609842057172693,-0.9041900535178176,-0.9113692729408693,0.38650306748466257,0.0
-0.5527998955749902,-0.5770787103511291,-0.6312491841796111,-0.6826785015011095,-0.7305834747422008,-0.7739198538049863,-0.817778357916721,-0.8609842057172693,-0.9041900535178176,-0.9113692729408693,-0.9169821172170735,0.36418222164208325,0.0
-0.5770787103511291,-0.6312491841796111,-0.6826785015011095,-0.7305834747422008,-0.7739198538049863,-0.817778357916721,-0.8609842057172693,-0.9041900535178176,-0.9113692729408693,-0.9169821172170735,-0.9218117739198538,0.3447330635687247,0.0
-0.6312491841796111,-0.6826785015011095,-0.7305834747422008,-0.7739198538049863,-0.817778357916721,-0.8609842057172693,-0.9041900535178176,-0.9113692729408693,-0.9169821172170735,-0.9218117739198538,-0.925727711786973,0.29447852760736193,0.0
-0.6826785015011095,-0.7305834747422008,-0.7739198538049863,-0.817778357916721,-0.8609842057172693,-0.9041900535178176,-0.9113692729408693,-0.9169821172170735,-0.9218117739198538,-0.925727711786973,-0.929121524605143,0.24644302310403343,1.0
-0.7305834747422008,-0.7739198538049863,-0.817778357916721,-0.8609842057172693,-0.9041900535178176,-0.9113692729408693,-0.9169821172170735,-0.9218117739198538,-0.925727711786973,-0.929121524605143,-0.9308184310142279,0.20023495627202714,1.0
-0.7739198538049863,-0.817778357916721,-0.8609842057172693,-0.9041900535178176,-0.9113692729408693,-0.9169821172170735,-0.9218117739198538,-0.925727711786973,-0.929121524605143,-0.9308184310142279,-0.9343427750946351,0.16042292128964886,1.0
-0.817778357916721,-0.8609842057172693,-0.9041900535178176,-0.9113692729408693,-0.9169821172170735,-0.9218117739198538,-0.925727711786973,-0.929121524605143,-0.9308184310142279,-0.9343427750946351,-0.9378671191750424,0.12008876125832135,1.0
-0.8609842057172693,-0.9041900535178176,-0.9113692729408693,-0.9169821172170735,-0.9218117739198538,-0.925727711786973,-0.929121524605143,-0.9308184310142279,-0.9343427750946351,-0.9378671191750424,-0.9424357133533481,0.08145150763607878,1.0
-0.9041900535178176,-0.9113692729408693,-0.9169821172170735,-0.9218117739198538,-0.925727711786973,-0.929121524605143,-0.9308184310142279,-0.9343427750946351,-0.9378671191750424,-0.9424357133533481,-0.9459600574337554,0.04177000391593788,1.0
-0.9113692729408693,-0.9169821172170735,-0.9218117739198538,-0.925727711786973,-0.929121524605143,-0.9308184310142279,-0.9343427750946351,-0.9378671191750424,-0.9424357133533481,-0.9459600574337554,-0.9485706826785015,0.037201409737632196,1.0
-0.9169821172170735,-0.9218117739198538,-0.925727711786973,-0.929121524605143,-0.9308184310142279,-0.9343427750946351,-0.9378671191750424,-0.9424357133533481,-0.9459600574337554,-0.9485706826785015,-0.9507897141365357,0.033807596919462224,1.0
-0.9218117739198538,-0.925727711786973,-0.929121524605143,-0.9308184310142279,-0.9343427750946351,-0.9378671191750424,-0.9424357133533481,-0.9459600574337554,-0.9485706826785015,-0.9507897141365357,-0.9515729017099596,0.029761127790105757,1.0
-0.925727711786973,-0.929121524605143,-0.9308184310142279,-0.9343427750946351,-0.9378671191750424,-0.9424357133533481,-0.9459600574337554,-0.9485706826785015,-0.9507897141365357,-0.9515729017099596,-0.9524866205456207,0.026758908758647726,1.0
-0.929121524605143,-0.9308184310142279,-0.9343427750946351,-0.9378671191750424,-0.9424357133533481,-0.9459600574337554,-0.9485706826785015,-0.9507897141365357,-0.9515729017099596,-0.9524866205456207,-0.9520950267589088,0.023365095940477754,1.0
-0.9308184310142279,-0.9343427750946351,-0.9378671191750424,-0.9424357133533481,-0.9459600574337554,-0.9485706826785015,-0.9507897141365357,-0.9515729017099596,-0.9524866205456207,-0.9520950267589088,-0.9536614019057564,0.022842970891528536,1.0
-0.9343427750946351,-0.9378671191750424,-0.9424357133533481,-0.9459600574337554,-0.9485706826785015,-0.9507897141365357,-0.9515729017099596,-0.9524866205456207,-0.9520950267589088,-0.9536614019057564,-0.9552277770526041,0.02088500195796894,1.0
-0.9378671191750424,-0.9424357133533481,-0.9459600574337554,-0.9485706826785015,-0.9507897141365357,-0.9515729017099596,-0.9524866205456207,-0.9520950267589088,-0.9536614019057564,-0.9552277770526041,-0.9575773397728756,0.019710220597833228,1.0
-0.9424357133533481,-0.9459600574337554,-0.9485706826785015,-0.9507897141365357,-0.9515729017099596,-0.9524866205456207,-0.9520950267589088,-0.9536614019057564,-0.9552277770526041,-0.9575773397728756,-0.9592742461819606,0.016838532828612474,1.0
-0.9459600574337554,-0.9485706826785015,-0.9507897141365357,-0.9515729017099596,-0.9524866205456207,-0.9520950267589088,-0.9536614019057564,-0.9552277770526041,-0.9575773397728756,-0.9592742461819606,-0.960318496279859,0.01435843884610355,1.0
-0.9485706826785015,-0.9507897141365357,-0.9515729017099596,-0.9524866205456207,-0.9520950267589088,-0.9536614019057564,-0.9552277770526041,-0.9575773397728756,-0.9592742461819606,-0.960318496279859,-0.9618848714267066,0.013314188748205114,1.0
-0.9507897141365357,-0.9515729017099596,-0.9524866205456207,-0.9520950267589088,-0.9536614019057564,-0.9552277770526041,-0.9575773397728756,-0.9592742461819606,-0.960318496279859,-0.9618848714267066,-0.9622764652134186,0.011486751076882906,1.0
-0.9515729017099596,-0.9524866205456207,-0.9520950267589088,-0.9536614019057564,-0.9552277770526041,-0.9575773397728756,-0.9592742461819606,-0.960318496279859,-0.9618848714267066,-0.9622764652134186,-0.9631901840490797,0.011617282339120183,1.0
-0.9524866205456207,-0.9520950267589088,-0.9536614019057564,-0.9552277770526041,-0.9575773397728756,-0.9592742461819606,-0.960318496279859,-0.9618848714267066,-0.9622764652134186,-0.9631901840490797,-0.9627985902623678,0.011095157290170965,1.0
-0.9520950267589088,-0.9536614019057564,-0.9552277770526041,-0.9575773397728756,-0.9592742461819606,-0.960318496279859,-0.9618848714267066,-0.9622764652134186,-0.9631901840490797,-0.9627985902623678,-0.9643649654092155,0.012269938650306678,1.0
-0.9536614019057564,-0.9552277770526041,-0.9575773397728756,-0.9592742461819606,-0.960318496279859,-0.9618848714267066,-0.9622764652134186,-0.9631901840490797,-0.9627985902623678,-0.9643649654092155,-0.9647565591959274,0.011095157290170965,1.0
-0.9552277770526041,-0.9575773397728756,-0.9592742461819606,-0.960318496279859,-0.9618848714267066,-0.9622764652134186,-0.9631901840490797,-0.9627985902623678,-0.9643649654092155,-0.9647565591959274,-0.9614932776399948,0.009528782143323311,1.0
-0.9575773397728756,-0.9592742461819606,-0.960318496279859,-0.9618848714267066,-0.9622764652134186,-0.9631901840490797,-0.9627985902623678,-0.9643649654092155,-0.9647565591959274,-0.9614932776399948,-0.9148936170212766,0.049862942174650815,1.0
-0.9592742461819606,-0.960318496279859,-0.9618848714267066,-0.9622764652134186,-0.9631901840490797,-0.9627985902623678,-0.9643649654092155,-0.9647565591959274,-0.9614932776399948,-0.9148936170212766,-0.8575903928990993,0.10716616629682807,1.0
-0.960318496279859,-0.9618848714267066,-0.9622764652134186,-0.9631901840490797,-0.9627985902623678,-0.9643649654092155,-0.9647565591959274,-0.9614932776399948,-0.9148936170212766,-0.8575903928990993,-0.8254797023887221,0.13927685680720525,1.0
-0.9618848714267066,-0.9622764652134186,-0.9631901840490797,-0.9627985902623678,-0.9643649654092155,-0.9647565591959274,-0.9614932776399948,-0.9148936170212766,-0.8575903928990993,-0.8254797023887221,-0.783187573423835,0.18156898577209235,1.0
-0.9622764652134186,-0.9631901840490797,-0.9627985902623678,-0.9643649654092155,-0.9647565591959274,-0.9614932776399948,-0.9148936170212766,-0.8575903928990993,-0.8254797023887221,-0.783187573423835,-0.7003002219031458,0.2644563372927816,1.0
-0.9631901840490797,-0.9627985902623678,-0.9643649654092155,-0.9647565591959274,-0.9614932776399948,-0.9148936170212766,-0.8575903928990993,-0.8254797023887221,-0.783187573423835,-0.7003002219031458,-0.6120610886307271,0.35269547056520034,2.0
-0.9627985902623678,-0.9643649654092155,-0.9647565591959274,-0.9614932776399948,-0.9148936170212766,-0.8575903928990993,-0.8254797023887221,-0.783187573423835,-0.7003002219031458,-0.6120610886307271,-0.517686986033155,0.4470695731627724,2.0
-0.9643649654092155,-0.9647565591959274,-0.9614932776399948,-0.9148936170212766,-0.8575903928990993,-0.8254797023887221,-0.783187573423835,-0.7003002219031458,-0.6120610886307271,-0.517686986033155,-0.4498107296697559,0.5149458295261715,2.0
-0.9647565591959274,-0.9614932776399948,-0.9148936170212766,-0.8575903928990993,-0.8254797023887221,-0.783187573423835,-0.7003002219031458,-0.6120610886307271,-0.517686986033155,-0.4498107296697559,-0.3778880041770004,0.586868555018927,2.0
-0.9614932776399948,-0.9148936170212766,-0.8575903928990993,-0.8254797023887221,-0.783187573423835,-0.7003002219031458,-0.6120610886307271,-0.517686986033155,-0.4498107296697559,-0.3778880041770004,-0.3010050907192272,0.6604881869207676,2.0
-0.9148936170212766,-0.8575903928990993,-0.8254797023887221,-0.783187573423835,-0.7003002219031458,-0.6120610886307271,-0.517686986033155,-0.4498107296697559,-0.3778880041770004,-0.3010050907192272,-0.18927033024409345,0.7256232867771831,2.0
-0.8575903928990993,-0.8254797023887221,-0.783187573423835,-0.7003002219031458,-0.6120610886307271,-0.517686986033155,-0.4498107296697559,-0.3778880041770004,-0.3010050907192272,-0.18927033024409345,-0.07910194491580735,0.778488447983292,2.0
-0.8254797023887221,-0.783187573423835,-0.7003002219031458,-0.6120610886307271,-0.517686986033155,-0.4498107296697559,-0.3778880041770004,-0.3010050907192272,-0.18927033024409345,-0.07910194491580735,-0.008484532045424875,0.8169951703432973,2.0
-0.783187573423835,-0.7003002219031458,-0.6120610886307271,-0.517686986033155,-0.4498107296697559,-0.3778880041770004,-0.3010050907192272,-0.18927033024409345,-0.07910194491580735,-0.008484532045424875,0.05534525518861777,0.8385328286124528,2.0
-0.7003002219031458,-0.6120610886307271,-0.517686986033155,-0.4498107296697559,-0.3778880041770004,-0.3010050907192272,-0.18927033024409345,-0.07910194491580735,-0.008484532045424875,0.05534525518861777,0.148544576426054,0.8488447983291998,2.0
-0.6120610886307271,-0.517686986033155,-0.4498107296697559,-0.3778880041770004,-0.3010050907192272,-0.18927033024409345,-0.07910194491580735,-0.008484532045424875,0.05534525518861777,0.148544576426054,0.20415089413914633,0.8162119827698734,2.0
-0.517686986033155,-0.4498107296697559,-0.3778880041770004,-0.3010050907192272,-0.18927033024409345,-0.07910194491580735,-0.008484532045424875,0.05534525518861777,0.148544576426054,0.20415089413914633,0.22203367706565724,0.7397206630988122,2.0
-0.4498107296697559,-0.3778880041770004,-0.3010050907192272,-0.18927033024409345,-0.07910194491580735,-0.008484532045424875,0.05534525518861777,0.148544576426054,0.20415089413914633,0.22203367706565724,0.23782795979637128,0.6876386894661272,2.0
-0.3778880041770004,-0.3010050907192272,-0.18927033024409345,-0.07910194491580735,-0.008484532045424875,0.05534525518861777,0.148544576426054,0.20415089413914633,0.22203367706565724,0.23782795979637128,0.2503589609711525,0.6282469651481529,2.0
-0.3010050907192272,-0.18927033024409345,-0.07910194491580735,-0.008484532045424875,0.05534525518861777,0.148544576426054,0.20415089413914633,0.22203367706565724,0.23782795979637128,0.2503589609711525,0.29225949614932767,0.5932645868685549,2.0
-0.18927033024409345,-0.07910194491580735,-0.008484532045424875,0.05534525518861777,0.148544576426054,0.20415089413914633,0.22203367706565724,0.23782795979637128,0.2503589609711525,0.29225949614932767,0.3669233781490666,0.5561937083931601,2.0
-0.07910194491580735,-0.008484532045424875,0.05534525518861777,0.148544576426054,0.20415089413914633,0.22203367706565724,0.23782795979637128,0.2503589609711525,0.29225949614932767,0.3669233781490666,0.44171779141104284,0.5208197363268502,2.0
-0.008484532045424875,0.05534525518861777,0.148544576426054,0.20415089413914633,0.22203367706565724,0.23782795979637128,0.2503589609711525,0.29225949614932767,0.3669233781490666,0.44171779141104284,0.4841404516381673,0.4926249836835922,2.0
0.05534525518861777,0.148544576426054,0.20415089413914633,0.22203367706565724,0.23782795979637128,0.2503589609711525,0.29225949614932767,0.3669233781490666,0.44171779141104284,0.4841404516381673,0.5279989557499021,0.4726537005612843,2.0
0.148544576426054,0.20415089413914633,0.22203367706565724,0.23782795979637128,0.2503589609711525,0.29225949614932767,0.3669233781490666,0.44171779141104284,0.4841404516381673,0.5279989557499021,0.5704216159770266,0.42187703955097255,2.0
0.20415089413914633,0.22203367706565724,0.23782795979637128,0.2503589609711525,0.29225949614932767,0.3669233781490666,0.44171779141104284,0.4841404516381673,0.5279989557499021,0.5704216159770266,0.6097115259104555,0.4055606317713092,2.0
0.22203367706565724,0.23782795979637128,0.2503589609711525,0.29225949614932767,0.3669233781490666,0.44171779141104284,0.4841404516381673,0.5279989557499021,0.5704216159770266,0.6097115259104555,0.6453465605012401,0.4233128834355828,2.0
0.23782795979637128,0.2503589609711525,0.29225949614932767,0.3669233781490666,0.44171779141104284,0.4841404516381673,0.5279989557499021,0.5704216159770266,0.6097115259104555,0.6453465605012401,0.6775877822738545,0.43975982247748324,2.0
0.2503589609711525,0.29225949614932767,0.3669233781490666,0.44171779141104284,0.4841404516381673,0.5279989557499021,0.5704216159770266,0.6097115259104555,0.6453465605012401,0.6775877822738545,0.7076099725884348,0.4572510116172823,2.0
0.29225949614932767,0.3669233781490666,0.44171779141104284,0.4841404516381673,0.5279989557499021,0.5704216159770266,0.6097115259104555,0.6453465605012401,0.6775877822738545,0.7076099725884348,0.7320270091354428,0.43976751298611516,2.0
0.3669233781490666,0.44171779141104284,0.4841404516381673,0.5279989557499021,0.5704216159770266,0.6097115259104555,0.6453465605012401,0.6775877822738545,0.7076099725884348,0.7320270091354428,0.7597661440340153,0.3928427658849487,2.0
0.44171779141104284,0.4841404516381673,0.5279989557499021,0.5704216159770266,0.6097115259104555,0.6453465605012401,0.6775877822738545,0.7076099725884348,0.7320270091354428,0.7597661440340153,0.7883337762423599,0.34661598483131706,2.0
0.4841404516381673,0.5279989557499021,0.5704216159770266,0.6097115259104555,0.6453465605012401,0.6775877822738545,0.7076099725884348,0.7320270091354428,0.7597661440340153,0.7883337762423599,0.7830188679245282,0.30419332460419257,2.0
0.5279989557499021,0.5704216159770266,0.6097115259104555,0.6453465605012401,0.6775877822738545,0.7076099725884348,0.7320270091354428,0.7597661440340153,0.7883337762423599,0.7830188679245282,0.7743821419080521,0.2603348204924578,2.0
0.5704216159770266,0.6097115259104555,0.6453465605012401,0.6775877822738545,0.7076099725884348,0.7320270091354428,0.7597661440340153,0.7883337762423599,0.7830188679245282,0.7743821419080521,0.7610948711134733,0.21791216026533333,2.0
0.6097115259104555,0.6453465605012401,0.6775877822738545,0.7076099725884348,0.7320270091354428,0.7597661440340153,0.7883337762423599,0.7830188679245282,0.7743821419080521,0.7610948711134733,0.7431570555407918,0.17862225033190438,2.0
0.6453465605012401,0.6775877822738545,0.7076099725884348,0.7320270091354428,0.7597661440340153,0.7883337762423599,0.7830188679245282,0.7743821419080521,0.7610948711134733,0.7431570555407918,0.7204358224820622,0.14298721574111983,2.0
0.6775877822738545,0.7076099725884348,0.7320270091354428,0.7597661440340153,0.7883337762423599,0.7830188679245282,0.7743821419080521,0.7610948711134733,0.7431570555407918,0.7204358224820622,0.6884134998671272,0.11074599396850537,0.0
0.7076099725884348,0.7320270091354428,0.7597661440340153,0.7883337762423599,0.7830188679245282,0.7743821419080521,0.7610948711134733,0.7431570555407918,0.7204358224820622,0.6884134998671272,0.6813712463460004,0.10696252989635946,0.0
0.7320270091354428,0.7597661440340153,0.7883337762423599,0.7830188679245282,0.7743821419080521,0.7610948711134733,0.7431570555407918,0.7204358224820622,0.6884134998671272,0.6813712463460004,0.6615732128620782,0.12676056338028174,0.0
0.7597661440340153,0.7883337762423599,0.7830188679245282,0.7743821419080521,0.7610948711134733,0.7431570555407918,0.7204358224820622,0.6884134998671272,0.6813712463460004,0.6615732128620782,0.6272920542120648,0.1610417220302951,0.0
0.7883337762423599,0.7830188679245282,0.7743821419080521,0.7610948711134733,0.7431570555407918,0.7204358224820622,0.6884134998671272,0.6813712463460004,0.6615732128620782,0.6272920542120648,0.6150677650810523,0.17326601116130758,0.0
0.7830188679245282,0.7743821419080521,0.7610948711134733,0.7431570555407918,0.7204358224820622,0.6884134998671272,0.6813712463460004,0.6615732128620782,0.6272920542120648,0.6150677650810523,0.556338028169014,0.22668083975551423,0.0
0.7743821419080521,0.7610948711134733,0.7431570555407918,0.7204358224820622,0.6884134998671272,0.6813712463460004,0.6615732128620782,0.6272920542120648,0.6150677650810523,0.556338028169014,0.48631411108158384,0.28806803082646826,0.0
0.7610948711134733,0.7431570555407918,0.7204358224820622,0.6884134998671272,0.6813712463460004,0.6615732128620782,0.6272920542120648,0.6150677650810523,0.556338028169014,0.48631411108158384,0.40539463194259895,0.35570023917087434,0.0
0.7431570555407918,0.7204358224820622,0.6884134998671272,0.6813712463460004,0.6615732128620782,0.6272920542120648,0.6150677650810523,0.556338028169014,0.48631411108158384,0.40539463194259895,0.3503853308530427,0.3927717246877491,0.0
0.7204358224820622,0.6884134998671272,0.6813712463460004,0.6615732128620782,0.6272920542120648,0.6150677650810523,0.556338028169014,0.48631411108158384,0.40539463194259895,0.3503853308530427,0.291921339356896,0.42851448312516616,0.0
0.6884134998671272,0.6813712463460004,0.6615732128620782,0.6272920542120648,0.6150677650810523,0.556338028169014,0.48631411108158384,0.40539463194259895,0.3503853308530427,0.291921339356896,0.2290725484985383,0.4593409513685889,0.0
0.6813712463460004,0.6615732128620782,0.6272920542120648,0.6150677650810523,0.556338028169014,0.48631411108158384,0.40539463194259895,0.3503853308530427,0.291921339356896,0.2290725484985383,0.13154398086633012,0.5498272654796703,0.0
0.6615732128620782,0.6272920542120648,0.6150677650810523,0.556338028169014,0.48631411108158384,0.40539463194259895,0.3503853308530427,0.291921339356896,0.2290725484985383,0.13154398086633012,0.039064576136061735,0.6225086367260164,0.0
0.6272920542120648,0.6150677650810523,0.556338028169014,0.48631411108158384,0.40539463194259895,0.3503853308530427,0.291921339356896,0.2290725484985383,0.13154398086633012,0.039064576136061735,-0.08384267871379214,0.7111347329258569,0.0
0.6150677650810523,0.556338028169014,0.48631411108158384,0.40539463194259895,0.3503853308530427,0.291921339356896,0.2290725484985383,0.13154398086633012,0.039064576136061735,-0.08384267871379214,-0.16542652139250602,0.7804942864735583,0.0
0.556338028169014,0.48631411108158384,0.40539463194259895,0.3503853308530427,0.291921339356896,0.2290725484985383,0.13154398086633012,0.039064576136061735,-0.08384267871379214,-0.16542652139250602,-0.20356098857294713,0.7598990167419611,0.0
0.48631411108158384,0.40539463194259895,0.3503853308530427,0.291921339356896,0.2290725484985383,0.13154398086633012,0.039064576136061735,-0.08384267871379214,-0.16542652139250602,-0.20356098857294713,-0.26720701567897953,0.7535211267605634,0.0
0.40539463194259895,0.3503853308530427,0.291921339356896,0.2290725484985383,0.13154398086633012,0.039064576136061735,-0.08384267871379214,-0.16542652139250602,-0.20356098857294713,-0.26720701567897953,-0.28979537602976346,0.6951900079723624,0.0
0.3503853308530427,0.291921339356896,0.2290725484985383,0.13154398086633012,0.039064576136061735,-0.08384267871379214,-0.16542652139250602,-0.20356098857294713,-0.26720701567897953,-0.28979537602976346,-0.30959340951368586,0.6599787403667285,0.0
0.291921339356896,0.2290725484985383,0.13154398086633012,0.039064576136061735,-0.08384267871379214,-0.16542652139250602,-0.20356098857294713,-0.26720701567897953,-0.28979537602976346,-0.30959340951368586,-0.3256710071751262,0.6175923465320222,0.0
0.2290725484985383,0.13154398086633012,0.039064576136061735,-0.08384267871379214,-0.16542652139250602,-0.20356098857294713,-0.26720701567897953,-0.28979537602976346,-0.30959340951368586,-0.3256710071751262,-0.4040659048631411,0.6331384533616794,0.0
0.13154398086633012,0.039064576136061735,-0.08384267871379214,-0.16542652139250602,-0.20356098857294713,-0.26720701567897953,-0.28979537602976346,-0.30959340951368586,-0.3256710071751262,-0.4040659048631411,-0.47993622110018597,0.6114802019665161,0.0
0.039064576136061735,-0.08384267871379214,-0.16542652139250602,-0.20356098857294713,-0.26720701567897953,-0.28979537602976346,-0.30959340951368586,-0.3256710071751262,-0.4040659048631411,-0.47993622110018597,-0.552617592346532,0.5916821684825937,0.0
-0.08384267871379214,-0.16542652139250602,-0.20356098857294713,-0.26720701567897953,-0.28979537602976346,-0.30959340951368586,-0.3256710071751262,-0.4040659048631411,-0.47993622110018597,-0.552617592346532,-0.5878288599521658,0.5039861812383737,0.0
-0.16542652139250602,-0.20356098857294713,-0.26720701567897953,-0.28979537602976346,-0.30959340951368586,-0.3256710071751262,-0.4040659048631411,-0.47993622110018597,-0.552617592346532,-0.5878288599521658,-0.6206484188147754,0.4552218974222694,0.0
-0.20356098857294713,-0.26720701567897953,-0.28979537602976346,-0.30959340951368586,-0.3256710071751262,-0.4040659048631411,-0.47993622110018597,-0.552617592346532,-0.5878288599521658,-0.6206484188147754,-0.6493489237310657,0.44578793515811854,0.0
-0.26720701567897953,-0.28979537602976346,-0.30959340951368586,-0.3256710071751262,-0.4040659048631411,-0.47993622110018597,-0.552617592346532,-0.5878288599521658,-0.6206484188147754,-0.6493489237310657,-0.673531756577199,0.40632474089821946,0.0
-0.28979537602976346,-0.30959340951368586,-0.3256710071751262,-0.4040659048631411,-0.47993622110018597,-0.552617592346532,-0.5878288599521658,-0.6206484188147754,-0.6493489237310657,-0.673531756577199,-0.7304012755779963,0.4406058995482328,0.0
-0.30959340951368586,-0.3256710071751262,-0.4040659048631411,-0.47993622110018597,-0.552617592346532,-0.5878288599521658,-0.6206484188147754,-0.6493489237310657,-0.673531756577199,-0.7304012755779963,-0.7855434493754982,0.4759500398618124,0.0
-0.3256710071751262,-0.4040659048631411,-0.47993622110018597,-0.552617592346532,-0.5878288599521658,-0.6206484188147754,-0.6493489237310657,-0.673531756577199,-0.7304012755779963,-0.7855434493754982,-0.8386925325538135,0.5130215253786873,0.0
-0.4040659048631411,-0.47993622110018597,-0.552617592346532,-0.5878288599521658,-0.6206484188147754,-0.6493489237310657,-0.673531756577199,-0.7304012755779963,-0.7855434493754982,-0.8386925325538135,-0.8882540526175924,0.4841881477544513,0.0
-0.47993622110018597,-0.552617592346532,-0.5878288599521658,-0.6206484188147754,-0.6493489237310657,-0.673531756577199,-0.7304012755779963,-0.7855434493754982,-0.8386925325538135,-0.8882540526175924,-0.9346266276906723,0.4546904065904863,0.0
-0.552617592346532,-0.5878288599521658,-0.6206484188147754,-0.6493489237310657,-0.673531756577199,-0.7304012755779963,-0.7855434493754982,-0.8386925325538135,-0.8882540526175924,-0.9346266276906723,-0.9456550624501727,0.39303747010364076,0.0
-0.5878288599521658,-0.6206484188147754,-0.6493489237310657,-0.673531756577199,-0.7304012755779963,-0.7855434493754982,-0.8386925325538135,-0.8882540526175924,-0.9346266276906723,-0.9456550624501727,-0.9550890247143237,0.36726016476215784,0.0
-0.6206484188147754,-0.6493489237310657,-0.673531756577199,-0.7304012755779963,-0.7855434493754982,-0.8386925325538135,-0.8882540526175924,-0.9346266276906723,-0.9456550624501727,-0.9550890247143237,-0.9634600053149083,0.3428115865001329,0.0
-0.6493489237310657,-0.673531756577199,-0.7304012755779963,-0.7855434493754982,-0.8386925325538135,-0.8882540526175924,-0.9346266276906723,-0.9456550624501727,-0.9550890247143237,-0.9634600053149083,-0.9697050225883603,0.32035609885729466,0.0
-0.673531756577199,-0.7304012755779963,-0.7855434493754982,-0.8386925325538135,-0.8882540526175924,-0.9346266276906723,-0.9456550624501727,-0.9550890247143237,-0.9634600053149083,-0.9697050225883603,-0.9766144034015414,0.3030826468243424,1.0
-0.7304012755779963,-0.7855434493754982,-0.8386925325538135,-0.8882540526175924,-0.9346266276906723,-0.9456550624501727,-0.9550890247143237,-0.9634600053149083,-0.9697050225883603,-0.9766144034015414,-0.9829922933829391,0.25259101780494286,1.0
-0.7855434493754982,-0.8386925325538135,-0.8882540526175924,-0.9346266276906723,-0.9456550624501727,-0.9550890247143237,-0.9634600053149083,-0.9697050225883603,-0.9766144034015414,-0.9829922933829391,-0.9892373106563912,0.20369386128089295,1.0
-0.8386925325538135,-0.8882540526175924,-0.9346266276906723,-0.9456550624501727,-0.9550890247143237,-0.9634600053149083,-0.9697050225883603,-0.9766144034015414,-0.9829922933829391,-0.9892373106563912,-0.9949508370980601,0.1562583045442466,1.0
-0.8882540526175924,-0.9346266276906723,-0.9456550624501727,-0.9550890247143237,-0.9634600053149083,-0.9697050225883603,-0.9766144034015414,-0.9829922933829391,-0.9892373106563912,-0.9949508370980601,-0.9989370183364337,0.11068296571884129,1.0
-0.9346266276906723,-0.9456550624501727,-0.9550890247143237,-0.9634600053149083,-0.9697050225883603,-0.9766144034015414,-0.9829922933829391,-0.9892373106563912,-0.9949508370980601,-0.9989370183364337,-1.0,0.06537337230932772,1.0
-0.9456550624501727,-0.9550890247143237,-0.9634600053149083,-0.9697050225883603,-0.9766144034015414,-0.9829922933829391,-0.9892373106563912,-0.9949508370980601,-0.9989370183364337,-1.0,-1.0,0.05434493754982728,1.0
-0.9550890247143237,-0.9634600053149083,-0.9697050225883603,-0.9766144034015414,-0.9829922933829391,-0.9892373106563912,-0.9949508370980601,-0.9989370183364337,-1.0,-1.0,-1.0,0.044910975285676336,1.0
-0.9634600053149083,-0.9697050225883603,-0.9766144034015414,-0.9829922933829391,-0.9892373106563912,-0.9949508370980601,-0.9989370183364337,-1.0,-1.0,-1.0,-1.0,0.036539994685091726,1.0
-0.9697050225883603,-0.9766144034015414,-0.9829922933829391,-0.9892373106563912,-0.9949508370980601,-0.9989370183364337,-1.0,-1.0,-1.0,-1.0,-1.0,0.030294977411639668,1.0
-0.9766144034015414,-0.9829922933829391,-0.9892373106563912,-0.9949508370980601,-0.9989370183364337,-1.0,-1.0,-1.0,-1.0,-1.0,-1.0,0.023385596598458624,1.0
-0.9829922933829391,-0.9892373106563912,-0.9949508370980601,-0.9989370183364337,-1.0,-1.0,-1.0,-1.0,-1.0,-1.0,-1.0,0.017007706617060858,1.0
-0.9892373106563912,-0.9949508370980601,-0.9989370183364337,-1.0,-1.0,-1.0,-1.0,-1.0,-1.0,-1.0,-1.0,0.0107626893436088,1.0
-0.9949508370980601,-0.9989370183364337,-1.0,-1.0,-1.0,-1.0,-1.0,-1.0,-1.0,-1.0,-1.0,0.005049162901939908,1.0
-0.9989370183364337,-1.0,-1.0,-1.0,-1.0,-1.0,-1.0,-1.0,-1.0,-1.0,-1.0,0.0010629816635663314,1.0
-1.0,-1.0,-1.0,-1.0,-1.0,-1.0,-1.0,-1.0,-1.0,-1.0,-1.0,0.0,1.0
-1.0,-1.0,-1.0,-1.0,-1.0,-1.0,-1.0,-1.0,-1.0,-1.0,-1.0,0.0,1.0
-1.0,-1.0,-1.0,-1.0,-1.0,-1.0,-1.0,-1.0,-1.0,-1.0,-0.9997319573812237,0.00026804261877633184,1.0
-1.0,-1.0,-1.0,-1.0,-1.0,-1.0,-1.0,-1.0,-1.0,-0.9997319573812237,-1.0,0.00026804261877633184,1.0
-1.0,-1.0,-1.0,-1.0,-1.0,-1.0,-1.0,-1.0,-0.9997319573812237,-1.0,-1.0,0.00026804261877633184,1.0
-1.0,-1.0,-1.0,-1.0,-1.0,-1.0,-1.0,-0.9997319573812237,-1.0,-1.0,-1.0,0.00026804261877633184,1.0
-1.0,-1.0,-1.0,-1.0,-1.0,-1.0,-0.9997319573812237,-1.0,-1.0,-1.0,-1.0,0.00026804261877633184,1.0
-1.0,-1.0,-1.0,-1.0,-1.0,-0.9997319573812237,-1.0,-1.0,-1.0,-1.0,-1.0,0.00026804261877633184,1.0
-1.0,-1.0,-1.0,-1.0,-0.9997319573812237,-1.0,-1.0,-1.0,-1.0,-1.0,-1.0,0.00026804261877633184,1.0
-1.0,-1.0,-1.0,-0.9997319573812237,-1.0,-1.0,-1.0,-1.0,-1.0,-1.0,-0.9998540039418936,0.00026804261877633184,1.0
-1.0,-1.0,-0.9997319573812237,-1.0,-1.0,-1.0,-1.0,-1.0,-1.0,-0.9998540039418936,-1.0,0.00026804261877633184,1.0
-1.0,-0.9997319573812237,-1.0,-1.0,-1.0,-1.0,-1.0,-1.0,-0.9998540039418936,-1.0,-1.0,0.00026804261877633184,1.0
-0.9997319573812237,-1.0,-1.0,-1.0,-1.0,-1.0,-1.0,-0.9998540039418936,-1.0,-1.0,-1.0,0.00026804261877633184,1.0
-1.0,-1.0,-1.0,-1.0,-1.0,-1.0,-0.9998540039418936,-1.0,-1.0,-1.0,-1.0,0.00014599605810639016,1.0
-1.0,-1.0,-1.0,-1.0,-1.0,-0.9998540039418936,-1.0,-1.0,-1.0,-1.0,-1.0,0.00014599605810639016,1.0
-1.0,-1.0,-1.0,-1.0,-0.9998540039418936,-1.0,-1.0,-1.0,-1.0,-1.0,-1.0,0.00014599605810639016,1.0
-1.0,-1.0,-1.0,-0.9998540039418936,-1.0,-1.0,-1.0,-1.0,-1.0,-1.0,-1.0,0.00014599605810639016,1.0
-1.0,-1.0,-0.9998540039418936,-1.0,-1.0,-1.0,-1.0,-1.0,-1.0,-1.0,-1.0,0.00014599605810639016,1.0
-1.0,-0.9998540039418936,-1.0,-1.0,-1.0,-1.0,-1.0,-1.0,-1.0,-1.0,-0.9995638901003053,0.00043610989969466996,1.0
-0.9998540039418936,-1.0,-1.0,-1.0,-1.0,-1.0,-1.0,-1.0,-1.0,-0.9995638901003053,-1.0,0.00043610989969466996,1.0
-1.0,-1.0,-1.0,-1.0,-1.0,-1.0,-1.0,-1.0,-0.9995638901003053,-1.0,-1.0,0.00043610989969466996,1.0
-1.0,-1.0,-1.0,-1.0,-1.0,-1.0,-1.0,-0.9995638901003053,-1.0,-1.0,-1.0,0.00043610989969466996,1.0
-1.0,-1.0,-1.0,-1.0,-1.0,-1.0,-0.9995638901003053,-1.0,-1.0,-1.0,-1.0,0.00043610989969466996,1.0
-1.0,-1.0,-1.0,-1.0,-1.0,-0.9995638901003053,-1.0,-1.0,-1.0,-1.0,-0.9995645231528524,0.00043610989969466996,1.0
-1.0,-1.0,-1.0,-1.0,-0.9995638901003053,-1.0,-1.0,-1.0,-1.0,-0.9995645231528524,-0.9997096821019016,0.00043610989969466996,1.0
-1.0,-1.0,-1.0,-0.9995638901003053,-1.0,-1.0,-1.0,-1.0,-0.9995645231528524,-0.9997096821019016,-1.0,0.00043610989969466996,1.0
-1.0,-1.0,-0.9995638901003053,-1.0,-1.0,-1.0,-1.0,-0.9995645231528524,-0.9997096821019016,-1.0,-0.9970970317149285,0.0029029682850715277,1.0
-1.0,-0.9995638901003053,-1.0,-1.0,-1.0,-1.0,-0.9995645231528524,-0.9997096821019016,-1.0,-0.9970970317149285,-0.9950649539153785,0.004935046084621475,1.0
-0.9995638901003053,-1.0,-1.0,-1.0,-1.0,-0.9995645231528524,-0.9997096821019016,-1.0,-0.9970970317149285,-0.9950649539153785,-0.9870817911314319,0.012918208868568093,1.0
-1.0,-1.0,-1.0,-1.0,-0.9995645231528524,-0.9997096821019016,-1.0,-0.9970970317149285,-0.9950649539153785,-0.9870817911314319,-0.9332317294433559,0.06676827055664414,1.0
-1.0,-1.0,-1.0,-0.9995645231528524,-0.9997096821019016,-1.0,-0.9970970317149285,-0.9950649539153785,-0.9870817911314319,-0.9332317294433559,-0.8712533565570796,0.12874664344292042,1.0
-1.0,-1.0,-0.9995645231528524,-0.9997096821019016,-1.0,-0.9970970317149285,-0.9950649539153785,-0.9870817911314319,-0.9332317294433559,-0.8712533565570796,-0.8354016982364467,0.16459830176355328,1.0
-1.0,-0.9995645231528524,-0.9997096821019016,-1.0,-0.9970970317149285,-0.9950649539153785,-0.9870817911314319,-0.9332317294433559,-0.8712533565570796,-0.8354016982364467,-0.7925829160316423,0.20741708396835767,1.0
-0.9995645231528524,-0.9997096821019016,-1.0,-0.9970970317149285,-0.9950649539153785,-0.9870817911314319,-0.9332317294433559,-0.8712533565570796,-0.8354016982364467,-0.7925829160316423,-0.7414906742143842,0.2585093257856158,1.0
-0.9997096821019016,-1.0,-0.9970970317149285,-0.9950649539153785,-0.9870817911314319,-0.9332317294433559,-0.8712533565570796,-0.8354016982364467,-0.7925829160316423,-0.7414906742143842,-0.6452572755642645,0.3547427244357355,2.0
-1.0,-0.9970970317149285,-0.9950649539153785,-0.9870817911314319,-0.9332317294433559,-0.8712533565570796,-0.8354016982364467,-0.7925829160316423,-0.7414906742143842,-0.6452572755642645,-0.5423470498584804,0.45765295014151963,2.0
-0.9970970317149285,-0.9950649539153785,-0.9870817911314319,-0.9332317294433559,-0.8712533565570796,-0.8354016982364467,-0.7925829160316423,-0.7414906742143842,-0.6452572755642645,-0.5423470498584804,-0.4677407649321431,0.5293562667827854,2.0
-0.9950649539153785,-0.9870817911314319,-0.9332317294433559,-0.8712533565570796,-0.8354016982364467,-0.7925829160316423,-0.7414906742143842,-0.6452572755642645,-0.5423470498584804,-0.4677407649321431,-0.3858770592931272,0.6091878946222513,2.0
-0.9870817911314319,-0.9332317294433559,-0.8712533565570796,-0.8354016982364467,-0.7925829160316423,-0.7414906742143842,-0.6452572755642645,-0.5423470498584804,-0.4677407649321431,-0.3858770592931272,-0.2987880107409826,0.6882937803904493,2.0
-0.9332317294433559,-0.8712533565570796,-0.8354016982364467,-0.7925829160316423,-0.7414906742143842,-0.6452572755642645,-0.5423470498584804,-0.4677407649321431,-0.3858770592931272,-0.2987880107409826,-0.16946077364104795,0.7637709558023079,2.0
-0.8712533565570796,-0.8354016982364467,-0.7925829160316423,-0.7414906742143842,-0.6452572755642645,-0.5423470498584804,-0.4677407649321431,-0.3858770592931272,-0.2987880107409826,-0.16946077364104795,-0.040859278612381145,0.8303940779446984,2.0
-0.8354016982364467,-0.7925829160316423,-0.7414906742143842,-0.6452572755642645,-0.5423470498584804,-0.4677407649321431,-0.3858770592931272,-0.2987880107409826,-0.16946077364104795,-0.040859278612381145,0.04608462152550974,0.8814863197619565,2.0
-0.7925829160316423,-0.7414906742143842,-0.6452572755642645,-0.5423470498584804,-0.4677407649321431,-0.3858770592931272,-0.2987880107409826,-0.16946077364104795,-0.040859278612381145,0.04608462152550974,0.09282241091516075,0.8854053269468031,2.0
-0.7414906742143842,-0.6452572755642645,-0.5423470498584804,-0.4677407649321431,-0.3858770592931272,-0.2987880107409826,-0.16946077364104795,-0.040859278612381145,0.04608462152550974,0.09282241091516075,0.17207344509761224,0.9135641193119964,2.0
-0.6452572755642645,-0.5423470498584804,-0.4677407649321431,-0.3858770592931272,-0.2987880107409826,-0.16946077364104795,-0.040859278612381145,0.04608462152550974,0.09282241091516075,0.17207344509761224,0.24885695623775317,0.8941142318020177,2.0
-0.5423470498584804,-0.4677407649321431,-0.3858770592931272,-0.2987880107409826,-0.16946077364104795,-0.040859278612381145,0.04608462152550974,0.09282241091516075,0.17207344509761224,0.24885695623775317,0.3221569054358082,0.8645039552942886,2.0
-0.4677407649321431,-0.3858770592931272,-0.2987880107409826,-0.16946077364104795,-0.040859278612381145,0.04608462152550974,0.09282241091516075,0.17207344509761224,0.24885695623775317,0.3221569054358082,0.396908338776399,0.8646491037085421,2.0
-0.3858770592931272,-0.2987880107409826,-0.16946077364104795,-0.040859278612381145,0.04608462152550974,0.09282241091516075,0.17207344509761224,0.24885695623775317,0.3221569054358082,0.396908338776399,0.47499818564482177,0.860875244937949,2.0
-0.2987880107409826,-0.16946077364104795,-0.040859278612381145,0.04608462152550974,0.09282241091516075,0.17207344509761224,0.24885695623775317,0.3221569054358082,0.396908338776399,0.47499818564482177,0.5532331809274984,0.852021191668481,2.0
-0.16946077364104795,-0.040859278612381145,0.04608462152550974,0.09282241091516075,0.17207344509761224,0.24885695623775317,0.3221569054358082,0.396908338776399,0.47499818564482177,0.5532331809274984,0.6303069888961463,0.7997677625371943,2.0
-0.040859278612381145,0.04608462152550974,0.09282241091516075,0.17207344509761224,0.24885695623775317,0.3221569054358082,0.396908338776399,0.47499818564482177,0.5532331809274984,0.6303069888961463,0.7052035706509907,0.7460628492633719,2.0
0.04608462152550974,0.09282241091516075,0.17207344509761224,0.24885695623775317,0.3221569054358082,0.396908338776399,0.47499818564482177,0.5532331809274984,0.6303069888961463,0.7052035706509907,0.730604543145366,0.6845199216198563,2.0
0.09282241091516075,0.17207344509761224,0.24885695623775317,0.3221569054358082,0.396908338776399,0.47499818564482177,0.5532331809274984,0.6303069888961463,0.7052035706509907,0.730604543145366,0.7451193845707236,0.6522969736555628,2.0
0.17207344509761224,0.24885695623775317,0.3221569054358082,0.396908338776399,0.47499818564482177,0.5532331809274984,0.6303069888961463,0.7052035706509907,0.730604543145366,0.7451193845707236,0.755570070396981,0.5834966252993687,2.0
0.24885695623775317,0.3221569054358082,0.396908338776399,0.47499818564482177,0.5532331809274984,0.6303069888961463,0.7052035706509907,0.730604543145366,0.7451193845707236,0.755570070396981,0.8012918208868569,0.5524348646491037,2.0
0.3221569054358082,0.396908338776399,0.47499818564482177,0.5532331809274984,0.6303069888961463,0.7052035706509907,0.730604543145366,0.7451193845707236,0.755570070396981,0.8012918208868569,0.8468684229624792,0.524711517526671,2.0
0.396908338776399,0.47499818564482177,0.5532331809274984,0.6303069888961463,0.7052035706509907,0.730604543145366,0.7451193845707236,0.755570070396981,0.8012918208868569,0.8468684229624792,0.9319253937150738,0.5350170549386748,2.0
0.47499818564482177,0.5532331809274984,0.6303069888961463,0.7052035706509907,0.730604543145366,0.7451193845707236,0.755570070396981,0.8012918208868569,0.8468684229624792,0.9319253937150738,1.0,0.5250018143551782,2.0
0.5532331809274984,0.6303069888961463,0.7052035706509907,0.730604543145366,0.7451193845707236,0.755570070396981,0.8012918208868569,0.8468684229624792,0.9319253937150738,1.0,1.0,0.4467668190725016,2.0
0.6303069888961463,0.7052035706509907,0.730604543145366,0.7451193845707236,0.755570070396981,0.8012918208868569,0.8468684229624792,0.9319253937150738,1.0,1.0,1.0,0.36969301110385366,2.0
0.7052035706509907,0.730604543145366,0.7451193845707236,0.755570070396981,0.8012918208868569,0.8468684229624792,0.9319253937150738,1.0,1.0,1.0,1.0,0.2947964293490093,2.0
0.730604543145366,0.7451193845707236,0.755570070396981,0.8012918208868569,0.8468684229624792,0.9319253937150738,1.0,1.0,1.0,1.0,1.0,0.26939545685463395,2.0
0.7451193845707236,0.755570070396981,0.8012918208868569,0.8468684229624792,0.9319253937150738,1.0,1.0,1.0,1.0,1.0,0.986267845003399,0.2548806154292764,3.0
0.755570070396981,0.8012918208868569,0.8468684229624792,0.9319253937150738,1.0,1.0,1.0,1.0,1.0,0.986267845003399,1.0,0.244429929603019,3.0
0.8012918208868569,0.8468684229624792,0.9319253937150738,1.0,1.0,1.0,1.0,1.0,0.986267845003399,1.0,1.0,0.1987081791131431,3.0
0.8468684229624792,0.9319253937150738,1.0,1.0,1.0,1.0,1.0,0.986267845003399,1.0,1.0,0.974025974025974,0.15313157703752078,3.0
0.9319253937150738,1.0,1.0,1.0,1.0,1.0,0.986267845003399,1.0,1.0,0.974025974025974,0.9390350582060427,0.06807460628492623,3.0
1.0,1.0,1.0,1.0,1.0,0.986267845003399,1.0,1.0,0.974025974025974,0.9390350582060427,0.8927393849673642,0.10726061503263584,3.0
1.0,1.0,1.0,1.0,0.986267845003399,1.0,1.0,0.974025974025974,0.9390350582060427,0.8927393849673642,0.8321781845097906,0.16782181549020936,3.0
1.0,1.0,1.0,0.986267845003399,1.0,1.0,0.974025974025974,0.9390350582060427,0.8927393849673642,0.8321781845097906,0.7591010026243188,0.2408989973756812,3.0
1.0,1.0,0.986267845003399,1.0,1.0,0.974025974025974,0.9390350582060427,0.8927393849673642,0.8321781845097906,0.7591010026243188,0.6447076239822354,0.35529237601776464,0.0
1.0,0.986267845003399,1.0,1.0,0.974025974025974,0.9390350582060427,0.8927393849673642,0.8321781845097906,0.7591010026243188,0.6447076239822354,0.5261422515308525,0.4738577484691475,0.0
0.986267845003399,1.0,1.0,0.974025974025974,0.9390350582060427,0.8927393849673642,0.8321781845097906,0.7591010026243188,0.6447076239822354,0.5261422515308525,0.4051544310611668,0.5948455689388332,0.0
1.0,1.0,0.974025974025974,0.9390350582060427,0.8927393849673642,0.8321781845097906,0.7591010026243188,0.6447076239822354,0.5261422515308525,0.4051544310611668,0.35387928134042124,0.6461207186595788,0.0
1.0,0.974025974025974,0.9390350582060427,0.8927393849673642,0.8321781845097906,0.7591010026243188,0.6447076239822354,0.5261422515308525,0.4051544310611668,0.35387928134042124,0.3048919991925174,0.6951080008074826,0.0
0.974025974025974,0.9390350582060427,0.8927393849673642,0.8321781845097906,0.7591010026243188,0.6447076239822354,0.5261422515308525,0.4051544310611668,0.35387928134042124,0.3048919991925174,0.22468205369759775,0.7493439203283763,0.0
0.9390350582060427,0.8927393849673642,0.8321781845097906,0.7591010026243188,0.6447076239822354,0.5261422515308525,0.4051544310611668,0.35387928134042124,0.3048919991925174,0.22468205369759775,0.11607563421034928,0.8229594239956934,0.0
0.8927393849673642,0.8321781845097906,0.7591010026243188,0.6447076239822354,0.5261422515308525,0.4051544310611668,0.35387928134042124,0.3048919991925174,0.22468205369759775,0.11607563421034928,0.04272929143395454,0.8500100935334096,0.0
0.8321781845097906,0.7591010026243188,0.6447076239822354,0.5261422515308525,0.4051544310611668,0.35387928134042124,0.3048919991925174,0.22468205369759775,0.11607563421034928,0.04272929143395454,-0.029674988224210996,0.8618531727340016,0.0
0.7591010026243188,0.6447076239822354,0.5261422515308525,0.4051544310611668,0.35387928134042124,0.3048919991925174,0.22468205369759775,0.11607563421034928,0.04272929143395454,-0.029674988224210996,-0.0662808693896777,0.8253818720139965,0.0
0.6447076239822354,0.5261422515308525,0.4051544310611668,0.35387928134042124,0.3048919991925174,0.22468205369759775,0.11607563421034928,0.04272929143395454,-0.029674988224210996,-0.0662808693896777,-0.13370567256577615,0.7784132965480115,0.0
0.5261422515308525,0.4051544310611668,0.35387928134042124,0.3048919991925174,0.22468205369759775,0.11607563421034928,0.04272929143395454,-0.029674988224210996,-0.0662808693896777,-0.13370567256577615,-0.19655474059619138,0.7226969921270439,0.0
0.4051544310611668,0.35387928134042124,0.3048919991925174,0.22468205369759775,0.11607563421034928,0.04272929143395454,-0.029674988224210996,-0.0662808693896777,-0.13370567256577615,-0.19655474059619138,-0.22037547944283697,0.6255299105040037,0.0
0.35387928134042124,0.3048919991925174,0.22468205369759775,0.11607563421034928,0.04272929143395454,-0.029674988224210996,-0.0662808693896777,-0.13370567256577615,-0.19655474059619138,-0.22037547944283697,-0.24069712670748944,0.5945764080479107,0.0
0.3048919991925174,0.22468205369759775,0.11607563421034928,0.04272929143395454,-0.029674988224210996,-0.0662808693896777,-0.13370567256577615,-0.19655474059619138,-0.22037547944283697,-0.24069712670748944,-0.25846174550837764,0.563353744700895,0.0
0.22468205369759775,0.11607563421034928,0.04272929143395454,-0.029674988224210996,-0.0662808693896777,-0.13370567256577615,-0.19655474059619138,-0.22037547944283697,-0.24069712670748944,-0.25846174550837764,-0.34176704124890656,0.5664490949465043,0.0
0.11607563421034928,0.04272929143395454,-0.029674988224210996,-0.0662808693896777,-0.13370567256577615,-0.19655474059619138,-0.22037547944283697,-0.24069712670748944,-0.25846174550837764,-0.34176704124890656,-0.4192853778346006,0.5353610120449499,0.0
0.04272929143395454,-0.029674988224210996,-0.0662808693896777,-0.13370567256577615,-0.19655474059619138,-0.22037547944283697,-0.24069712670748944,-0.25846174550837764,-0.34176704124890656,-0.4192853778346006,-0.49222797927461137,0.5349572707085659,0.0
-0.029674988224210996,-0.0662808693896777,-0.13370567256577615,-0.19655474059619138,-0.22037547944283697,-0.24069712670748944,-0.25846174550837764,-0.34176704124890656,-0.4192853778346006,-0.49222797927461137,-0.5284301191036942,0.4987551308794832,0.0
-0.0662808693896777,-0.13370567256577615,-0.19655474059619138,-0.22037547944283697,-0.24069712670748944,-0.25846174550837764,-0.34176704124890656,-0.4192853778346006,-0.49222797927461137,-0.5284301191036942,-0.5607294260144001,0.4944485566247224,0.0
-0.13370567256577615,-0.19655474059619138,-0.22037547944283697,-0.24069712670748944,-0.25846174550837764,-0.34176704124890656,-0.4192853778346006,-0.49222797927461137,-0.5284301191036942,-0.5607294260144001,-0.5893950608976516,0.45568938833187544,0.0
-0.19655474059619138,-0.22037547944283697,-0.24069712670748944,-0.25846174550837764,-0.34176704124890656,-0.4192853778346006,-0.49222797927461137,-0.5284301191036942,-0.5607294260144001,-0.5893950608976516,-0.6469954915550771,0.4504407509588857,0.0
-0.22037547944283697,-0.24069712670748944,-0.25846174550837764,-0.34176704124890656,-0.4192853778346006,-0.49222797927461137,-0.5284301191036942,-0.5607294260144001,-0.5893950608976516,-0.6469954915550771,-0.7010968306305094,0.48072135118767245,0.0
-0.24069712670748944,-0.25846174550837764,-0.34176704124890656,-0.4192853778346006,-0.49222797927461137,-0.5284301191036942,-0.5607294260144001,-0.5893950608976516,-0.6469954915550771,-0.7010968306305094,-0.7537177848058677,0.5130206580983783,0.0
-0.25846174550837764,-0.34176704124890656,-0.4192853778346006,-0.49222797927461137,-0.5284301191036942,-0.5607294260144001,-0.5893950608976516,-0.6469954915550771,-0.7010968306305094,-0.7537177848058677,-0.8045891931902295,0.5461274476818518,0.0
-0.34176704124890656,-0.4192853778346006,-0.49222797927461137,-0.5284301191036942,-0.5607294260144001,-0.5893950608976516,-0.6469954915550771,-0.7010968306305094,-0.7537177848058677,-0.8045891931902295,-0.8533073144472108,0.5115402731983042,0.0
-0.4192853778346006,-0.49222797927461137,-0.5284301191036942,-0.5607294260144001,-0.5893950608976516,-0.6469954915550771,-0.7010968306305094,-0.7537177848058677,-0.8045891931902295,-0.8533073144472108,-0.898526344122199,0.4792409662875984,0.0
-0.49222797927461137,-0.5284301191036942,-0.5607294260144001,-0.5893950608976516,-0.6469954915550771,-0.7010968306305094,-0.7537177848058677,-0.8045891931902295,-0.8533073144472108,-0.898526344122199,-0.9080815557499495,0.41585357647533816,0.0
-0.5284301191036942,-0.5607294260144001,-0.5893950608976516,-0.6469954915550771,-0.7010968306305094,-0.7537177848058677,-0.8045891931902295,-0.8533073144472108,-0.898526344122199,-0.9080815557499495,-0.9156180606957809,0.3871879415920867,0.0
-0.5607294260144001,-0.5893950608976516,-0.6469954915550771,-0.7010968306305094,-0.7537177848058677,-0.8045891931902295,-0.8533073144472108,-0.898526344122199,-0.9080815557499495,-0.9156180606957809,-0.9226162438597671,0.361886817845367,0.0
-0.5893950608976516,-0.6469954915550771,-0.7010968306305094,-0.7537177848058677,-0.8045891931902295,-0.8533073144472108,-0.898526344122199,-0.9080815557499495,-0.9156180606957809,-0.9226162438597671,-0.927461139896373,0.33806607899872143,0.0
-0.6469954915550771,-0.7010968306305094,-0.7537177848058677,-0.8045891931902295,-0.8533073144472108,-0.898526344122199,-0.9080815557499495,-0.9156180606957809,-0.9226162438597671,-0.927461139896373,-0.93136397281475,0.28436848125967296,1.0
-0.7010968306305094,-0.7537177848058677,-0.8045891931902295,-0.8533073144472108,-0.898526344122199,-0.9080815557499495,-0.9156180606957809,-0.9226162438597671,-0.927461139896373,-0.93136397281475,-0.9355359666240495,0.23443913599354005,1.0
-0.7537177848058677,-0.8045891931902295,-0.8533073144472108,-0.898526344122199,-0.9080815557499495,-0.9156180606957809,-0.9226162438597671,-0.927461139896373,-0.93136397281475,-0.9355359666240495,-0.9398425408788103,0.18612475607294254,1.0
-0.8045891931902295,-0.8533073144472108,-0.898526344122199,-0.9080815557499495,-0.9156180606957809,-0.9226162438597671,-0.927461139896373,-0.93136397281475,-0.9355359666240495,-0.9398425408788103,-0.9446874369154162,0.14009824372518676,1.0
-0.8533073144472108,-0.898526344122199,-0.9080815557499495,-0.9156180606957809,-0.9226162438597671,-0.927461139896373,-0.93136397281475,-0.9355359666240495,-0.9398425408788103,-0.9446874369154162,-0.9473790458246417,0.09407173137743097,1.0
-0.898526344122199,-0.9080815557499495,-0.9156180606957809,-0.9226162438597671,-0.927461139896373,-0.93136397281475,-0.9355359666240495,-0.9398425408788103,-0.9446874369154162,-0.9473790458246417,-0.9500706547338672,0.0515443106116682,1.0
-0.9080815557499495,-0.9156180606957809,-0.9226162438597671,-0.927461139896373,-0.93136397281475,-0.9355359666240495,-0.9398425408788103,-0.9446874369154162,-0.9473790458246417,-0.9500706547338672,-0.9520893614157863,0.04400780566583673,1.0
-0.9156180606957809,-0.9226162438597671,-0.927461139896373,-0.93136397281475,-0.9355359666240495,-0.9398425408788103,-0.9446874369154162,-0.9473790458246417,-0.9500706547338672,-0.9520893614157863,-0.9535697463158603,0.037951685620079445,1.0
-0.9226162438597671,-0.927461139896373,-0.93136397281475,-0.9355359666240495,-0.9398425408788103,-0.9446874369154162,-0.9473790458246417,-0.9500706547338672,-0.9520893614157863,-0.9535697463158603,-0.954377228988628,0.03176098512886083,1.0
-0.927461139896373,-0.93136397281475,-0.9355359666240495,-0.9398425408788103,-0.9446874369154162,-0.9473790458246417,-0.9500706547338672,-0.9520893614157863,-0.9535697463158603,-0.954377228988628,-0.9562613552250858,0.028800215328712797,1.0
-0.93136397281475,-0.9355359666240495,-0.9398425408788103,-0.9446874369154162,-0.9473790458246417,-0.9500706547338672,-0.9520893614157863,-0.9535697463158603,-0.954377228988628,-0.9562613552250858,-0.9578763205706211,0.02651234775587108,1.0
-0.9355359666240495,-0.9398425408788103,-0.9446874369154162,-0.9473790458246417,-0.9500706547338672,-0.9520893614157863,-0.9535697463158603,-0.954377228988628,-0.9562613552250858,-0.9578763205706211,-0.9594912859161564,0.023955319292106925,1.0
-0.9398425408788103,-0.9446874369154162,-0.9473790458246417,-0.9500706547338672,-0.9520893614157863,-0.9535697463158603,-0.954377228988628,-0.9562613552250858,-0.9578763205706211,-0.9594912859161564,-0.9580109010160823,0.01964874503734615,1.0
-0.9446874369154162,-0.9473790458246417,-0.9500706547338672,-0.9520893614157863,-0.9535697463158603,-0.954377228988628,-0.9562613552250858,-0.9578763205706211,-0.9594912859161564,-0.9580109010160823,-0.9079469753044882,0.0515443106116682,1.0
-0.9473790458246417,-0.9500706547338672,-0.9520893614157863,-0.9535697463158603,-0.954377228988628,-0.9562613552250858,-0.9578763205706211,-0.9594912859161564,-0.9580109010160823,-0.9079469753044882,-0.8473857748469147,0.11210551106924171,1.0
-0.9500706547338672,-0.9520893614157863,-0.9535697463158603,-0.954377228988628,-0.9562613552250858,-0.9578763205706211,-0.9594912859161564,-0.9580109010160823,-0.9079469753044882,-0.8473857748469147,-0.8110490545723706,0.14844223134378576,1.0
-0.9520893614157863,-0.9535697463158603,-0.954377228988628,-0.9562613552250858,-0.9578763205706211,-0.9594912859161564,-0.9580109010160823,-0.9079469753044882,-0.8473857748469147,-0.8110490545723706,-0.7660991857883049,0.19339210012785146,1.0
-0.9535697463158603,-0.954377228988628,-0.9562613552250858,-0.9578763205706211,-0.9594912859161564,-0.9580109010160823,-0.9079469753044882,-0.8473857748469147,-0.8110490545723706,-0.7660991857883049,-0.6774106722293252,0.28208061368683124,1.0
-0.954377228988628,-0.9562613552250858,-0.9578763205706211,-0.9594912859161564,-0.9580109010160823,-0.9079469753044882,-0.8473857748469147,-0.8110490545723706,-0.7660991857883049,-0.6774106722293252,-0.5821277168427428,0.3773635690734136,2.0
-0.9562613552250858,-0.9578763205706211,-0.9594912859161564,-0.9580109010160823,-0.9079469753044882,-0.8473857748469147,-0.8110490545723706,-0.7660991857883049,-0.6774106722293252,-0.5821277168427428,-0.5128187874301864,0.44667249848597,2.0
-0.9578763205706211,-0.9594912859161564,-0.9580109010160823,-0.9079469753044882,-0.8473857748469147,-0.8110490545723706,-0.7660991857883049,-0.6774106722293252,-0.5821277168427428,-0.5128187874301864,-0.4342238072808021,0.5252674786353543,2.0
-0.9594912859161564,-0.9580109010160823,-0.9079469753044882,-0.8473857748469147,-0.8110490545723706,-0.7660991857883049,-0.6774106722293252,-0.5821277168427428,-0.5128187874301864,-0.4342238072808021,-0.3126976650292712,0.6467936208868852,2.0
-0.9580109010160823,-0.9079469753044882,-0.8473857748469147,-0.8110490545723706,-0.7660991857883049,-0.6774106722293252,-0.5821277168427428,-0.5128187874301864,-0.4342238072808021,-0.3126976650292712,-0.18309669605006396,0.7749142049660184,2.0
-0.9079469753044882,-0.8473857748469147,-0.8110490545723706,-0.7660991857883049,-0.6774106722293252,-0.5821277168427428,-0.5128187874301864,-0.4342238072808021,-0.3126976650292712,-0.18309669605006396,-0.08364174685418213,0.8243052284503061,2.0
-0.8473857748469147,-0.8110490545723706,-0.7660991857883049,-0.6774106722293252,-0.5821277168427428,-0.5128187874301864,-0.4342238072808021,-0.3126976650292712,-0.18309669605006396,-0.08364174685418213,0.01877397214184784,0.8661597469887625,2.0
-0.8110490545723706,-0.7660991857883049,-0.6774106722293252,-0.5821277168427428,-0.5128187874301864,-0.4342238072808021,-0.3126976650292712,-0.18309669605006396,-0.08364174685418213,0.01877397214184784,0.07987349438126645,0.8909225489536371,2.0
-0.7660991857883049,-0.6774106722293252,-0.5821277168427428,-0.5128187874301864,-0.4342238072808021,-0.3126976650292712,-0.18309669605006396,-0.08364174685418213,0.01877397214184784,0.07987349438126645,0.17434896709508108,0.940448152883386,2.0
-0.6774106722293252,-0.5821277168427428,-0.5128187874301864,-0.4342238072808021,-0.3126976650292712,-0.18309669605006396,-0.08364174685418213,0.01877397214184784,0.07987349438126645,0.17434896709508108,0.3036807751833659,0.981091447412691,2.0
-0.5821277168427428,-0.5128187874301864,-0.4342238072808021,-0.3126976650292712,-0.18309669605006396,-0.08364174685418213,0.01877397214184784,0.07987349438126645,0.17434896709508108,0.3036807751833659,0.3960029607698001,0.9781306776125429,2.0
-0.5128187874301864,-0.4342238072808021,-0.3126976650292712,-0.18309669605006396,-0.08364174685418213,0.01877397214184784,0.07987349438126645,0.17434896709508108,0.3036807751833659,0.3960029607698001,0.45319965009084173,0.9660184375210281,2.0
-0.4342238072808021,-0.3126976650292712,-0.18309669605006396,-0.08364174685418213,0.01877397214184784,0.07987349438126645,0.17434896709508108,0.3036807751833659,0.3960029607698001,0.45319965009084173,0.5453872552318149,0.979611062512617,2.0
-0.3126976650292712,-0.18309669605006396,-0.08364174685418213,0.01877397214184784,0.07987349438126645,0.17434896709508108,0.3036807751833659,0.3960029607698001,0.45319965009084173,0.5453872552318149,0.6687975237198036,0.9814951887490748,2.0
-0.18309669605006396,-0.08364174685418213,0.01877397214184784,0.07987349438126645,0.17434896709508108,0.3036807751833659,0.3960029607698001,0.45319965009084173,0.5453872552318149,0.6687975237198036,0.7278783392773029,0.9109750353273669,2.0
-0.08364174685418213,0.01877397214184784,0.07987349438126645,0.17434896709508108,0.3036807751833659,0.3960029607698001,0.45319965009084173,0.5453872552318149,0.6687975237198036,0.7278783392773029,0.7722898862795236,0.8559316331337057,2.0
0.01877397214184784,0.07987349438126645,0.17434896709508108,0.3036807751833659,0.3960029607698001,0.45319965009084173,0.5453872552318149,0.6687975237198036,0.7278783392773029,0.7722898862795236,0.8090303478904515,0.7902563757486036,2.0
0.07987349438126645,0.17434896709508108,0.3036807751833659,0.3960029607698001,0.45319965009084173,0.5453872552318149,0.6687975237198036,0.7278783392773029,0.7722898862795236,0.8090303478904515,0.8473857748469147,0.7675122804656482,2.0
0.17434896709508108,0.3036807751833659,0.3960029607698001,0.45319965009084173,0.5453872552318149,0.6687975237198036,0.7278783392773029,0.7722898862795236,0.8090303478904515,0.8473857748469147,0.886279523585223,0.7119305564901419,2.0
0.3036807751833659,0.3960029607698001,0.45319965009084173,0.5453872552318149,0.6687975237198036,0.7278783392773029,0.7722898862795236,0.8090303478904515,0.8473857748469147,0.886279523585223,0.9166947042594711,0.6130139290761052,2.0
0.3960029607698001,0.45319965009084173,0.5453872552318149,0.6687975237198036,0.7278783392773029,0.7722898862795236,0.8090303478904515,0.8473857748469147,0.886279523585223,0.9166947042594711,0.8981226027858151,0.520691743489671,2.0
0.45319965009084173,0.5453872552318149,0.6687975237198036,0.7278783392773029,0.7722898862795236,0.8090303478904515,0.8473857748469147,0.886279523585223,0.9166947042594711,0.8981226027858151,0.8685149047843348,0.46349505416862935,2.0
0.5453872552318149,0.6687975237198036,0.7278783392773029,0.7722898862795236,0.8090303478904515,0.8473857748469147,0.886279523585223,0.9166947042594711,0.8981226027858151,0.8685149047843348,0.8683803243388735,0.3713074490276562,2.0
0.6687975237198036,0.7278783392773029,0.7722898862795236,0.8090303478904515,0.8473857748469147,0.886279523585223,0.9166947042594711,0.8981226027858151,0.8685149047843348,0.8683803243388735,0.8623242042931163,0.24789718053966747,3.0
0.7278783392773029,0.7722898862795236,0.8090303478904515,0.8473857748469147,0.886279523585223,0.9166947042594711,0.8981226027858151,0.8685149047843348,0.8683803243388735,0.8623242042931163,0.8138752439270573,0.18881636498216814,3.0
0.7722898862795236,0.8090303478904515,0.8473857748469147,0.886279523585223,0.9166947042594711,0.8981226027858151,0.8685149047843348,0.8683803243388735,0.8623242042931163,0.8138752439270573,0.7570822959423995,0.15961240831707157,3.0
0.8090303478904515,0.8473857748469147,0.886279523585223,0.9166947042594711,0.8981226027858151,0.8685149047843348,0.8683803243388735,0.8623242042931163,0.8138752439270573,0.7570822959423995,0.7848058677074221,0.15961240831707157,3.0
0.8473857748469147,0.886279523585223,0.9166947042594711,0.8981226027858151,0.8685149047843348,0.8683803243388735,0.8623242042931163,0.8138752439270573,0.7570822959423995,0.7848058677074221,0.7814413565708902,0.15961240831707157,3.0
0.886279523585223,0.9166947042594711,0.8981226027858151,0.8685149047843348,0.8683803243388735,0.8623242042931163,0.8138752439270573,0.7570822959423995,0.7848058677074221,0.7814413565708902,0.7759235583069779,0.15961240831707157,3.0
0.9166947042594711,0.8981226027858151,0.8685149047843348,0.8683803243388735,0.8623242042931163,0.8138752439270573,0.7570822959423995,0.7848058677074221,0.7814413565708902,0.7759235583069779,0.7717515644976785,0.15961240831707157,3.0
0.8981226027858151,0.8685149047843348,0.8683803243388735,0.8623242042931163,0.8138752439270573,0.7570822959423995,0.7848058677074221,0.7814413565708902,0.7759235583069779,0.7717515644976785,0.7613888701971603,0.14104030684341562,3.0
0.8685149047843348,0.8683803243388735,0.8623242042931163,0.8138752439270573,0.7570822959423995,0.7848058677074221,0.7814413565708902,0.7759235583069779,0.7717515644976785,0.7613888701971603,0.7810376152345064,0.11143260884193529,3.0
0.8683803243388735,0.8623242042931163,0.8138752439270573,0.7570822959423995,0.7848058677074221,0.7814413565708902,0.7759235583069779,0.7717515644976785,0.7613888701971603,0.7810376152345064,0.7979947513626271,0.11129802839647396,3.0
0.8623242042931163,0.8138752439270573,0.7570822959423995,0.7848058677074221,0.7814413565708902,0.7759235583069779,0.7717515644976785,0.7613888701971603,0.7810376152345064,0.7979947513626271,0.7740394320705202,0.10524190835071678,3.0
0.8138752439270573,0.7570822959423995,0.7848058677074221,0.7814413565708902,0.7759235583069779,0.7717515644976785,0.7613888701971603,0.7810376152345064,0.7979947513626271,0.7740394320705202,0.7390485162505889,0.07482672767646847,3.0
0.7570822959423995,0.7848058677074221,0.7814413565708902,0.7759235583069779,0.7717515644976785,0.7613888701971603,0.7810376152345064,0.7979947513626271,0.7740394320705202,0.7390485162505889,0.728820402395532,0.06917434896709507,3.0
0.7848058677074221,0.7814413565708902,0.7759235583069779,0.7717515644976785,0.7613888701971603,0.7810376152345064,0.7979947513626271,0.7740394320705202,0.7390485162505889,0.728820402395532,0.713612812058408,0.08438193930421911,3.0
0.7814413565708902,0.7759235583069779,0.7717515644976785,0.7613888701971603,0.7810376152345064,0.7979947513626271,0.7740394320705202,0.7390485162505889,0.728820402395532,0.713612812058408,0.6963865150393649,0.10160823632326221,3.0
0.7759235583069779,0.7717515644976785,0.7613888701971603,0.7810376152345064,0.7979947513626271,0.7740394320705202,0.7390485162505889,0.728820402395532,0.713612812058408,0.6963865150393649,0.6093129668259203,0.1886817845367068,3.0
0.7717515644976785,0.7613888701971603,0.7810376152345064,0.7979947513626271,0.7740394320705202,0.7390485162505889,0.728820402395532,0.713612812058408,0.6963865150393649,0.6093129668259203,0.5225085795033981,0.27548617185922897,3.0
0.7613888701971603,0.7810376152345064,0.7979947513626271,0.7740394320705202,0.7390485162505889,0.728820402395532,0.713612812058408,0.6963865150393649,0.6093129668259203,0.5225085795033981,0.43274342238072805,0.36525132898189905,3.0
0.7810376152345064,0.7979947513626271,0.7740394320705202,0.7390485162505889,0.728820402395532,0.713612812058408,0.6963865150393649,0.6093129668259203,0.5225085795033981,0.43274342238072805,0.3637036538590943,0.4342910975035328,3.0
0.7979947513626271,0.7740394320705202,0.7390485162505889,0.728820402395532,0.713612812058408,0.6963865150393649,0.6093129668259203,0.5225085795033981,0.43274342238072805,0.3637036538590943,0.32386784200255714,0.47412690936006996,0.0
0.7740394320705202,0.7390485162505889,0.728820402395532,0.713612812058408,0.6963865150393649,0.6093129668259203,0.5225085795033981,0.43274342238072805,0.3637036538590943,0.32386784200255714,0.24971401655339487,0.5243254155171253,0.0
0.7390485162505889,0.728820402395532,0.713612812058408,0.6963865150393649,0.6093129668259203,0.5225085795033981,0.43274342238072805,0.3637036538590943,0.32386784200255714,0.24971401655339487,0.177713478231613,0.5613350380189759,0.0
0.728820402395532,0.713612812058408,0.6963865150393649,0.6093129668259203,0.5225085795033981,0.43274342238072805,0.3637036538590943,0.32386784200255714,0.24971401655339487,0.177713478231613,0.10692416391898263,0.6218962384765494,0.0
0.713612812058408,0.6963865150393649,0.6093129668259203,0.5225085795033981,0.43274342238072805,0.3637036538590943,0.32386784200255714,0.24971401655339487,0.177713478231613,0.10692416391898263,0.04003768252472906,0.6735751295336789,0.0
0.6963865150393649,0.6093129668259203,0.5225085795033981,0.43274342238072805,0.3637036538590943,0.32386784200255714,0.24971401655339487,0.177713478231613,0.10692416391898263,0.04003768252472906,-0.02698337931498551,0.7233698943543504,0.0
0.6093129668259203,0.5225085795033981,0.43274342238072805,0.3637036538590943,0.32386784200255714,0.24971401655339487,0.177713478231613,0.10692416391898263,0.04003768252472906,-0.02698337931498551,-0.09400444115470019,0.7033174079806205,0.0
0.5225085795033981,0.43274342238072805,0.3637036538590943,0.32386784200255714,0.24971401655339487,0.177713478231613,0.10692416391898263,0.04003768252472906,-0.02698337931498551,-0.09400444115470019,-0.15994885943072468,0.6824574389341228,0.0
0.43274342238072805,0.3637036538590943,0.32386784200255714,0.24971401655339487,0.177713478231613,0.10692416391898263,0.04003768252472906,-0.02698337931498551,-0.09400444115470019,-0.15994885943072468,-0.19090236188681786,0.6236457842675459,0.0
0.3637036538590943,0.32386784200255714,0.24971401655339487,0.177713478231613,0.10692416391898263,0.04003768252472906,-0.02698337931498551,-0.09400444115470019,-0.15994885943072468,-0.19090236188681786,-0.25523181481730706,0.6189354686764014,0.0
0.32386784200255714,0.24971401655339487,0.177713478231613,0.10692416391898263,0.04003768252472906,-0.02698337931498551,-0.09400444115470019,-0.15994885943072468,-0.19090236188681786,-0.25523181481730706,-0.3180808828477222,0.6419487248502793,0.0
0.24971401655339487,0.177713478231613,0.10692416391898263,0.04003768252472906,-0.02698337931498551,-0.09400444115470019,-0.15994885943072468,-0.19090236188681786,-0.25523181481730706,-0.3180808828477222,-0.3774308592961443,0.6271448758495392,0.0
0.177713478231613,0.10692416391898263,0.04003768252472906,-0.02698337931498551,-0.09400444115470019,-0.15994885943072468,-0.19090236188681786,-0.25523181481730706,-0.3180808828477222,-0.3774308592961443,-0.4673305968642756,0.6450440750958886,0.0
0.10692416391898263,0.04003768252472906,-0.02698337931498551,-0.09400444115470019,-0.15994885943072468,-0.19090236188681786,-0.25523181481730706,-0.3180808828477222,-0.3774308592961443,-0.4673305968642756,-0.5514433752775721,0.6583675391965548,0.0
0.04003768252472906,-0.02698337931498551,-0.09400444115470019,-0.15994885943072468,-0.19090236188681786,-0.25523181481730706,-0.3180808828477222,-0.3774308592961443,-0.4673305968642756,-0.5514433752775721,-0.634525975338589,0.6745636578633181,0.0
-0.02698337931498551,-0.09400444115470019,-0.15994885943072468,-0.19090236188681786,-0.25523181481730706,-0.3180808828477222,-0.3774308592961443,-0.4673305968642756,-0.5514433752775721,-0.634525975338589,-0.6770756053146287,0.6500922259996432,0.0
-0.09400444115470019,-0.15994885943072468,-0.19090236188681786,-0.25523181481730706,-0.3180808828477222,-0.3774308592961443,-0.4673305968642756,-0.5514433752775721,-0.634525975338589,-0.6770756053146287,-0.719198483617655,0.6251940424629548,0.0
-0.15994885943072468,-0.19090236188681786,-0.25523181481730706,-0.3180808828477222,-0.3774308592961443,-0.4673305968642756,-0.5514433752775721,-0.634525975338589,-0.6770756053146287,-0.719198483617655,-0.8098901098901099,0.6499412504593852,0.0
-0.19090236188681786,-0.25523181481730706,-0.3180808828477222,-0.3774308592961443,-0.4673305968642756,-0.5514433752775721,-0.634525975338589,-0.6770756053146287,-0.719198483617655,-0.8098901098901099,-0.8690934065934066,0.6781910447065888,0.0
-0.25523181481730706,-0.3180808828477222,-0.3774308592961443,-0.4673305968642756,-0.5514433752775721,-0.634525975338589,-0.6770756053146287,-0.719198483617655,-0.8098901098901099,-0.8690934065934066,-0.9252747252747253,0.6700429104574183,0.0
-0.3180808828477222,-0.3774308592961443,-0.4673305968642756,-0.5514433752775721,-0.634525975338589,-0.6770756053146287,-0.719198483617655,-0.8098901098901099,-0.8690934065934066,-0.9252747252747253,-0.976510989010989,0.6584301061632668,0.0
-0.3774308592961443,-0.4673305968642756,-0.5514433752775721,-0.634525975338589,-0.6770756053146287,-0.719198483617655,-0.8098901098901099,-0.8690934065934066,-0.9252747252747253,-0.976510989010989,-0.9896978021978022,0.612266942901658,0.0
-0.4673305968642756,-0.5514433752775721,-0.634525975338589,-0.6770756053146287,-0.719198483617655,-0.8098901098901099,-0.8690934065934066,-0.9252747252747253,-0.976510989010989,-0.9896978021978022,-0.9989010989010989,0.5315705020368233,0.0
-0.5514433752775721,-0.634525975338589,-0.6770756053146287,-0.719198483617655,-0.8098901098901099,-0.8690934065934066,-0.9252747252747253,-0.976510989010989,-0.9896978021978022,-0.9989010989010989,-1.0,0.44855662472242785,0.0
-0.634525975338589,-0.6770756053146287,-0.719198483617655,-0.8098901098901099,-0.8690934065934066,-0.9252747252747253,-0.976510989010989,-0.9896978021978022,-0.9989010989010989,-1.0,-1.0,0.365474024661411,0.0
-0.6770756053146287,-0.719198483617655,-0.8098901098901099,-0.8690934065934066,-0.9252747252747253,-0.976510989010989,-0.9896978021978022,-0.9989010989010989,-1.0,-1.0,-1.0,0.32292439468537126,1.0
-0.719198483617655,-0.8098901098901099,-0.8690934065934066,-0.9252747252747253,-0.976510989010989,-0.9896978021978022,-0.9989010989010989,-1.0,-1.0,-1.0,-1.0,0.28080151638234496,1.0
-0.8098901098901099,-0.8690934065934066,-0.9252747252747253,-0.976510989010989,-0.9896978021978022,-0.9989010989010989,-1.0,-1.0,-1.0,-1.0,-1.0,0.1901098901098901,1.0
-0.8690934065934066,-0.9252747252747253,-0.976510989010989,-0.9896978021978022,-0.9989010989010989,-1.0,-1.0,-1.0,-1.0,-1.0,-1.0,0.13090659340659339,1.0
-0.9252747252747253,-0.976510989010989,-0.9896978021978022,-0.9989010989010989,-1.0,-1.0,-1.0,-1.0,-1.0,-1.0,-1.0,0.07472527472527468,1.0
-0.976510989010989,-0.9896978021978022,-0.9989010989010989,-1.0,-1.0,-1.0,-1.0,-1.0,-1.0,-1.0,-0.9990523251878427,0.023489010989011017,1.0
-0.9896978021978022,-0.9989010989010989,-1.0,-1.0,-1.0,-1.0,-1.0,-1.0,-1.0,-0.9990523251878427,-0.9935016584309213,0.010302197802197766,1.0
-0.9989010989010989,-1.0,-1.0,-1.0,-1.0,-1.0,-1.0,-1.0,-0.9990523251878427,-0.9935016584309213,-0.9837541460773032,0.01624585392269684,1.0
-1.0,-1.0,-1.0,-1.0,-1.0,-1.0,-1.0,-0.9990523251878427,-0.9935016584309213,-0.9837541460773032,-0.9325797062208082,0.06742029377919179,1.0
-1.0,-1.0,-1.0,-1.0,-1.0,-1.0,-0.9990523251878427,-0.9935016584309213,-0.9837541460773032,-0.9325797062208082,-0.8750423069112571,0.12495769308874294,1.0
-1.0,-1.0,-1.0,-1.0,-1.0,-0.9990523251878427,-0.9935016584309213,-0.9837541460773032,-0.9325797062208082,-0.8750423069112571,-0.8111419481486496,0.1888580518513504,1.0
-1.0,-1.0,-1.0,-1.0,-0.9990523251878427,-0.9935016584309213,-0.9837541460773032,-0.9325797062208082,-0.8750423069112571,-0.8111419481486496,-0.7743180125905368,0.22568198740946321,1.0
-1.0,-1.0,-1.0,-0.9990523251878427,-0.9935016584309213,-0.9837541460773032,-0.9325797062208082,-0.8750423069112571,-0.8111419481486496,-0.7743180125905368,-0.7303188248832329,0.26968117511676715,1.0
-1.0,-1.0,-0.9990523251878427,-0.9935016584309213,-0.9837541460773032,-0.9325797062208082,-0.8750423069112571,-0.8111419481486496,-0.7743180125905368,-0.7303188248832329,-0.6409666283084005,0.35903337169159955,2.0
-1.0,-0.9990523251878427,-0.9935016584309213,-0.9837541460773032,-0.9325797062208082,-0.8750423069112571,-0.8111419481486496,-0.7743180125905368,-0.7303188248832329,-0.6409666283084005,-0.5426792120760848,0.4573207879239152,2.0
-0.9990523251878427,-0.9935016584309213,-0.9837541460773032,-0.9325797062208082,-0.8750423069112571,-0.8111419481486496,-0.7743180125905368,-0.7303188248832329,-0.6409666283084005,-0.5426792120760848,-0.4688959588438367,0.530156366344006,2.0
-0.9935016584309213,-0.9837541460773032,-0.9325797062208082,-0.8750423069112571,-0.8111419481486496,-0.7743180125905368,-0.7303188248832329,-0.6409666283084005,-0.5426792120760848,-0.4688959588438367,-0.38644825018615037,0.6070534082447709,2.0
-0.9837541460773032,-0.9325797062208082,-0.8750423069112571,-0.8111419481486496,-0.7743180125905368,-0.7303188248832329,-0.6409666283084005,-0.5426792120760848,-0.4688959588438367,-0.38644825018615037,-0.2616259392134299,0.7221282068638732,2.0
-0.9325797062208082,-0.8750423069112571,-0.8111419481486496,-0.7743180125905368,-0.7303188248832329,-0.6409666283084005,-0.5426792120760848,-0.4688959588438367,-0.38644825018615037,-0.2616259392134299,-0.13301292899208017,0.799566777228728,2.0
-0.8750423069112571,-0.8111419481486496,-0.7743180125905368,-0.7303188248832329,-0.6409666283084005,-0.5426792120760848,-0.4688959588438367,-0.38644825018615037,-0.2616259392134299,-0.13301292899208017,-0.036214716036011674,0.8388275908752454,2.0
-0.8111419481486496,-0.7743180125905368,-0.7303188248832329,-0.6409666283084005,-0.5426792120760848,-0.4688959588438367,-0.38644825018615037,-0.2616259392134299,-0.13301292899208017,-0.036214716036011674,0.024978000406146394,0.836119948554796,2.0
-0.7743180125905368,-0.7303188248832329,-0.6409666283084005,-0.5426792120760848,-0.4688959588438367,-0.38644825018615037,-0.2616259392134299,-0.13301292899208017,-0.036214716036011674,0.024978000406146394,0.12042239220199003,0.8947404047925268,2.0
-0.7303188248832329,-0.6409666283084005,-0.5426792120760848,-0.4688959588438367,-0.38644825018615037,-0.2616259392134299,-0.13301292899208017,-0.036214716036011674,0.024978000406146394,0.12042239220199003,0.2166790766939688,0.9469979015772017,2.0
-0.6409666283084005,-0.5426792120760848,-0.4688959588438367,-0.38644825018615037,-0.2616259392134299,-0.13301292899208017,-0.036214716036011674,0.024978000406146394,0.12042239220199003,0.2166790766939688,0.34610437961145335,0.9870710079198538,2.0
-0.5426792120760848,-0.4688959588438367,-0.38644825018615037,-0.2616259392134299,-0.13301292899208017,-0.036214716036011674,0.024978000406146394,0.12042239220199003,0.2166790766939688,0.34610437961145335,0.43992418601502736,0.9826033980911122,2.0
-0.4688959588438367,-0.38644825018615037,-0.2616259392134299,-0.13301292899208017,-0.036214716036011674,0.024978000406146394,0.12042239220199003,0.2166790766939688,0.34610437961145335,0.43992418601502736,0.4967846747444662,0.9656806335883029,2.0
-0.38644825018615037,-0.2616259392134299,-0.13301292899208017,-0.036214716036011674,0.024978000406146394,0.12042239220199003,0.2166790766939688,0.34610437961145335,0.43992418601502736,0.4967846747444662,0.5503959926893658,0.9368442428755162,2.0
-0.2616259392134299,-0.13301292899208017,-0.036214716036011674,0.024978000406146394,0.12042239220199003,0.2166790766939688,0.34610437961145335,0.43992418601502736,0.4967846747444662,0.5503959926893658,0.6688553442090299,0.9304812834224598,2.0
-0.13301292899208017,-0.036214716036011674,0.024978000406146394,0.12042239220199003,0.2166790766939688,0.34610437961145335,0.43992418601502736,0.4967846747444662,0.5503959926893658,0.6688553442090299,0.8042524005486968,0.937265329540777,2.0
-0.036214716036011674,0.024978000406146394,0.12042239220199003,0.2166790766939688,0.34610437961145335,0.43992418601502736,0.4967846747444662,0.5503959926893658,0.6688553442090299,0.8042524005486968,0.910195530726257,0.9464102467622687,2.0
0.024978000406146394,0.12042239220199003,0.2166790766939688,0.34610437961145335,0.43992418601502736,0.4967846747444662,0.5503959926893658,0.6688553442090299,0.8042524005486968,0.910195530726257,1.0,0.9750219995938536,2.0
0.12042239220199003,0.2166790766939688,0.34610437961145335,0.43992418601502736,0.4967846747444662,0.5503959926893658,0.6688553442090299,0.8042524005486968,0.910195530726257,1.0,1.0,0.87957760779801,2.0
0.2166790766939688,0.34610437961145335,0.43992418601502736,0.4967846747444662,0.5503959926893658,0.6688553442090299,0.8042524005486968,0.910195530726257,1.0,1.0,1.0,0.7833209233060312,2.0
0.34610437961145335,0.43992418601502736,0.4967846747444662,0.5503959926893658,0.6688553442090299,0.8042524005486968,0.910195530726257,1.0,1.0,1.0,1.0,0.6538956203885467,2.0
0.43992418601502736,0.4967846747444662,0.5503959926893658,0.6688553442090299,0.8042524005486968,0.910195530726257,1.0,1.0,1.0,1.0,1.0,0.5600758139849726,2.0
0.4967846747444662,0.5503959926893658,0.6688553442090299,0.8042524005486968,0.910195530726257,1.0,1.0,1.0,1.0,1.0,1.0,0.5032153252555338,3.0
0.5503959926893658,0.6688553442090299,0.8042524005486968,0.910195530726257,1.0,1.0,1.0,1.0,1.0,1.0,1.0,0.4496040073106342,3.0
0.6688553442090299,0.8042524005486968,0.910195530726257,1.0,1.0,1.0,1.0,1.0,1.0,1.0,1.0,0.3311446557909701,3.0
0.8042524005486968,0.910195530726257,1.0,1.0,1.0,1.0,1.0,1.0,1.0,1.0,1.0,0.19574759945130316,3.0
0.910195530726257,1.0,1.0,1.0,1.0,1.0,1.0,1.0,1.0,1.0,1.0,0.08980446927374297,3.0
1.0,1.0,1.0,1.0,1.0,1.0,1.0,1.0,1.0,1.0,0.9922962636878887,0.007703736312111298,3.0
1.0,1.0,1.0,1.0,1.0,1.0,1.0,1.0,1.0,0.9922962636878887,0.9766686843118912,0.023331315688108756,3.0
1.0,1.0,1.0,1.0,1.0,1.0,1.0,1.0,0.9922962636878887,0.9766686843118912,0.9765586309360039,0.023441369063996076,3.0
1.0,1.0,1.0,1.0,1.0,1.0,1.0,0.9922962636878887,0.9766686843118912,0.9765586309360039,0.9928465305673251,0.023441369063996076,3.0
1.0,1.0,1.0,1.0,1.0,1.0,0.9922962636878887,0.9766686843118912,0.9765586309360039,0.9928465305673251,0.9678644142409067,0.032135585759093255,3.0
1.0,1.0,1.0,1.0,1.0,0.9922962636878887,0.9766686843118912,0.9765586309360039,0.9928465305673251,0.9678644142409067,0.9300060529356737,0.06999394706432627,3.0
1.0,1.0,1.0,1.0,0.9922962636878887,0.9766686843118912,0.9765586309360039,0.9928465305673251,0.9678644142409067,0.9300060529356737,0.9090959115170858,0.0909040884829142,3.0
1.0,1.0,1.0,0.9922962636878887,0.9766686843118912,0.9765586309360039,0.9928465305673251,0.9678644142409067,0.9300060529356737,0.9090959115170858,0.8210532108072415,0.17894678919275853,3.0
1.0,1.0,0.9922962636878887,0.9766686843118912,0.9765586309360039,0.9928465305673251,0.9678644142409067,0.9300060529356737,0.9090959115170858,0.8210532108072415,0.7226654927639906,0.2773345072360094,3.0
1.0,0.9922962636878887,0.9766686843118912,0.9765586309360039,0.9928465305673251,0.9678644142409067,0.9300060529356737,0.9090959115170858,0.8210532108072415,0.7226654927639906,0.6436471688769052,0.3563528311230948,3.0
0.9922962636878887,0.9766686843118912,0.9765586309360039,0.9928465305673251,0.9678644142409067,0.9300060529356737,0.9090959115170858,0.8210532108072415,0.7226654927639906,0.6436471688769052,0.5600066032025532,0.43283992736477184,3.0
0.9766686843118912,0.9765586309360039,0.9928465305673251,0.9678644142409067,0.9300060529356737,0.9090959115170858,0.8210532108072415,0.7226654927639906,0.6436471688769052,0.5600066032025532,0.4737247565069058,0.5191217740604193,0.0
0.9765586309360039,0.9928465305673251,0.9678644142409067,0.9300060529356737,0.9090959115170858,0.8210532108072415,0.7226654927639906,0.6436471688769052,0.5600066032025532,0.4737247565069058,0.3867825895559347,0.6060639410113904,0.0
0.9928465305673251,0.9678644142409067,0.9300060529356737,0.9090959115170858,0.8210532108072415,0.7226654927639906,0.6436471688769052,0.5600066032025532,0.4737247565069058,0.3867825895559347,0.30094095636383655,0.6919055742034885,0.0
0.9678644142409067,0.9300060529356737,0.9090959115170858,0.8210532108072415,0.7226654927639906,0.6436471688769052,0.5600066032025532,0.4737247565069058,0.3867825895559347,0.30094095636383655,0.21531942992351283,0.7525449843173939,0.0
0.9300060529356737,0.9090959115170858,0.8210532108072415,0.7226654927639906,0.6436471688769052,0.5600066032025532,0.4737247565069058,0.3867825895559347,0.30094095636383655,0.21531942992351283,0.13321961151158312,0.7967864414240906,0.0
0.9090959115170858,0.8210532108072415,0.7226654927639906,0.6436471688769052,0.5600066032025532,0.4737247565069058,0.3867825895559347,0.30094095636383655,0.21531942992351283,0.13321961151158312,0.0846860727452814,0.8244098387718044,0.0
0.8210532108072415,0.7226654927639906,0.6436471688769052,0.5600066032025532,0.4737247565069058,0.3867825895559347,0.30094095636383655,0.21531942992351283,0.13321961151158312,0.0846860727452814,0.011170417652561548,0.8098827931546799,0.0
0.7226654927639906,0.6436471688769052,0.5600066032025532,0.4737247565069058,0.3867825895559347,0.30094095636383655,0.21531942992351283,0.13321961151158312,0.0846860727452814,0.011170417652561548,-0.08776756727012602,0.8104330600341166,0.0
0.6436471688769052,0.5600066032025532,0.4737247565069058,0.3867825895559347,0.30094095636383655,0.21531942992351283,0.13321961151158312,0.0846860727452814,0.011170417652561548,-0.08776756727012602,-0.15523028668904415,0.7988774555659494,0.0
0.5600066032025532,0.4737247565069058,0.3867825895559347,0.30094095636383655,0.21531942992351283,0.13321961151158312,0.0846860727452814,0.011170417652561548,-0.08776756727012602,-0.15523028668904415,-0.19066747372475645,0.7506740769273097,0.0
0.4737247565069058,0.3867825895559347,0.30094095636383655,0.21531942992351283,0.13321961151158312,0.0846860727452814,0.011170417652561548,-0.08776756727012602,-0.15523028668904415,-0.19066747372475645,-0.25020635007978875,0.7239311065866946,0.0
0.3867825895559347,0.30094095636383655,0.21531942992351283,0.13321961151158312,0.0846860727452814,0.011170417652561548,-0.08776756727012602,-0.15523028668904415,-0.19066747372475645,-0.25020635007978875,-0.30633357178231446,0.6931161613382492,0.0
0.30094095636383655,0.21531942992351283,0.13321961151158312,0.0846860727452814,0.011170417652561548,-0.08776756727012602,-0.15523028668904415,-0.19066747372475645,-0.25020635007978875,-0.30633357178231446,-0.3598195124635448,0.6607604688273814,0.0
0.21531942992351283,0.13321961151158312,0.0846860727452814,0.011170417652561548,-0.08776756727012602,-0.15523028668904415,-0.19066747372475645,-0.25020635007978875,-0.30633357178231446,-0.3598195124635448,-0.3820502943927805,0.5973697243162933,0.0
0.13321961151158312,0.0846860727452814,0.011170417652561548,-0.08776756727012602,-0.15523028668904415,-0.19066747372475645,-0.25020635007978875,-0.30633357178231446,-0.3598195124635448,-0.3820502943927805,-0.4304737797831949,0.563693391294778,0.0
0.0846860727452814,0.011170417652561548,-0.08776756727012602,-0.15523028668904415,-0.19066747372475645,-0.25020635007978875,-0.30633357178231446,-0.3598195124635448,-0.3820502943927805,-0.4304737797831949,-0.5023386342376053,0.5870247069828867,0.0
0.011170417652561548,-0.08776756727012602,-0.15523028668904415,-0.19066747372475645,-0.25020635007978875,-0.30633357178231446,-0.3598195124635448,-0.3820502943927805,-0.4304737797831949,-0.5023386342376053,-0.5715622076707203,0.5827326253232818,0.0
-0.08776756727012602,-0.15523028668904415,-0.19066747372475645,-0.25020635007978875,-0.30633357178231446,-0.3598195124635448,-0.3820502943927805,-0.4304737797831949,-0.5023386342376053,-0.5715622076707203,-0.6389148737137511,0.5511473064436251,0.0
-0.15523028668904415,-0.19066747372475645,-0.25020635007978875,-0.30633357178231446,-0.3598195124635448,-0.3820502943927805,-0.4304737797831949,-0.5023386342376053,-0.5715622076707203,-0.6389148737137511,-0.6732515269905904,0.5180212403015463,0.0
-0.19066747372475645,-0.25020635007978875,-0.30633357178231446,-0.3598195124635448,-0.3820502943927805,-0.4304737797831949,-0.5023386342376053,-0.5715622076707203,-0.6389148737137511,-0.6732515269905904,-0.7035162053595994,0.5128487316348429,0.0
-0.25020635007978875,-0.30633357178231446,-0.3598195124635448,-0.3820502943927805,-0.4304737797831949,-0.5023386342376053,-0.5715622076707203,-0.6389148737137511,-0.6732515269905904,-0.7035162053595994,-0.7294888020690035,0.4792824519892147,0.0
-0.30633357178231446,-0.3598195124635448,-0.3820502943927805,-0.4304737797831949,-0.5023386342376053,-0.5715622076707203,-0.6389148737137511,-0.6732515269905904,-0.7035162053595994,-0.7294888020690035,-0.7820943157431355,0.475760743960821,0.0
-0.3598195124635448,-0.3820502943927805,-0.4304737797831949,-0.5023386342376053,-0.5715622076707203,-0.6389148737137511,-0.6732515269905904,-0.7035162053595994,-0.7294888020690035,-0.7820943157431355,-0.832388708523634,0.4725691960600892,0.0
-0.3820502943927805,-0.4304737797831949,-0.5023386342376053,-0.5715622076707203,-0.6389148737137511,-0.6732515269905904,-0.7035162053595994,-0.7294888020690035,-0.7820943157431355,-0.832388708523634,-0.8800418202828372,0.4979915258900567,0.0
-0.4304737797831949,-0.5023386342376053,-0.5715622076707203,-0.6389148737137511,-0.6732515269905904,-0.7035162053595994,-0.7294888020690035,-0.7820943157431355,-0.832388708523634,-0.8800418202828372,-0.9259340780278436,0.49546029824464866,0.0
-0.5023386342376053,-0.5715622076707203,-0.6389148737137511,-0.6732515269905904,-0.7035162053595994,-0.7294888020690035,-0.7820943157431355,-0.832388708523634,-0.8800418202828372,-0.9259340780278436,-0.9685247344962307,0.4661861002586254,0.0
-0.5715622076707203,-0.6389148737137511,-0.6732515269905904,-0.7035162053595994,-0.7294888020690035,-0.7820943157431355,-0.832388708523634,-0.8800418202828372,-0.9259340780278436,-0.9685247344962307,-0.9812909260991581,0.40972871842843783,0.0
-0.6389148737137511,-0.6732515269905904,-0.7035162053595994,-0.7294888020690035,-0.7820943157431355,-0.832388708523634,-0.8800418202828372,-0.9259340780278436,-0.9685247344962307,-0.9812909260991581,-0.9917459968084521,0.352831123094701,0.0
-0.6732515269905904,-0.7035162053595994,-0.7294888020690035,-0.7820943157431355,-0.832388708523634,-0.8800418202828372,-0.9259340780278436,-0.9685247344962307,-0.9812909260991581,-0.9917459968084521,-1.0,0.32674847300940957,0.0
-0.7035162053595994,-0.7294888020690035,-0.7820943157431355,-0.832388708523634,-0.8800418202828372,-0.9259340780278436,-0.9685247344962307,-0.9812909260991581,-0.9917459968084521,-1.0,-1.0,0.29648379464040064,0.0
-0.7294888020690035,-0.7820943157431355,-0.832388708523634,-0.8800418202828372,-0.9259340780278436,-0.9685247344962307,-0.9812909260991581,-0.9917459968084521,-1.0,-1.0,-0.9769597893466454,0.27051119793099654,1.0
-0.7820943157431355,-0.832388708523634,-0.8800418202828372,-0.9259340780278436,-0.9685247344962307,-0.9812909260991581,-0.9917459968084521,-1.0,-1.0,-0.9769597893466454,-0.9530418563826869,0.21790568425686452,1.0
-0.832388708523634,-0.8800418202828372,-0.9259340780278436,-0.9685247344962307,-0.9812909260991581,-0.9917459968084521,-1.0,-1.0,-0.9769597893466454,-0.9530418563826869,-0.9566624609139284,0.167611291476366,1.0
-0.8800418202828372,-0.9259340780278436,-0.9685247344962307,-0.9812909260991581,-0.9917459968084521,-1.0,-1.0,-0.9769597893466454,-0.9530418563826869,-0.9566624609139284,-0.9321959515058423,0.11995817971716283,1.0
-0.9259340780278436,-0.9685247344962307,-0.9812909260991581,-0.9917459968084521,-1.0,-1.0,-0.9769597893466454,-0.9530418563826869,-0.9566624609139284,-0.9321959515058423,-0.9067420044983269,0.09325799550167313,1.0
-0.9685247344962307,-0.9812909260991581,-0.9917459968084521,-1.0,-1.0,-0.9769597893466454,-0.9530418563826869,-0.9566624609139284,-0.9321959515058423,-0.9067420044983269,-0.8818366339349388,0.11816336606506117,1.0
-0.9812909260991581,-0.9917459968084521,-1.0,-1.0,-0.9769597893466454,-0.9530418563826869,-0.9566624609139284,-0.9321959515058423,-0.9067420044983269,-0.8818366339349388,-0.8547369575950409,0.14526304240495913,1.0
-0.9917459968084521,-1.0,-1.0,-0.9769597893466454,-0.9530418563826869,-0.9566624609139284,-0.9321959515058423,-0.9067420044983269,-0.8818366339349388,-0.8547369575950409,-0.8555049646168194,0.14526304240495913,1.0
-1.0,-1.0,-0.9769597893466454,-0.9530418563826869,-0.9566624609139284,-0.9321959515058423,-0.9067420044983269,-0.8818366339349388,-0.8547369575950409,-0.8555049646168194,-0.8557243951944704,0.14526304240495913,1.0
-1.0,-0.9769597893466454,-0.9530418563826869,-0.9566624609139284,-0.9321959515058423,-0.9067420044983269,-0.8818366339349388,-0.8547369575950409,-0.8555049646168194,-0.8557243951944704,-0.8558341104832958,0.14526304240495913,1.0
-0.9769597893466454,-0.9530418563826869,-0.9566624609139284,-0.9321959515058423,-0.9067420044983269,-0.8818366339349388,-0.8547369575950409,-0.8555049646168194,-0.8557243951944704,-0.8558341104832958,-0.8559438257721214,0.12222283175160453,1.0
-0.9530418563826869,-0.9566624609139284,-0.9321959515058423,-0.9067420044983269,-0.8818366339349388,-0.8547369575950409,-0.8555049646168194,-0.8557243951944704,-0.8558341104832958,-0.8559438257721214,-0.8563826869274234,0.1019255033188875,1.0
-0.9566624609139284,-0.9321959515058423,-0.9067420044983269,-0.8818366339349388,-0.8547369575950409,-0.8555049646168194,-0.8557243951944704,-0.8558341104832958,-0.8559438257721214,-0.8563826869274234,-0.8824949256678918,0.1019255033188875,1.0
-0.9321959515058423,-0.9067420044983269,-0.8818366339349388,-0.8547369575950409,-0.8555049646168194,-0.8557243951944704,-0.8558341104832958,-0.8559438257721214,-0.8563826869274234,-0.8824949256678918,-0.9070711503648033,0.07745899391080147,1.0
-0.9067420044983269,-0.8818366339349388,-0.8547369575950409,-0.8555049646168194,-0.8557243951944704,-0.8558341104832958,-0.8559438257721214,-0.8563826869274234,-0.8824949256678918,-0.9070711503648033,-0.8998299413023205,0.05233419276976248,1.0
-0.8818366339349388,-0.8547369575950409,-0.8555049646168194,-0.8557243951944704,-0.8558341104832958,-0.8559438257721214,-0.8563826869274234,-0.8824949256678918,-0.9070711503648033,-0.8998299413023205,-0.8838115091337978,0.05233419276976248,1.0
-0.8547369575950409,-0.8555049646168194,-0.8557243951944704,-0.8558341104832958,-0.8559438257721214,-0.8563826869274234,-0.8824949256678918,-0.9070711503648033,-0.8998299413023205,-0.8838115091337978,-0.8608810137692687,0.05233419276976248,1.0
-0.8555049646168194,-0.8557243951944704,-0.8558341104832958,-0.8559438257721214,-0.8563826869274234,-0.8824949256678918,-0.9070711503648033,-0.8998299413023205,-0.8838115091337978,-0.8608810137692687,-0.8594547150145373,0.051566185747983995,1.0
-0.8557243951944704,-0.8558341104832958,-0.8559438257721214,-0.8563826869274234,-0.8824949256678918,-0.9070711503648033,-0.8998299413023205,-0.8838115091337978,-0.8608810137692687,-0.8594547150145373,-0.851006637774974,0.05606451258982936,1.0
-0.8558341104832958,-0.8559438257721214,-0.8563826869274234,-0.8824949256678918,-0.9070711503648033,-0.8998299413023205,-0.8838115091337978,-0.8608810137692687,-0.8594547150145373,-0.851006637774974,-0.7791431235942728,0.1279280267705305,1.0
-0.8559438257721214,-0.8563826869274234,-0.8824949256678918,-0.9070711503648033,-0.8998299413023205,-0.8838115091337978,-0.8608810137692687,-0.8594547150145373,-0.851006637774974,-0.7791431235942728,-0.7017938449722969,0.20527730539250644,1.0
-0.8563826869274234,-0.8824949256678918,-0.9070711503648033,-0.8998299413023205,-0.8838115091337978,-0.8608810137692687,-0.8594547150145373,-0.851006637774974,-0.7791431235942728,-0.7017938449722969,-0.6446321794942125,0.26243897087059087,1.0
-0.8824949256678918,-0.9070711503648033,-0.8998299413023205,-0.8838115091337978,-0.8608810137692687,-0.8594547150145373,-0.851006637774974,-0.7791431235942728,-0.7017938449722969,-0.6446321794942125,-0.5790224367765648,0.3280487135882385,1.0
-0.9070711503648033,-0.8998299413023205,-0.8838115091337978,-0.8608810137692687,-0.8594547150145373,-0.851006637774974,-0.7791431235942728,-0.7017938449722969,-0.6446321794942125,-0.5790224367765648,-0.47918152394536173,0.4278896264194416,2.0
-0.8998299413023205,-0.8838115091337978,-0.8608810137692687,-0.8594547150145373,-0.851006637774974,-0.7791431235942728,-0.7017938449722969,-0.6446321794942125,-0.5790224367765648,-0.47918152394536173,-0.3757200065829174,0.5241099347194031,2.0
-0.8838115091337978,-0.8608810137692687,-0.8594547150145373,-0.851006637774974,-0.7791431235942728,-0.7017938449722969,-0.6446321794942125,-0.5790224367765648,-0.47918152394536173,-0.3757200065829174,-0.26776016237862743,0.6160513467551704,2.0
-0.8608810137692687,-0.8594547150145373,-0.851006637774974,-0.7791431235942728,-0.7017938449722969,-0.6446321794942125,-0.5790224367765648,-0.47918152394536173,-0.3757200065829174,-0.26776016237862743,-0.1871194250918865,0.6737615886773822,2.0
-0.8594547150145373,-0.851006637774974,-0.7791431235942728,-0.7017938449722969,-0.6446321794942125,-0.5790224367765648,-0.47918152394536173,-0.3757200065829174,-0.26776016237862743,-0.1871194250918865,-0.1384058368533655,0.7210488781611718,2.0
-0.851006637774974,-0.7791431235942728,-0.7017938449722969,-0.6446321794942125,-0.5790224367765648,-0.47918152394536173,-0.3757200065829174,-0.26776016237862743,-0.1871194250918865,-0.1384058368533655,-0.09320313785726042,0.7578034999177136,2.0
-0.7791431235942728,-0.7017938449722969,-0.6446321794942125,-0.5790224367765648,-0.47918152394536173,-0.3757200065829174,-0.26776016237862743,-0.1871194250918865,-0.1384058368533655,-0.09320313785726042,0.005760052663338566,0.7849031762576114,2.0
-0.7017938449722969,-0.6446321794942125,-0.5790224367765648,-0.47918152394536173,-0.3757200065829174,-0.26776016237862743,-0.1871194250918865,-0.1384058368533655,-0.09320313785726042,0.005760052663338566,0.09781117998793132,0.7996050249602282,2.0
-0.6446321794942125,-0.5790224367765648,-0.47918152394536173,-0.3757200065829174,-0.26776016237862743,-0.1871194250918865,-0.1384058368533655,-0.09320313785726042,0.005760052663338566,0.09781117998793132,0.1569477206648746,0.8015799001590871,2.0
-0.5790224367765648,-0.47918152394536173,-0.3757200065829174,-0.26776016237862743,-0.1871194250918865,-0.1384058368533655,-0.09320313785726042,0.005760052663338566,0.09781117998793132,0.1569477206648746,0.21443853200943552,0.7934609687860004,2.0
-0.47918152394536173,-0.3757200065829174,-0.26776016237862743,-0.1871194250918865,-0.1384058368533655,-0.09320313785726042,0.005760052663338566,0.09781117998793132,0.1569477206648746,0.21443853200943552,0.295188984585002,0.7743705085303637,2.0
-0.3757200065829174,-0.26776016237862743,-0.1871194250918865,-0.1384058368533655,-0.09320313785726042,0.005760052663338566,0.09781117998793132,0.1569477206648746,0.21443853200943552,0.295188984585002,0.3434637116682209,0.7191837182511382,2.0
-0.26776016237862743,-0.1871194250918865,-0.1384058368533655,-0.09320313785726042,0.005760052663338566,0.09781117998793132,0.1569477206648746,0.21443853200943552,0.295188984585002,0.3434637116682209,0.36101815788030067,0.6287783202589281,2.0
-0.1871194250918865,-0.1384058368533655,-0.09320313785726042,0.005760052663338566,0.09781117998793132,0.1569477206648746,0.21443853200943552,0.295188984585002,0.3434637116682209,0.36101815788030067,0.3782434582259038,0.5653628833177903,2.0
-0.1384058368533655,-0.09320313785726042,0.005760052663338566,0.09781117998793132,0.1569477206648746,0.21443853200943552,0.295188984585002,0.3434637116682209,0.36101815788030067,0.3782434582259038,0.3922870151955675,0.530692852048933,2.0
-0.09320313785726042,0.005760052663338566,0.09781117998793132,0.1569477206648746,0.21443853200943552,0.295188984585002,0.3434637116682209,0.36101815788030067,0.3782434582259038,0.3922870151955675,0.45987163311207424,0.5530747709693347,2.0
0.005760052663338566,0.09781117998793132,0.1569477206648746,0.21443853200943552,0.295188984585002,0.3434637116682209,0.36101815788030067,0.3782434582259038,0.3922870151955675,0.45987163311207424,0.5270173898732788,0.5212573372099403,2.0
0.09781117998793132,0.1569477206648746,0.21443853200943552,0.295188984585002,0.3434637116682209,0.36101815788030067,0.3782434582259038,0.3922870151955675,0.45987163311207424,0.5270173898732788,0.5944922925009599,0.4966811125130286,2.0
0.1569477206648746,0.21443853200943552,0.295188984585002,0.3434637116682209,0.36101815788030067,0.3782434582259038,0.3922870151955675,0.45987163311207424,0.5270173898732788,0.5944922925009599,0.6319052059904549,0.47495748532558024,2.0
0.21443853200943552,0.295188984585002,0.3434637116682209,0.36101815788030067,0.3782434582259038,0.3922870151955675,0.45987163311207424,0.5270173898732788,0.5944922925009599,0.6319052059904549,0.669427834768775,0.45498930275933946,2.0
0.295188984585002,0.3434637116682209,0.36101815788030067,0.3782434582259038,0.3922870151955675,0.45987163311207424,0.5270173898732788,0.5944922925009599,0.6319052059904549,0.669427834768775,0.7066213176806189,0.4114323330956169,2.0
0.3434637116682209,0.36101815788030067,0.3782434582259038,0.3922870151955675,0.45987163311207424,0.5270173898732788,0.5944922925009599,0.6319052059904549,0.669427834768775,0.7066213176806189,0.7147402490537056,0.3712765373854847,2.0
0.36101815788030067,0.3782434582259038,0.3922870151955675,0.45987163311207424,0.5270173898732788,0.5944922925009599,0.6319052059904549,0.669427834768775,0.7066213176806189,0.7147402490537056,0.7218717428273629,0.3608535849470622,2.0
0.3782434582259038,0.3922870151955675,0.45987163311207424,0.5270173898732788,0.5944922925009599,0.6319052059904549,0.669427834768775,0.7066213176806189,0.7147402490537056,0.7218717428273629,0.752262877832026,0.37401941960612217,2.0
0.3922870151955675,0.45987163311207424,0.5270173898732788,0.5944922925009599,0.6319052059904549,0.669427834768775,0.7066213176806189,0.7147402490537056,0.7218717428273629,0.752262877832026,0.7761808107959844,0.3838937956004169,2.0
0.45987163311207424,0.5270173898732788,0.5944922925009599,0.6319052059904549,0.669427834768775,0.7066213176806189,0.7147402490537056,0.7218717428273629,0.752262877832026,0.7761808107959844,0.8194086345932305,0.3595370014811563,2.0
0.5270173898732788,0.5944922925009599,0.6319052059904549,0.669427834768775,0.7066213176806189,0.7147402490537056,0.7218717428273629,0.752262877832026,0.7761808107959844,0.8194086345932305,0.8537495199956113,0.3267321301223325,2.0
0.5944922925009599,0.6319052059904549,0.669427834768775,0.7066213176806189,0.7147402490537056,0.7218717428273629,0.752262877832026,0.7761808107959844,0.8194086345932305,0.8537495199956113,0.8240166767239014,0.2592572274946514,2.0
0.6319052059904549,0.669427834768775,0.7066213176806189,0.7147402490537056,0.7218717428273629,0.752262877832026,0.7761808107959844,0.8194086345932305,0.8537495199956113,0.8240166767239014,0.7839705963025947,0.22184431400515647,2.0
0.669427834768775,0.7066213176806189,0.7147402490537056,0.7218717428273629,0.752262877832026,0.7761808107959844,0.8194086345932305,0.8537495199956113,0.8240166767239014,0.7839705963025947,0.7595040868945087,0.18432168522683634,2.0
0.7066213176806189,0.7147402490537056,0.7218717428273629,0.752262877832026,0.7761808107959844,0.8194086345932305,0.8537495199956113,0.8240166767239014,0.7839705963025947,0.7595040868945087,0.724066048603873,0.14712820231499246,2.0
0.7147402490537056,0.7218717428273629,0.752262877832026,0.7761808107959844,0.8194086345932305,0.8537495199956113,0.8240166767239014,0.7839705963025947,0.7595040868945087,0.724066048603873,0.650885950957266,0.20286356903834535,0.0
0.7218717428273629,0.752262877832026,0.7761808107959844,0.8194086345932305,0.8537495199956113,0.8240166767239014,0.7839705963025947,0.7595040868945087,0.724066048603873,0.650885950957266,0.5693674913599209,0.2843820286356904,0.0
0.752262877832026,0.7761808107959844,0.8194086345932305,0.8537495199956113,0.8240166767239014,0.7839705963025947,0.7595040868945087,0.724066048603873,0.650885950957266,0.5693674913599209,0.5343683142245872,0.31938120577102413,0.0
0.7761808107959844,0.8194086345932305,0.8537495199956113,0.8240166767239014,0.7839705963025947,0.7595040868945087,0.724066048603873,0.650885950957266,0.5693674913599209,0.5343683142245872,0.49267650447089806,0.36107301552471327,0.0
0.8194086345932305,0.8537495199956113,0.8240166767239014,0.7839705963025947,0.7595040868945087,0.724066048603873,0.650885950957266,0.5693674913599209,0.5343683142245872,0.49267650447089806,0.44780295134126935,0.405946568654342,0.0
0.8537495199956113,0.8240166767239014,0.7839705963025947,0.7595040868945087,0.724066048603873,0.650885950957266,0.5693674913599209,0.5343683142245872,0.49267650447089806,0.44780295134126935,0.3725382632069778,0.4812112567886335,0.0
0.8240166767239014,0.7839705963025947,0.7595040868945087,0.724066048603873,0.650885950957266,0.5693674913599209,0.5343683142245872,0.49267650447089806,0.44780295134126935,0.3725382632069778,0.2696253222886609,0.5543913544352406,0.0
0.7839705963025947,0.7595040868945087,0.724066048603873,0.650885950957266,0.5693674913599209,0.5343683142245872,0.49267650447089806,0.44780295134126935,0.3725382632069778,0.2696253222886609,0.167809534258599,0.6161610620439957,0.0
0.7595040868945087,0.724066048603873,0.650885950957266,0.5693674913599209,0.5343683142245872,0.49267650447089806,0.44780295134126935,0.3725382632069778,0.2696253222886609,0.167809534258599,0.12348455757309784,0.6360195293214108,0.0
0.724066048603873,0.650885950957266,0.5693674913599209,0.5343683142245872,0.49267650447089806,0.44780295134126935,0.3725382632069778,0.2696253222886609,0.167809534258599,0.12348455757309784,0.08256075484118708,0.641505293762686,0.0
0.650885950957266,0.5693674913599209,0.5343683142245872,0.49267650447089806,0.44780295134126935,0.3725382632069778,0.2696253222886609,0.167809534258599,0.12348455757309784,0.08256075484118708,0.01870645674474747,0.6321794942125185,0.0
0.5693674913599209,0.5343683142245872,0.49267650447089806,0.44780295134126935,0.3725382632069778,0.2696253222886609,0.167809534258599,0.12348455757309784,0.08256075484118708,0.01870645674474747,-0.040539799221021466,0.6099072905809424,0.0
0.5343683142245872,0.49267650447089806,0.44780295134126935,0.3725382632069778,0.2696253222886609,0.167809534258599,0.12348455757309784,0.08256075484118708,0.01870645674474747,-0.040539799221021466,-0.09484886718964292,0.6292171814142301,0.0
0.49267650447089806,0.44780295134126935,0.3725382632069778,0.2696253222886609,0.167809534258599,0.12348455757309784,0.08256075484118708,0.01870645674474747,-0.040539799221021466,-0.09484886718964292,-0.14696362938175433,0.6396401338526524,0.0
0.44780295134126935,0.3725382632069778,0.2696253222886609,0.167809534258599,0.12348455757309784,0.08256075484118708,0.01870645674474747,-0.040539799221021466,-0.09484886718964292,-0.14696362938175433,-0.22365461627077732,0.6714575676120467,0.0
0.3725382632069778,0.2696253222886609,0.167809534258599,0.12348455757309784,0.08256075484118708,0.01870645674474747,-0.040539799221021466,-0.09484886718964292,-0.14696362938175433,-0.22365461627077732,-0.29891930440506886,0.6714575676120467,0.0
0.2696253222886609,0.167809534258599,0.12348455757309784,0.08256075484118708,0.01870645674474747,-0.040539799221021466,-0.09484886718964292,-0.14696362938175433,-0.22365461627077732,-0.29891930440506886,-0.34499972571177795,0.6146250480004388,0.0
0.167809534258599,0.12348455757309784,0.08256075484118708,0.01870645674474747,-0.040539799221021466,-0.09484886718964292,-0.14696362938175433,-0.22365461627077732,-0.29891930440506886,-0.34499972571177795,-0.36057929672499867,0.5283888309835977,0.0
0.12348455757309784,0.08256075484118708,0.01870645674474747,-0.040539799221021466,-0.09484886718964292,-0.14696362938175433,-0.22365461627077732,-0.29891930440506886,-0.34499972571177795,-0.36057929672499867,-0.37440342311701136,0.4978879806901092,0.0
0.08256075484118708,0.01870645674474747,-0.040539799221021466,-0.09484886718964292,-0.14696362938175433,-0.22365461627077732,-0.29891930440506886,-0.34499972571177795,-0.36057929672499867,-0.37440342311701136,-0.3854846672883866,0.4680454221295737,0.0
0.01870645674474747,-0.040539799221021466,-0.09484886718964292,-0.14696362938175433,-0.22365461627077732,-0.29891930440506886,-0.34499972571177795,-0.36057929672499867,-0.37440342311701136,-0.3854846672883866,-0.4208129902901969,0.4395194470349444,0.0
-0.040539799221021466,-0.09484886718964292,-0.14696362938175433,-0.22365461627077732,-0.29891930440506886,-0.34499972571177795,-0.36057929672499867,-0.37440342311701136,-0.3854846672883866,-0.4208129902901969,-0.45614131329200724,0.4156015140709858,0.0
-0.09484886718964292,-0.14696362938175433,-0.22365461627077732,-0.29891930440506886,-0.34499972571177795,-0.36057929672499867,-0.37440342311701136,-0.3854846672883866,-0.4208129902901969,-0.45614131329200724,-0.51845959734489,0.4236107301552471,0.0
-0.14696362938175433,-0.22365461627077732,-0.29891930440506886,-0.34499972571177795,-0.36057929672499867,-0.37440342311701136,-0.3854846672883866,-0.4208129902901969,-0.45614131329200724,-0.51845959734489,-0.5771572768665314,0.43019364748477706,0.0
-0.22365461627077732,-0.29891930440506886,-0.34499972571177795,-0.36057929672499867,-0.37440342311701136,-0.3854846672883866,-0.4208129902901969,-0.45614131329200724,-0.51845959734489,-0.5771572768665314,-0.6054638213835097,0.3818092051127324,0.0
-0.29891930440506886,-0.34499972571177795,-0.36057929672499867,-0.37440342311701136,-0.3854846672883866,-0.4208129902901969,-0.45614131329200724,-0.51845959734489,-0.5771572768665314,-0.6054638213835097,-0.6310274836798508,0.332108179274782,0.0
-0.34499972571177795,-0.36057929672499867,-0.37440342311701136,-0.3854846672883866,-0.4208129902901969,-0.45614131329200724,-0.51845959734489,-0.5771572768665314,-0.6054638213835097,-0.6310274836798508,-0.6542871249108564,0.30928739919907844,0.0
-0.36057929672499867,-0.37440342311701136,-0.3854846672883866,-0.4208129902901969,-0.45614131329200724,-0.51845959734489,-0.5771572768665314,-0.6054638213835097,-0.6310274836798508,-0.6542871249108564,-0.6745844533435734,0.31400515661857475,0.0
-0.37440342311701136,-0.3854846672883866,-0.4208129902901969,-0.45614131329200724,-0.51845959734489,-0.5771572768665314,-0.6054638213835097,-0.6310274836798508,-0.6542871249108564,-0.6745844533435734,-0.720335728783806,0.34593230566679467,0.0
-0.3854846672883866,-0.4208129902901969,-0.45614131329200724,-0.51845959734489,-0.5771572768665314,-0.6054638213835097,-0.6310274836798508,-0.6542871249108564,-0.6745844533435734,-0.720335728783806,-0.7634538372922267,0.3779691700038401,0.0
-0.4208129902901969,-0.45614131329200724,-0.51845959734489,-0.5771572768665314,-0.6054638213835097,-0.6310274836798508,-0.6542871249108564,-0.6745844533435734,-0.720335728783806,-0.7634538372922267,-0.8058039387788688,0.3849909484886719,0.0
-0.45614131329200724,-0.51845959734489,-0.5771572768665314,-0.6054638213835097,-0.6310274836798508,-0.6542871249108564,-0.6745844533435734,-0.720335728783806,-0.7634538372922267,-0.8058039387788688,-0.846398595644303,0.39025728235229573,0.0
-0.51845959734489,-0.5771572768665314,-0.6054638213835097,-0.6310274836798508,-0.6542871249108564,-0.6745844533435734,-0.720335728783806,-0.7634538372922267,-0.8058039387788688,-0.846398595644303,-0.8863349607767842,0.3678753634318942,0.0
-0.5771572768665314,-0.6054638213835097,-0.6310274836798508,-0.6542871249108564,-0.6745844533435734,-0.720335728783806,-0.7634538372922267,-0.8058039387788688,-0.846398595644303,-0.8863349607767842,-0.924186735421581,0.34702945855504963,0.0
-0.6054638213835097,-0.6310274836798508,-0.6542871249108564,-0.6745844533435734,-0.720335728783806,-0.7634538372922267,-0.8058039387788688,-0.846398595644303,-0.8863349607767842,-0.924186735421581,-0.9317570903505403,0.3262932689670306,0.0
-0.6310274836798508,-0.6542871249108564,-0.6745844533435734,-0.720335728783806,-0.7634538372922267,-0.8058039387788688,-0.846398595644303,-0.8863349607767842,-0.924186735421581,-0.9317570903505403,-0.9389982994130233,0.3079708157331724,0.0
-0.6542871249108564,-0.6745844533435734,-0.720335728783806,-0.7634538372922267,-0.8058039387788688,-0.846398595644303,-0.8863349607767842,-0.924186735421581,-0.9317570903505403,-0.9389982994130233,-0.9443743485654726,0.29008722365461626,0.0
-0.6745844533435734,-0.720335728783806,-0.7634538372922267,-0.8058039387788688,-0.846398595644303,-0.8863349607767842,-0.924186735421581,-0.9317570903505403,-0.9389982994130233,-0.9443743485654726,-0.949092105984969,0.27450765264139554,0.0
-0.720335728783806,-0.7634538372922267,-0.8058039387788688,-0.846398595644303,-0.8863349607767842,-0.924186735421581,-0.9317570903505403,-0.9389982994130233,-0.9443743485654726,-0.949092105984969,-0.9522738493609084,0.2319381205771024,1.0
-0.7634538372922267,-0.8058039387788688,-0.846398595644303,-0.8863349607767842,-0.924186735421581,-0.9317570903505403,-0.9389982994130233,-0.9443743485654726,-0.949092105984969,-0.9522738493609084,-0.9562235997586264,0.19276976246639965,1.0
-0.8058039387788688,-0.846398595644303,-0.8863349607767842,-0.924186735421581,-0.9317570903505403,-0.9389982994130233,-0.9443743485654726,-0.949092105984969,-0.9522738493609084,-0.9562235997586264,-0.9599539195786932,0.15414998079982445,1.0
-0.846398595644303,-0.8863349607767842,-0.924186735421581,-0.9317570903505403,-0.9389982994130233,-0.9443743485654726,-0.949092105984969,-0.9522738493609084,-0.9562235997586264,-0.9599539195786932,-0.9632453782434582,0.11684678259915526,1.0
-0.8863349607767842,-0.924186735421581,-0.9317570903505403,-0.9389982994130233,-0.9443743485654726,-0.949092105984969,-0.9522738493609084,-0.9562235997586264,-0.9599539195786932,-0.9632453782434582,-0.9666465521970486,0.08031159142026445,1.0
-0.924186735421581,-0.9317570903505403,-0.9389982994130233,-0.9443743485654726,-0.949092105984969,-0.9522738493609084,-0.9562235997586264,-0.9599539195786932,-0.9632453782434582,-0.9666465521970486,-0.9688408579735586,0.04465412255197754,1.0
-0.9317570903505403,-0.9389982994130233,-0.9443743485654726,-0.949092105984969,-0.9522738493609084,-0.9562235997586264,-0.9599539195786932,-0.9632453782434582,-0.9666465521970486,-0.9688408579735586,-0.9712545943277195,0.039497503977179216,1.0
-0.9389982994130233,-0.9443743485654726,-0.949092105984969,-0.9522738493609084,-0.9562235997586264,-0.9599539195786932,-0.9632453782434582,-0.9666465521970486,-0.9688408579735586,-0.9712545943277195,-0.9716934554830216,0.03269515606999829,1.0
-0.9443743485654726,-0.949092105984969,-0.9522738493609084,-0.9562235997586264,-0.9599539195786932,-0.9632453782434582,-0.9666465521970486,-0.9688408579735586,-0.9712545943277195,-0.9716934554830216,-0.9724614625048,0.02808711393932739,1.0
-0.949092105984969,-0.9522738493609084,-0.9562235997586264,-0.9599539195786932,-0.9632453782434582,-0.9666465521970486,-0.9688408579735586,-0.9712545943277195,-0.9716934554830216,-0.9724614625048,-0.9719128860606725,0.023369356519831075,1.0
-0.9522738493609084,-0.9562235997586264,-0.9599539195786932,-0.9632453782434582,-0.9666465521970486,-0.9688408579735586,-0.9712545943277195,-0.9716934554830216,-0.9724614625048,-0.9719128860606725,-0.9723517472159745,0.020187613143891614,1.0
-0.9562235997586264,-0.9599539195786932,-0.9632453782434582,-0.9666465521970486,-0.9688408579735586,-0.9712545943277195,-0.9716934554830216,-0.9724614625048,-0.9719128860606725,-0.9723517472159745,-0.972900323660102,0.016676723901475676,1.0
-0.9599539195786932,-0.9632453782434582,-0.9666465521970486,-0.9688408579735586,-0.9712545943277195,-0.9716934554830216,-0.9724614625048,-0.9719128860606725,-0.9723517472159745,-0.972900323660102,-0.9738877612595315,0.013933841680838221,1.0
-0.9632453782434582,-0.9666465521970486,-0.9688408579735586,-0.9712545943277195,-0.9716934554830216,-0.9724614625048,-0.9719128860606725,-0.9723517472159745,-0.972900323660102,-0.9738877612595315,-0.97465576828131,0.011410390037851714,1.0
-0.9666465521970486,-0.9688408579735586,-0.9712545943277195,-0.9716934554830216,-0.9724614625048,-0.9719128860606725,-0.9723517472159745,-0.972900323660102,-0.9738877612595315,-0.97465576828131,-0.9752043447254375,0.008557792528388841,1.0
-0.9688408579735586,-0.9712545943277195,-0.9716934554830216,-0.9724614625048,-0.9719128860606725,-0.9723517472159745,-0.972900323660102,-0.9738877612595315,-0.97465576828131,-0.9752043447254375,-0.9766306434801689,0.007789785506610358,1.0
-0.9712545943277195,-0.9716934554830216,-0.9724614625048,-0.9719128860606725,-0.9723517472159745,-0.972900323660102,-0.9738877612595315,-0.97465576828131,-0.9752043447254375,-0.9766306434801689,-0.976326800264259,0.00537604915244938,1.0
-0.9716934554830216,-0.9724614625048,-0.9719128860606725,-0.9723517472159745,-0.972900323660102,-0.9738877612595315,-0.97465576828131,-0.9752043447254375,-0.9766306434801689,-0.976326800264259,-0.975996476547016,0.004937187997147374,1.0
-0.9724614625048,-0.9719128860606725,-0.9723517472159745,-0.972900323660102,-0.9738877612595315,-0.97465576828131,-0.9752043447254375,-0.9766306434801689,-0.976326800264259,-0.975996476547016,-0.9743448579608016,0.004717757419496427,1.0
-0.9719128860606725,-0.9723517472159745,-0.972900323660102,-0.9738877612595315,-0.97465576828131,-0.9752043447254375,-0.9766306434801689,-0.976326800264259,-0.975996476547016,-0.9743448579608016,-0.9671878440872055,0.009442799392963441,1.0
-0.9723517472159745,-0.972900323660102,-0.9738877612595315,-0.97465576828131,-0.9752043447254375,-0.9766306434801689,-0.976326800264259,-0.975996476547016,-0.9743448579608016,-0.9671878440872055,-0.921726041144004,0.0549046023361649,1.0
-0.972900323660102,-0.9738877612595315,-0.97465576828131,-0.9752043447254375,-0.9766306434801689,-0.976326800264259,-0.975996476547016,-0.9743448579608016,-0.9671878440872055,-0.921726041144004,-0.8672199170124482,0.10941072646772076,1.0
-0.9738877612595315,-0.97465576828131,-0.9752043447254375,-0.9766306434801689,-0.976326800264259,-0.975996476547016,-0.9743448579608016,-0.9671878440872055,-0.921726041144004,-0.8672199170124482,-0.8337068321553756,0.14292381132479337,1.0
-0.97465576828131,-0.9752043447254375,-0.9766306434801689,-0.976326800264259,-0.975996476547016,-0.9743448579608016,-0.9671878440872055,-0.921726041144004,-0.8672199170124482,-0.8337068321553756,-0.7887073863636364,0.18792325711653257,1.0
-0.9752043447254375,-0.9766306434801689,-0.976326800264259,-0.975996476547016,-0.9743448579608016,-0.9671878440872055,-0.921726041144004,-0.8672199170124482,-0.8337068321553756,-0.7887073863636364,-0.7123579545454546,0.26427268893471434,1.0
-0.9766306434801689,-0.976326800264259,-0.975996476547016,-0.9743448579608016,-0.9671878440872055,-0.921726041144004,-0.8672199170124482,-0.8337068321553756,-0.7887073863636364,-0.7123579545454546,-0.6286695075757576,0.34796113590441136,2.0
-0.976326800264259,-0.975996476547016,-0.9743448579608016,-0.9671878440872055,-0.921726041144004,-0.8672199170124482,-0.8337068321553756,-0.7887073863636364,-0.7123579545454546,-0.6286695075757576,-0.5698390151515151,0.40648778511274386,2.0
-0.975996476547016,-0.9743448579608016,-0.9671878440872055,-0.921726041144004,-0.8672199170124482,-0.8337068321553756,-0.7887073863636364,-0.7123579545454546,-0.6286695075757576,-0.5698390151515151,-0.5024857954545454,0.47351068109247063,2.0
-0.9743448579608016,-0.9671878440872055,-0.921726041144004,-0.8672199170124482,-0.8337068321553756,-0.7887073863636364,-0.7123579545454546,-0.6286695075757576,-0.5698390151515151,-0.5024857954545454,-0.39796401515151514,0.5763808428092865,2.0
-0.9671878440872055,-0.921726041144004,-0.8672199170124482,-0.8337068321553756,-0.7887073863636364,-0.7123579545454546,-0.6286695075757576,-0.5698390151515151,-0.5024857954545454,-0.39796401515151514,-0.2890625,0.6781253440872055,2.0
-0.921726041144004,-0.8672199170124482,-0.8337068321553756,-0.7887073863636364,-0.7123579545454546,-0.6286695075757576,-0.5698390151515151,-0.5024857954545454,-0.39796401515151514,-0.2890625,-0.17542613636363635,0.7462999047803677,2.0
-0.8672199170124482,-0.8337068321553756,-0.7887073863636364,-0.7123579545454546,-0.6286695075757576,-0.5698390151515151,-0.5024857954545454,-0.39796401515151514,-0.2890625,-0.17542613636363635,-0.09268465909090906,0.7745352579215391,2.0
-0.8337068321553756,-0.7887073863636364,-0.7123579545454546,-0.6286695075757576,-0.5698390151515151,-0.5024857954545454,-0.39796401515151514,-0.2890625,-0.17542613636363635,-0.09268465909090906,-0.04486268939393945,0.7888441427614361,2.0
-0.7887073863636364,-0.7123579545454546,-0.6286695075757576,-0.5698390151515151,-0.5024857954545454,-0.39796401515151514,-0.2890625,-0.17542613636363635,-0.09268465909090906,-0.04486268939393945,0.000710227272727293,0.7894176136363636,2.0
-0.7123579545454546,-0.6286695075757576,-0.5698390151515151,-0.5024857954545454,-0.39796401515151514,-0.2890625,-0.17542613636363635,-0.09268465909090906,-0.04486268939393945,0.000710227272727293,0.10641571969696972,0.8187736742424243,2.0
-0.6286695075757576,-0.5698390151515151,-0.5024857954545454,-0.39796401515151514,-0.2890625,-0.17542613636363635,-0.09268465909090906,-0.04486268939393945,0.000710227272727293,0.10641571969696972,0.20880681818181812,0.8374763257575757,2.0
-0.5698390151515151,-0.5024857954545454,-0.39796401515151514,-0.2890625,-0.17542613636363635,-0.09268465909090906,-0.04486268939393945,0.000710227272727293,0.10641571969696972,0.20880681818181812,0.27852746212121215,0.8483664772727273,2.0
-0.5024857954545454,-0.39796401515151514,-0.2890625,-0.17542613636363635,-0.09268465909090906,-0.04486268939393945,0.000710227272727293,0.10641571969696972,0.20880681818181812,0.27852746212121215,0.3162878787878789,0.8187736742424243,2.0
-0.39796401515151514,-0.2890625,-0.17542613636363635,-0.09268465909090906,-0.04486268939393945,0.000710227272727293,0.10641571969696972,0.20880681818181812,0.27852746212121215,0.3162878787878789,0.38304924242424243,0.7810132575757576,2.0
-0.2890625,-0.17542613636363635,-0.09268465909090906,-0.04486268939393945,0.000710227272727293,0.10641571969696972,0.20880681818181812,0.27852746212121215,0.3162878787878789,0.38304924242424243,0.4437736742424243,0.7328361742424243,2.0
-0.17542613636363635,-0.09268465909090906,-0.04486268939393945,0.000710227272727293,0.10641571969696972,0.20880681818181812,0.27852746212121215,0.3162878787878789,0.38304924242424243,0.4437736742424243,0.4708806818181819,0.6463068181818182,2.0
-0.09268465909090906,-0.04486268939393945,0.000710227272727293,0.10641571969696972,0.20880681818181812,0.27852746212121215,0.3162878787878789,0.38304924242424243,0.4437736742424243,0.4708806818181819,0.526751893939394,0.6194365530303031,2.0
-0.04486268939393945,0.000710227272727293,0.10641571969696972,0.20880681818181812,0.27852746212121215,0.3162878787878789,0.38304924242424243,0.4437736742424243,0.4708806818181819,0.526751893939394,0.5799005681818181,0.6247632575757576,2.0
0.000710227272727293,0.10641571969696972,0.20880681818181812,0.27852746212121215,0.3162878787878789,0.38304924242424243,0.4437736742424243,0.4708806818181819,0.526751893939394,0.5799005681818181,0.6600378787878789,0.6593276515151516,2.0
0.10641571969696972,0.20880681818181812,0.27852746212121215,0.3162878787878789,0.38304924242424243,0.4437736742424243,0.4708806818181819,0.526751893939394,0.5799005681818181,0.6600378787878789,0.7372159090909092,0.6308001893939394,2.0
0.20880681818181812,0.27852746212121215,0.3162878787878789,0.38304924242424243,0.4437736742424243,0.4708806818181819,0.526751893939394,0.5799005681818181,0.6600378787878789,0.7372159090909092,0.8106060606060606,0.6017992424242424,2.0
0.27852746212121215,0.3162878787878789,0.38304924242424243,0.4437736742424243,0.4708806818181819,0.526751893939394,0.5799005681818181,0.6600378787878789,0.7372159090909092,0.8106060606060606,0.8480113636363635,0.5694839015151514,2.0
0.3162878787878789,0.38304924242424243,0.4437736742424243,0.4708806818181819,0.526751893939394,0.5799005681818181,0.6600378787878789,0.7372159090909092,0.8106060606060606,0.8480113636363635,0.8539299242424243,0.5376420454545454,2.0
0.38304924242424243,0.4437736742424243,0.4708806818181819,0.526751893939394,0.5799005681818181,0.6600378787878789,0.7372159090909092,0.8106060606060606,0.8480113636363635,0.8539299242424243,0.8573626893939394,0.474313446969697,2.0
0.4437736742424243,0.4708806818181819,0.526751893939394,0.5799005681818181,0.6600378787878789,0.7372159090909092,0.8106060606060606,0.8480113636363635,0.8539299242424243,0.8573626893939394,0.8860085227272727,0.4422348484848484,2.0
0.4708806818181819,0.526751893939394,0.5799005681818181,0.6600378787878789,0.7372159090909092,0.8106060606060606,0.8480113636363635,0.8539299242424243,0.8573626893939394,0.8860085227272727,0.9382102272727273,0.4673295454545454,2.0
0.526751893939394,0.5799005681818181,0.6600378787878789,0.7372159090909092,0.8106060606060606,0.8480113636363635,0.8539299242424243,0.8573626893939394,0.8860085227272727,0.9382102272727273,0.9850852272727273,0.45833333333333326,2.0
0.5799005681818181,0.6600378787878789,0.7372159090909092,0.8106060606060606,0.8480113636363635,0.8539299242424243,0.8573626893939394,0.8860085227272727,0.9382102272727273,0.9850852272727273,1.0,0.4200994318181819,2.0
0.6600378787878789,0.7372159090909092,0.8106060606060606,0.8480113636363635,0.8539299242424243,0.8573626893939394,0.8860085227272727,0.9382102272727273,0.9850852272727273,1.0,1.0,0.3399621212121211,2.0
0.7372159090909092,0.8106060606060606,0.8480113636363635,0.8539299242424243,0.8573626893939394,0.8860085227272727,0.9382102272727273,0.9850852272727273,1.0,1.0,0.9608347460104052,0.26278409090909083,2.0
0.8106060606060606,0.8480113636363635,0.8539299242424243,0.8573626893939394,0.8860085227272727,0.9382102272727273,0.9850852272727273,1.0,1.0,0.9608347460104052,0.9106798386625359,0.18939393939393945,2.0
0.8480113636363635,0.8539299242424243,0.8573626893939394,0.8860085227272727,0.9382102272727273,0.9850852272727273,1.0,1.0,0.9608347460104052,0.9106798386625359,0.8785292570292862,0.15198863636363646,2.0
0.8539299242424243,0.8573626893939394,0.8860085227272727,0.9382102272727273,0.9850852272727273,1.0,1.0,0.9608347460104052,0.9106798386625359,0.8785292570292862,0.8347635674971889,0.16523643250281106,2.0
0.8573626893939394,0.8860085227272727,0.9382102272727273,0.9850852272727273,1.0,1.0,0.9608347460104052,0.9106798386625359,0.8785292570292862,0.8347635674971889,0.7549425831656209,0.2450574168343791,0.0
0.8860085227272727,0.9382102272727273,0.9850852272727273,1.0,1.0,0.9608347460104052,0.9106798386625359,0.8785292570292862,0.8347635674971889,0.7549425831656209,0.6976441340120754,0.30235586598792463,0.0
0.9382102272727273,0.9850852272727273,1.0,1.0,0.9608347460104052,0.9106798386625359,0.8785292570292862,0.8347635674971889,0.7549425831656209,0.6976441340120754,0.6641411151888243,0.33585888481117565,0.0
0.9850852272727273,1.0,1.0,0.9608347460104052,0.9106798386625359,0.8785292570292862,0.8347635674971889,0.7549425831656209,0.6976441340120754,0.6641411151888243,0.6250739907659524,0.3749260092340476,0.0
1.0,1.0,0.9608347460104052,0.9106798386625359,0.8785292570292862,0.8347635674971889,0.7549425831656209,0.6976441340120754,0.6641411151888243,0.6250739907659524,0.5522670770687819,0.44773292293121814,0.0
1.0,0.9608347460104052,0.9106798386625359,0.8785292570292862,0.8347635674971889,0.7549425831656209,0.6976441340120754,0.6641411151888243,0.6250739907659524,0.5522670770687819,0.4469042263525511,0.5530957736474489,0.0
0.9608347460104052,0.9106798386625359,0.8785292570292862,0.8347635674971889,0.7549425831656209,0.6976441340120754,0.6641411151888243,0.6250739907659524,0.5522670770687819,0.4469042263525511,0.33988398247898655,0.6209507635314186,0.0
0.9106798386625359,0.8785292570292862,0.8347635674971889,0.7549425831656209,0.6976441340120754,0.6641411151888243,0.6250739907659524,0.5522670770687819,0.4469042263525511,0.33988398247898655,0.23310050905646973,0.6775793296060661,0.0
0.8785292570292862,0.8347635674971889,0.7549425831656209,0.6976441340120754,0.6641411151888243,0.6250739907659524,0.5522670770687819,0.4469042263525511,0.33988398247898655,0.23310050905646973,0.18787735290635732,0.6906519041229289,0.0
0.8347635674971889,0.7549425831656209,0.6976441340120754,0.6641411151888243,0.6250739907659524,0.5522670770687819,0.4469042263525511,0.33988398247898655,0.23310050905646973,0.18787735290635732,0.14691606487510356,0.6878475026220854,0.0
0.7549425831656209,0.6976441340120754,0.6641411151888243,0.6250739907659524,0.5522670770687819,0.4469042263525511,0.33988398247898655,0.23310050905646973,0.18787735290635732,0.14691606487510356,0.0819225760625073,0.6730200071031136,0.0
0.6976441340120754,0.6641411151888243,0.6250739907659524,0.5522670770687819,0.4469042263525511,0.33988398247898655,0.23310050905646973,0.18787735290635732,0.14691606487510356,0.0819225760625073,-0.010773055522670716,0.7084171895347461,0.0
0.6641411151888243,0.6250739907659524,0.5522670770687819,0.4469042263525511,0.33988398247898655,0.23310050905646973,0.18787735290635732,0.14691606487510356,0.0819225760625073,-0.010773055522670716,-0.07103113531431282,0.7351722505031372,0.0
0.6250739907659524,0.5522670770687819,0.4469042263525511,0.33988398247898655,0.23310050905646973,0.18787735290635732,0.14691606487510356,0.0819225760625073,-0.010773055522670716,-0.07103113531431282,-0.1304605185272878,0.7555345092932402,0.0
0.5522670770687819,0.4469042263525511,0.33988398247898655,0.23310050905646973,0.18787735290635732,0.14691606487510356,0.0819225760625073,-0.010773055522670716,-0.07103113531431282,-0.1304605185272878,-0.21818397064046402,0.7704510477092459,0.0
0.4469042263525511,0.33988398247898655,0.23310050905646973,0.18787735290635732,0.14691606487510356,0.0819225760625073,-0.010773055522670716,-0.07103113531431282,-0.1304605185272878,-0.21818397064046402,-0.2727595596069611,0.7196637859595122,0.0
0.33988398247898655,0.23310050905646973,0.18787735290635732,0.14691606487510356,0.0819225760625073,-0.010773055522670716,-0.07103113531431282,-0.1304605185272878,-0.21818397064046402,-0.2727595596069611,-0.323310050905647,0.6631940333846336,0.0
0.23310050905646973,0.18787735290635732,0.14691606487510356,0.0819225760625073,-0.010773055522670716,-0.07103113531431282,-0.1304605185272878,-0.21818397064046402,-0.2727595596069611,-0.323310050905647,-0.3429619983426069,0.5760625073990766,0.0
0.18787735290635732,0.14691606487510356,0.0819225760625073,-0.010773055522670716,-0.07103113531431282,-0.1304605185272878,-0.21818397064046402,-0.2727595596069611,-0.323310050905647,-0.3429619983426069,-0.3600094708180419,0.5478868237243992,0.0
0.14691606487510356,0.0819225760625073,-0.010773055522670716,-0.07103113531431282,-0.1304605185272878,-0.21818397064046402,-0.2727595596069611,-0.323310050905647,-0.3429619983426069,-0.3600094708180419,-0.3742156978809045,0.521131762756008,0.0
0.0819225760625073,-0.010773055522670716,-0.07103113531431282,-0.1304605185272878,-0.21818397064046402,-0.2727595596069611,-0.323310050905647,-0.3429619983426069,-0.3600094708180419,-0.3742156978809045,-0.41588729726530127,0.49780987332780857,0.0
-0.010773055522670716,-0.07103113531431282,-0.1304605185272878,-0.21818397064046402,-0.2727595596069611,-0.323310050905647,-0.3429619983426069,-0.3600094708180419,-0.3742156978809045,-0.41588729726530127,-0.4850242689712324,0.4742512134485617,0.0
-0.07103113531431282,-0.1304605185272878,-0.21818397064046402,-0.2727595596069611,-0.323310050905647,-0.3429619983426069,-0.3600094708180419,-0.3742156978809045,-0.41588729726530127,-0.4850242689712324,-0.5526222327453534,0.48159109743104056,0.0
-0.1304605185272878,-0.21818397064046402,-0.2727595596069611,-0.323310050905647,-0.3429619983426069,-0.3600094708180419,-0.3742156978809045,-0.41588729726530127,-0.4850242689712324,-0.5526222327453534,-0.5863620220196519,0.45590150349236414,0.0
-0.21818397064046402,-0.2727595596069611,-0.323310050905647,-0.3429619983426069,-0.3600094708180419,-0.3742156978809045,-0.41588729726530127,-0.4850242689712324,-0.5526222327453534,-0.5863620220196519,-0.6170237954303304,0.39883982478986635,0.0
-0.2727595596069611,-0.323310050905647,-0.3429619983426069,-0.3600094708180419,-0.3742156978809045,-0.41588729726530127,-0.4850242689712324,-0.5526222327453534,-0.5863620220196519,-0.6170237954303304,-0.643305315496626,0.3705457558896649,0.0
-0.323310050905647,-0.3429619983426069,-0.3600094708180419,-0.3742156978809045,-0.41588729726530127,-0.4850242689712324,-0.5526222327453534,-0.5863620220196519,-0.6170237954303304,-0.643305315496626,-0.6691132946608263,0.34580324375517923,0.0
-0.3429619983426069,-0.3600094708180419,-0.3742156978809045,-0.41588729726530127,-0.4850242689712324,-0.5526222327453534,-0.5863620220196519,-0.6170237954303304,-0.643305315496626,-0.6691132946608263,-0.723096957499704,0.38013495915709716,0.0
-0.3600094708180419,-0.3742156978809045,-0.41588729726530127,-0.4850242689712324,-0.5526222327453534,-0.5863620220196519,-0.6170237954303304,-0.643305315496626,-0.6691132946608263,-0.723096957499704,-0.7758967680833432,0.41588729726530127,0.0
-0.3742156978809045,-0.41588729726530127,-0.4850242689712324,-0.5526222327453534,-0.5863620220196519,-0.6170237954303304,-0.643305315496626,-0.6691132946608263,-0.723096957499704,-0.7758967680833432,-0.8246714809991713,0.45045578311826684,0.0
-0.41588729726530127,-0.4850242689712324,-0.5526222327453534,-0.5863620220196519,-0.6170237954303304,-0.643305315496626,-0.6691132946608263,-0.723096957499704,-0.7758967680833432,-0.8246714809991713,-0.8708417189534746,0.45495442168817335,0.0
-0.4850242689712324,-0.5526222327453534,-0.5863620220196519,-0.6170237954303304,-0.643305315496626,-0.6691132946608263,-0.723096957499704,-0.7758967680833432,-0.8246714809991713,-0.8708417189534746,-0.9159464898780633,0.43092222090683086,0.0
-0.5526222327453534,-0.5863620220196519,-0.6170237954303304,-0.643305315496626,-0.6691132946608263,-0.723096957499704,-0.7758967680833432,-0.8246714809991713,-0.8708417189534746,-0.9159464898780633,-0.9583284006156032,0.4057061678702498,0.0
-0.5863620220196519,-0.6170237954303304,-0.643305315496626,-0.6691132946608263,-0.723096957499704,-0.7758967680833432,-0.8246714809991713,-0.8708417189534746,-0.9159464898780633,-0.9583284006156032,-0.9683911447851308,0.38202912276547885,0.0
-0.6170237954303304,-0.643305315496626,-0.6691132946608263,-0.723096957499704,-0.7758967680833432,-0.8246714809991713,-0.8708417189534746,-0.9159464898780633,-0.9583284006156032,-0.9683911447851308,-0.976322954895229,0.35929915946489865,0.0
-0.643305315496626,-0.6691132946608263,-0.723096957499704,-0.7758967680833432,-0.8246714809991713,-0.8708417189534746,-0.9159464898780633,-0.9583284006156032,-0.9683911447851308,-0.976322954895229,-0.9837812241032319,0.3404759086066059,0.0
-0.6691132946608263,-0.723096957499704,-0.7758967680833432,-0.8246714809991713,-0.8708417189534746,-0.9159464898780633,-0.9583284006156032,-0.9683911447851308,-0.976322954895229,-0.9837812241032319,-0.9905291819580916,0.32141588729726533,0.0
-0.723096957499704,-0.7758967680833432,-0.8246714809991713,-0.8708417189534746,-0.9159464898780633,-0.9583284006156032,-0.9683911447851308,-0.976322954895229,-0.9837812241032319,-0.9905291819580916,-0.9976322954895229,0.2745353379898189,1.0
-0.7758967680833432,-0.8246714809991713,-0.8708417189534746,-0.9159464898780633,-0.9583284006156032,-0.9683911447851308,-0.976322954895229,-0.9837812241032319,-0.9905291819580916,-0.9976322954895229,-1.0,0.22410323191665682,1.0
-0.8246714809991713,-0.8708417189534746,-0.9159464898780633,-0.9583284006156032,-0.9683911447851308,-0.976322954895229,-0.9837812241032319,-0.9905291819580916,-0.9976322954895229,-1.0,-1.0,0.1753285190008287,1.0
-0.8708417189534746,-0.9159464898780633,-0.9583284006156032,-0.9683911447851308,-0.976322954895229,-0.9837812241032319,-0.9905291819580916,-0.9976322954895229,-1.0,-1.0,-1.0,0.12915828104652538,1.0
-0.9159464898780633,-0.9583284006156032,-0.9683911447851308,-0.976322954895229,-0.9837812241032319,-0.9905291819580916,-0.9976322954895229,-1.0,-1.0,-1.0,-1.0,0.08405351012193674,1.0
-0.9583284006156032,-0.9683911447851308,-0.976322954895229,-0.9837812241032319,-0.9905291819580916,-0.9976322954895229,-1.0,-1.0,-1.0,-1.0,-1.0,0.041671599384396796,1.0
-0.9683911447851308,-0.976322954895229,-0.9837812241032319,-0.9905291819580916,-0.9976322954895229,-1.0,-1.0,-1.0,-1.0,-1.0,-1.0,0.031608855214869225,1.0
-0.976322954895229,-0.9837812241032319,-0.9905291819580916,-0.9976322954895229,-1.0,-1.0,-1.0,-1.0,-1.0,-1.0,-1.0,0.023677045104770977,1.0
-0.9837812241032319,-0.9905291819580916,-0.9976322954895229,-1.0,-1.0,-1.0,-1.0,-1.0,-1.0,-1.0,-1.0,0.016218775896768123,1.0
-0.9905291819580916,-0.9976322954895229,-1.0,-1.0,-1.0,-1.0,-1.0,-1.0,-1.0,-1.0,-1.0,0.009470818041908413,1.0
-0.9976322954895229,-1.0,-1.0,-1.0,-1.0,-1.0,-1.0,-1.0,-1.0,-1.0,-1.0,0.0023677045104770755,1.0
-1.0,-1.0,-1.0,-1.0,-1.0,-1.0,-1.0,-1.0,-1.0,-1.0,-1.0,0.0,1.0
-1.0,-1.0,-1.0,-1.0,-1.0,-1.0,-1.0,-1.0,-1.0,-1.0,-1.0,0.0,1.0
-1.0,-1.0,-1.0,-1.0,-1.0,-1.0,-1.0,-1.0,-1.0,-1.0,-1.0,0.0,1.0
-1.0,-1.0,-1.0,-1.0,-1.0,-1.0,-1.0,-1.0,-1.0,-1.0,-1.0,0.0,1.0
-1.0,-1.0,-1.0,-1.0,-1.0,-1.0,-1.0,-1.0,-1.0,-1.0,-1.0,0.0,1.0
-1.0,-1.0,-1.0,-1.0,-1.0,-1.0,-1.0,-1.0,-1.0,-1.0,-1.0,0.0,1.0
-1.0,-1.0,-1.0,-1.0,-1.0,-1.0,-1.0,-1.0,-1.0,-1.0,-0.9725341867908059,0.027465813209194057,1.0
-1.0,-1.0,-1.0,-1.0,-1.0,-1.0,-1.0,-1.0,-1.0,-0.9725341867908059,-0.9732324701774804,0.027465813209194057,1.0
-1.0,-1.0,-1.0,-1.0,-1.0,-1.0,-1.0,-1.0,-0.9725341867908059,-0.9732324701774804,-0.9746290369508293,0.027465813209194057,1.0
-1.0,-1.0,-1.0,-1.0,-1.0,-1.0,-1.0,-0.9725341867908059,-0.9732324701774804,-0.9746290369508293,-0.9761419842886238,0.027465813209194057,1.0
-1.0,-1.0,-1.0,-1.0,-1.0,-1.0,-0.9725341867908059,-0.9732324701774804,-0.9746290369508293,-0.9761419842886238,-0.975210939773058,0.027465813209194057,1.0
-1.0,-1.0,-1.0,-1.0,-1.0,-0.9725341867908059,-0.9732324701774804,-0.9746290369508293,-0.9761419842886238,-0.975210939773058,-0.9750945592086122,0.027465813209194057,1.0
-1.0,-1.0,-1.0,-1.0,-0.9725341867908059,-0.9732324701774804,-0.9746290369508293,-0.9761419842886238,-0.975210939773058,-0.9750945592086122,-0.9732324701774804,0.027465813209194057,1.0
-1.0,-1.0,-1.0,-0.9725341867908059,-0.9732324701774804,-0.9746290369508293,-0.9761419842886238,-0.975210939773058,-0.9750945592086122,-0.9732324701774804,-0.9685772475996508,0.031422752400349196,1.0
-1.0,-1.0,-0.9725341867908059,-0.9732324701774804,-0.9746290369508293,-0.9761419842886238,-0.975210939773058,-0.9750945592086122,-0.9732324701774804,-0.9685772475996508,-0.9594995635728834,0.04050043642711665,1.0
-1.0,-0.9725341867908059,-0.9732324701774804,-0.9746290369508293,-0.9761419842886238,-0.975210939773058,-0.9750945592086122,-0.9732324701774804,-0.9685772475996508,-0.9594995635728834,-0.9120162932790224,0.08798370672097755,1.0
-0.9725341867908059,-0.9732324701774804,-0.9746290369508293,-0.9761419842886238,-0.975210939773058,-0.9750945592086122,-0.9732324701774804,-0.9685772475996508,-0.9594995635728834,-0.9120162932790224,-0.8555717195228397,0.12057026476578403,1.0
-0.9732324701774804,-0.9746290369508293,-0.9761419842886238,-0.975210939773058,-0.9750945592086122,-0.9732324701774804,-0.9685772475996508,-0.9594995635728834,-0.9120162932790224,-0.8555717195228397,-0.8203084084957812,0.15583357579284252,1.0
-0.9746290369508293,-0.9761419842886238,-0.975210939773058,-0.9750945592086122,-0.9732324701774804,-0.9685772475996508,-0.9594995635728834,-0.9120162932790224,-0.8555717195228397,-0.8203084084957812,-0.7746872272330521,0.2014547570555717,1.0
-0.9761419842886238,-0.975210939773058,-0.9750945592086122,-0.9732324701774804,-0.9685772475996508,-0.9594995635728834,-0.9120162932790224,-0.8555717195228397,-0.8203084084957812,-0.7746872272330521,-0.6926389292988071,0.28350305498981665,2.0
-0.975210939773058,-0.9750945592086122,-0.9732324701774804,-0.9685772475996508,-0.9594995635728834,-0.9120162932790224,-0.8555717195228397,-0.8203084084957812,-0.7746872272330521,-0.6926389292988071,-0.6294442828047716,0.34576665696828635,2.0
-0.9750945592086122,-0.9732324701774804,-0.9685772475996508,-0.9594995635728834,-0.9120162932790224,-0.8555717195228397,-0.8203084084957812,-0.7746872272330521,-0.6926389292988071,-0.6294442828047716,-0.5572883328484144,0.4178062263601978,2.0
-0.9732324701774804,-0.9685772475996508,-0.9594995635728834,-0.9120162932790224,-0.8555717195228397,-0.8203084084957812,-0.7746872272330521,-0.6926389292988071,-0.6294442828047716,-0.5572883328484144,-0.4473086994471923,0.5259237707302881,2.0
-0.9685772475996508,-0.9594995635728834,-0.9120162932790224,-0.8555717195228397,-0.8203084084957812,-0.7746872272330521,-0.6926389292988071,-0.6294442828047716,-0.5572883328484144,-0.4473086994471923,-0.3297643293569974,0.6388129182426534,2.0
-0.9594995635728834,-0.9120162932790224,-0.8555717195228397,-0.8203084084957812,-0.7746872272330521,-0.6926389292988071,-0.6294442828047716,-0.5572883328484144,-0.4473086994471923,-0.3297643293569974,-0.2407331975560082,0.7187663660168752,2.0
-0.9120162932790224,-0.8555717195228397,-0.8203084084957812,-0.7746872272330521,-0.6926389292988071,-0.6294442828047716,-0.5572883328484144,-0.4473086994471923,-0.3297643293569974,-0.2407331975560082,-0.15007273785277864,0.7619435554262438,2.0
-0.8555717195228397,-0.8203084084957812,-0.7746872272330521,-0.6926389292988071,-0.6294442828047716,-0.5572883328484144,-0.4473086994471923,-0.3297643293569974,-0.2407331975560082,-0.15007273785277864,-0.0591795170206576,0.7963922025021821,2.0
-0.8203084084957812,-0.7746872272330521,-0.6926389292988071,-0.6294442828047716,-0.5572883328484144,-0.4473086994471923,-0.3297643293569974,-0.2407331975560082,-0.15007273785277864,-0.0591795170206576,0.03241198719813787,0.8527203956939191,2.0
-0.7746872272330521,-0.6926389292988071,-0.6294442828047716,-0.5572883328484144,-0.4473086994471923,-0.3297643293569974,-0.2407331975560082,-0.15007273785277864,-0.0591795170206576,0.03241198719813787,0.12214140238580162,0.8968286296188537,2.0
-0.6926389292988071,-0.6294442828047716,-0.5572883328484144,-0.4473086994471923,-0.3297643293569974,-0.2407331975560082,-0.15007273785277864,-0.0591795170206576,0.03241198719813787,0.12214140238580162,0.21128891475123646,0.9039278440500436,2.0
-0.6294442828047716,-0.5572883328484144,-0.4473086994471923,-0.3297643293569974,-0.2407331975560082,-0.15007273785277864,-0.0591795170206576,0.03241198719813787,0.12214140238580162,0.21128891475123646,0.26610416060517883,0.8955484434099504,2.0
-0.5572883328484144,-0.4473086994471923,-0.3297643293569974,-0.2407331975560082,-0.15007273785277864,-0.0591795170206576,0.03241198719813787,0.12214140238580162,0.21128891475123646,0.26610416060517883,0.3161478033168461,0.8734361361652605,2.0
-0.4473086994471923,-0.3297643293569974,-0.2407331975560082,-0.15007273785277864,-0.0591795170206576,0.03241198719813787,0.12214140238580162,0.21128891475123646,0.26610416060517883,0.3161478033168461,0.4169333721268549,0.8642420715740472,2.0
-0.3297643293569974,-0.2407331975560082,-0.15007273785277864,-0.0591795170206576,0.03241198719813787,0.12214140238580162,0.21128891475123646,0.26610416060517883,0.3161478033168461,0.4169333721268549,0.5095723014256619,0.8393366307826593,2.0
-0.2407331975560082,-0.15007273785277864,-0.0591795170206576,0.03241198719813787,0.12214140238580162,0.21128891475123646,0.26610416060517883,0.3161478033168461,0.4169333721268549,0.5095723014256619,0.5633401221995926,0.8040733197556008,2.0
-0.15007273785277864,-0.0591795170206576,0.03241198719813787,0.12214140238580162,0.21128891475123646,0.26610416060517883,0.3161478033168461,0.4169333721268549,0.5095723014256619,0.5633401221995926,0.6098923479778877,0.7599650858306664,2.0
-0.0591795170206576,0.03241198719813787,0.12214140238580162,0.21128891475123646,0.26610416060517883,0.3161478033168461,0.4169333721268549,0.5095723014256619,0.5633401221995926,0.6098923479778877,0.6827465813209195,0.7419260983415771,2.0
0.03241198719813787,0.12214140238580162,0.21128891475123646,0.26610416060517883,0.3161478033168461,0.4169333721268549,0.5095723014256619,0.5633401221995926,0.6098923479778877,0.6827465813209195,0.7201047425080012,0.6876927553098633,2.0
0.12214140238580162,0.21128891475123646,0.26610416060517883,0.3161478033168461,0.4169333721268549,0.5095723014256619,0.5633401221995926,0.6098923479778877,0.6827465813209195,0.7201047425080012,0.7512947337794589,0.6291533313936573,2.0
0.21128891475123646,0.26610416060517883,0.3161478033168461,0.4169333721268549,0.5095723014256619,0.5633401221995926,0.6098923479778877,0.6827465813209195,0.7201047425080012,0.7512947337794589,0.7437299970904858,0.5400058190282224,2.0
0.26610416060517883,0.3161478033168461,0.4169333721268549,0.5095723014256619,0.5633401221995926,0.6098923479778877,0.6827465813209195,0.7201047425080012,0.7512947337794589,0.7437299970904858,0.7267384346814083,0.48519057317428005,2.0
0.3161478033168461,0.4169333721268549,0.5095723014256619,0.5633401221995926,0.6098923479778877,0.6827465813209195,0.7201047425080012,0.7512947337794589,0.7437299970904858,0.7267384346814083,0.7287169042769857,0.43514693046261277,2.0
0.4169333721268549,0.5095723014256619,0.5633401221995926,0.6098923479778877,0.6827465813209195,0.7201047425080012,0.7512947337794589,0.7437299970904858,0.7267384346814083,0.7287169042769857,0.7205702647657841,0.334361361652604,3.0
0.5095723014256619,0.5633401221995926,0.6098923479778877,0.6827465813209195,0.7201047425080012,0.7512947337794589,0.7437299970904858,0.7267384346814083,0.7287169042769857,0.7205702647657841,0.7320919406459121,0.24172243235379698,3.0
0.5633401221995926,0.6098923479778877,0.6827465813209195,0.7201047425080012,0.7512947337794589,0.7437299970904858,0.7267384346814083,0.7287169042769857,0.7205702647657841,0.7320919406459121,0.702880418970032,0.18795461157986626,3.0
0.6098923479778877,0.6827465813209195,0.7201047425080012,0.7512947337794589,0.7437299970904858,0.7267384346814083,0.7287169042769857,0.7205702647657841,0.7320919406459121,0.702880418970032,0.6339831248181553,0.14140238580157116,3.0
0.6827465813209195,0.7201047425080012,0.7512947337794589,0.7437299970904858,0.7267384346814083,0.7287169042769857,0.7205702647657841,0.7320919406459121,0.702880418970032,0.6339831248181553,0.5861507128309573,0.16514402094850156,3.0
0.7201047425080012,0.7512947337794589,0.7437299970904858,0.7267384346814083,0.7287169042769857,0.7205702647657841,0.7320919406459121,0.702880418970032,0.6339831248181553,0.5861507128309573,0.5302880418970033,0.22100669188245559,3.0
0.7512947337794589,0.7437299970904858,0.7267384346814083,0.7287169042769857,0.7205702647657841,0.7320919406459121,0.702880418970032,0.6339831248181553,0.5861507128309573,0.5302880418970033,0.43846377654931623,0.31283095723014265,3.0
0.7437299970904858,0.7267384346814083,0.7287169042769857,0.7205702647657841,0.7320919406459121,0.702880418970032,0.6339831248181553,0.5861507128309573,0.5302880418970033,0.43846377654931623,0.37061390747745127,0.37311608961303455,0.0
0.7267384346814083,0.7287169042769857,0.7205702647657841,0.7320919406459121,0.702880418970032,0.6339831248181553,0.5861507128309573,0.5302880418970033,0.43846377654931623,0.37061390747745127,0.2991562409077684,0.4329356997381437,0.0
0.7287169042769857,0.7205702647657841,0.7320919406459121,0.702880418970032,0.6339831248181553,0.5861507128309573,0.5302880418970033,0.43846377654931623,0.37061390747745127,0.2991562409077684,0.252720395693919,0.4793715449519931,0.0
0.7205702647657841,0.7320919406459121,0.702880418970032,0.6339831248181553,0.5861507128309573,0.5302880418970033,0.43846377654931623,0.37061390747745127,0.2991562409077684,0.252720395693919,0.20256037241780622,0.5295315682281059,0.0
0.7320919406459121,0.702880418970032,0.6339831248181553,0.5861507128309573,0.5302880418970033,0.43846377654931623,0.37061390747745127,0.2991562409077684,0.252720395693919,0.20256037241780622,0.1196974105324411,0.612394530113471,0.0
0.702880418970032,0.6339831248181553,0.5861507128309573,0.5302880418970033,0.43846377654931623,0.37061390747745127,0.2991562409077684,0.252720395693919,0.20256037241780622,0.1196974105324411,0.03404131510037822,0.6688391038696537,0.0
0.6339831248181553,0.5861507128309573,0.5302880418970033,0.43846377654931623,0.37061390747745127,0.2991562409077684,0.252720395693919,0.20256037241780622,0.1196974105324411,0.03404131510037822,-0.050800116380564475,0.6847832411987198,0.0
0.5861507128309573,0.5302880418970033,0.43846377654931623,0.37061390747745127,0.2991562409077684,0.252720395693919,0.20256037241780622,0.1196974105324411,0.03404131510037822,-0.050800116380564475,-0.1324992726214722,0.7186499854524295,0.0
0.5302880418970033,0.43846377654931623,0.37061390747745127,0.2991562409077684,0.252720395693919,0.20256037241780622,0.1196974105324411,0.03404131510037822,-0.050800116380564475,-0.1324992726214722,-0.1794006400931044,0.7096886819901077,0.0
0.43846377654931623,0.37061390747745127,0.2991562409077684,0.252720395693919,0.20256037241780622,0.1196974105324411,0.03404131510037822,-0.050800116380564475,-0.1324992726214722,-0.1794006400931044,-0.28367762583648526,0.7221414023858015,0.0
0.37061390747745127,0.2991562409077684,0.252720395693919,0.20256037241780622,0.1196974105324411,0.03404131510037822,-0.050800116380564475,-0.1324992726214722,-0.1794006400931044,-0.28367762583648526,-0.3845795752109398,0.755193482688391,0.0
0.2991562409077684,0.252720395693919,0.20256037241780622,0.1196974105324411,0.03404131510037822,-0.050800116380564475,-0.1324992726214722,-0.1794006400931044,-0.28367762583648526,-0.3845795752109398,-0.45091649694501024,0.7500727378527786,0.0
0.252720395693919,0.20256037241780622,0.1196974105324411,0.03404131510037822,-0.050800116380564475,-0.1324992726214722,-0.1794006400931044,-0.28367762583648526,-0.3845795752109398,-0.45091649694501024,-0.5128309572301426,0.7655513529240616,0.0
0.20256037241780622,0.1196974105324411,0.03404131510037822,-0.050800116380564475,-0.1324992726214722,-0.1794006400931044,-0.28367762583648526,-0.3845795752109398,-0.45091649694501024,-0.5128309572301426,-0.5716031422752401,0.7741635146930463,0.0
0.1196974105324411,0.03404131510037822,-0.050800116380564475,-0.1324992726214722,-0.1794006400931044,-0.28367762583648526,-0.3845795752109398,-0.45091649694501024,-0.5128309572301426,-0.5716031422752401,-0.6567937154495199,0.776491125981961,0.0
0.03404131510037822,-0.050800116380564475,-0.1324992726214722,-0.1794006400931044,-0.28367762583648526,-0.3845795752109398,-0.45091649694501024,-0.5128309572301426,-0.5716031422752401,-0.6567937154495199,-0.7366307826592959,0.7706720977596742,0.0
-0.050800116380564475,-0.1324992726214722,-0.1794006400931044,-0.28367762583648526,-0.3845795752109398,-0.45091649694501024,-0.5128309572301426,-0.5716031422752401,-0.6567937154495199,-0.7366307826592959,-0.7806226360197847,0.7298225196392202,0.0
-0.1324992726214722,-0.1794006400931044,-0.28367762583648526,-0.3845795752109398,-0.45091649694501024,-0.5128309572301426,-0.5716031422752401,-0.6567937154495199,-0.7366307826592959,-0.7806226360197847,-0.8153040442246144,0.6828047716031422,0.0
-0.1794006400931044,-0.28367762583648526,-0.3845795752109398,-0.45091649694501024,-0.5128309572301426,-0.5716031422752401,-0.6567937154495199,-0.7366307826592959,-0.7806226360197847,-0.8153040442246144,-0.8453302298516148,0.6659295897585104,0.0
-0.28367762583648526,-0.3845795752109398,-0.45091649694501024,-0.5128309572301426,-0.5716031422752401,-0.6567937154495199,-0.7366307826592959,-0.7806226360197847,-0.8153040442246144,-0.8453302298516148,-0.8690718649985453,0.58539423916206,0.0
-0.3845795752109398,-0.45091649694501024,-0.5128309572301426,-0.5716031422752401,-0.6567937154495199,-0.7366307826592959,-0.7806226360197847,-0.8153040442246144,-0.8453302298516148,-0.8690718649985453,-0.9181844631946465,0.5336048879837068,0.0
-0.45091649694501024,-0.5128309572301426,-0.5716031422752401,-0.6567937154495199,-0.7366307826592959,-0.7806226360197847,-0.8153040442246144,-0.8453302298516148,-0.8690718649985453,-0.9181844631946465,-0.9016584230433518,0.4672679662496363,0.0
-0.5128309572301426,-0.5716031422752401,-0.6567937154495199,-0.7366307826592959,-0.7806226360197847,-0.8153040442246144,-0.8453302298516148,-0.8690718649985453,-0.9181844631946465,-0.9016584230433518,-0.9100378236834449,0.4053535059645039,0.0
-0.5716031422752401,-0.6567937154495199,-0.7366307826592959,-0.7806226360197847,-0.8153040442246144,-0.8453302298516148,-0.8690718649985453,-0.9181844631946465,-0.9016584230433518,-0.9100378236834449,-0.9163223741635147,0.3465813209194064,0.0
-0.6567937154495199,-0.7366307826592959,-0.7806226360197847,-0.8153040442246144,-0.8453302298516148,-0.8690718649985453,-0.9181844631946465,-0.9016584230433518,-0.9100378236834449,-0.9163223741635147,-0.9199301716613326,0.2631364562118127,1.0
-0.7366307826592959,-0.7806226360197847,-0.8153040442246144,-0.8453302298516148,-0.8690718649985453,-0.9181844631946465,-0.9016584230433518,-0.9100378236834449,-0.9163223741635147,-0.9199301716613326,-0.920162932790224,0.18353215013092805,1.0
-0.7806226360197847,-0.8153040442246144,-0.8453302298516148,-0.8690718649985453,-0.9181844631946465,-0.9016584230433518,-0.9100378236834449,-0.9163223741635147,-0.9199301716613326,-0.920162932790224,-0.9172534186790806,0.13954029677043933,1.0
-0.8153040442246144,-0.8453302298516148,-0.8690718649985453,-0.9181844631946465,-0.9016584230433518,-0.9100378236834449,-0.9163223741635147,-0.9199301716613326,-0.920162932790224,-0.9172534186790806,-0.9142275240034914,0.10485888856560954,1.0
-0.8453302298516148,-0.8690718649985453,-0.9181844631946465,-0.9016584230433518,-0.9100378236834449,-0.9163223741635147,-0.9199301716613326,-0.920162932790224,-0.9172534186790806,-0.9142275240034914,-0.9116671515856852,0.07483270293860922,1.0
-0.8690718649985453,-0.9181844631946465,-0.9016584230433518,-0.9100378236834449,-0.9163223741635147,-0.9199301716613326,-0.920162932790224,-0.9172534186790806,-0.9142275240034914,-0.9116671515856852,-0.9114343904567938,0.05109106779167871,1.0
-0.9181844631946465,-0.9016584230433518,-0.9100378236834449,-0.9163223741635147,-0.9199301716613326,-0.920162932790224,-0.9172534186790806,-0.9142275240034914,-0.9116671515856852,-0.9114343904567938,-0.9398312481815537,0.03817282513820197,1.0
-0.9016584230433518,-0.9100378236834449,-0.9163223741635147,-0.9199301716613326,-0.920162932790224,-0.9172534186790806,-0.9142275240034914,-0.9116671515856852,-0.9114343904567938,-0.9398312481815537,-0.9691591504218795,0.06750072737852775,1.0
-0.9100378236834449,-0.9163223741635147,-0.9199301716613326,-0.920162932790224,-0.9172534186790806,-0.9142275240034914,-0.9116671515856852,-0.9114343904567938,-0.9398312481815537,-0.9691591504218795,-0.9402967704393367,0.05912132673843462,1.0
-0.9163223741635147,-0.9199301716613326,-0.920162932790224,-0.9172534186790806,-0.9142275240034914,-0.9116671515856852,-0.9114343904567938,-0.9398312481815537,-0.9691591504218795,-0.9402967704393367,-0.9413441955193482,0.05772475996508575,1.0
-0.9199301716613326,-0.920162932790224,-0.9172534186790806,-0.9142275240034914,-0.9116671515856852,-0.9114343904567938,-0.9398312481815537,-0.9691591504218795,-0.9402967704393367,-0.9413441955193482,-0.9128309572301425,0.05772475996508575,1.0
-0.920162932790224,-0.9172534186790806,-0.9142275240034914,-0.9116671515856852,-0.9114343904567938,-0.9398312481815537,-0.9691591504218795,-0.9402967704393367,-0.9413441955193482,-0.9128309572301425,-0.885132382892057,0.08402676752982252,1.0
-0.9172534186790806,-0.9142275240034914,-0.9116671515856852,-0.9114343904567938,-0.9398312481815537,-0.9691591504218795,-0.9402967704393367,-0.9413441955193482,-0.9128309572301425,-0.885132382892057,-0.8584812336339831,0.1106779167878964,1.0
-0.9142275240034914,-0.9116671515856852,-0.9114343904567938,-0.9398312481815537,-0.9691591504218795,-0.9402967704393367,-0.9413441955193482,-0.9128309572301425,-0.885132382892057,-0.8584812336339831,-0.834157695664824,0.1350014547570555,1.0
-0.9116671515856852,-0.9114343904567938,-0.9398312481815537,-0.9691591504218795,-0.9402967704393367,-0.9413441955193482,-0.9128309572301425,-0.885132382892057,-0.8584812336339831,-0.834157695664824,-0.8127436718068083,0.1564154786150712,1.0
-0.9114343904567938,-0.9398312481815537,-0.9691591504218795,-0.9402967704393367,-0.9413441955193482,-0.9128309572301425,-0.885132382892057,-0.8584812336339831,-0.834157695664824,-0.8127436718068083,-0.7900494617398894,0.17910968868199006,1.0
-0.9398312481815537,-0.9691591504218795,-0.9402967704393367,-0.9413441955193482,-0.9128309572301425,-0.885132382892057,-0.8584812336339831,-0.834157695664824,-0.8127436718068083,-0.7900494617398894,-0.7675880128018621,0.20157113762001744,1.0
-0.9691591504218795,-0.9402967704393367,-0.9413441955193482,-0.9128309572301425,-0.885132382892057,-0.8584812336339831,-0.834157695664824,-0.8127436718068083,-0.7900494617398894,-0.7675880128018621,-0.7443118999127145,0.224847250509165,1.0
-0.9402967704393367,-0.9413441955193482,-0.9128309572301425,-0.885132382892057,-0.8584812336339831,-0.834157695664824,-0.8127436718068083,-0.7900494617398894,-0.7675880128018621,-0.7443118999127145,-0.7194064591213267,0.2219377363980215,1.0
-0.9413441955193482,-0.9128309572301425,-0.885132382892057,-0.8584812336339831,-0.834157695664824,-0.8127436718068083,-0.7900494617398894,-0.7675880128018621,-0.7443118999127145,-0.7194064591213267,-0.6938027349432645,0.24754146057608373,1.0
-0.9128309572301425,-0.885132382892057,-0.8584812336339831,-0.834157695664824,-0.8127436718068083,-0.7900494617398894,-0.7675880128018621,-0.7443118999127145,-0.7194064591213267,-0.6938027349432645,-0.697992435263311,0.21902822228687802,1.0
-0.885132382892057,-0.8584812336339831,-0.834157695664824,-0.8127436718068083,-0.7900494617398894,-0.7675880128018621,-0.7443118999127145,-0.7194064591213267,-0.6938027349432645,-0.697992435263311,-0.7018329938900203,0.19132964794879248,1.0
-0.8584812336339831,-0.834157695664824,-0.8127436718068083,-0.7900494617398894,-0.7675880128018621,-0.7443118999127145,-0.7194064591213267,-0.6938027349432645,-0.697992435263311,-0.7018329938900203,-0.7066045970322956,0.1646784986907186,1.0
-0.834157695664824,-0.8127436718068083,-0.7900494617398894,-0.7675880128018621,-0.7443118999127145,-0.7194064591213267,-0.6938027349432645,-0.697992435263311,-0.7018329938900203,-0.7066045970322956,-0.709979633401222,0.1403549607215595,1.0
-0.8127436718068083,-0.7900494617398894,-0.7675880128018621,-0.7443118999127145,-0.7194064591213267,-0.6938027349432645,-0.697992435263311,-0.7018329938900203,-0.7066045970322956,-0.709979633401222,-0.7068249258160237,0.11894093686354379,1.0
-0.7900494617398894,-0.7675880128018621,-0.7443118999127145,-0.7194064591213267,-0.6938027349432645,-0.697992435263311,-0.7018329938900203,-0.7066045970322956,-0.709979633401222,-0.7068249258160237,-0.7019669934839534,0.09624672679662494,1.0
-0.7675880128018621,-0.7443118999127145,-0.7194064591213267,-0.6938027349432645,-0.697992435263311,-0.7018329938900203,-0.7066045970322956,-0.709979633401222,-0.7068249258160237,-0.7019669934839534,-0.6976340889384367,0.07378527785859756,1.0
-0.7443118999127145,-0.7194064591213267,-0.6938027349432645,-0.697992435263311,-0.7018329938900203,-0.7066045970322956,-0.709979633401222,-0.7068249258160237,-0.7019669934839534,-0.6976340889384367,-0.6911774019887263,0.053134497923988167,1.0
-0.7194064591213267,-0.6938027349432645,-0.697992435263311,-0.7018329938900203,-0.7066045970322956,-0.709979633401222,-0.7068249258160237,-0.7019669934839534,-0.6976340889384367,-0.6911774019887263,-0.6783327820046312,0.04107367711669552,1.0
-0.6938027349432645,-0.697992435263311,-0.7018329938900203,-0.7066045970322956,-0.709979633401222,-0.7068249258160237,-0.7019669934839534,-0.6976340889384367,-0.6911774019887263,-0.6783327820046312,-0.6778309409888357,0.03214869241238638,1.0
-0.697992435263311,-0.7018329938900203,-0.7066045970322956,-0.709979633401222,-0.7068249258160237,-0.7019669934839534,-0.6976340889384367,-0.6911774019887263,-0.6783327820046312,-0.6778309409888357,-0.679558745348219,0.03214869241238638,1.0
-0.7018329938900203,-0.7066045970322956,-0.709979633401222,-0.7068249258160237,-0.7019669934839534,-0.6976340889384367,-0.6911774019887263,-0.6783327820046312,-0.6778309409888357,-0.679558745348219,-0.6810207336523126,0.03214869241238638,1.0
-0.7066045970322956,-0.709979633401222,-0.7068249258160237,-0.7019669934839534,-0.6976340889384367,-0.6911774019887263,-0.6783327820046312,-0.6778309409888357,-0.679558745348219,-0.6810207336523126,-0.6792929292929293,0.03214869241238638,1.0
-0.709979633401222,-0.7068249258160237,-0.7019669934839534,-0.6976340889384367,-0.6911774019887263,-0.6783327820046312,-0.6778309409888357,-0.679558745348219,-0.6810207336523126,-0.6792929292929293,-0.707203615098352,0.03214869241238638,1.0
-0.7068249258160237,-0.7019669934839534,-0.6976340889384367,-0.6911774019887263,-0.6783327820046312,-0.6778309409888357,-0.679558745348219,-0.6810207336523126,-0.6792929292929293,-0.707203615098352,-0.7267410951621478,0.048910154173312126,1.0
-0.7019669934839534,-0.6976340889384367,-0.6911774019887263,-0.6783327820046312,-0.6778309409888357,-0.679558745348219,-0.6810207336523126,-0.6792929292929293,-0.707203615098352,-0.7267410951621478,-0.7032163742690059,0.048910154173312126,1.0
-0.6976340889384367,-0.6911774019887263,-0.6783327820046312,-0.6778309409888357,-0.679558745348219,-0.6810207336523126,-0.6792929292929293,-0.707203615098352,-0.7267410951621478,-0.7032163742690059,-0.6715842636895268,0.05515683147262096,1.0
-0.6911774019887263,-0.6783327820046312,-0.6778309409888357,-0.679558745348219,-0.6810207336523126,-0.6792929292929293,-0.707203615098352,-0.7267410951621478,-0.7032163742690059,-0.6715842636895268,-0.6634768740031898,0.06326422115895802,1.0
-0.6783327820046312,-0.6778309409888357,-0.679558745348219,-0.6810207336523126,-0.6792929292929293,-0.707203615098352,-0.7267410951621478,-0.7032163742690059,-0.6715842636895268,-0.6634768740031898,-0.6461988304093567,0.08054226475279114,1.0
-0.6778309409888357,-0.679558745348219,-0.6810207336523126,-0.6792929292929293,-0.707203615098352,-0.7267410951621478,-0.7032163742690059,-0.6715842636895268,-0.6634768740031898,-0.6461988304093567,-0.5877192982456141,0.1390217969165337,1.0
-0.679558745348219,-0.6810207336523126,-0.6792929292929293,-0.707203615098352,-0.7267410951621478,-0.7032163742690059,-0.6715842636895268,-0.6634768740031898,-0.6461988304093567,-0.5877192982456141,-0.5178096757044126,0.2089314194577352,1.0
-0.6810207336523126,-0.6792929292929293,-0.707203615098352,-0.7267410951621478,-0.7032163742690059,-0.6715842636895268,-0.6634768740031898,-0.6461988304093567,-0.5877192982456141,-0.5178096757044126,-0.47554492291334394,0.25119617224880386,1.0
-0.6792929292929293,-0.707203615098352,-0.7267410951621478,-0.7032163742690059,-0.6715842636895268,-0.6634768740031898,-0.6461988304093567,-0.5877192982456141,-0.5178096757044126,-0.47554492291334394,-0.4258373205741627,0.3009037745879851,1.0
-0.707203615098352,-0.7267410951621478,-0.7032163742690059,-0.6715842636895268,-0.6634768740031898,-0.6461988304093567,-0.5877192982456141,-0.5178096757044126,-0.47554492291334394,-0.4258373205741627,-0.3712121212121212,0.3555289739500266,2.0
-0.7267410951621478,-0.7032163742690059,-0.6715842636895268,-0.6634768740031898,-0.6461988304093567,-0.5877192982456141,-0.5178096757044126,-0.47554492291334394,-0.4258373205741627,-0.3712121212121212,-0.2772461456671983,0.4494949494949495,2.0
-0.7032163742690059,-0.6715842636895268,-0.6634768740031898,-0.6461988304093567,-0.5877192982456141,-0.5178096757044126,-0.47554492291334394,-0.4258373205741627,-0.3712121212121212,-0.2772461456671983,-0.1455342902711324,0.5576820839978734,2.0
-0.6715842636895268,-0.6634768740031898,-0.6461988304093567,-0.5877192982456141,-0.5178096757044126,-0.47554492291334394,-0.4258373205741627,-0.3712121212121212,-0.2772461456671983,-0.1455342902711324,-0.049973418394471,0.6216108452950558,2.0
-0.6634768740031898,-0.6461988304093567,-0.5877192982456141,-0.5178096757044126,-0.47554492291334394,-0.4258373205741627,-0.3712121212121212,-0.2772461456671983,-0.1455342902711324,-0.049973418394471,0.006911217437533201,0.670388091440723,2.0
-0.6461988304093567,-0.5877192982456141,-0.5178096757044126,-0.47554492291334394,-0.4258373205741627,-0.3712121212121212,-0.2772461456671983,-0.1455342902711324,-0.049973418394471,0.006911217437533201,0.06020733652312593,0.7064061669324826,2.0
-0.5877192982456141,-0.5178096757044126,-0.47554492291334394,-0.4258373205741627,-0.3712121212121212,-0.2772461456671983,-0.1455342902711324,-0.049973418394471,0.006911217437533201,0.06020733652312593,0.14088250930356194,0.728601807549176,2.0
-0.5178096757044126,-0.47554492291334394,-0.4258373205741627,-0.3712121212121212,-0.2772461456671983,-0.1455342902711324,-0.049973418394471,0.006911217437533201,0.06020733652312593,0.14088250930356194,0.21278575225943652,0.7305954279638491,2.0
-0.47554492291334394,-0.4258373205741627,-0.3712121212121212,-0.2772461456671983,-0.1455342902711324,-0.049973418394471,0.006911217437533201,0.06020733652312593,0.14088250930356194,0.21278575225943652,0.24388623072833604,0.71943115364168,2.0
-0.4258373205741627,-0.3712121212121212,-0.2772461456671983,-0.1455342902711324,-0.049973418394471,0.006911217437533201,0.06020733652312593,0.14088250930356194,0.21278575225943652,0.24388623072833604,0.3005050505050506,0.7263423710792133,2.0
-0.3712121212121212,-0.2772461456671983,-0.1455342902711324,-0.049973418394471,0.006911217437533201,0.06020733652312593,0.14088250930356194,0.21278575225943652,0.24388623072833604,0.3005050505050506,0.3875598086124401,0.7587719298245613,2.0
-0.2772461456671983,-0.1455342902711324,-0.049973418394471,0.006911217437533201,0.06020733652312593,0.14088250930356194,0.21278575225943652,0.24388623072833604,0.3005050505050506,0.3875598086124401,0.46943115364168,0.7466772993088783,2.0
-0.1455342902711324,-0.049973418394471,0.006911217437533201,0.06020733652312593,0.14088250930356194,0.21278575225943652,0.24388623072833604,0.3005050505050506,0.3875598086124401,0.46943115364168,0.5477139819245083,0.6932482721956407,2.0
-0.049973418394471,0.006911217437533201,0.06020733652312593,0.14088250930356194,0.21278575225943652,0.24388623072833604,0.3005050505050506,0.3875598086124401,0.46943115364168,0.5477139819245083,0.5871876661350346,0.6371610845295056,2.0
0.006911217437533201,0.06020733652312593,0.14088250930356194,0.21278575225943652,0.24388623072833604,0.3005050505050506,0.3875598086124401,0.46943115364168,0.5477139819245083,0.5871876661350346,0.6218766613503455,0.6149654439128123,2.0
0.06020733652312593,0.14088250930356194,0.21278575225943652,0.24388623072833604,0.3005050505050506,0.3875598086124401,0.46943115364168,0.5477139819245083,0.5871876661350346,0.6218766613503455,0.6868686868686869,0.6266613503455609,2.0
0.14088250930356194,0.21278575225943652,0.24388623072833604,0.3005050505050506,0.3875598086124401,0.46943115364168,0.5477139819245083,0.5871876661350346,0.6218766613503455,0.6868686868686869,0.7474747474747474,0.6065922381711855,2.0
0.21278575225943652,0.24388623072833604,0.3005050505050506,0.3875598086124401,0.46943115364168,0.5477139819245083,0.5871876661350346,0.6218766613503455,0.6868686868686869,0.7474747474747474,0.804093567251462,0.5913078149920254,2.0
0.24388623072833604,0.3005050505050506,0.3875598086124401,0.46943115364168,0.5477139819245083,0.5871876661350346,0.6218766613503455,0.6868686868686869,0.7474747474747474,0.804093567251462,0.8252259436469962,0.5813397129186602,2.0
0.3005050505050506,0.3875598086124401,0.46943115364168,0.5477139819245083,0.5871876661350346,0.6218766613503455,0.6868686868686869,0.7474747474747474,0.804093567251462,0.8252259436469962,0.8484848484848484,0.5479797979797978,2.0
0.3875598086124401,0.46943115364168,0.5477139819245083,0.5871876661350346,0.6218766613503455,0.6868686868686869,0.7474747474747474,0.804093567251462,0.8252259436469962,0.8484848484848484,0.8708133971291867,0.4832535885167466,2.0
0.46943115364168,0.5477139819245083,0.5871876661350346,0.6218766613503455,0.6868686868686869,0.7474747474747474,0.804093567251462,0.8252259436469962,0.8484848484848484,0.8708133971291867,0.8573896863370547,0.40138224348750673,2.0
0.5477139819245083,0.5871876661350346,0.6218766613503455,0.6868686868686869,0.7474747474747474,0.804093567251462,0.8252259436469962,0.8484848484848484,0.8708133971291867,0.8573896863370547,0.8418394471026049,0.32309941520467844,2.0
0.5871876661350346,0.6218766613503455,0.6868686868686869,0.7474747474747474,0.804093567251462,0.8252259436469962,0.8484848484848484,0.8708133971291867,0.8573896863370547,0.8418394471026049,0.8234981392876131,0.2836257309941521,2.0
0.6218766613503455,0.6868686868686869,0.7474747474747474,0.804093567251462,0.8252259436469962,0.8484848484848484,0.8708133971291867,0.8573896863370547,0.8418394471026049,0.8234981392876131,0.8010366826156299,0.24893673577884123,3.0
0.6868686868686869,0.7474747474747474,0.804093567251462,0.8252259436469962,0.8484848484848484,0.8708133971291867,0.8573896863370547,0.8418394471026049,0.8234981392876131,0.8010366826156299,0.8072833599149389,0.18394471026049986,3.0
0.7474747474747474,0.804093567251462,0.8252259436469962,0.8484848484848484,0.8708133971291867,0.8573896863370547,0.8418394471026049,0.8234981392876131,0.8010366826156299,0.8072833599149389,0.8075491759702287,0.1233386496544393,3.0
0.804093567251462,0.8252259436469962,0.8484848484848484,0.8708133971291867,0.8573896863370547,0.8418394471026049,0.8234981392876131,0.8010366826156299,0.8072833599149389,0.8075491759702287,0.8006379585326955,0.07017543859649122,3.0
0.8252259436469962,0.8484848484848484,0.8708133971291867,0.8573896863370547,0.8418394471026049,0.8234981392876131,0.8010366826156299,0.8072833599149389,0.8075491759702287,0.8006379585326955,0.7865497076023391,0.0842636895268476,3.0
0.8484848484848484,0.8708133971291867,0.8573896863370547,0.8418394471026049,0.8234981392876131,0.8010366826156299,0.8072833599149389,0.8075491759702287,0.8006379585326955,0.7865497076023391,0.7282030834662414,0.1426103136629453,3.0
0.8708133971291867,0.8573896863370547,0.8418394471026049,0.8234981392876131,0.8010366826156299,0.8072833599149389,0.8075491759702287,0.8006379585326955,0.7865497076023391,0.7282030834662414,0.7256778309409888,0.1451355661881979,3.0
0.8573896863370547,0.8418394471026049,0.8234981392876131,0.8010366826156299,0.8072833599149389,0.8075491759702287,0.8006379585326955,0.7865497076023391,0.7282030834662414,0.7256778309409888,0.7109250398724083,0.1464646464646464,3.0
0.8418394471026049,0.8234981392876131,0.8010366826156299,0.8072833599149389,0.8075491759702287,0.8006379585326955,0.7865497076023391,0.7282030834662414,0.7256778309409888,0.7109250398724083,0.654040404040404,0.18779904306220097,3.0
0.8234981392876131,0.8010366826156299,0.8072833599149389,0.8075491759702287,0.8006379585326955,0.7865497076023391,0.7282030834662414,0.7256778309409888,0.7109250398724083,0.654040404040404,0.5915736310473152,0.23192450824029787,3.0
0.8010366826156299,0.8072833599149389,0.8075491759702287,0.8006379585326955,0.7865497076023391,0.7282030834662414,0.7256778309409888,0.7109250398724083,0.654040404040404,0.5915736310473152,0.5225943646996278,0.28495481127060085,3.0
0.8072833599149389,0.8075491759702287,0.8006379585326955,0.7865497076023391,0.7282030834662414,0.7256778309409888,0.7109250398724083,0.654040404040404,0.5915736310473152,0.5225943646996278,0.4832535885167464,0.3242955874534823,3.0
0.8075491759702287,0.8006379585326955,0.7865497076023391,0.7282030834662414,0.7256778309409888,0.7109250398724083,0.654040404040404,0.5915736310473152,0.5225943646996278,0.4832535885167464,0.43992557150451894,0.36762360446570974,3.0
0.8006379585326955,0.7865497076023391,0.7282030834662414,0.7256778309409888,0.7109250398724083,0.654040404040404,0.5915736310473152,0.5225943646996278,0.4832535885167464,0.43992557150451894,0.3588516746411483,0.44178628389154717,0.0
0.7865497076023391,0.7282030834662414,0.7256778309409888,0.7109250398724083,0.654040404040404,0.5915736310473152,0.5225943646996278,0.4832535885167464,0.43992557150451894,0.3588516746411483,0.24082934609250395,0.5457203615098352,0.0
0.7282030834662414,0.7256778309409888,0.7109250398724083,0.654040404040404,0.5915736310473152,0.5225943646996278,0.4832535885167464,0.43992557150451894,0.3588516746411483,0.24082934609250395,0.11203934514585989,0.6161637383203815,0.0
0.7256778309409888,0.7109250398724083,0.654040404040404,0.5915736310473152,0.5225943646996278,0.4832535885167464,0.43992557150451894,0.3588516746411483,0.24082934609250395,0.11203934514585989,-0.004783399582294678,0.7304612305232835,0.0
0.7109250398724083,0.654040404040404,0.5915736310473152,0.5225943646996278,0.4832535885167464,0.43992557150451894,0.3588516746411483,0.24082934609250395,0.11203934514585989,-0.004783399582294678,-0.08185676749983162,0.7927818073722399,0.0
0.654040404040404,0.5915736310473152,0.5225943646996278,0.4832535885167464,0.43992557150451894,0.3588516746411483,0.24082934609250395,0.11203934514585989,-0.004783399582294678,-0.08185676749983162,-0.1528666711581217,0.8069070751985257,0.0
0.5915736310473152,0.5225943646996278,0.4832535885167464,0.43992557150451894,0.3588516746411483,0.24082934609250395,0.11203934514585989,-0.004783399582294678,-0.08185676749983162,-0.1528666711581217,-0.22157061004381529,0.8131442410911305,0.0
0.5225943646996278,0.4832535885167464,0.43992557150451894,0.3588516746411483,0.24082934609250395,0.11203934514585989,-0.004783399582294678,-0.08185676749983162,-0.1528666711581217,-0.22157061004381529,-0.2515841984629904,0.7741785631626182,0.0
0.4832535885167464,0.43992557150451894,0.3588516746411483,0.24082934609250395,0.11203934514585989,-0.004783399582294678,-0.08185676749983162,-0.1528666711581217,-0.22157061004381529,-0.2515841984629904,-0.3158320960993386,0.799085684616085,0.0
0.43992557150451894,0.3588516746411483,0.24082934609250395,0.11203934514585989,-0.004783399582294678,-0.08185676749983162,-0.1528666711581217,-0.22157061004381529,-0.2515841984629904,-0.3158320960993386,-0.3784752756544679,0.8184008471589869,0.0
0.3588516746411483,0.24082934609250395,0.11203934514585989,-0.004783399582294678,-0.08185676749983162,-0.1528666711581217,-0.22157061004381529,-0.2515841984629904,-0.3158320960993386,-0.3784752756544679,-0.4692552255969695,0.8281069002381178,0.0
0.24082934609250395,0.11203934514585989,-0.004783399582294678,-0.08185676749983162,-0.1528666711581217,-0.22157061004381529,-0.2515841984629904,-0.3158320960993386,-0.3784752756544679,-0.4692552255969695,-0.554082391936684,0.7949117380291879,0.0
0.11203934514585989,-0.004783399582294678,-0.08185676749983162,-0.1528666711581217,-0.22157061004381529,-0.2515841984629904,-0.3158320960993386,-0.3784752756544679,-0.4692552255969695,-0.554082391936684,-0.636474328620713,0.7485136737665729,0.0
-0.004783399582294678,-0.08185676749983162,-0.1528666711581217,-0.22157061004381529,-0.2515841984629904,-0.3158320960993386,-0.3784752756544679,-0.4692552255969695,-0.554082391936684,-0.636474328620713,-0.6803084624230535,0.6755250628407589,0.0
-0.08185676749983162,-0.1528666711581217,-0.22157061004381529,-0.2515841984629904,-0.3158320960993386,-0.3784752756544679,-0.4692552255969695,-0.554082391936684,-0.636474328620713,-0.6803084624230535,-0.7208956233511465,0.6390388558513149,0.0
-0.1528666711581217,-0.22157061004381529,-0.2515841984629904,-0.3158320960993386,-0.3784752756544679,-0.4692552255969695,-0.554082391936684,-0.636474328620713,-0.6803084624230535,-0.7208956233511465,-0.7586416830142731,0.6057750118561515,0.0
-0.22157061004381529,-0.2515841984629904,-0.3158320960993386,-0.3784752756544679,-0.4692552255969695,-0.554082391936684,-0.636474328620713,-0.6803084624230535,-0.7208956233511465,-0.7586416830142731,-0.7916525739024556,0.5700819638586403,0.0
-0.2515841984629904,-0.3158320960993386,-0.3784752756544679,-0.4692552255969695,-0.554082391936684,-0.636474328620713,-0.6803084624230535,-0.7208956233511465,-0.7586416830142731,-0.7916525739024556,-0.8567273219238314,0.605143123460841,0.0
-0.3158320960993386,-0.3784752756544679,-0.4692552255969695,-0.554082391936684,-0.636474328620713,-0.6803084624230535,-0.7208956233511465,-0.7586416830142731,-0.7916525739024556,-0.8567273219238314,-0.9161198674152743,0.6002877713159357,0.0
-0.3784752756544679,-0.4692552255969695,-0.554082391936684,-0.636474328620713,-0.6803084624230535,-0.7208956233511465,-0.7586416830142731,-0.7916525739024556,-0.8567273219238314,-0.9161198674152743,-0.9714536968139079,0.59297842115944,0.0
-0.4692552255969695,-0.554082391936684,-0.636474328620713,-0.6803084624230535,-0.7208956233511465,-0.7586416830142731,-0.7916525739024556,-0.8567273219238314,-0.9161198674152743,-0.9714536968139079,-0.9870121085030102,0.5177568829060407,0.0
-0.554082391936684,-0.636474328620713,-0.6803084624230535,-0.7208956233511465,-0.7586416830142731,-0.7916525739024556,-0.8567273219238314,-0.9161198674152743,-0.9714536968139079,-0.9870121085030102,-0.9669891091118177,0.4329297165663263,0.0
-0.636474328620713,-0.6803084624230535,-0.7208956233511465,-0.7586416830142731,-0.7916525739024556,-0.8567273219238314,-0.9161198674152743,-0.9714536968139079,-0.9870121085030102,-0.9669891091118177,-0.9456132043563553,0.3505377798822973,0.0
-0.6803084624230535,-0.7208956233511465,-0.7586416830142731,-0.7916525739024556,-0.8567273219238314,-0.9161198674152743,-0.9714536968139079,-0.9870121085030102,-0.9669891091118177,-0.9456132043563553,-0.923831427991612,0.3067036460799567,0.0
-0.7208956233511465,-0.7586416830142731,-0.7916525739024556,-0.8567273219238314,-0.9161198674152743,-0.9714536968139079,-0.9870121085030102,-0.9669891091118177,-0.9456132043563553,-0.923831427991612,-0.89974971250761,0.2661164851518637,1.0
-0.7586416830142731,-0.7916525739024556,-0.8567273219238314,-0.9161198674152743,-0.9714536968139079,-0.9870121085030102,-0.9669891091118177,-0.9456132043563553,-0.923831427991612,-0.89974971250761,-0.8729621862950687,0.2283704254887371,1.0
-0.7916525739024556,-0.8567273219238314,-0.9161198674152743,-0.9714536968139079,-0.9870121085030102,-0.9669891091118177,-0.9456132043563553,-0.923831427991612,-0.89974971250761,-0.8729621862950687,-0.8459040790096732,0.19535953460055466,1.0
-0.8567273219238314,-0.9161198674152743,-0.9714536968139079,-0.9870121085030102,-0.9669891091118177,-0.9456132043563553,-0.923831427991612,-0.89974971250761,-0.8729621862950687,-0.8459040790096732,-0.8161401609957384,0.17087194750727186,1.0
-0.9161198674152743,-0.9714536968139079,-0.9870121085030102,-0.9669891091118177,-0.9456132043563553,-0.923831427991612,-0.89974971250761,-0.8729621862950687,-0.8459040790096732,-0.8161401609957384,-0.7855644997632416,0.20144760873976864,1.0
-0.9714536968139079,-0.9870121085030102,-0.9669891091118177,-0.9456132043563553,-0.923831427991612,-0.89974971250761,-0.8729621862950687,-0.8459040790096732,-0.8161401609957384,-0.7855644997632416,-0.7530947710207672,0.23391733748224308,1.0
-0.9870121085030102,-0.9669891091118177,-0.9456132043563553,-0.923831427991612,-0.89974971250761,-0.8729621862950687,-0.8459040790096732,-0.8161401609957384,-0.7855644997632416,-0.7530947710207672,-0.7211662044240006,0.26584590407900965,1.0
-0.9669891091118177,-0.9456132043563553,-0.923831427991612,-0.89974971250761,-0.8729621862950687,-0.8459040790096732,-0.8161401609957384,-0.7855644997632416,-0.7530947710207672,-0.7211662044240006,-0.6897787999729419,0.2772103091388758,1.0
-0.9456132043563553,-0.923831427991612,-0.89974971250761,-0.8729621862950687,-0.8459040790096732,-0.8161401609957384,-0.7855644997632416,-0.7530947710207672,-0.7211662044240006,-0.6897787999729419,-0.659473719813299,0.28613948454305627,1.0
-0.923831427991612,-0.89974971250761,-0.8729621862950687,-0.8459040790096732,-0.8161401609957384,-0.7855644997632416,-0.7530947710207672,-0.7211662044240006,-0.6897787999729419,-0.659473719813299,-0.6621795305418385,0.26435770817831294,1.0
-0.89974971250761,-0.8729621862950687,-0.8459040790096732,-0.8161401609957384,-0.7855644997632416,-0.7530947710207672,-0.7211662044240006,-0.6897787999729419,-0.659473719813299,-0.6621795305418385,-0.6642088885882432,0.240275992694311,1.0
-0.8729621862950687,-0.8459040790096732,-0.8161401609957384,-0.7855644997632416,-0.7530947710207672,-0.7211662044240006,-0.6897787999729419,-0.659473719813299,-0.6621795305418385,-0.6642088885882432,-0.6649001222992255,0.21348846648176967,1.0
-0.8459040790096732,-0.8161401609957384,-0.7855644997632416,-0.7530947710207672,-0.7211662044240006,-0.6897787999729419,-0.659473719813299,-0.6621795305418385,-0.6642088885882432,-0.6649001222992255,-0.6630181967437405,0.18643035919637418,1.0
-0.8161401609957384,-0.7855644997632416,-0.7530947710207672,-0.7211662044240006,-0.6897787999729419,-0.659473719813299,-0.6621795305418385,-0.6642088885882432,-0.6649001222992255,-0.6630181967437405,-0.6635654672321796,0.15666644118243933,1.0
-0.7855644997632416,-0.7530947710207672,-0.7211662044240006,-0.6897787999729419,-0.659473719813299,-0.6621795305418385,-0.6642088885882432,-0.6649001222992255,-0.6630181967437405,-0.6635654672321796,-0.6654809139417157,0.12609077994994256,1.0
-0.7530947710207672,-0.7211662044240006,-0.6897787999729419,-0.659473719813299,-0.6621795305418385,-0.6642088885882432,-0.6649001222992255,-0.6630181967437405,-0.6635654672321796,-0.6654809139417157,-0.6671227254070324,0.09362105120746811,1.0
-0.7211662044240006,-0.6897787999729419,-0.659473719813299,-0.6621795305418385,-0.6642088885882432,-0.6649001222992255,-0.6630181967437405,-0.6635654672321796,-0.6654809139417157,-0.6671227254070324,-0.6638129045729797,0.06169248461070154,1.0
