0.8419426048565122,1.0,1.0,1.0,1.0,1.0,0.9003690036900369,0.8423347869842335,0.8560885608856088,0.8540758134854076,0.7024488426702449,0.2975511573297551,0.0
1.0,1.0,1.0,1.0,1.0,0.9003690036900369,0.8423347869842335,0.8560885608856088,0.8540758134854076,0.7024488426702449,0.5394163032539416,0.46058369674605837,0.0
1.0,1.0,1.0,1.0,0.9003690036900369,0.8423347869842335,0.8560885608856088,0.8540758134854076,0.7024488426702449,0.5394163032539416,0.3119758470311975,0.6880241529688025,0.0
1.0,1.0,1.0,0.9003690036900369,0.8423347869842335,0.8560885608856088,0.8540758134854076,0.7024488426702449,0.5394163032539416,0.3119758470311975,-0.07044615900704465,1.0704461590070447,0.0
1.0,1.0,0.9003690036900369,0.8423347869842335,0.8560885608856088,0.8540758134854076,0.7024488426702449,0.5394163032539416,0.3119758470311975,-0.07044615900704465,-0.3170077155317008,1.3170077155317008,0.0
1.0,0.9003690036900369,0.8423347869842335,0.8560885608856088,0.8540758134854076,0.7024488426702449,0.5394163032539416,0.3119758470311975,-0.07044615900704465,-0.3170077155317008,-0.29184837302918487,1.3170077155317008,0.0
0.9003690036900369,0.8423347869842335,0.8560885608856088,0.8540758134854076,0.7024488426702449,0.5394163032539416,0.3119758470311975,-0.07044615900704465,-0.3170077155317008,-0.29184837302918487,-0.4421335122442134,1.3425025159342503,0.0
0.8423347869842335,0.8560885608856088,0.8540758134854076,0.7024488426702449,0.5394163032539416,0.3119758470311975,-0.07044615900704465,-0.3170077155317008,-0.29184837302918487,-0.4421335122442134,-0.45790003354579,1.313988594431399,0.0
0.8560885608856088,0.8540758134854076,0.7024488426702449,0.5394163032539416,0.3119758470311975,-0.07044615900704465,-0.3170077155317008,-0.29184837302918487,-0.4421335122442134,-0.45790003354579,-0.3374706474337471,1.313988594431399,0.0
0.8540758134854076,0.7024488426702449,0.5394163032539416,0.3119758470311975,-0.07044615900704465,-0.3170077155317008,-0.29184837302918487,-0.4421335122442134,-0.45790003354579,-0.3374706474337471,-0.32237504193223754,1.3119758470311975,0.0
0.7024488426702449,0.5394163032539416,0.3119758470311975,-0.07044615900704465,-0.3170077155317008,-0.29184837302918487,-0.4421335122442134,-0.45790003354579,-0.3374706474337471,-0.32237504193223754,-0.223079503522308,1.1603488762160348,0.0
0.5394163032539416,0.3119758470311975,-0.07044615900704465,-0.3170077155317008,-0.29184837302918487,-0.4421335122442134,-0.45790003354579,-0.3374706474337471,-0.32237504193223754,-0.223079503522308,-0.24320697752432074,0.9973163367997316,0.0
0.3119758470311975,-0.07044615900704465,-0.3170077155317008,-0.29184837302918487,-0.4421335122442134,-0.45790003354579,-0.3374706474337471,-0.32237504193223754,-0.223079503522308,-0.24320697752432074,-0.267359946326736,0.7698758805769875,1.0
-0.07044615900704465,-0.3170077155317008,-0.29184837302918487,-0.4421335122442134,-0.45790003354579,-0.3374706474337471,-0.32237504193223754,-0.223079503522308,-0.24320697752432074,-0.267359946326736,-0.2646762831264676,0.38745387453874536,1.0
-0.3170077155317008,-0.29184837302918487,-0.4421335122442134,-0.45790003354579,-0.3374706474337471,-0.32237504193223754,-0.223079503522308,-0.24320697752432074,-0.267359946326736,-0.2646762831264676,-0.2583025830258303,0.23482053002348202,1.0
-0.29184837302918487,-0.4421335122442134,-0.45790003354579,-0.3374706474337471,-0.32237504193223754,-0.223079503522308,-0.24320697752432074,-0.267359946326736,-0.2646762831264676,-0.2583025830258303,-0.23012411942301236,0.23482053002348202,1.0
-0.4421335122442134,-0.45790003354579,-0.3374706474337471,-0.32237504193223754,-0.223079503522308,-0.24320697752432074,-0.267359946326736,-0.2646762831264676,-0.2583025830258303,-0.23012411942301236,-0.24085877222408592,0.23482053002348202,1.0
-0.45790003354579,-0.3374706474337471,-0.32237504193223754,-0.223079503522308,-0.24320697752432074,-0.267359946326736,-0.2646762831264676,-0.2583025830258303,-0.23012411942301236,-0.24085877222408592,-0.2519288829251929,0.23482053002348202,1.0
-0.3374706474337471,-0.32237504193223754,-0.223079503522308,-0.24320697752432074,-0.267359946326736,-0.2646762831264676,-0.2583025830258303,-0.23012411942301236,-0.24085877222408592,-0.2519288829251929,-0.16001341831600135,0.17745722911774575,1.0
-0.32237504193223754,-0.223079503522308,-0.24320697752432074,-0.267359946326736,-0.2646762831264676,-0.2583025830258303,-0.23012411942301236,-0.24085877222408592,-0.2519288829251929,-0.16001341831600135,-0.21335122442133514,0.16236162361623618,1.0
-0.223079503522308,-0.24320697752432074,-0.267359946326736,-0.2646762831264676,-0.2583025830258303,-0.23012411942301236,-0.24085877222408592,-0.2519288829251929,-0.16001341831600135,-0.21335122442133514,-0.32539416303253943,0.16538074471653808,1.0
-0.24320697752432074,-0.267359946326736,-0.2646762831264676,-0.2583025830258303,-0.23012411942301236,-0.24085877222408592,-0.2519288829251929,-0.16001341831600135,-0.21335122442133514,-0.32539416303253943,-0.22006038242200598,0.16538074471653808,1.0
-0.267359946326736,-0.2646762831264676,-0.2583025830258303,-0.23012411942301236,-0.24085877222408592,-0.2519288829251929,-0.16001341831600135,-0.21335122442133514,-0.32539416303253943,-0.22006038242200598,-0.2878228782287823,0.16538074471653808,1.0
-0.2646762831264676,-0.2583025830258303,-0.23012411942301236,-0.24085877222408592,-0.2519288829251929,-0.16001341831600135,-0.21335122442133514,-0.32539416303253943,-0.22006038242200598,-0.2878228782287823,-0.27507547802750754,0.16538074471653808,1.0
-0.2583025830258303,-0.23012411942301236,-0.24085877222408592,-0.2519288829251929,-0.16001341831600135,-0.21335122442133514,-0.32539416303253943,-0.22006038242200598,-0.2878228782287823,-0.27507547802750754,-0.31935592083193565,0.16538074471653808,1.0
-0.23012411942301236,-0.24085877222408592,-0.2519288829251929,-0.16001341831600135,-0.21335122442133514,-0.32539416303253943,-0.22006038242200598,-0.2878228782287823,-0.27507547802750754,-0.31935592083193565,-0.20831935592083195,0.16538074471653808,1.0
-0.24085877222408592,-0.2519288829251929,-0.16001341831600135,-0.21335122442133514,-0.32539416303253943,-0.22006038242200598,-0.2878228782287823,-0.27507547802750754,-0.31935592083193565,-0.20831935592083195,-0.18349547131834953,0.16538074471653808,1.0
-0.2519288829251929,-0.16001341831600135,-0.21335122442133514,-0.32539416303253943,-0.22006038242200598,-0.2878228782287823,-0.27507547802750754,-0.31935592083193565,-0.20831935592083195,-0.18349547131834953,-0.05736330090573638,0.26803086212680305,1.0
-0.16001341831600135,-0.21335122442133514,-0.32539416303253943,-0.22006038242200598,-0.2878228782287823,-0.27507547802750754,-0.31935592083193565,-0.20831935592083195,-0.18349547131834953,-0.05736330090573638,0.1707480711170748,0.4961422341496142,1.0
-0.21335122442133514,-0.32539416303253943,-0.22006038242200598,-0.2878228782287823,-0.27507547802750754,-0.31935592083193565,-0.20831935592083195,-0.18349547131834953,-0.05736330090573638,0.1707480711170748,0.3622945320362294,0.6876886950687688,1.0
-0.32539416303253943,-0.22006038242200598,-0.2878228782287823,-0.27507547802750754,-0.31935592083193565,-0.20831935592083195,-0.18349547131834953,-0.05736330090573638,0.1707480711170748,0.3622945320362294,0.4448171754444816,0.7702113384770211,2.0
-0.22006038242200598,-0.2878228782287823,-0.27507547802750754,-0.31935592083193565,-0.20831935592083195,-0.18349547131834953,-0.05736330090573638,0.1707480711170748,0.3622945320362294,0.4448171754444816,0.6601811472660182,0.9795370680979538,2.0
-0.2878228782287823,-0.27507547802750754,-0.31935592083193565,-0.20831935592083195,-0.18349547131834953,-0.05736330090573638,0.1707480711170748,0.3622945320362294,0.4448171754444816,0.6601811472660182,0.8463602817846361,1.1657162026165717,2.0
-0.27507547802750754,-0.31935592083193565,-0.20831935592083195,-0.18349547131834953,-0.05736330090573638,0.1707480711170748,0.3622945320362294,0.4448171754444816,0.6601811472660182,0.8463602817846361,0.8326065078832607,1.1657162026165717,2.0
-0.31935592083193565,-0.20831935592083195,-0.18349547131834953,-0.05736330090573638,0.1707480711170748,0.3622945320362294,0.4448171754444816,0.6601811472660182,0.8463602817846361,0.8326065078832607,0.8299228446829923,1.1657162026165717,2.0
-0.20831935592083195,-0.18349547131834953,-0.05736330090573638,0.1707480711170748,0.3622945320362294,0.4448171754444816,0.6601811472660182,0.8463602817846361,0.8326065078832607,0.8299228446829923,0.806440791680644,1.0546796377054681,2.0
-0.18349547131834953,-0.05736330090573638,0.1707480711170748,0.3622945320362294,0.4448171754444816,0.6601811472660182,0.8463602817846361,0.8326065078832607,0.8299228446829923,0.806440791680644,1.0,1.1834954713183494,2.0
-0.05736330090573638,0.1707480711170748,0.3622945320362294,0.4448171754444816,0.6601811472660182,0.8463602817846361,0.8326065078832607,0.8299228446829923,0.806440791680644,1.0,1.0,1.0573633009057364,2.0
0.1707480711170748,0.3622945320362294,0.4448171754444816,0.6601811472660182,0.8463602817846361,0.8326065078832607,0.8299228446829923,0.806440791680644,1.0,1.0,1.0,0.8292519288829252,2.0
0.3622945320362294,0.4448171754444816,0.6601811472660182,0.8463602817846361,0.8326065078832607,0.8299228446829923,0.806440791680644,1.0,1.0,1.0,0.9412933802170922,0.6377054679637706,2.0
0.4448171754444816,0.6601811472660182,0.8463602817846361,0.8326065078832607,0.8299228446829923,0.806440791680644,1.0,1.0,1.0,0.9412933802170922,0.8544565051215411,0.5551828245555184,2.0
0.6601811472660182,0.8463602817846361,0.8326065078832607,0.8299228446829923,0.806440791680644,1.0,1.0,1.0,0.9412933802170922,0.8544565051215411,0.6765020639046018,0.3398188527339818,2.0
0.8463602817846361,0.8326065078832607,0.8299228446829923,0.806440791680644,1.0,1.0,1.0,0.9412933802170922,0.8544565051215411,0.6765020639046018,0.41507414768384043,0.5849258523161596,2.0
0.8326065078832607,0.8299228446829923,0.806440791680644,1.0,1.0,1.0,0.9412933802170922,0.8544565051215411,0.6765020639046018,0.41507414768384043,0.037456046476074034,0.962543953523926,0.0
0.8299228446829923,0.806440791680644,1.0,1.0,1.0,0.9412933802170922,0.8544565051215411,0.6765020639046018,0.41507414768384043,0.037456046476074034,-0.3334352545482342,1.3334352545482342,0.0
0.806440791680644,1.0,1.0,1.0,0.9412933802170922,0.8544565051215411,0.6765020639046018,0.41507414768384043,0.037456046476074034,-0.3334352545482342,-0.5441064057483564,1.5441064057483564,0.0
1.0,1.0,1.0,0.9412933802170922,0.8544565051215411,0.6765020639046018,0.41507414768384043,0.037456046476074034,-0.3334352545482342,-0.5441064057483564,-0.8883962696835346,1.8883962696835346,0.0
1.0,1.0,0.9412933802170922,0.8544565051215411,0.6765020639046018,0.41507414768384043,0.037456046476074034,-0.3334352545482342,-0.5441064057483564,-0.8883962696835346,-1.0,2.0,0.0
1.0,0.9412933802170922,0.8544565051215411,0.6765020639046018,0.41507414768384043,0.037456046476074034,-0.3334352545482342,-0.5441064057483564,-0.8883962696835346,-1.0,-1.0,2.0,0.0
0.9412933802170922,0.8544565051215411,0.6765020639046018,0.41507414768384043,0.037456046476074034,-0.3334352545482342,-0.5441064057483564,-0.8883962696835346,-1.0,-1.0,-1.0,1.9412933802170922,0.0
0.8544565051215411,0.6765020639046018,0.41507414768384043,0.037456046476074034,-0.3334352545482342,-0.5441064057483564,-0.8883962696835346,-1.0,-1.0,-1.0,-1.0,1.8544565051215411,0.0
0.6765020639046018,0.41507414768384043,0.037456046476074034,-0.3334352545482342,-0.5441064057483564,-0.8883962696835346,-1.0,-1.0,-1.0,-1.0,-1.0,1.6765020639046018,0.0
0.41507414768384043,0.037456046476074034,-0.3334352545482342,-0.5441064057483564,-0.8883962696835346,-1.0,-1.0,-1.0,-1.0,-1.0,-1.0,1.4150741476838404,1.0
0.037456046476074034,-0.3334352545482342,-0.5441064057483564,-0.8883962696835346,-1.0,-1.0,-1.0,-1.0,-1.0,-1.0,-1.0,1.037456046476074,1.0
-0.3334352545482342,-0.5441064057483564,-0.8883962696835346,-1.0,-1.0,-1.0,-1.0,-1.0,-1.0,-1.0,-1.0,0.6665647454517658,1.0
-0.5441064057483564,-0.8883962696835346,-1.0,-1.0,-1.0,-1.0,-1.0,-1.0,-1.0,-1.0,-1.0,0.45589359425164355,1.0
-0.8883962696835346,-1.0,-1.0,-1.0,-1.0,-1.0,-1.0,-1.0,-1.0,-1.0,-1.0,0.11160373031646542,1.0
-1.0,-1.0,-1.0,-1.0,-1.0,-1.0,-1.0,-1.0,-1.0,-1.0,-1.0,0.0,1.0
-1.0,-1.0,-1.0,-1.0,-1.0,-1.0,-1.0,-1.0,-1.0,-1.0,-1.0,0.0,1.0
-1.0,-1.0,-1.0,-1.0,-1.0,-1.0,-1.0,-1.0,-1.0,-1.0,-0.9489824522060885,0.051017547793911544,1.0
-1.0,-1.0,-1.0,-1.0,-1.0,-1.0,-1.0,-1.0,-1.0,-0.9489824522060885,-0.9865448225598475,0.051017547793911544,1.0
-1.0,-1.0,-1.0,-1.0,-1.0,-1.0,-1.0,-1.0,-0.9489824522060885,-0.9865448225598475,-0.951673487694119,0.051017547793911544,1.0
-1.0,-1.0,-1.0,-1.0,-1.0,-1.0,-1.0,-0.9489824522060885,-0.9865448225598475,-0.951673487694119,-0.9162415204350507,0.0837584795649493,1.0
-1.0,-1.0,-1.0,-1.0,-1.0,-1.0,-0.9489824522060885,-0.9865448225598475,-0.951673487694119,-0.9162415204350507,-0.8323709143914335,0.16762908560856649,1.0
-1.0,-1.0,-1.0,-1.0,-1.0,-0.9489824522060885,-0.9865448225598475,-0.951673487694119,-0.9162415204350507,-0.8323709143914335,-0.7448001345517744,0.2551998654482256,1.0
-1.0,-1.0,-1.0,-1.0,-0.9489824522060885,-0.9865448225598475,-0.951673487694119,-0.9162415204350507,-0.8323709143914335,-0.7448001345517744,-0.6460167068453215,0.35398329315467847,1.0
-1.0,-1.0,-1.0,-0.9489824522060885,-0.9865448225598475,-0.951673487694119,-0.9162415204350507,-0.8323709143914335,-0.7448001345517744,-0.6460167068453215,-0.5849077759712956,0.4150922240287044,1.0
-1.0,-1.0,-0.9489824522060885,-0.9865448225598475,-0.951673487694119,-0.9162415204350507,-0.8323709143914335,-0.7448001345517744,-0.6460167068453215,-0.5849077759712956,-0.494533834164938,0.505466165835062,2.0
-1.0,-0.9489824522060885,-0.9865448225598475,-0.951673487694119,-0.9162415204350507,-0.8323709143914335,-0.7448001345517744,-0.6460167068453215,-0.5849077759712956,-0.494533834164938,-0.4573078432471829,0.5426921567528171,2.0
-0.9489824522060885,-0.9865448225598475,-0.951673487694119,-0.9162415204350507,-0.8323709143914335,-0.7448001345517744,-0.6460167068453215,-0.5849077759712956,-0.494533834164938,-0.4573078432471829,-0.4043841453159164,0.5821606772439312,2.0
-0.9865448225598475,-0.951673487694119,-0.9162415204350507,-0.8323709143914335,-0.7448001345517744,-0.6460167068453215,-0.5849077759712956,-0.494533834164938,-0.4573078432471829,-0.4043841453159164,-0.3597578068060773,0.6267870157537703,2.0
-0.951673487694119,-0.9162415204350507,-0.8323709143914335,-0.7448001345517744,-0.6460167068453215,-0.5849077759712956,-0.494533834164938,-0.4573078432471829,-0.4043841453159164,-0.3597578068060773,-0.40718730728261476,0.5919156808880417,2.0
-0.9162415204350507,-0.8323709143914335,-0.7448001345517744,-0.6460167068453215,-0.5849077759712956,-0.494533834164938,-0.4573078432471829,-0.4043841453159164,-0.3597578068060773,-0.40718730728261476,-0.41604529909738186,0.5564837136289734,2.0
-0.8323709143914335,-0.7448001345517744,-0.6460167068453215,-0.5849077759712956,-0.494533834164938,-0.4573078432471829,-0.4043841453159164,-0.3597578068060773,-0.40718730728261476,-0.41604529909738186,-0.4638111790099232,0.47261310758535624,2.0
-0.7448001345517744,-0.6460167068453215,-0.5849077759712956,-0.494533834164938,-0.4573078432471829,-0.4043841453159164,-0.3597578068060773,-0.40718730728261476,-0.41604529909738186,-0.4638111790099232,-0.5495879351908953,0.38504232774569713,2.0
-0.6460167068453215,-0.5849077759712956,-0.494533834164938,-0.4573078432471829,-0.4043841453159164,-0.3597578068060773,-0.40718730728261476,-0.41604529909738186,-0.4638111790099232,-0.5495879351908953,-0.67382407355497,0.3140662667488927,0.0
-0.5849077759712956,-0.494533834164938,-0.4573078432471829,-0.4043841453159164,-0.3597578068060773,-0.40718730728261476,-0.41604529909738186,-0.4638111790099232,-0.5495879351908953,-0.67382407355497,-0.799069350227056,0.4393115434209788,0.0
-0.494533834164938,-0.4573078432471829,-0.4043841453159164,-0.3597578068060773,-0.40718730728261476,-0.41604529909738186,-0.4638111790099232,-0.5495879351908953,-0.67382407355497,-0.799069350227056,-0.8027695240230981,0.4430117172170208,0.0
-0.4573078432471829,-0.4043841453159164,-0.3597578068060773,-0.40718730728261476,-0.41604529909738186,-0.4638111790099232,-0.5495879351908953,-0.67382407355497,-0.799069350227056,-0.8027695240230981,-0.779671469417503,0.4430117172170208,0.0
-0.4043841453159164,-0.3597578068060773,-0.40718730728261476,-0.41604529909738186,-0.4638111790099232,-0.5495879351908953,-0.67382407355497,-0.799069350227056,-0.8027695240230981,-0.779671469417503,-0.7731681336547626,0.4430117172170208,0.0
-0.3597578068060773,-0.40718730728261476,-0.41604529909738186,-0.4638111790099232,-0.5495879351908953,-0.67382407355497,-0.799069350227056,-0.8027695240230981,-0.779671469417503,-0.7731681336547626,-0.7422212255424119,0.4430117172170208,0.0
-0.40718730728261476,-0.41604529909738186,-0.4638111790099232,-0.5495879351908953,-0.67382407355497,-0.799069350227056,-0.8027695240230981,-0.779671469417503,-0.7731681336547626,-0.7422212255424119,-0.6972585075965689,0.39558221674048333,2.0
-0.41604529909738186,-0.4638111790099232,-0.5495879351908953,-0.67382407355497,-0.799069350227056,-0.8027695240230981,-0.779671469417503,-0.7731681336547626,-0.7422212255424119,-0.6972585075965689,-0.5624824802377082,0.38672422492571623,2.0
-0.4638111790099232,-0.5495879351908953,-0.67382407355497,-0.799069350227056,-0.8027695240230981,-0.779671469417503,-0.7731681336547626,-0.7422212255424119,-0.6972585075965689,-0.5624824802377082,-0.3765767786062679,0.42619274541683017,2.0
-0.5495879351908953,-0.67382407355497,-0.799069350227056,-0.8027695240230981,-0.779671469417503,-0.7731681336547626,-0.7422212255424119,-0.6972585075965689,-0.5624824802377082,-0.3765767786062679,-0.238436956887369,0.5643325671357291,2.0
-0.67382407355497,-0.799069350227056,-0.8027695240230981,-0.779671469417503,-0.7731681336547626,-0.7422212255424119,-0.6972585075965689,-0.5624824802377082,-0.3765767786062679,-0.238436956887369,-0.17015193137859508,0.632617592644503,2.0
-0.799069350227056,-0.8027695240230981,-0.779671469417503,-0.7731681336547626,-0.7422212255424119,-0.6972585075965689,-0.5624824802377082,-0.3765767786062679,-0.238436956887369,-0.17015193137859508,-0.041094354431799096,0.761675169591299,2.0
-0.8027695240230981,-0.779671469417503,-0.7731681336547626,-0.7422212255424119,-0.6972585075965689,-0.5624824802377082,-0.3765767786062679,-0.238436956887369,-0.17015193137859508,-0.041094354431799096,0.08123563379492071,0.8840051578180188,2.0
-0.779671469417503,-0.7731681336547626,-0.7422212255424119,-0.6972585075965689,-0.5624824802377082,-0.3765767786062679,-0.238436956887369,-0.17015193137859508,-0.041094354431799096,0.08123563379492071,0.18584963839210622,0.9655211078096092,2.0
-0.7731681336547626,-0.7422212255424119,-0.6972585075965689,-0.5624824802377082,-0.3765767786062679,-0.238436956887369,-0.17015193137859508,-0.041094354431799096,0.08123563379492071,0.18584963839210622,0.1621909513931714,0.9590177720468688,2.0
-0.7422212255424119,-0.6972585075965689,-0.5624824802377082,-0.3765767786062679,-0.238436956887369,-0.17015193137859508,-0.041094354431799096,0.08123563379492071,0.18584963839210622,0.1621909513931714,0.10511857375119127,0.9280708639345181,2.0
-0.6972585075965689,-0.5624824802377082,-0.3765767786062679,-0.238436956887369,-0.17015193137859508,-0.041094354431799096,0.08123563379492071,0.18584963839210622,0.1621909513931714,0.10511857375119127,0.029769580086337344,0.8831081459886752,2.0
-0.5624824802377082,-0.3765767786062679,-0.238436956887369,-0.17015193137859508,-0.041094354431799096,0.08123563379492071,0.18584963839210622,0.1621909513931714,0.10511857375119127,0.029769580086337344,-0.16353646913718678,0.7483321186298144,2.0
-0.3765767786062679,-0.238436956887369,-0.17015193137859508,-0.041094354431799096,0.08123563379492071,0.18584963839210622,0.1621909513931714,0.10511857375119127,0.029769580086337344,-0.16353646913718678,-0.42389415260413743,0.6097437909962437,0.0
-0.238436956887369,-0.17015193137859508,-0.041094354431799096,0.08123563379492071,0.18584963839210622,0.1621909513931714,0.10511857375119127,0.029769580086337344,-0.16353646913718678,-0.42389415260413743,-0.6744968324269776,0.8603464708190838,0.0
-0.17015193137859508,-0.041094354431799096,0.08123563379492071,0.18584963839210622,0.1621909513931714,0.10511857375119127,0.029769580086337344,-0.16353646913718678,-0.42389415260413743,-0.6744968324269776,-0.983853787071817,1.1697034254639234,0.0
-0.041094354431799096,0.08123563379492071,0.18584963839210622,0.1621909513931714,0.10511857375119127,0.029769580086337344,-0.16353646913718678,-0.42389415260413743,-0.6744968324269776,-0.983853787071817,-1.0,1.1858496383921062,0.0
0.08123563379492071,0.18584963839210622,0.1621909513931714,0.10511857375119127,0.029769580086337344,-0.16353646913718678,-0.42389415260413743,-0.6744968324269776,-0.983853787071817,-1.0,-1.0,1.1858496383921062,0.0
0.18584963839210622,0.1621909513931714,0.10511857375119127,0.029769580086337344,-0.16353646913718678,-0.42389415260413743,-0.6744968324269776,-0.983853787071817,-1.0,-1.0,-1.0,1.1858496383921062,0.0
0.1621909513931714,0.10511857375119127,0.029769580086337344,-0.16353646913718678,-0.42389415260413743,-0.6744968324269776,-0.983853787071817,-1.0,-1.0,-1.0,-1.0,1.1621909513931714,0.0
0.10511857375119127,0.029769580086337344,-0.16353646913718678,-0.42389415260413743,-0.6744968324269776,-0.983853787071817,-1.0,-1.0,-1.0,-1.0,-1.0,1.1051185737511913,1.0
0.029769580086337344,-0.16353646913718678,-0.42389415260413743,-0.6744968324269776,-0.983853787071817,-1.0,-1.0,-1.0,-1.0,-1.0,-1.0,1.0297695800863373,1.0
-0.16353646913718678,-0.42389415260413743,-0.6744968324269776,-0.983853787071817,-1.0,-1.0,-1.0,-1.0,-1.0,-1.0,-1.0,0.8364635308628132,1.0
-0.42389415260413743,-0.6744968324269776,-0.983853787071817,-1.0,-1.0,-1.0,-1.0,-1.0,-1.0,-1.0,-1.0,0.5761058473958626,1.0
-0.6744968324269776,-0.983853787071817,-1.0,-1.0,-1.0,-1.0,-1.0,-1.0,-1.0,-1.0,-0.9831518141885793,0.32550316757302244,1.0
-0.983853787071817,-1.0,-1.0,-1.0,-1.0,-1.0,-1.0,-1.0,-1.0,-0.9831518141885793,-0.9700342980925447,0.02996570190745529,1.0
-1.0,-1.0,-1.0,-1.0,-1.0,-1.0,-1.0,-1.0,-0.9831518141885793,-0.9700342980925447,-0.9866417955352308,0.02996570190745529,1.0
-1.0,-1.0,-1.0,-1.0,-1.0,-1.0,-1.0,-0.9831518141885793,-0.9700342980925447,-0.9866417955352308,-1.0,0.02996570190745529,1.0
-1.0,-1.0,-1.0,-1.0,-1.0,-1.0,-0.9831518141885793,-0.9700342980925447,-0.9866417955352308,-1.0,-0.9715509238463151,0.02996570190745529,1.0
-1.0,-1.0,-1.0,-1.0,-1.0,-0.9831518141885793,-0.9700342980925447,-0.9866417955352308,-1.0,-0.9715509238463151,-0.956996975414009,0.043003024585991034,1.0
-1.0,-1.0,-1.0,-1.0,-0.9831518141885793,-0.9700342980925447,-0.9866417955352308,-1.0,-0.9715509238463151,-0.956996975414009,-0.9157907345850926,0.08420926541490736,1.0
-1.0,-1.0,-1.0,-0.9831518141885793,-0.9700342980925447,-0.9866417955352308,-1.0,-0.9715509238463151,-0.956996975414009,-0.9157907345850926,-0.9278291857574941,0.08420926541490736,1.0
-1.0,-1.0,-0.9831518141885793,-0.9700342980925447,-0.9866417955352308,-1.0,-0.9715509238463151,-0.956996975414009,-0.9157907345850926,-0.9278291857574941,-0.9851465876081813,0.08420926541490736,1.0
-1.0,-0.9831518141885793,-0.9700342980925447,-0.9866417955352308,-1.0,-0.9715509238463151,-0.956996975414009,-0.9157907345850926,-0.9278291857574941,-0.9851465876081813,-1.0,0.08420926541490736,1.0
-0.9831518141885793,-0.9700342980925447,-0.9866417955352308,-1.0,-0.9715509238463151,-0.956996975414009,-0.9157907345850926,-0.9278291857574941,-0.9851465876081813,-1.0,-1.0,0.08420926541490736,1.0
-0.9700342980925447,-0.9866417955352308,-1.0,-0.9715509238463151,-0.956996975414009,-0.9157907345850926,-0.9278291857574941,-0.9851465876081813,-1.0,-1.0,-1.0,0.08420926541490736,1.0
-0.9866417955352308,-1.0,-0.9715509238463151,-0.956996975414009,-0.9157907345850926,-0.9278291857574941,-0.9851465876081813,-1.0,-1.0,-1.0,-1.0,0.08420926541490736,1.0
-1.0,-0.9715509238463151,-0.956996975414009,-0.9157907345850926,-0.9278291857574941,-0.9851465876081813,-1.0,-1.0,-1.0,-1.0,-1.0,0.08420926541490736,1.0
-0.9715509238463151,-0.956996975414009,-0.9157907345850926,-0.9278291857574941,-0.9851465876081813,-1.0,-1.0,-1.0,-1.0,-1.0,-1.0,0.08420926541490736,1.0
-0.956996975414009,-0.9157907345850926,-0.9278291857574941,-0.9851465876081813,-1.0,-1.0,-1.0,-1.0,-1.0,-1.0,-1.0,0.08420926541490736,1.0
-0.9157907345850926,-0.9278291857574941,-0.9851465876081813,-1.0,-1.0,-1.0,-1.0,-1.0,-1.0,-1.0,-0.9892787276746018,0.08420926541490736,1.0
-0.9278291857574941,-0.9851465876081813,-1.0,-1.0,-1.0,-1.0,-1.0,-1.0,-1.0,-0.9892787276746018,-0.9152968674576357,0.08470313254236428,1.0
-0.9851465876081813,-1.0,-1.0,-1.0,-1.0,-1.0,-1.0,-1.0,-0.9892787276746018,-0.9152968674576357,-0.8287645130967201,0.17123548690327994,1.0
-1.0,-1.0,-1.0,-1.0,-1.0,-1.0,-1.0,-0.9892787276746018,-0.9152968674576357,-0.8287645130967201,-0.7170295470135413,0.28297045298645873,1.0
-1.0,-1.0,-1.0,-1.0,-1.0,-1.0,-0.9892787276746018,-0.9152968674576357,-0.8287645130967201,-0.7170295470135413,-0.6355783643708239,0.36442163562917607,1.0
-1.0,-1.0,-1.0,-1.0,-1.0,-0.9892787276746018,-0.9152968674576357,-0.8287645130967201,-0.7170295470135413,-0.6355783643708239,-0.5445745788978938,0.45542542110210615,2.0
-1.0,-1.0,-1.0,-1.0,-0.9892787276746018,-0.9152968674576357,-0.8287645130967201,-0.7170295470135413,-0.6355783643708239,-0.5445745788978938,-0.4556032621122431,0.5443967378877569,2.0
-1.0,-1.0,-1.0,-0.9892787276746018,-0.9152968674576357,-0.8287645130967201,-0.7170295470135413,-0.6355783643708239,-0.5445745788978938,-0.4556032621122431,-0.40072660755570233,0.5992733924442977,2.0
-1.0,-1.0,-0.9892787276746018,-0.9152968674576357,-0.8287645130967201,-0.7170295470135413,-0.6355783643708239,-0.5445745788978938,-0.4556032621122431,-0.40072660755570233,-0.37633698330835086,0.6236630166916491,2.0
-1.0,-0.9892787276746018,-0.9152968674576357,-0.8287645130967201,-0.7170295470135413,-0.6355783643708239,-0.5445745788978938,-0.4556032621122431,-0.40072660755570233,-0.37633698330835086,-0.3556566144152842,0.6443433855847158,2.0
-0.9892787276746018,-0.9152968674576357,-0.8287645130967201,-0.7170295470135413,-0.6355783643708239,-0.5445745788978938,-0.4556032621122431,-0.40072660755570233,-0.37633698330835086,-0.3556566144152842,-0.3052005792535759,0.6840781484210259,2.0
-0.9152968674576357,-0.8287645130967201,-0.7170295470135413,-0.6355783643708239,-0.5445745788978938,-0.4556032621122431,-0.40072660755570233,-0.37633698330835086,-0.3556566144152842,-0.3052005792535759,-0.2705469881354641,0.6447498793221716,2.0
-0.8287645130967201,-0.7170295470135413,-0.6355783643708239,-0.5445745788978938,-0.4556032621122431,-0.40072660755570233,-0.37633698330835086,-0.3556566144152842,-0.3052005792535759,-0.2705469881354641,-0.27715251136912167,0.558217524961256,2.0
-0.7170295470135413,-0.6355783643708239,-0.5445745788978938,-0.4556032621122431,-0.40072660755570233,-0.37633698330835086,-0.3556566144152842,-0.3052005792535759,-0.2705469881354641,-0.27715251136912167,-0.3487970325957166,0.4464825588780772,2.0
-0.6355783643708239,-0.5445745788978938,-0.4556032621122431,-0.40072660755570233,-0.37633698330835086,-0.3556566144152842,-0.3052005792535759,-0.2705469881354641,-0.27715251136912167,-0.3487970325957166,-0.415970122710297,0.36503137623535986,2.0
-0.5445745788978938,-0.4556032621122431,-0.40072660755570233,-0.37633698330835086,-0.3556566144152842,-0.3052005792535759,-0.2705469881354641,-0.27715251136912167,-0.3487970325957166,-0.415970122710297,-0.4919336398973604,0.2740275907624298,2.0
-0.4556032621122431,-0.40072660755570233,-0.37633698330835086,-0.3556566144152842,-0.3052005792535759,-0.2705469881354641,-0.27715251136912167,-0.3487970325957166,-0.415970122710297,-0.4919336398973604,-0.5784659942582759,0.30791900612281187,0.0
-0.40072660755570233,-0.37633698330835086,-0.3556566144152842,-0.3052005792535759,-0.2705469881354641,-0.27715251136912167,-0.3487970325957166,-0.415970122710297,-0.4919336398973604,-0.5784659942582759,-0.6499580803333249,0.37941109219786084,0.0
-0.37633698330835086,-0.3556566144152842,-0.3052005792535759,-0.2705469881354641,-0.27715251136912167,-0.3487970325957166,-0.415970122710297,-0.4919336398973604,-0.5784659942582759,-0.6499580803333249,-0.6646426665989177,0.3940956784634536,0.0
-0.3556566144152842,-0.3052005792535759,-0.2705469881354641,-0.27715251136912167,-0.3487970325957166,-0.415970122710297,-0.4919336398973604,-0.5784659942582759,-0.6499580803333249,-0.6646426665989177,-0.6469093773024059,0.3940956784634536,0.0
-0.3052005792535759,-0.2705469881354641,-0.27715251136912167,-0.3487970325957166,-0.415970122710297,-0.4919336398973604,-0.5784659942582759,-0.6499580803333249,-0.6646426665989177,-0.6469093773024059,-0.5856812580981174,0.3940956784634536,0.0
-0.2705469881354641,-0.27715251136912167,-0.3487970325957166,-0.415970122710297,-0.4919336398973604,-0.5784659942582759,-0.6499580803333249,-0.6646426665989177,-0.6469093773024059,-0.5856812580981174,-0.5268921013185641,0.3940956784634536,0.0
-0.27715251136912167,-0.3487970325957166,-0.415970122710297,-0.4919336398973604,-0.5784659942582759,-0.6499580803333249,-0.6646426665989177,-0.6469093773024059,-0.5856812580981174,-0.5268921013185641,-0.4847691877747008,0.387490155229796,0.0
-0.3487970325957166,-0.415970122710297,-0.4919336398973604,-0.5784659942582759,-0.6499580803333249,-0.6646426665989177,-0.6469093773024059,-0.5856812580981174,-0.5268921013185641,-0.4847691877747008,-0.42531947867178166,0.3158456340032011,2.0
-0.415970122710297,-0.4919336398973604,-0.5784659942582759,-0.6499580803333249,-0.6646426665989177,-0.6469093773024059,-0.5856812580981174,-0.5268921013185641,-0.4847691877747008,-0.42531947867178166,-0.3243565966311831,0.3402860699677346,2.0
-0.4919336398973604,-0.5784659942582759,-0.6499580803333249,-0.6646426665989177,-0.6469093773024059,-0.5856812580981174,-0.5268921013185641,-0.4847691877747008,-0.42531947867178166,-0.3243565966311831,-0.2357917735829882,0.4288508930159295,2.0
-0.5784659942582759,-0.6499580803333249,-0.6646426665989177,-0.6469093773024059,-0.5856812580981174,-0.5268921013185641,-0.4847691877747008,-0.42531947867178166,-0.3243565966311831,-0.2357917735829882,-0.16069205558801858,0.5039506110108991,2.0
-0.6499580803333249,-0.6646426665989177,-0.6469093773024059,-0.5856812580981174,-0.5268921013185641,-0.4847691877747008,-0.42531947867178166,-0.3243565966311831,-0.2357917735829882,-0.16069205558801858,-0.0681131068824471,0.5965295597164706,2.0
-0.6646426665989177,-0.6469093773024059,-0.5856812580981174,-0.5268921013185641,-0.4847691877747008,-0.42531947867178166,-0.3243565966311831,-0.2357917735829882,-0.16069205558801858,-0.0681131068824471,0.04082721475572271,0.7054698813546404,2.0
-0.6469093773024059,-0.5856812580981174,-0.5268921013185641,-0.4847691877747008,-0.42531947867178166,-0.3243565966311831,-0.2357917735829882,-0.16069205558801858,-0.0681131068824471,0.04082721475572271,0.10469754325347425,0.7516069205558802,2.0
-0.5856812580981174,-0.5268921013185641,-0.4847691877747008,-0.42531947867178166,-0.3243565966311831,-0.2357917735829882,-0.16069205558801858,-0.0681131068824471,0.04082721475572271,0.10469754325347425,0.13493051497675368,0.7206117730748711,2.0
-0.5268921013185641,-0.4847691877747008,-0.42531947867178166,-0.3243565966311831,-0.2357917735829882,-0.16069205558801858,-0.0681131068824471,0.04082721475572271,0.10469754325347425,0.13493051497675368,0.1534767917481772,0.6803688930667413,2.0
-0.4847691877747008,-0.42531947867178166,-0.3243565966311831,-0.2357917735829882,-0.16069205558801858,-0.0681131068824471,0.04082721475572271,0.10469754325347425,0.13493051497675368,0.1534767917481772,0.156677929930642,0.6414471177053428,2.0
-0.42531947867178166,-0.3243565966311831,-0.2357917735829882,-0.16069205558801858,-0.0681131068824471,0.04082721475572271,0.10469754325347425,0.13493051497675368,0.1534767917481772,0.156677929930642,0.19199207337211965,0.6173115520439013,2.0
-0.3243565966311831,-0.2357917735829882,-0.16069205558801858,-0.0681131068824471,0.04082721475572271,0.10469754325347425,0.13493051497675368,0.1534767917481772,0.156677929930642,0.19199207337211965,0.22999923782424236,0.5543558344554255,2.0
-0.2357917735829882,-0.16069205558801858,-0.0681131068824471,0.04082721475572271,0.10469754325347425,0.13493051497675368,0.1534767917481772,0.156677929930642,0.19199207337211965,0.22999923782424236,0.2743578669241127,0.5101496405071009,2.0
-0.16069205558801858,-0.0681131068824471,0.04082721475572271,0.10469754325347425,0.13493051497675368,0.1534767917481772,0.156677929930642,0.19199207337211965,0.22999923782424236,0.2743578669241127,0.32481390208582095,0.4855059576738395,2.0
-0.0681131068824471,0.04082721475572271,0.10469754325347425,0.13493051497675368,0.1534767917481772,0.156677929930642,0.19199207337211965,0.22999923782424236,0.2743578669241127,0.32481390208582095,0.353166840273367,0.42127994715581407,2.0
0.04082721475572271,0.10469754325347425,0.13493051497675368,0.1534767917481772,0.156677929930642,0.19199207337211965,0.22999923782424236,0.2743578669241127,0.32481390208582095,0.353166840273367,0.36033129239602646,0.31950407764030375,2.0
0.10469754325347425,0.13493051497675368,0.1534767917481772,0.156677929930642,0.19199207337211965,0.22999923782424236,0.2743578669241127,0.32481390208582095,0.353166840273367,0.36033129239602646,0.382027895632733,0.27733035237925874,2.0
0.13493051497675368,0.1534767917481772,0.156677929930642,0.19199207337211965,0.22999923782424236,0.2743578669241127,0.32481390208582095,0.353166840273367,0.36033129239602646,0.382027895632733,0.39483244836259246,0.2599019333858388,2.0
0.1534767917481772,0.156677929930642,0.19199207337211965,0.22999923782424236,0.2743578669241127,0.32481390208582095,0.353166840273367,0.36033129239602646,0.382027895632733,0.39483244836259246,0.40865323543609167,0.2551764436879145,2.0
0.156677929930642,0.19199207337211965,0.22999923782424236,0.2743578669241127,0.32481390208582095,0.353166840273367,0.36033129239602646,0.382027895632733,0.39483244836259246,0.40865323543609167,0.41622418129620686,0.25954625136556486,2.0
0.19199207337211965,0.22999923782424236,0.2743578669241127,0.32481390208582095,0.353166840273367,0.36033129239602646,0.382027895632733,0.39483244836259246,0.40865323543609167,0.41622418129620686,0.4540280988796017,0.26203602550748206,2.0
0.22999923782424236,0.2743578669241127,0.32481390208582095,0.353166840273367,0.36033129239602646,0.382027895632733,0.39483244836259246,0.40865323543609167,0.41622418129620686,0.4540280988796017,0.49808185767638014,0.26808261985213777,2.0
0.2743578669241127,0.32481390208582095,0.353166840273367,0.36033129239602646,0.382027895632733,0.39483244836259246,0.40865323543609167,0.41622418129620686,0.4540280988796017,0.49808185767638014,0.5349203526333173,0.2605624857092046,2.0
0.32481390208582095,0.353166840273367,0.36033129239602646,0.382027895632733,0.39483244836259246,0.40865323543609167,0.41622418129620686,0.4540280988796017,0.49808185767638014,0.5349203526333173,0.5763319021366327,0.2515180000508117,2.0
0.353166840273367,0.36033129239602646,0.382027895632733,0.39483244836259246,0.40865323543609167,0.41622418129620686,0.4540280988796017,0.49808185767638014,0.5349203526333173,0.5763319021366327,0.5739437514290795,0.22316506186326568,2.0
0.36033129239602646,0.382027895632733,0.39483244836259246,0.40865323543609167,0.41622418129620686,0.4540280988796017,0.49808185767638014,0.5349203526333173,0.5763319021366327,0.5739437514290795,0.510073422931328,0.2160006097406062,2.0
0.382027895632733,0.39483244836259246,0.40865323543609167,0.41622418129620686,0.4540280988796017,0.49808185767638014,0.5349203526333173,0.5763319021366327,0.5739437514290795,0.510073422931328,0.4771982419145855,0.19430400650389967,2.0
0.39483244836259246,0.40865323543609167,0.41622418129620686,0.4540280988796017,0.49808185767638014,0.5349203526333173,0.5763319021366327,0.5739437514290795,0.510073422931328,0.4771982419145855,0.46012550494143944,0.1814994537740402,2.0
0.40865323543609167,0.41622418129620686,0.4540280988796017,0.49808185767638014,0.5349203526333173,0.5763319021366327,0.5739437514290795,0.510073422931328,0.4771982419145855,0.46012550494143944,0.42369350372195824,0.167678666700541,3.0
0.41622418129620686,0.4540280988796017,0.49808185767638014,0.5349203526333173,0.5763319021366327,0.5739437514290795,0.510073422931328,0.4771982419145855,0.46012550494143944,0.42369350372195824,0.4075861893752699,0.16874571276136274,3.0
0.4540280988796017,0.49808185767638014,0.5349203526333173,0.5763319021366327,0.5739437514290795,0.510073422931328,0.4771982419145855,0.46012550494143944,0.42369350372195824,0.4075861893752699,0.4198318132161276,0.16874571276136274,3.0
0.49808185767638014,0.5349203526333173,0.5763319021366327,0.5739437514290795,0.510073422931328,0.4771982419145855,0.46012550494143944,0.42369350372195824,0.4075861893752699,0.4198318132161276,0.45697517847615665,0.16874571276136274,3.0
0.5349203526333173,0.5763319021366327,0.5739437514290795,0.510073422931328,0.4771982419145855,0.46012550494143944,0.42369350372195824,0.4075861893752699,0.4198318132161276,0.45697517847615665,0.4712024592871116,0.16874571276136274,3.0
0.5763319021366327,0.5739437514290795,0.510073422931328,0.4771982419145855,0.46012550494143944,0.42369350372195824,0.4075861893752699,0.4198318132161276,0.45697517847615665,0.4712024592871116,0.4568227433246106,0.16874571276136274,3.0
0.5739437514290795,0.510073422931328,0.4771982419145855,0.46012550494143944,0.42369350372195824,0.4075861893752699,0.4198318132161276,0.45697517847615665,0.4712024592871116,0.4568227433246106,0.43980081806864657,0.16635756205380958,3.0
0.510073422931328,0.4771982419145855,0.46012550494143944,0.42369350372195824,0.4075861893752699,0.4198318132161276,0.45697517847615665,0.4712024592871116,0.4568227433246106,0.43980081806864657,0.4078910596783618,0.10248723355605804,3.0
0.4771982419145855,0.46012550494143944,0.42369350372195824,0.4075861893752699,0.4198318132161276,0.45697517847615665,0.4712024592871116,0.4568227433246106,0.43980081806864657,0.4078910596783618,0.4031655699804375,0.07403267193414798,3.0
0.46012550494143944,0.42369350372195824,0.4075861893752699,0.4198318132161276,0.45697517847615665,0.4712024592871116,0.4568227433246106,0.43980081806864657,0.4078910596783618,0.4031655699804375,0.412921419679378,0.06803688930667406,3.0
0.42369350372195824,0.4075861893752699,0.4198318132161276,0.45697517847615665,0.4712024592871116,0.4568227433246106,0.43980081806864657,0.4078910596783618,0.4031655699804375,0.412921419679378,0.4336526002896268,0.06803688930667406,3.0
0.4075861893752699,0.4198318132161276,0.45697517847615665,0.4712024592871116,0.4568227433246106,0.43980081806864657,0.4078910596783618,0.4031655699804375,0.412921419679378,0.4336526002896268,0.4703386600950179,0.06803688930667406,3.0
0.4198318132161276,0.45697517847615665,0.4712024592871116,0.4568227433246106,0.43980081806864657,0.4078910596783618,0.4031655699804375,0.412921419679378,0.4336526002896268,0.4703386600950179,0.5001143263636594,0.09694875638322187,3.0
0.45697517847615665,0.4712024592871116,0.4568227433246106,0.43980081806864657,0.4078910596783618,0.4031655699804375,0.412921419679378,0.4336526002896268,0.4703386600950179,0.5001143263636594,0.498285104545108,0.09694875638322187,3.0
0.4712024592871116,0.4568227433246106,0.43980081806864657,0.4078910596783618,0.4031655699804375,0.412921419679378,0.4336526002896268,0.4703386600950179,0.5001143263636594,0.498285104545108,0.4982342928279262,0.09694875638322187,3.0
0.4568227433246106,0.43980081806864657,0.4078910596783618,0.4031655699804375,0.412921419679378,0.4336526002896268,0.4703386600950179,0.5001143263636594,0.498285104545108,0.4982342928279262,0.4933055562612738,0.09694875638322187,3.0
0.43980081806864657,0.4078910596783618,0.4031655699804375,0.412921419679378,0.4336526002896268,0.4703386600950179,0.5001143263636594,0.498285104545108,0.4982342928279262,0.4933055562612738,0.495744518686009,0.09694875638322187,3.0
0.4078910596783618,0.4031655699804375,0.412921419679378,0.4336526002896268,0.4703386600950179,0.5001143263636594,0.498285104545108,0.4982342928279262,0.4933055562612738,0.495744518686009,0.5268196788276442,0.12365410884720673,3.0
0.4031655699804375,0.412921419679378,0.4336526002896268,0.4703386600950179,0.5001143263636594,0.498285104545108,0.4982342928279262,0.4933055562612738,0.495744518686009,0.5268196788276442,0.5937765205091938,0.19061095052875632,3.0
0.412921419679378,0.4336526002896268,0.4703386600950179,0.5001143263636594,0.498285104545108,0.4982342928279262,0.4933055562612738,0.495744518686009,0.5268196788276442,0.5937765205091938,0.6548573218807927,0.2419359022014147,3.0
0.4336526002896268,0.4703386600950179,0.5001143263636594,0.498285104545108,0.4982342928279262,0.4933055562612738,0.495744518686009,0.5268196788276442,0.5937765205091938,0.6548573218807927,0.7037491988891262,0.2700965985994994,3.0
0.4703386600950179,0.5001143263636594,0.498285104545108,0.4982342928279262,0.4933055562612738,0.495744518686009,0.5268196788276442,0.5937765205091938,0.6548573218807927,0.7037491988891262,0.7728992350813244,0.3025605749863065,2.0
0.5001143263636594,0.498285104545108,0.4982342928279262,0.4933055562612738,0.495744518686009,0.5268196788276442,0.5937765205091938,0.6548573218807927,0.7037491988891262,0.7728992350813244,0.8445142857142858,0.35120872945301196,2.0
0.498285104545108,0.4982342928279262,0.4933055562612738,0.495744518686009,0.5268196788276442,0.5937765205091938,0.6548573218807927,0.7037491988891262,0.7728992350813244,0.8445142857142858,0.9072600623706684,0.41395450610939455,2.0
0.4982342928279262,0.4933055562612738,0.495744518686009,0.5268196788276442,0.5937765205091938,0.6548573218807927,0.7037491988891262,0.7728992350813244,0.8445142857142858,0.9072600623706684,0.9925870122043092,0.4992814559430354,2.0
0.4933055562612738,0.495744518686009,0.5268196788276442,0.5937765205091938,0.6548573218807927,0.7037491988891262,0.7728992350813244,0.8445142857142858,0.9072600623706684,0.9925870122043092,1.0,0.5066944437387262,2.0
0.495744518686009,0.5268196788276442,0.5937765205091938,0.6548573218807927,0.7037491988891262,0.7728992350813244,0.8445142857142858,0.9072600623706684,0.9925870122043092,1.0,1.0,0.504255481313991,2.0
0.5268196788276442,0.5937765205091938,0.6548573218807927,0.7037491988891262,0.7728992350813244,0.8445142857142858,0.9072600623706684,0.9925870122043092,1.0,1.0,1.0,0.47318032117235576,2.0
0.5937765205091938,0.6548573218807927,0.7037491988891262,0.7728992350813244,0.8445142857142858,0.9072600623706684,0.9925870122043092,1.0,1.0,1.0,1.0,0.40622347949080617,2.0
0.6548573218807927,0.7037491988891262,0.7728992350813244,0.8445142857142858,0.9072600623706684,0.9925870122043092,1.0,1.0,1.0,1.0,1.0,0.3451426781192073,3.0
0.7037491988891262,0.7728992350813244,0.8445142857142858,0.9072600623706684,0.9925870122043092,1.0,1.0,1.0,1.0,1.0,0.9293459251486533,0.29625080111087376,3.0
0.7728992350813244,0.8445142857142858,0.9072600623706684,0.9925870122043092,1.0,1.0,1.0,1.0,1.0,0.9293459251486533,0.9109828611402588,0.2271007649186756,3.0
0.8445142857142858,0.9072600623706684,0.9925870122043092,1.0,1.0,1.0,1.0,1.0,0.9293459251486533,0.9109828611402588,0.9333100151568148,0.15548571428571423,3.0
0.9072600623706684,0.9925870122043092,1.0,1.0,1.0,1.0,1.0,0.9293459251486533,0.9109828611402588,0.9333100151568148,0.953771715051883,0.09273993762933164,3.0
0.9925870122043092,1.0,1.0,1.0,1.0,1.0,0.9293459251486533,0.9109828611402588,0.9333100151568148,0.953771715051883,0.9630989856593215,0.08901713885974116,3.0
1.0,1.0,1.0,1.0,1.0,0.9293459251486533,0.9109828611402588,0.9333100151568148,0.953771715051883,0.9630989856593215,0.953771715051883,0.08901713885974116,3.0
1.0,1.0,1.0,1.0,0.9293459251486533,0.9109828611402588,0.9333100151568148,0.953771715051883,0.9630989856593215,0.953771715051883,1.0,0.08901713885974116,3.0
1.0,1.0,1.0,0.9293459251486533,0.9109828611402588,0.9333100151568148,0.953771715051883,0.9630989856593215,0.953771715051883,1.0,0.9936594729800476,0.08901713885974116,3.0
1.0,1.0,0.9293459251486533,0.9109828611402588,0.9333100151568148,0.953771715051883,0.9630989856593215,0.953771715051883,1.0,0.9936594729800476,0.9592810191379211,0.08901713885974116,3.0
1.0,0.9293459251486533,0.9109828611402588,0.9333100151568148,0.953771715051883,0.9630989856593215,0.953771715051883,1.0,0.9936594729800476,0.9592810191379211,0.9750450817288117,0.08901713885974116,3.0
0.9293459251486533,0.9109828611402588,0.9333100151568148,0.953771715051883,0.9630989856593215,0.953771715051883,1.0,0.9936594729800476,0.9592810191379211,0.9750450817288117,0.9511372229655053,0.08901713885974116,3.0
0.9109828611402588,0.9333100151568148,0.953771715051883,0.9630989856593215,0.953771715051883,1.0,0.9936594729800476,0.9592810191379211,0.9750450817288117,0.9511372229655053,0.9523587923913677,0.08901713885974116,3.0
0.9333100151568148,0.953771715051883,0.9630989856593215,0.953771715051883,1.0,0.9936594729800476,0.9592810191379211,0.9750450817288117,0.9511372229655053,0.9523587923913677,0.9473561747425978,0.06668998484318522,3.0
0.953771715051883,0.9630989856593215,0.953771715051883,1.0,0.9936594729800476,0.9592810191379211,0.9750450817288117,0.9511372229655053,0.9523587923913677,0.9473561747425978,1.0,0.05264382525740219,3.0
0.9630989856593215,0.953771715051883,1.0,0.9936594729800476,0.9592810191379211,0.9750450817288117,0.9511372229655053,0.9523587923913677,0.9473561747425978,1.0,1.0,0.05264382525740219,3.0
0.953771715051883,1.0,0.9936594729800476,0.9592810191379211,0.9750450817288117,0.9511372229655053,0.9523587923913677,0.9473561747425978,1.0,1.0,1.0,0.05264382525740219,3.0
1.0,0.9936594729800476,0.9592810191379211,0.9750450817288117,0.9511372229655053,0.9523587923913677,0.9473561747425978,1.0,1.0,1.0,1.0,0.05264382525740219,3.0
0.9936594729800476,0.9592810191379211,0.9750450817288117,0.9511372229655053,0.9523587923913677,0.9473561747425978,1.0,1.0,1.0,1.0,1.0,0.05264382525740219,3.0
0.9592810191379211,0.9750450817288117,0.9511372229655053,0.9523587923913677,0.9473561747425978,1.0,1.0,1.0,1.0,1.0,0.9717216232522756,0.05264382525740219,3.0
0.9750450817288117,0.9511372229655053,0.9523587923913677,0.9473561747425978,1.0,1.0,1.0,1.0,1.0,0.9717216232522756,1.0,0.05264382525740219,3.0
0.9511372229655053,0.9523587923913677,0.9473561747425978,1.0,1.0,1.0,1.0,1.0,0.9717216232522756,1.0,1.0,0.05264382525740219,3.0
0.9523587923913677,0.9473561747425978,1.0,1.0,1.0,1.0,1.0,0.9717216232522756,1.0,1.0,1.0,0.05264382525740219,3.0
0.9473561747425978,1.0,1.0,1.0,1.0,1.0,0.9717216232522756,1.0,1.0,1.0,1.0,0.05264382525740219,3.0
1.0,1.0,1.0,1.0,1.0,0.9717216232522756,1.0,1.0,1.0,1.0,1.0,0.028278376747724376,3.0
1.0,1.0,1.0,1.0,0.9717216232522756,1.0,1.0,1.0,1.0,1.0,1.0,0.028278376747724376,3.0
1.0,1.0,1.0,0.9717216232522756,1.0,1.0,1.0,1.0,1.0,1.0,0.9700228397411497,0.029977160258850333,3.0
1.0,1.0,0.9717216232522756,1.0,1.0,1.0,1.0,1.0,1.0,0.9700228397411497,0.9443281309478493,0.05567186905215071,3.0
1.0,0.9717216232522756,1.0,1.0,1.0,1.0,1.0,1.0,0.9700228397411497,0.9443281309478493,1.0,0.05567186905215071,3.0
0.9717216232522756,1.0,1.0,1.0,1.0,1.0,1.0,0.9700228397411497,0.9443281309478493,1.0,1.0,0.05567186905215071,3.0
1.0,1.0,1.0,1.0,1.0,1.0,0.9700228397411497,0.9443281309478493,1.0,1.0,1.0,0.05567186905215071,3.0
1.0,1.0,1.0,1.0,1.0,0.9700228397411497,0.9443281309478493,1.0,1.0,1.0,1.0,0.05567186905215071,3.0
1.0,1.0,1.0,1.0,0.9700228397411497,0.9443281309478493,1.0,1.0,1.0,1.0,0.9802526565421625,0.05567186905215071,3.0
1.0,1.0,1.0,0.9700228397411497,0.9443281309478493,1.0,1.0,1.0,1.0,0.9802526565421625,0.9735941989328225,0.05567186905215071,3.0
1.0,1.0,0.9700228397411497,0.9443281309478493,1.0,1.0,1.0,1.0,0.9802526565421625,0.9735941989328225,0.9605965248323984,0.05567186905215071,3.0
1.0,0.9700228397411497,0.9443281309478493,1.0,1.0,1.0,1.0,0.9802526565421625,0.9735941989328225,0.9605965248323984,0.9494230856934374,0.05567186905215071,3.0
0.9700228397411497,0.9443281309478493,1.0,1.0,1.0,1.0,0.9802526565421625,0.9735941989328225,0.9605965248323984,0.9494230856934374,0.901810553199252,0.09818944680074804,3.0
0.9443281309478493,1.0,1.0,1.0,1.0,0.9802526565421625,0.9735941989328225,0.9605965248323984,0.9494230856934374,0.901810553199252,0.8932366488803758,0.1067633511196242,3.0
1.0,1.0,1.0,1.0,0.9802526565421625,0.9735941989328225,0.9605965248323984,0.9494230856934374,0.901810553199252,0.8932366488803758,0.8981164774022894,0.1067633511196242,0.0
1.0,1.0,1.0,0.9802526565421625,0.9735941989328225,0.9605965248323984,0.9494230856934374,0.901810553199252,0.8932366488803758,0.8981164774022894,0.866967665435308,0.133032334564692,0.0
1.0,1.0,0.9802526565421625,0.9735941989328225,0.9605965248323984,0.9494230856934374,0.901810553199252,0.8932366488803758,0.8981164774022894,0.866967665435308,0.729101108222739,0.270898891777261,0.0
1.0,0.9802526565421625,0.9735941989328225,0.9605965248323984,0.9494230856934374,0.901810553199252,0.8932366488803758,0.8981164774022894,0.866967665435308,0.729101108222739,0.7604323436858667,0.270898891777261,0.0
0.9802526565421625,0.9735941989328225,0.9605965248323984,0.9494230856934374,0.901810553199252,0.8932366488803758,0.8981164774022894,0.866967665435308,0.729101108222739,0.7604323436858667,0.704701965613171,0.27555069092899154,0.0
0.9735941989328225,0.9605965248323984,0.9494230856934374,0.901810553199252,0.8932366488803758,0.8981164774022894,0.866967665435308,0.729101108222739,0.7604323436858667,0.704701965613171,0.6920691385050395,0.281525060427783,0.0
0.9605965248323984,0.9494230856934374,0.901810553199252,0.8932366488803758,0.8981164774022894,0.866967665435308,0.729101108222739,0.7604323436858667,0.704701965613171,0.6920691385050395,0.711041182104255,0.26852738632735895,0.0
0.9494230856934374,0.901810553199252,0.8932366488803758,0.8981164774022894,0.866967665435308,0.729101108222739,0.7604323436858667,0.704701965613171,0.6920691385050395,0.711041182104255,0.7073471063072925,0.2573539471883979,0.0
0.901810553199252,0.8932366488803758,0.8981164774022894,0.866967665435308,0.729101108222739,0.7604323436858667,0.704701965613171,0.6920691385050395,0.711041182104255,0.7073471063072925,0.6826287225794683,0.2191818306197837,0.0
0.8932366488803758,0.8981164774022894,0.866967665435308,0.729101108222739,0.7604323436858667,0.704701965613171,0.6920691385050395,0.711041182104255,0.7073471063072925,0.6826287225794683,0.6699046837232636,0.22821179367902578,0.0
0.8981164774022894,0.866967665435308,0.729101108222739,0.7604323436858667,0.704701965613171,0.6920691385050395,0.711041182104255,0.7073471063072925,0.6826287225794683,0.6699046837232636,0.6749213298672869,0.22821179367902578,0.0
0.866967665435308,0.729101108222739,0.7604323436858667,0.704701965613171,0.6920691385050395,0.711041182104255,0.7073471063072925,0.6826287225794683,0.6699046837232636,0.6749213298672869,0.6512062753682675,0.21576139006704054,0.0
0.729101108222739,0.7604323436858667,0.704701965613171,0.6920691385050395,0.711041182104255,0.7073471063072925,0.6826287225794683,0.6699046837232636,0.6749213298672869,0.6512062753682675,0.6268983445067724,0.13353399917909425,0.0
0.7604323436858667,0.704701965613171,0.6920691385050395,0.711041182104255,0.7073471063072925,0.6826287225794683,0.6699046837232636,0.6749213298672869,0.6512062753682675,0.6268983445067724,0.6142199115246043,0.14621243216126234,0.0
0.704701965613171,0.6920691385050395,0.711041182104255,0.7073471063072925,0.6826287225794683,0.6699046837232636,0.6749213298672869,0.6512062753682675,0.6268983445067724,0.6142199115246043,0.6527568750855111,0.09682127057965073,0.0
0.6920691385050395,0.711041182104255,0.7073471063072925,0.6826287225794683,0.6699046837232636,0.6749213298672869,0.6512062753682675,0.6268983445067724,0.6142199115246043,0.6527568750855111,0.5735394718839786,0.13750171022027646,0.0
0.711041182104255,0.7073471063072925,0.6826287225794683,0.6699046837232636,0.6749213298672869,0.6512062753682675,0.6268983445067724,0.6142199115246043,0.6527568750855111,0.5735394718839786,0.5550234870251289,0.1560176950791261,0.0
0.7073471063072925,0.6826287225794683,0.6699046837232636,0.6749213298672869,0.6512062753682675,0.6268983445067724,0.6142199115246043,0.6527568750855111,0.5735394718839786,0.5550234870251289,0.5611346741460299,0.15232361928216354,0.0
0.6826287225794683,0.6699046837232636,0.6749213298672869,0.6512062753682675,0.6268983445067724,0.6142199115246043,0.6527568750855111,0.5735394718839786,0.5550234870251289,0.5611346741460299,0.5343184202125233,0.14831030236694498,0.0
0.6699046837232636,0.6749213298672869,0.6512062753682675,0.6268983445067724,0.6142199115246043,0.6527568750855111,0.5735394718839786,0.5550234870251289,0.5611346741460299,0.5343184202125233,0.5371915902768276,0.14060290965476363,0.0
0.6749213298672869,0.6512062753682675,0.6268983445067724,0.6142199115246043,0.6527568750855111,0.5735394718839786,0.5550234870251289,0.5611346741460299,0.5343184202125233,0.5371915902768276,0.5388334017421443,0.14060290965476363,0.0
0.6512062753682675,0.6268983445067724,0.6142199115246043,0.6527568750855111,0.5735394718839786,0.5550234870251289,0.5611346741460299,0.5343184202125233,0.5371915902768276,0.5388334017421443,0.5859898754959638,0.11843845487298776,0.0
0.6268983445067724,0.6142199115246043,0.6527568750855111,0.5735394718839786,0.5550234870251289,0.5611346741460299,0.5343184202125233,0.5371915902768276,0.5388334017421443,0.5859898754959638,0.6050531308432525,0.11843845487298776,0.0
0.6142199115246043,0.6527568750855111,0.5735394718839786,0.5550234870251289,0.5611346741460299,0.5343184202125233,0.5371915902768276,0.5388334017421443,0.5859898754959638,0.6050531308432525,0.6242075979386146,0.11843845487298776,0.0
0.6527568750855111,0.5735394718839786,0.5550234870251289,0.5611346741460299,0.5343184202125233,0.5371915902768276,0.5388334017421443,0.5859898754959638,0.6050531308432525,0.6242075979386146,0.6389382952524285,0.11843845487298776,0.0
0.5735394718839786,0.5550234870251289,0.5611346741460299,0.5343184202125233,0.5371915902768276,0.5388334017421443,0.5859898754959638,0.6050531308432525,0.6242075979386146,0.6389382952524285,0.649746887399097,0.11542846718657374,2.0
0.5550234870251289,0.5611346741460299,0.5343184202125233,0.5371915902768276,0.5388334017421443,0.5859898754959638,0.6050531308432525,0.6242075979386146,0.6389382952524285,0.649746887399097,0.6466456879646099,0.11542846718657374,2.0
0.5611346741460299,0.5343184202125233,0.5371915902768276,0.5388334017421443,0.5859898754959638,0.6050531308432525,0.6242075979386146,0.6389382952524285,0.649746887399097,0.6466456879646099,0.6692662014867514,0.13494778127422813,2.0
0.5343184202125233,0.5371915902768276,0.5388334017421443,0.5859898754959638,0.6050531308432525,0.6242075979386146,0.6389382952524285,0.649746887399097,0.6466456879646099,0.6692662014867514,0.6899256624253203,0.15560724221279698,2.0
0.5371915902768276,0.5388334017421443,0.5859898754959638,0.6050531308432525,0.6242075979386146,0.6389382952524285,0.649746887399097,0.6466456879646099,0.6692662014867514,0.6899256624253203,0.6739636065125187,0.15273407214849266,2.0
0.5388334017421443,0.5859898754959638,0.6050531308432525,0.6242075979386146,0.6389382952524285,0.649746887399097,0.6466456879646099,0.6692662014867514,0.6899256624253203,0.6739636065125187,0.6956263966798923,0.156792994937748,2.0
0.5859898754959638,0.6050531308432525,0.6242075979386146,0.6389382952524285,0.649746887399097,0.6466456879646099,0.6692662014867514,0.6899256624253203,0.6739636065125187,0.6956263966798923,0.7191302156130421,0.13314034011707832,2.0
0.6050531308432525,0.6242075979386146,0.6389382952524285,0.649746887399097,0.6466456879646099,0.6692662014867514,0.6899256624253203,0.6739636065125187,0.6956263966798923,0.7191302156130421,0.732950909047811,0.1278977782045585,2.0
0.6242075979386146,0.6389382952524285,0.649746887399097,0.6466456879646099,0.6692662014867514,0.6899256624253203,0.6739636065125187,0.6956263966798923,0.7191302156130421,0.732950909047811,0.6750815136844186,0.10874331110919644,2.0
0.6389382952524285,0.649746887399097,0.6466456879646099,0.6692662014867514,0.6899256624253203,0.6739636065125187,0.6956263966798923,0.7191302156130421,0.732950909047811,0.6750815136844186,0.6238213399503723,0.10912956909743876,2.0
0.649746887399097,0.6466456879646099,0.6692662014867514,0.6899256624253203,0.6739636065125187,0.6956263966798923,0.7191302156130421,0.732950909047811,0.6750815136844186,0.6238213399503723,0.6064315241316369,0.1265193849161741,2.0
0.6466456879646099,0.6692662014867514,0.6899256624253203,0.6739636065125187,0.6956263966798923,0.7191302156130421,0.732950909047811,0.6750815136844186,0.6238213399503723,0.6064315241316369,0.593010146561443,0.139940762486368,2.0
0.6692662014867514,0.6899256624253203,0.6739636065125187,0.6956263966798923,0.7191302156130421,0.732950909047811,0.6750815136844186,0.6238213399503723,0.6064315241316369,0.593010146561443,0.5892521608417889,0.14369874820602213,2.0
0.6899256624253203,0.6739636065125187,0.6956263966798923,0.7191302156130421,0.732950909047811,0.6750815136844186,0.6238213399503723,0.6064315241316369,0.593010146561443,0.5892521608417889,0.6086863155634294,0.14369874820602213,0.0
0.6739636065125187,0.6956263966798923,0.7191302156130421,0.732950909047811,0.6750815136844186,0.6238213399503723,0.6064315241316369,0.593010146561443,0.5892521608417889,0.6086863155634294,0.557201911204166,0.17574899784364506,0.0
0.6956263966798923,0.7191302156130421,0.732950909047811,0.6750815136844186,0.6238213399503723,0.6064315241316369,0.593010146561443,0.5892521608417889,0.6086863155634294,0.557201911204166,0.5169377784935847,0.21601313055422633,0.0
0.7191302156130421,0.732950909047811,0.6750815136844186,0.6238213399503723,0.6064315241316369,0.593010146561443,0.5892521608417889,0.6086863155634294,0.557201911204166,0.5169377784935847,0.4586889998389434,0.2742619092088676,0.0
0.732950909047811,0.6750815136844186,0.6238213399503723,0.6064315241316369,0.593010146561443,0.5892521608417889,0.6086863155634294,0.557201911204166,0.5169377784935847,0.4586889998389434,0.3727921833897032,0.3601587256581078,0.0
0.6750815136844186,0.6238213399503723,0.6064315241316369,0.593010146561443,0.5892521608417889,0.6086863155634294,0.557201911204166,0.5169377784935847,0.4586889998389434,0.3727921833897032,0.28050679121705047,0.39457472246736813,0.0
0.6238213399503723,0.6064315241316369,0.593010146561443,0.5892521608417889,0.6086863155634294,0.557201911204166,0.5169377784935847,0.4586889998389434,0.3727921833897032,0.28050679121705047,0.2580125624094056,0.36580877754096663,0.0
0.6064315241316369,0.593010146561443,0.5892521608417889,0.6086863155634294,0.557201911204166,0.5169377784935847,0.4586889998389434,0.3727921833897032,0.28050679121705047,0.2580125624094056,0.25157030117571266,0.3571160143877168,0.0
0.593010146561443,0.5892521608417889,0.6086863155634294,0.557201911204166,0.5169377784935847,0.4586889998389434,0.3727921833897032,0.28050679121705047,0.2580125624094056,0.25157030117571266,0.2554893434262093,0.3571160143877168,0.0
0.5892521608417889,0.6086863155634294,0.557201911204166,0.5169377784935847,0.4586889998389434,0.3727921833897032,0.28050679121705047,0.2580125624094056,0.25157030117571266,0.2554893434262093,0.24652386320931985,0.3621624523541096,0.0
0.6086863155634294,0.557201911204166,0.5169377784935847,0.4586889998389434,0.3727921833897032,0.28050679121705047,0.2580125624094056,0.25157030117571266,0.2554893434262093,0.24652386320931985,0.19847533150802588,0.41021098405540357,0.0
0.557201911204166,0.5169377784935847,0.4586889998389434,0.3727921833897032,0.28050679121705047,0.2580125624094056,0.25157030117571266,0.2554893434262093,0.24652386320931985,0.19847533150802588,0.15987544961614852,0.39732646158801743,0.0
0.5169377784935847,0.4586889998389434,0.3727921833897032,0.28050679121705047,0.2580125624094056,0.25157030117571266,0.2554893434262093,0.24652386320931985,0.19847533150802588,0.15987544961614852,0.16677956916406989,0.35706232887743616,0.0
0.4586889998389434,0.3727921833897032,0.28050679121705047,0.2580125624094056,0.25157030117571266,0.2554893434262093,0.24652386320931985,0.19847533150802588,0.15987544961614852,0.16677956916406989,0.3054341736694677,0.2988135502227949,0.0
0.3727921833897032,0.28050679121705047,0.2580125624094056,0.25157030117571266,0.2554893434262093,0.24652386320931985,0.19847533150802588,0.15987544961614852,0.16677956916406989,0.3054341736694677,0.32385722143415463,0.2129167337735547,0.0
0.28050679121705047,0.2580125624094056,0.25157030117571266,0.2554893434262093,0.24652386320931985,0.19847533150802588,0.15987544961614852,0.16677956916406989,0.3054341736694677,0.32385722143415463,0.41217298451681783,0.2522975349006693,0.0
0.2580125624094056,0.25157030117571266,0.2554893434262093,0.24652386320931985,0.19847533150802588,0.15987544961614852,0.16677956916406989,0.3054341736694677,0.32385722143415463,0.41217298451681783,0.49016715830875124,0.3302917086926027,2.0
0.25157030117571266,0.2554893434262093,0.24652386320931985,0.19847533150802588,0.15987544961614852,0.16677956916406989,0.3054341736694677,0.32385722143415463,0.41217298451681783,0.49016715830875124,0.5063651536472822,0.34648970403113366,2.0
0.2554893434262093,0.24652386320931985,0.19847533150802588,0.15987544961614852,0.16677956916406989,0.3054341736694677,0.32385722143415463,0.41217298451681783,0.49016715830875124,0.5063651536472822,0.4432567501908795,0.34648970403113366,2.0
0.24652386320931985,0.19847533150802588,0.15987544961614852,0.16677956916406989,0.3054341736694677,0.32385722143415463,0.41217298451681783,0.49016715830875124,0.5063651536472822,0.4432567501908795,0.4317383669885866,0.34648970403113366,2.0
0.19847533150802588,0.15987544961614852,0.16677956916406989,0.3054341736694677,0.32385722143415463,0.41217298451681783,0.49016715830875124,0.5063651536472822,0.4432567501908795,0.4317383669885866,0.3859841655561653,0.34648970403113366,2.0
0.15987544961614852,0.16677956916406989,0.3054341736694677,0.32385722143415463,0.41217298451681783,0.49016715830875124,0.5063651536472822,0.4432567501908795,0.4317383669885866,0.3859841655561653,0.34094993581514754,0.34648970403113366,2.0
0.16677956916406989,0.3054341736694677,0.32385722143415463,0.41217298451681783,0.49016715830875124,0.5063651536472822,0.4432567501908795,0.4317383669885866,0.3859841655561653,0.34094993581514754,0.36498892054447607,0.3395855844832123,0.0
0.3054341736694677,0.32385722143415463,0.41217298451681783,0.49016715830875124,0.5063651536472822,0.4432567501908795,0.4317383669885866,0.3859841655561653,0.34094993581514754,0.36498892054447607,0.3931592155404777,0.2009309799778145,0.0
0.32385722143415463,0.41217298451681783,0.49016715830875124,0.5063651536472822,0.4432567501908795,0.4317383669885866,0.3859841655561653,0.34094993581514754,0.36498892054447607,0.3931592155404777,0.2970264265116058,0.20933872713567636,0.0
0.41217298451681783,0.49016715830875124,0.5063651536472822,0.4432567501908795,0.4317383669885866,0.3859841655561653,0.34094993581514754,0.36498892054447607,0.3931592155404777,0.2970264265116058,0.04618302513039363,0.46018212851688856,0.0
0.49016715830875124,0.5063651536472822,0.4432567501908795,0.4317383669885866,0.3859841655561653,0.34094993581514754,0.36498892054447607,0.3931592155404777,0.2970264265116058,0.04618302513039363,0.003088992400098078,0.5032761612471841,0.0
0.5063651536472822,0.4432567501908795,0.4317383669885866,0.3859841655561653,0.34094993581514754,0.36498892054447607,0.3931592155404777,0.2970264265116058,0.04618302513039363,0.003088992400098078,-0.0932966865170255,0.5996618401643077,0.0
0.4432567501908795,0.4317383669885866,0.3859841655561653,0.34094993581514754,0.36498892054447607,0.3931592155404777,0.2970264265116058,0.04618302513039363,0.003088992400098078,-0.0932966865170255,-0.10525194417811867,0.5485086943689982,0.0
0.4317383669885866,0.3859841655561653,0.34094993581514754,0.36498892054447607,0.3931592155404777,0.2970264265116058,0.04618302513039363,0.003088992400098078,-0.0932966865170255,-0.10525194417811867,-0.10387492267026599,0.5369903111667053,0.0
0.3859841655561653,0.34094993581514754,0.36498892054447607,0.3931592155404777,0.2970264265116058,0.04618302513039363,0.003088992400098078,-0.0932966865170255,-0.10525194417811867,-0.10387492267026599,-0.08715090286245142,0.4984111597185964,0.0
0.34094993581514754,0.36498892054447607,0.3931592155404777,0.2970264265116058,0.04618302513039363,0.003088992400098078,-0.0932966865170255,-0.10525194417811867,-0.10387492267026599,-0.08715090286245142,-0.18463880107715724,0.577798016617635,0.0
0.36498892054447607,0.3931592155404777,0.2970264265116058,0.04618302513039363,0.003088992400098078,-0.0932966865170255,-0.10525194417811867,-0.10387492267026599,-0.08715090286245142,-0.18463880107715724,-0.21525067547283094,0.6084098910133087,0.0
0.3931592155404777,0.2970264265116058,0.04618302513039363,0.003088992400098078,-0.0932966865170255,-0.10525194417811867,-0.10387492267026599,-0.08715090286245142,-0.18463880107715724,-0.21525067547283094,-0.2476985917210266,0.6408578072615043,0.0
0.2970264265116058,0.04618302513039363,0.003088992400098078,-0.0932966865170255,-0.10525194417811867,-0.10387492267026599,-0.08715090286245142,-0.18463880107715724,-0.21525067547283094,-0.2476985917210266,-0.26719625592708907,0.5642226824386949,0.0
0.04618302513039363,0.003088992400098078,-0.0932966865170255,-0.10525194417811867,-0.10387492267026599,-0.08715090286245142,-0.18463880107715724,-0.21525067547283094,-0.2476985917210266,-0.26719625592708907,-0.2344356179567707,0.3133792810574827,0.0
0.003088992400098078,-0.0932966865170255,-0.10525194417811867,-0.10387492267026599,-0.08715090286245142,-0.18463880107715724,-0.21525067547283094,-0.2476985917210266,-0.26719625592708907,-0.2344356179567707,-0.1920684771229756,0.27028524832718714,0.0
-0.0932966865170255,-0.10525194417811867,-0.10387492267026599,-0.08715090286245142,-0.18463880107715724,-0.21525067547283094,-0.2476985917210266,-0.26719625592708907,-0.2344356179567707,-0.1920684771229756,-0.19219163741609702,0.18004535306463765,0.0
-0.10525194417811867,-0.10387492267026599,-0.08715090286245142,-0.18463880107715724,-0.21525067547283094,-0.2476985917210266,-0.26719625592708907,-0.2344356179567707,-0.1920684771229756,-0.19219163741609702,0.09193915881519787,0.35913541474228694,0.0
-0.10387492267026599,-0.08715090286245142,-0.18463880107715724,-0.21525067547283094,-0.2476985917210266,-0.26719625592708907,-0.2344356179567707,-0.1920684771229756,-0.19219163741609702,0.09193915881519787,0.15031713775478783,0.4175133936818769,2.0
-0.08715090286245142,-0.18463880107715724,-0.21525067547283094,-0.2476985917210266,-0.26719625592708907,-0.2344356179567707,-0.1920684771229756,-0.19219163741609702,0.09193915881519787,0.15031713775478783,0.1744565552066013,0.44165281113369037,2.0
-0.18463880107715724,-0.21525067547283094,-0.2476985917210266,-0.26719625592708907,-0.2344356179567707,-0.1920684771229756,-0.19219163741609702,0.09193915881519787,0.15031713775478783,0.1744565552066013,0.1957632859166205,0.4629595418437096,2.0
-0.21525067547283094,-0.2476985917210266,-0.26719625592708907,-0.2344356179567707,-0.1920684771229756,-0.19219163741609702,0.09193915881519787,0.15031713775478783,0.1744565552066013,0.1957632859166205,0.23825358704353716,0.5054498429706262,2.0
-0.2476985917210266,-0.26719625592708907,-0.2344356179567707,-0.1920684771229756,-0.19219163741609702,0.09193915881519787,0.15031713775478783,0.1744565552066013,0.1957632859166205,0.23825358704353716,0.4046431430506805,0.6718393989777696,2.0
-0.26719625592708907,-0.2344356179567707,-0.1920684771229756,-0.19219163741609702,0.09193915881519787,0.15031713775478783,0.1744565552066013,0.1957632859166205,0.23825358704353716,0.4046431430506805,0.5189358950674303,0.7861321509945194,2.0
-0.2344356179567707,-0.1920684771229756,-0.19219163741609702,0.09193915881519787,0.15031713775478783,0.1744565552066013,0.1957632859166205,0.23825358704353716,0.4046431430506805,0.5189358950674303,0.5308824435002155,0.7653180614569862,2.0
-0.1920684771229756,-0.19219163741609702,0.09193915881519787,0.15031713775478783,0.1744565552066013,0.1957632859166205,0.23825358704353716,0.4046431430506805,0.5189358950674303,0.5308824435002155,0.557977707986945,0.750169345403042,2.0
-0.19219163741609702,0.09193915881519787,0.15031713775478783,0.1744565552066013,0.1957632859166205,0.23825358704353716,0.4046431430506805,0.5189358950674303,0.5308824435002155,0.557977707986945,0.5024324157891495,0.750169345403042,2.0
0.09193915881519787,0.15031713775478783,0.1744565552066013,0.1957632859166205,0.23825358704353716,0.4046431430506805,0.5189358950674303,0.5308824435002155,0.557977707986945,0.5024324157891495,0.42681199581255,0.46603854917174714,2.0
0.15031713775478783,0.1744565552066013,0.1957632859166205,0.23825358704353716,0.4046431430506805,0.5189358950674303,0.5308824435002155,0.557977707986945,0.5024324157891495,0.42681199581255,0.37988792413325934,0.4076605702321572,2.0
0.1744565552066013,0.1957632859166205,0.23825358704353716,0.4046431430506805,0.5189358950674303,0.5308824435002155,0.557977707986945,0.5024324157891495,0.42681199581255,0.37988792413325934,0.047231972412094425,0.5107457355748506,2.0
0.1957632859166205,0.23825358704353716,0.4046431430506805,0.5189358950674303,0.5308824435002155,0.557977707986945,0.5024324157891495,0.42681199581255,0.37988792413325934,0.047231972412094425,0.006342755095757102,0.5516349528911879,0.0
0.23825358704353716,0.4046431430506805,0.5189358950674303,0.5308824435002155,0.557977707986945,0.5024324157891495,0.42681199581255,0.37988792413325934,0.047231972412094425,0.006342755095757102,-0.09403288379826347,0.6520105917852085,0.0
0.4046431430506805,0.5189358950674303,0.5308824435002155,0.557977707986945,0.5024324157891495,0.42681199581255,0.37988792413325934,0.047231972412094425,0.006342755095757102,-0.09403288379826347,-0.14413909141895687,0.7021167994059019,0.0
0.5189358950674303,0.5308824435002155,0.557977707986945,0.5024324157891495,0.42681199581255,0.37988792413325934,0.047231972412094425,0.006342755095757102,-0.09403288379826347,-0.14413909141895687,-0.1576458559652374,0.7156235639521824,0.0
0.5308824435002155,0.557977707986945,0.5024324157891495,0.42681199581255,0.37988792413325934,0.047231972412094425,0.006342755095757102,-0.09403288379826347,-0.14413909141895687,-0.1576458559652374,-0.20378298932839156,0.7617606973153366,0.0
0.557977707986945,0.5024324157891495,0.42681199581255,0.37988792413325934,0.047231972412094425,0.006342755095757102,-0.09403288379826347,-0.14413909141895687,-0.1576458559652374,-0.20378298932839156,-0.33567640104799024,0.8936541090349353,0.0
0.5024324157891495,0.42681199581255,0.37988792413325934,0.047231972412094425,0.006342755095757102,-0.09403288379826347,-0.14413909141895687,-0.1576458559652374,-0.20378298932839156,-0.33567640104799024,-0.4275672566937184,0.929999672482868,0.0
0.42681199581255,0.37988792413325934,0.047231972412094425,0.006342755095757102,-0.09403288379826347,-0.14413909141895687,-0.1576458559652374,-0.20378298932839156,-0.33567640104799024,-0.4275672566937184,-0.42386094958144294,0.8543792525062684,0.0
0.37988792413325934,0.047231972412094425,0.006342755095757102,-0.09403288379826347,-0.14413909141895687,-0.1576458559652374,-0.20378298932839156,-0.33567640104799024,-0.4275672566937184,-0.42386094958144294,-0.3668605022685155,0.8074551808269778,0.0
0.047231972412094425,0.006342755095757102,-0.09403288379826347,-0.14413909141895687,-0.1576458559652374,-0.20378298932839156,-0.33567640104799024,-0.4275672566937184,-0.42386094958144294,-0.3668605022685155,-0.2747140392357339,0.47479922910581285,0.0
0.006342755095757102,-0.09403288379826347,-0.14413909141895687,-0.1576458559652374,-0.20378298932839156,-0.33567640104799024,-0.4275672566937184,-0.42386094958144294,-0.3668605022685155,-0.2747140392357339,-0.1396255351779666,0.4339100117894755,0.0
-0.09403288379826347,-0.14413909141895687,-0.1576458559652374,-0.20378298932839156,-0.33567640104799024,-0.4275672566937184,-0.42386094958144294,-0.3668605022685155,-0.2747140392357339,-0.1396255351779666,-0.09796153108824845,0.33353437289545496,2.0
-0.14413909141895687,-0.1576458559652374,-0.20378298932839156,-0.33567640104799024,-0.4275672566937184,-0.42386094958144294,-0.3668605022685155,-0.2747140392357339,-0.1396255351779666,-0.09796153108824845,-0.10422391207105886,0.32960572560546997,2.0
-0.1576458559652374,-0.20378298932839156,-0.33567640104799024,-0.4275672566937184,-0.42386094958144294,-0.3668605022685155,-0.2747140392357339,-0.1396255351779666,-0.09796153108824845,-0.10422391207105886,-0.032909451083136254,0.39465780561058217,2.0
-0.20378298932839156,-0.33567640104799024,-0.4275672566937184,-0.42386094958144294,-0.3668605022685155,-0.2747140392357339,-0.1396255351779666,-0.09796153108824845,-0.10422391207105886,-0.032909451083136254,0.010032589941849412,0.43759984663556784,2.0
-0.33567640104799024,-0.4275672566937184,-0.42386094958144294,-0.3668605022685155,-0.2747140392357339,-0.1396255351779666,-0.09796153108824845,-0.10422391207105886,-0.032909451083136254,0.010032589941849412,0.022557351907470213,0.45012460860118864,2.0
-0.4275672566937184,-0.42386094958144294,-0.3668605022685155,-0.2747140392357339,-0.1396255351779666,-0.09796153108824845,-0.10422391207105886,-0.032909451083136254,0.010032589941849412,0.022557351907470213,0.05003514601571979,0.4776024027094382,2.0
-0.42386094958144294,-0.3668605022685155,-0.2747140392357339,-0.1396255351779666,-0.09796153108824845,-0.10422391207105886,-0.032909451083136254,0.010032589941849412,0.022557351907470213,0.05003514601571979,0.15278931561122122,0.5766502651926642,2.0
-0.3668605022685155,-0.2747140392357339,-0.1396255351779666,-0.09796153108824845,-0.10422391207105886,-0.032909451083136254,0.010032589941849412,0.022557351907470213,0.05003514601571979,0.15278931561122122,0.3479455556265576,0.7148060578950731,2.0
-0.2747140392357339,-0.1396255351779666,-0.09796153108824845,-0.10422391207105886,-0.032909451083136254,0.010032589941849412,0.022557351907470213,0.05003514601571979,0.15278931561122122,0.3479455556265576,0.44584318486804264,0.7205572241037765,2.0
-0.1396255351779666,-0.09796153108824845,-0.10422391207105886,-0.032909451083136254,0.010032589941849412,0.022557351907470213,0.05003514601571979,0.15278931561122122,0.3479455556265576,0.44584318486804264,0.48584574094191324,0.6254712761198798,2.0
-0.09796153108824845,-0.10422391207105886,-0.032909451083136254,0.010032589941849412,0.022557351907470213,0.05003514601571979,0.15278931561122122,0.3479455556265576,0.44584318486804264,0.48584574094191324,0.5708351971371972,0.6750591092082561,2.0
-0.10422391207105886,-0.032909451083136254,0.010032589941849412,0.022557351907470213,0.05003514601571979,0.15278931561122122,0.3479455556265576,0.44584318486804264,0.48584574094191324,0.5708351971371972,0.598312991245447,0.7025369033165059,2.0
-0.032909451083136254,0.010032589941849412,0.022557351907470213,0.05003514601571979,0.15278931561122122,0.3479455556265576,0.44584318486804264,0.48584574094191324,0.5708351971371972,0.598312991245447,0.6340980254329349,0.6670074765160712,2.0
0.010032589941849412,0.022557351907470213,0.05003514601571979,0.15278931561122122,0.3479455556265576,0.44584318486804264,0.48584574094191324,0.5708351971371972,0.598312991245447,0.6340980254329349,0.6706498817815836,0.6606172918397342,2.0
0.022557351907470213,0.05003514601571979,0.15278931561122122,0.3479455556265576,0.44584318486804264,0.48584574094191324,0.5708351971371972,0.598312991245447,0.6340980254329349,0.6706498817815836,0.6568470828806952,0.6480925298741134,2.0
0.05003514601571979,0.15278931561122122,0.3479455556265576,0.44584318486804264,0.48584574094191324,0.5708351971371972,0.598312991245447,0.6340980254329349,0.6706498817815836,0.6568470828806952,0.6780624960061346,0.6280273499904148,2.0
0.15278931561122122,0.3479455556265576,0.44584318486804264,0.48584574094191324,0.5708351971371972,0.598312991245447,0.6340980254329349,0.6706498817815836,0.6568470828806952,0.6780624960061346,0.6994057128251006,0.5466163972138793,2.0
0.3479455556265576,0.44584318486804264,0.48584574094191324,0.5708351971371972,0.598312991245447,0.6340980254329349,0.6706498817815836,0.6568470828806952,0.6780624960061346,0.6994057128251006,0.7184484631605854,0.3705029075340278,2.0
0.44584318486804264,0.48584574094191324,0.5708351971371972,0.598312991245447,0.6340980254329349,0.6706498817815836,0.6568470828806952,0.6780624960061346,0.6994057128251006,0.7184484631605854,0.6801073551025625,0.2726052782925428,2.0
0.48584574094191324,0.5708351971371972,0.598312991245447,0.6340980254329349,0.6706498817815836,0.6568470828806952,0.6780624960061346,0.6994057128251006,0.7184484631605854,0.6801073551025625,0.5721132340724646,0.23260272221867218,2.0
0.5708351971371972,0.598312991245447,0.6340980254329349,0.6706498817815836,0.6568470828806952,0.6780624960061346,0.6994057128251006,0.7184484631605854,0.6801073551025625,0.5721132340724646,0.4785609304108889,0.23988753274969654,2.0
0.598312991245447,0.6340980254329349,0.6706498817815836,0.6568470828806952,0.6780624960061346,0.6994057128251006,0.7184484631605854,0.6801073551025625,0.5721132340724646,0.4785609304108889,0.46641957952584834,0.2520288836347371,2.0
0.6340980254329349,0.6706498817815836,0.6568470828806952,0.6780624960061346,0.6994057128251006,0.7184484631605854,0.6801073551025625,0.5721132340724646,0.4785609304108889,0.46641957952584834,0.434213048757109,0.28423541440347644,0.0
0.6706498817815836,0.6568470828806952,0.6780624960061346,0.6994057128251006,0.7184484631605854,0.6801073551025625,0.5721132340724646,0.4785609304108889,0.46641957952584834,0.434213048757109,0.40315675123011063,0.3152917119304748,0.0
0.6568470828806952,0.6780624960061346,0.6994057128251006,0.7184484631605854,0.6801073551025625,0.5721132340724646,0.4785609304108889,0.46641957952584834,0.434213048757109,0.40315675123011063,0.402901143843057,0.31554731931752844,0.0
0.6780624960061346,0.6994057128251006,0.7184484631605854,0.6801073551025625,0.5721132340724646,0.4785609304108889,0.46641957952584834,0.434213048757109,0.40315675123011063,0.402901143843057,0.4216882867914882,0.31554731931752844,0.0
0.6994057128251006,0.7184484631605854,0.6801073551025625,0.5721132340724646,0.4785609304108889,0.46641957952584834,0.434213048757109,0.40315675123011063,0.402901143843057,0.4216882867914882,0.3943382963767652,0.3241101667838202,0.0
0.7184484631605854,0.6801073551025625,0.5721132340724646,0.4785609304108889,0.46641957952584834,0.434213048757109,0.40315675123011063,0.402901143843057,0.4216882867914882,0.3943382963767652,0.33273691609687517,0.38571154706371025,0.0
0.6801073551025625,0.5721132340724646,0.4785609304108889,0.46641957952584834,0.434213048757109,0.40315675123011063,0.402901143843057,0.4216882867914882,0.3943382963767652,0.33273691609687517,0.21068438877883566,0.4694229663237268,0.0
0.5721132340724646,0.4785609304108889,0.46641957952584834,0.434213048757109,0.40315675123011063,0.402901143843057,0.4216882867914882,0.3943382963767652,0.33273691609687517,0.21068438877883566,0.03802159882420608,0.5340916352482585,0.0
0.4785609304108889,0.46641957952584834,0.434213048757109,0.40315675123011063,0.402901143843057,0.4216882867914882,0.3943382963767652,0.33273691609687517,0.21068438877883566,0.03802159882420608,-0.051824397725094284,0.5303853281359832,0.0
0.46641957952584834,0.434213048757109,0.40315675123011063,0.402901143843057,0.4216882867914882,0.3943382963767652,0.33273691609687517,0.21068438877883566,0.03802159882420608,-0.051824397725094284,-0.05080196817688032,0.5182439772509426,0.0
0.434213048757109,0.40315675123011063,0.402901143843057,0.4216882867914882,0.3943382963767652,0.33273691609687517,0.21068438877883566,0.03802159882420608,-0.051824397725094284,-0.05080196817688032,-0.08121924723624507,0.515432295993354,0.0
0.40315675123011063,0.402901143843057,0.4216882867914882,0.3943382963767652,0.33273691609687517,0.21068438877883566,0.03802159882420608,-0.051824397725094284,-0.05080196817688032,-0.08121924723624507,-0.11099750782797624,0.5326857946194644,0.0
0.402901143843057,0.4216882867914882,0.3943382963767652,0.33273691609687517,0.21068438877883566,0.03802159882420608,-0.051824397725094284,-0.05080196817688032,-0.08121924723624507,-0.11099750782797624,-0.16032973352929902,0.5820180203207872,0.0
0.4216882867914882,0.3943382963767652,0.33273691609687517,0.21068438877883566,0.03802159882420608,-0.051824397725094284,-0.05080196817688032,-0.08121924723624507,-0.11099750782797624,-0.16032973352929902,-0.1690203846891175,0.5907086714806057,0.0
0.3943382963767652,0.33273691609687517,0.21068438877883566,0.03802159882420608,-0.051824397725094284,-0.05080196817688032,-0.08121924723624507,-0.11099750782797624,-0.16032973352929902,-0.1690203846891175,-0.24506358233752956,0.6394018787142948,0.0
0.33273691609687517,0.21068438877883566,0.03802159882420608,-0.051824397725094284,-0.05080196817688032,-0.08121924723624507,-0.11099750782797624,-0.16032973352929902,-0.1690203846891175,-0.24506358233752956,-0.3455172854495495,0.6782542015464247,0.0
0.21068438877883566,0.03802159882420608,-0.051824397725094284,-0.05080196817688032,-0.08121924723624507,-0.11099750782797624,-0.16032973352929902,-0.1690203846891175,-0.24506358233752956,-0.3455172854495495,-0.3360598121285705,0.5562016742283852,0.0
0.03802159882420608,-0.051824397725094284,-0.05080196817688032,-0.08121924723624507,-0.11099750782797624,-0.16032973352929902,-0.1690203846891175,-0.24506358233752956,-0.3455172854495495,-0.3360598121285705,-0.3061537478433126,0.3835388842737556,0.0
-0.051824397725094284,-0.05080196817688032,-0.08121924723624507,-0.11099750782797624,-0.16032973352929902,-0.1690203846891175,-0.24506358233752956,-0.3455172854495495,-0.3360598121285705,-0.3061537478433126,-0.2435299380152086,0.2947153172726692,0.0
-0.05080196817688032,-0.08121924723624507,-0.11099750782797624,-0.16032973352929902,-0.1690203846891175,-0.24506358233752956,-0.3455172854495495,-0.3360598121285705,-0.3061537478433126,-0.2435299380152086,-0.06115406735254647,0.2947153172726692,0.0
-0.08121924723624507,-0.11099750782797624,-0.16032973352929902,-0.1690203846891175,-0.24506358233752956,-0.3455172854495495,-0.3360598121285705,-0.3061537478433126,-0.2435299380152086,-0.06115406735254647,0.008115534538948088,0.3536328199884976,3.0
-0.11099750782797624,-0.16032973352929902,-0.1690203846891175,-0.24506358233752956,-0.3455172854495495,-0.3360598121285705,-0.3061537478433126,-0.2435299380152086,-0.06115406735254647,0.008115534538948088,0.015641430073606744,0.36115871552315626,2.0
-0.16032973352929902,-0.1690203846891175,-0.24506358233752956,-0.3455172854495495,-0.3360598121285705,-0.3061537478433126,-0.2435299380152086,-0.06115406735254647,0.008115534538948088,0.015641430073606744,0.03729263437292629,0.3828099198224758,2.0
-0.1690203846891175,-0.24506358233752956,-0.3455172854495495,-0.3360598121285705,-0.3061537478433126,-0.2435299380152086,-0.06115406735254647,0.008115534538948088,0.015641430073606744,0.03729263437292629,-0.030639161312140728,0.3828099198224758,2.0
-0.24506358233752956,-0.3455172854495495,-0.3360598121285705,-0.3061537478433126,-0.2435299380152086,-0.06115406735254647,0.008115534538948088,0.015641430073606744,0.03729263437292629,-0.030639161312140728,-0.07702888583218703,0.3828099198224758,2.0
-0.3455172854495495,-0.3360598121285705,-0.3061537478433126,-0.2435299380152086,-0.06115406735254647,0.008115534538948088,0.015641430073606744,0.03729263437292629,-0.030639161312140728,-0.07702888583218703,-0.016301126259632537,0.3828099198224758,2.0
-0.3360598121285705,-0.3061537478433126,-0.2435299380152086,-0.06115406735254647,0.008115534538948088,0.015641430073606744,0.03729263437292629,-0.030639161312140728,-0.07702888583218703,-0.016301126259632537,0.05176260597947335,0.38782241810804385,2.0
-0.3061537478433126,-0.2435299380152086,-0.06115406735254647,0.008115534538948088,0.015641430073606744,0.03729263437292629,-0.030639161312140728,-0.07702888583218703,-0.016301126259632537,0.05176260597947335,0.0630670831474045,0.3692208309907171,3.0
-0.2435299380152086,-0.06115406735254647,0.008115534538948088,0.015641430073606744,0.03729263437292629,-0.030639161312140728,-0.07702888583218703,-0.016301126259632537,0.05176260597947335,0.0630670831474045,0.06812434924884725,0.31165428726405586,3.0
-0.06115406735254647,0.008115534538948088,0.015641430073606744,0.03729263437292629,-0.030639161312140728,-0.07702888583218703,-0.016301126259632537,0.05176260597947335,0.0630670831474045,0.06812434924884725,0.06738063364569391,0.14515323508103428,3.0
0.008115534538948088,0.015641430073606744,0.03729263437292629,-0.030639161312140728,-0.07702888583218703,-0.016301126259632537,0.05176260597947335,0.0630670831474045,0.06812434924884725,0.06738063364569391,0.07928008329614755,0.15630896912833459,3.0
0.015641430073606744,0.03729263437292629,-0.030639161312140728,-0.07702888583218703,-0.016301126259632537,0.05176260597947335,0.0630670831474045,0.06812434924884725,0.06738063364569391,0.07928008329614755,0.009965789082254872,0.15630896912833459,3.0
0.03729263437292629,-0.030639161312140728,-0.07702888583218703,-0.016301126259632537,0.05176260597947335,0.0630670831474045,0.06812434924884725,0.06738063364569391,0.07928008329614755,0.009965789082254872,0.02885616540235003,0.15630896912833459,3.0
-0.030639161312140728,-0.07702888583218703,-0.016301126259632537,0.05176260597947335,0.0630670831474045,0.06812434924884725,0.06738063364569391,0.07928008329614755,0.009965789082254872,0.02885616540235003,0.02989736724676484,0.15630896912833459,3.0
-0.07702888583218703,-0.016301126259632537,0.05176260597947335,0.0630670831474045,0.06812434924884725,0.06738063364569391,0.07928008329614755,0.009965789082254872,0.02885616540235003,0.02989736724676484,-0.012048192771084376,0.15630896912833459,3.0
-0.016301126259632537,0.05176260597947335,0.0630670831474045,0.06812434924884725,0.06738063364569391,0.07928008329614755,0.009965789082254872,0.02885616540235003,0.02989736724676484,-0.012048192771084376,-0.03614457831325302,0.11542466160940057,3.0
0.05176260597947335,0.0630670831474045,0.06812434924884725,0.06738063364569391,0.07928008329614755,0.009965789082254872,0.02885616540235003,0.02989736724676484,-0.012048192771084376,-0.03614457831325302,-0.04834151420496802,0.12762159750111557,3.0
0.0630670831474045,0.06812434924884725,0.06738063364569391,0.07928008329614755,0.009965789082254872,0.02885616540235003,0.02989736724676484,-0.012048192771084376,-0.03614457831325302,-0.04834151420496802,-0.09534434032425998,0.17462442362040753,0.0
0.06812434924884725,0.06738063364569391,0.07928008329614755,0.009965789082254872,0.02885616540235003,0.02989736724676484,-0.012048192771084376,-0.03614457831325302,-0.04834151420496802,-0.09534434032425998,-0.08939461549903316,0.17462442362040753,0.0
0.06738063364569391,0.07928008329614755,0.009965789082254872,0.02885616540235003,0.02989736724676484,-0.012048192771084376,-0.03614457831325302,-0.04834151420496802,-0.09534434032425998,-0.08939461549903316,-0.043581734344786516,0.17462442362040753,0.0
0.07928008329614755,0.009965789082254872,0.02885616540235003,0.02989736724676484,-0.012048192771084376,-0.03614457831325302,-0.04834151420496802,-0.09534434032425998,-0.08939461549903316,-0.043581734344786516,-0.08448609251822103,0.17462442362040753,0.0
0.009965789082254872,0.02885616540235003,0.02989736724676484,-0.012048192771084376,-0.03614457831325302,-0.04834151420496802,-0.09534434032425998,-0.08939461549903316,-0.043581734344786516,-0.08448609251822103,-0.16153502900490857,0.1914323962516734,0.0
0.02885616540235003,0.02989736724676484,-0.012048192771084376,-0.03614457831325302,-0.04834151420496802,-0.09534434032425998,-0.08939461549903316,-0.043581734344786516,-0.08448609251822103,-0.16153502900490857,-0.2365015618027666,0.26639892904953144,0.0
0.02989736724676484,-0.012048192771084376,-0.03614457831325302,-0.04834151420496802,-0.09534434032425998,-0.08939461549903316,-0.043581734344786516,-0.08448609251822103,-0.16153502900490857,-0.2365015618027666,-0.2890078833853934,0.31890525063215824,0.0
-0.012048192771084376,-0.03614457831325302,-0.04834151420496802,-0.09534434032425998,-0.08939461549903316,-0.043581734344786516,-0.08448609251822103,-0.16153502900490857,-0.2365015618027666,-0.2890078833853934,-0.32054142495909566,0.3084932321880113,0.0
-0.03614457831325302,-0.04834151420496802,-0.09534434032425998,-0.08939461549903316,-0.043581734344786516,-0.08448609251822103,-0.16153502900490857,-0.2365015618027666,-0.2890078833853934,-0.32054142495909566,-0.32634240666369185,0.29019782835043884,0.0
-0.04834151420496802,-0.09534434032425998,-0.08939461549903316,-0.043581734344786516,-0.08448609251822103,-0.16153502900490857,-0.2365015618027666,-0.2890078833853934,-0.32054142495909566,-0.32634240666369185,-0.355198572066042,0.3116168377212555,0.0
-0.09534434032425998,-0.08939461549903316,-0.043581734344786516,-0.08448609251822103,-0.16153502900490857,-0.2365015618027666,-0.2890078833853934,-0.32054142495909566,-0.32634240666369185,-0.355198572066042,-0.3382418563141455,0.3116168377212555,0.0
-0.08939461549903316,-0.043581734344786516,-0.08448609251822103,-0.16153502900490857,-0.2365015618027666,-0.2890078833853934,-0.32054142495909566,-0.32634240666369185,-0.355198572066042,-0.3382418563141455,-0.33853934255540685,0.3116168377212555,0.0
-0.043581734344786516,-0.08448609251822103,-0.16153502900490857,-0.2365015618027666,-0.2890078833853934,-0.32054142495909566,-0.32634240666369185,-0.355198572066042,-0.3382418563141455,-0.33853934255540685,-0.3901532054142496,0.34657147106946307,0.0
-0.08448609251822103,-0.16153502900490857,-0.2365015618027666,-0.2890078833853934,-0.32054142495909566,-0.32634240666369185,-0.355198572066042,-0.3382418563141455,-0.33853934255540685,-0.3901532054142496,-0.49650453666517924,0.4120184441469582,0.0
-0.16153502900490857,-0.2365015618027666,-0.2890078833853934,-0.32054142495909566,-0.32634240666369185,-0.355198572066042,-0.3382418563141455,-0.33853934255540685,-0.3901532054142496,-0.49650453666517924,-0.5399375278893351,0.37840249888442656,0.0
-0.2365015618027666,-0.2890078833853934,-0.32054142495909566,-0.32634240666369185,-0.355198572066042,-0.3382418563141455,-0.33853934255540685,-0.3901532054142496,-0.49650453666517924,-0.5399375278893351,-0.5084039863156329,0.30343596608656853,0.0
-0.2890078833853934,-0.32054142495909566,-0.32634240666369185,-0.355198572066042,-0.3382418563141455,-0.33853934255540685,-0.3901532054142496,-0.49650453666517924,-0.5399375278893351,-0.5084039863156329,-0.49561207794139517,0.25092964450394173,0.0
-0.32054142495909566,-0.32634240666369185,-0.355198572066042,-0.3382418563141455,-0.33853934255540685,-0.3901532054142496,-0.49650453666517924,-0.5399375278893351,-0.5084039863156329,-0.49561207794139517,-0.4691358024691358,0.21939610293023948,0.0
-0.32634240666369185,-0.355198572066042,-0.3382418563141455,-0.33853934255540685,-0.3901532054142496,-0.49650453666517924,-0.5399375278893351,-0.5084039863156329,-0.49561207794139517,-0.4691358024691358,-0.441023352669939,0.21359512122564328,0.0
-0.355198572066042,-0.3382418563141455,-0.33853934255540685,-0.3901532054142496,-0.49650453666517924,-0.5399375278893351,-0.5084039863156329,-0.49561207794139517,-0.4691358024691358,-0.441023352669939,-0.44042838018741637,0.20169567157518964,2.0
-0.3382418563141455,-0.33853934255540685,-0.3901532054142496,-0.49650453666517924,-0.5399375278893351,-0.5084039863156329,-0.49561207794139517,-0.4691358024691358,-0.441023352669939,-0.44042838018741637,-0.5173285735534732,0.20169567157518964,2.0
-0.33853934255540685,-0.3901532054142496,-0.49650453666517924,-0.5399375278893351,-0.5084039863156329,-0.49561207794139517,-0.4691358024691358,-0.441023352669939,-0.44042838018741637,-0.5173285735534732,-0.46110367395507956,0.20139818533392828,2.0
-0.3901532054142496,-0.49650453666517924,-0.5399375278893351,-0.5084039863156329,-0.49561207794139517,-0.4691358024691358,-0.441023352669939,-0.44042838018741637,-0.5173285735534732,-0.46110367395507956,-0.4188606276959691,0.14978432247508555,2.0
-0.49650453666517924,-0.5399375278893351,-0.5084039863156329,-0.49561207794139517,-0.4691358024691358,-0.441023352669939,-0.44042838018741637,-0.5173285735534732,-0.46110367395507956,-0.4188606276959691,-0.3824185631414547,0.1575189647478804,2.0
-0.5399375278893351,-0.5084039863156329,-0.49561207794139517,-0.4691358024691358,-0.441023352669939,-0.44042838018741637,-0.5173285735534732,-0.46110367395507956,-0.4188606276959691,-0.3824185631414547,-0.30090733303584705,0.2390301948534881,2.0
-0.5084039863156329,-0.49561207794139517,-0.4691358024691358,-0.441023352669939,-0.44042838018741637,-0.5173285735534732,-0.46110367395507956,-0.4188606276959691,-0.3824185631414547,-0.30090733303584705,-0.19485348802617874,0.3224750855272944,2.0
-0.49561207794139517,-0.4691358024691358,-0.441023352669939,-0.44042838018741637,-0.5173285735534732,-0.46110367395507956,-0.4188606276959691,-0.3824185631414547,-0.30090733303584705,-0.19485348802617874,-0.16688978134761268,0.3504387922058605,2.0
-0.4691358024691358,-0.441023352669939,-0.44042838018741637,-0.5173285735534732,-0.46110367395507956,-0.4188606276959691,-0.3824185631414547,-0.30090733303584705,-0.19485348802617874,-0.16688978134761268,-0.2063067083147404,0.3504387922058605,2.0
-0.441023352669939,-0.44042838018741637,-0.5173285735534732,-0.46110367395507956,-0.4188606276959691,-0.3824185631414547,-0.30090733303584705,-0.19485348802617874,-0.16688978134761268,-0.2063067083147404,-0.19500223114680948,0.3504387922058605,2.0
-0.44042838018741637,-0.5173285735534732,-0.46110367395507956,-0.4188606276959691,-0.3824185631414547,-0.30090733303584705,-0.19485348802617874,-0.16688978134761268,-0.2063067083147404,-0.19500223114680948,-0.16346868957310723,0.35385988398036594,2.0
-0.5173285735534732,-0.46110367395507956,-0.4188606276959691,-0.3824185631414547,-0.30090733303584705,-0.19485348802617874,-0.16688978134761268,-0.2063067083147404,-0.19500223114680948,-0.16346868957310723,-0.17745054291239026,0.35385988398036594,2.0
-0.46110367395507956,-0.4188606276959691,-0.3824185631414547,-0.30090733303584705,-0.19485348802617874,-0.16688978134761268,-0.2063067083147404,-0.19500223114680948,-0.16346868957310723,-0.17745054291239026,-0.11438345976498587,0.3467202141900937,2.0
-0.4188606276959691,-0.3824185631414547,-0.30090733303584705,-0.19485348802617874,-0.16688978134761268,-0.2063067083147404,-0.19500223114680948,-0.16346868957310723,-0.17745054291239026,-0.11438345976498587,-0.021419009370816644,0.39744161832515246,2.0
-0.3824185631414547,-0.30090733303584705,-0.19485348802617874,-0.16688978134761268,-0.2063067083147404,-0.19500223114680948,-0.16346868957310723,-0.17745054291239026,-0.11438345976498587,-0.021419009370816644,0.04224304625911057,0.4246616094005653,2.0
-0.30090733303584705,-0.19485348802617874,-0.16688978134761268,-0.2063067083147404,-0.19500223114680948,-0.16346868957310723,-0.17745054291239026,-0.11438345976498587,-0.021419009370816644,0.04224304625911057,0.08418860627695968,0.3850959393128067,2.0
-0.19485348802617874,-0.16688978134761268,-0.2063067083147404,-0.19500223114680948,-0.16346868957310723,-0.17745054291239026,-0.11438345976498587,-0.021419009370816644,0.04224304625911057,0.08418860627695968,0.11973821210768998,0.3260449204224304,2.0
-0.16688978134761268,-0.2063067083147404,-0.19500223114680948,-0.16346868957310723,-0.17745054291239026,-0.11438345976498587,-0.021419009370816644,0.04224304625911057,0.08418860627695968,0.11973821210768998,0.058902275769745716,0.3260449204224304,2.0
-0.2063067083147404,-0.19500223114680948,-0.16346868957310723,-0.17745054291239026,-0.11438345976498587,-0.021419009370816644,0.04224304625911057,0.08418860627695968,0.11973821210768998,0.058902275769745716,-0.000892458723784073,0.3260449204224304,2.0
-0.19500223114680948,-0.16346868957310723,-0.17745054291239026,-0.11438345976498587,-0.021419009370816644,0.04224304625911057,0.08418860627695968,0.11973821210768998,0.058902275769745716,-0.000892458723784073,-0.06767811988695527,0.31474044325449946,2.0
-0.16346868957310723,-0.17745054291239026,-0.11438345976498587,-0.021419009370816644,0.04224304625911057,0.08418860627695968,0.11973821210768998,0.058902275769745716,-0.000892458723784073,-0.06767811988695527,-0.15826268035103375,0.29718875502008024,2.0
-0.17745054291239026,-0.11438345976498587,-0.021419009370816644,0.04224304625911057,0.08418860627695968,0.11973821210768998,0.058902275769745716,-0.000892458723784073,-0.06767811988695527,-0.15826268035103375,-0.16671727907682965,0.29718875502008024,0.0
-0.11438345976498587,-0.021419009370816644,0.04224304625911057,0.08418860627695968,0.11973821210768998,0.058902275769745716,-0.000892458723784073,-0.06767811988695527,-0.15826268035103375,-0.16671727907682965,-0.5325026562349078,0.6522408683425978,0.0
-0.021419009370816644,0.04224304625911057,0.08418860627695968,0.11973821210768998,0.058902275769745716,-0.000892458723784073,-0.06767811988695527,-0.15826268035103375,-0.16671727907682965,-0.5325026562349078,-0.5620593064812132,0.6817975185889031,0.0
0.04224304625911057,0.08418860627695968,0.11973821210768998,0.058902275769745716,-0.000892458723784073,-0.06767811988695527,-0.15826268035103375,-0.16671727907682965,-0.5325026562349078,-0.5620593064812132,-0.6797063653047426,0.7994445774124326,0.0
0.08418860627695968,0.11973821210768998,0.058902275769745716,-0.000892458723784073,-0.06767811988695527,-0.15826268035103375,-0.16671727907682965,-0.5325026562349078,-0.5620593064812132,-0.6797063653047426,-0.7677967738819665,0.8875349859896565,0.0
0.11973821210768998,0.058902275769745716,-0.000892458723784073,-0.06767811988695527,-0.15826268035103375,-0.16671727907682965,-0.5325026562349078,-0.5620593064812132,-0.6797063653047426,-0.7677967738819665,-0.819376026272578,0.939114238380268,0.0
0.058902275769745716,-0.000892458723784073,-0.06767811988695527,-0.15826268035103375,-0.16671727907682965,-0.5325026562349078,-0.5620593064812132,-0.6797063653047426,-0.7677967738819665,-0.819376026272578,-0.867864387134164,0.9267666629039097,0.0
-0.000892458723784073,-0.06767811988695527,-0.15826268035103375,-0.16671727907682965,-0.5325026562349078,-0.5620593064812132,-0.6797063653047426,-0.7677967738819665,-0.819376026272578,-0.867864387134164,-0.8247850864483725,0.86697192841038,0.0
-0.06767811988695527,-0.15826268035103375,-0.16671727907682965,-0.5325026562349078,-0.5620593064812132,-0.6797063653047426,-0.7677967738819665,-0.819376026272578,-0.867864387134164,-0.8247850864483725,-0.7428764609291993,0.8001862672472088,0.0
-0.15826268035103375,-0.16671727907682965,-0.5325026562349078,-0.5620593064812132,-0.6797063653047426,-0.7677967738819665,-0.819376026272578,-0.867864387134164,-0.8247850864483725,-0.7428764609291993,-0.7295469912102772,0.7096017067831303,0.0
-0.16671727907682965,-0.5325026562349078,-0.5620593064812132,-0.6797063653047426,-0.7677967738819665,-0.819376026272578,-0.867864387134164,-0.8247850864483725,-0.7428764609291993,-0.7295469912102772,-0.6683087027914614,0.7011471080573344,0.0
-0.5325026562349078,-0.5620593064812132,-0.6797063653047426,-0.7677967738819665,-0.819376026272578,-0.867864387134164,-0.8247850864483725,-0.7428764609291993,-0.7295469912102772,-0.6683087027914614,-0.5489230174828552,0.33536173089925625,2.0
-0.5620593064812132,-0.6797063653047426,-0.7677967738819665,-0.819376026272578,-0.867864387134164,-0.8247850864483725,-0.7428764609291993,-0.7295469912102772,-0.6683087027914614,-0.5489230174828552,-0.5095141504877814,0.35835023664638266,2.0
-0.6797063653047426,-0.7677967738819665,-0.819376026272578,-0.867864387134164,-0.8247850864483725,-0.7428764609291993,-0.7295469912102772,-0.6683087027914614,-0.5489230174828552,-0.5095141504877814,-0.5091277890466531,0.3587365980875109,2.0
-0.7677967738819665,-0.819376026272578,-0.867864387134164,-0.8247850864483725,-0.7428764609291993,-0.7295469912102772,-0.6683087027914614,-0.5489230174828552,-0.5095141504877814,-0.5091277890466531,-0.5168550178692166,0.3587365980875109,2.0
-0.819376026272578,-0.867864387134164,-0.8247850864483725,-0.7428764609291993,-0.7295469912102772,-0.6683087027914614,-0.5489230174828552,-0.5095141504877814,-0.5091277890466531,-0.5168550178692166,-0.44112817540809424,0.4267362117260698,2.0
-0.867864387134164,-0.8247850864483725,-0.7428764609291993,-0.7295469912102772,-0.6683087027914614,-0.5489230174828552,-0.5095141504877814,-0.5091277890466531,-0.5168550178692166,-0.44112817540809424,-0.3690717666376896,0.49879262049647444,2.0
-0.8247850864483725,-0.7428764609291993,-0.7295469912102772,-0.6683087027914614,-0.5489230174828552,-0.5095141504877814,-0.5091277890466531,-0.5168550178692166,-0.44112817540809424,-0.3690717666376896,-0.31865159857046266,0.5061334878779098,2.0
-0.7428764609291993,-0.7295469912102772,-0.6683087027914614,-0.5489230174828552,-0.5095141504877814,-0.5091277890466531,-0.5168550178692166,-0.44112817540809424,-0.3690717666376896,-0.31865159857046266,-0.3286969960397952,0.4242248623587367,2.0
-0.7295469912102772,-0.6683087027914614,-0.5489230174828552,-0.5095141504877814,-0.5091277890466531,-0.5168550178692166,-0.44112817540809424,-0.3690717666376896,-0.31865159857046266,-0.3286969960397952,-0.38974210373804696,0.41089539263981456,2.0
-0.6683087027914614,-0.5489230174828552,-0.5095141504877814,-0.5091277890466531,-0.5168550178692166,-0.44112817540809424,-0.3690717666376896,-0.31865159857046266,-0.3286969960397952,-0.38974210373804696,-0.447116777745581,0.3496571042209987,2.0
-0.5489230174828552,-0.5095141504877814,-0.5091277890466531,-0.5168550178692166,-0.44112817540809424,-0.3690717666376896,-0.31865159857046266,-0.3286969960397952,-0.38974210373804696,-0.447116777745581,-0.44305998261373514,0.23027141891239256,2.0
-0.5095141504877814,-0.5091277890466531,-0.5168550178692166,-0.44112817540809424,-0.3690717666376896,-0.31865159857046266,-0.3286969960397952,-0.38974210373804696,-0.447116777745581,-0.44305998261373514,-0.4272191635274799,0.19820341929875396,0.0
-0.5091277890466531,-0.5168550178692166,-0.44112817540809424,-0.3690717666376896,-0.31865159857046266,-0.3286969960397952,-0.38974210373804696,-0.447116777745581,-0.44305998261373514,-0.4272191635274799,-0.44170771756978655,0.19820341929875396,0.0
-0.5168550178692166,-0.44112817540809424,-0.3690717666376896,-0.31865159857046266,-0.3286969960397952,-0.38974210373804696,-0.447116777745581,-0.44305998261373514,-0.4272191635274799,-0.44170771756978655,-0.594900028977108,0.2762484304066454,0.0
-0.44112817540809424,-0.3690717666376896,-0.31865159857046266,-0.3286969960397952,-0.38974210373804696,-0.447116777745581,-0.44305998261373514,-0.4272191635274799,-0.44170771756978655,-0.594900028977108,-0.5379117164107022,0.2762484304066454,0.0
-0.3690717666376896,-0.31865159857046266,-0.3286969960397952,-0.38974210373804696,-0.447116777745581,-0.44305998261373514,-0.4272191635274799,-0.44170771756978655,-0.594900028977108,-0.5379117164107022,-0.4133101516468657,0.2762484304066454,0.0
-0.31865159857046266,-0.3286969960397952,-0.38974210373804696,-0.447116777745581,-0.44305998261373514,-0.4272191635274799,-0.44170771756978655,-0.594900028977108,-0.5379117164107022,-0.4133101516468657,-0.3957307060755336,0.2762484304066454,0.0
-0.3286969960397952,-0.38974210373804696,-0.447116777745581,-0.44305998261373514,-0.4272191635274799,-0.44170771756978655,-0.594900028977108,-0.5379117164107022,-0.4133101516468657,-0.3957307060755336,-0.32058340577610356,0.2743166232010045,0.0
-0.38974210373804696,-0.447116777745581,-0.44305998261373514,-0.4272191635274799,-0.44170771756978655,-0.594900028977108,-0.5379117164107022,-0.4133101516468657,-0.3957307060755336,-0.32058340577610356,-0.43726456099681255,0.2743166232010045,0.0
-0.447116777745581,-0.44305998261373514,-0.4272191635274799,-0.44170771756978655,-0.594900028977108,-0.5379117164107022,-0.4133101516468657,-0.3957307060755336,-0.32058340577610356,-0.43726456099681255,-0.34492417656717855,0.2743166232010045,2.0
-0.44305998261373514,-0.4272191635274799,-0.44170771756978655,-0.594900028977108,-0.5379117164107022,-0.4133101516468657,-0.3957307060755336,-0.32058340577610356,-0.43726456099681255,-0.34492417656717855,-0.30261759876364336,0.2922824302134647,2.0
-0.4272191635274799,-0.44170771756978655,-0.594900028977108,-0.5379117164107022,-0.4133101516468657,-0.3957307060755336,-0.32058340577610356,-0.43726456099681255,-0.34492417656717855,-0.30261759876364336,-0.25857239447503144,0.3363276345020766,2.0
-0.44170771756978655,-0.594900028977108,-0.5379117164107022,-0.4133101516468657,-0.3957307060755336,-0.32058340577610356,-0.43726456099681255,-0.34492417656717855,-0.30261759876364336,-0.25857239447503144,-0.2100840336134454,0.3848159953636626,2.0
-0.594900028977108,-0.5379117164107022,-0.4133101516468657,-0.3957307060755336,-0.32058340577610356,-0.43726456099681255,-0.34492417656717855,-0.30261759876364336,-0.25857239447503144,-0.2100840336134454,-0.15212981744421905,0.442770211532889,2.0
-0.5379117164107022,-0.4133101516468657,-0.3957307060755336,-0.32058340577610356,-0.43726456099681255,-0.34492417656717855,-0.30261759876364336,-0.25857239447503144,-0.2100840336134454,-0.15212981744421905,-0.018255578093306246,0.519656138317396,2.0
-0.4133101516468657,-0.3957307060755336,-0.32058340577610356,-0.43726456099681255,-0.34492417656717855,-0.30261759876364336,-0.25857239447503144,-0.2100840336134454,-0.15212981744421905,-0.018255578093306246,0.06597121607263601,0.5032357770694486,2.0
-0.3957307060755336,-0.32058340577610356,-0.43726456099681255,-0.34492417656717855,-0.30261759876364336,-0.25857239447503144,-0.2100840336134454,-0.15212981744421905,-0.018255578093306246,0.06597121607263601,0.02482372259248522,0.5032357770694486,2.0
-0.32058340577610356,-0.43726456099681255,-0.34492417656717855,-0.30261759876364336,-0.25857239447503144,-0.2100840336134454,-0.15212981744421905,-0.018255578093306246,0.06597121607263601,0.02482372259248522,0.012460156476383766,0.5032357770694486,2.0
-0.43726456099681255,-0.34492417656717855,-0.30261759876364336,-0.25857239447503144,-0.2100840336134454,-0.15212981744421905,-0.018255578093306246,0.06597121607263601,0.02482372259248522,0.012460156476383766,0.038346373031971304,0.5032357770694486,2.0
-0.34492417656717855,-0.30261759876364336,-0.25857239447503144,-0.2100840336134454,-0.15212981744421905,-0.018255578093306246,0.06597121607263601,0.02482372259248522,0.012460156476383766,0.038346373031971304,0.03699410798802272,0.41089539263981456,2.0
-0.30261759876364336,-0.25857239447503144,-0.2100840336134454,-0.15212981744421905,-0.018255578093306246,0.06597121607263601,0.02482372259248522,0.012460156476383766,0.038346373031971304,0.03699410798802272,0.12798222737370812,0.4305998261373515,2.0
-0.25857239447503144,-0.2100840336134454,-0.15212981744421905,-0.018255578093306246,0.06597121607263601,0.02482372259248522,0.012460156476383766,0.038346373031971304,0.03699410798802272,0.12798222737370812,0.09494832415724908,0.38655462184873957,2.0
-0.2100840336134454,-0.15212981744421905,-0.018255578093306246,0.06597121607263601,0.02482372259248522,0.012460156476383766,0.038346373031971304,0.03699410798802272,0.12798222737370812,0.09494832415724908,0.07022119192504594,0.33806626098715353,2.0
-0.15212981744421905,-0.018255578093306246,0.06597121607263601,0.02482372259248522,0.012460156476383766,0.038346373031971304,0.03699410798802272,0.12798222737370812,0.09494832415724908,0.07022119192504594,-0.01806239737274218,0.2801120448179272,2.0
-0.018255578093306246,0.06597121607263601,0.02482372259248522,0.012460156476383766,0.038346373031971304,0.03699410798802272,0.12798222737370812,0.09494832415724908,0.07022119192504594,-0.01806239737274218,-0.08606201101130107,0.2140442383850092,2.0
0.06597121607263601,0.02482372259248522,0.012460156476383766,0.038346373031971304,0.03699410798802272,0.12798222737370812,0.09494832415724908,0.07022119192504594,-0.01806239737274218,-0.08606201101130107,-0.13397082971119478,0.2619530570849029,0.0
0.02482372259248522,0.012460156476383766,0.038346373031971304,0.03699410798802272,0.12798222737370812,0.09494832415724908,0.07022119192504594,-0.01806239737274218,-0.08606201101130107,-0.13397082971119478,-0.19443639524775425,0.32241862262146237,0.0
0.012460156476383766,0.038346373031971304,0.03699410798802272,0.12798222737370812,0.09494832415724908,0.07022119192504594,-0.01806239737274218,-0.08606201101130107,-0.13397082971119478,-0.19443639524775425,-0.12315270935960587,0.32241862262146237,0.0
0.038346373031971304,0.03699410798802272,0.12798222737370812,0.09494832415724908,0.07022119192504594,-0.01806239737274218,-0.08606201101130107,-0.13397082971119478,-0.19443639524775425,-0.12315270935960587,-0.09823239640683856,0.32241862262146237,0.0
0.03699410798802272,0.12798222737370812,0.09494832415724908,0.07022119192504594,-0.01806239737274218,-0.08606201101130107,-0.13397082971119478,-0.19443639524775425,-0.12315270935960587,-0.09823239640683856,-0.2172317202743166,0.3452139476480247,0.0
0.12798222737370812,0.09494832415724908,0.07022119192504594,-0.01806239737274218,-0.08606201101130107,-0.13397082971119478,-0.19443639524775425,-0.12315270935960587,-0.09823239640683856,-0.2172317202743166,-0.29508355066164393,0.42306577803535206,0.0
0.09494832415724908,0.07022119192504594,-0.01806239737274218,-0.08606201101130107,-0.13397082971119478,-0.19443639524775425,-0.12315270935960587,-0.09823239640683856,-0.2172317202743166,-0.29508355066164393,-0.39476480247271317,0.48971312662996225,0.0
0.07022119192504594,-0.01806239737274218,-0.08606201101130107,-0.13397082971119478,-0.19443639524775425,-0.12315270935960587,-0.09823239640683856,-0.2172317202743166,-0.29508355066164393,-0.39476480247271317,-0.5446730416304453,0.6148942335554912,0.0
-0.01806239737274218,-0.08606201101130107,-0.13397082971119478,-0.19443639524775425,-0.12315270935960587,-0.09823239640683856,-0.2172317202743166,-0.29508355066164393,-0.39476480247271317,-0.5446730416304453,-0.6951608229498696,0.6770984255771274,0.0
-0.08606201101130107,-0.13397082971119478,-0.19443639524775425,-0.12315270935960587,-0.09823239640683856,-0.2172317202743166,-0.29508355066164393,-0.39476480247271317,-0.5446730416304453,-0.6951608229498696,-0.8031488457451946,0.7170868347338936,0.0
-0.13397082971119478,-0.19443639524775425,-0.12315270935960587,-0.09823239640683856,-0.2172317202743166,-0.29508355066164393,-0.39476480247271317,-0.5446730416304453,-0.6951608229498696,-0.8031488457451946,-0.8236260021249879,0.7253936057181494,0.0
-0.19443639524775425,-0.12315270935960587,-0.09823239640683856,-0.2172317202743166,-0.29508355066164393,-0.39476480247271317,-0.5446730416304453,-0.6951608229498696,-0.8031488457451946,-0.8236260021249879,-0.7842171351299141,0.7253936057181494,0.0
-0.12315270935960587,-0.09823239640683856,-0.2172317202743166,-0.29508355066164393,-0.39476480247271317,-0.5446730416304453,-0.6951608229498696,-0.8031488457451946,-0.8236260021249879,-0.7842171351299141,-0.7990920506133488,0.7253936057181494,0.0
-0.09823239640683856,-0.2172317202743166,-0.29508355066164393,-0.39476480247271317,-0.5446730416304453,-0.6951608229498696,-0.8031488457451946,-0.8236260021249879,-0.7842171351299141,-0.7990920506133488,-0.9132618564667246,0.8150294600598861,0.0
-0.2172317202743166,-0.29508355066164393,-0.39476480247271317,-0.5446730416304453,-0.6951608229498696,-0.8031488457451946,-0.8236260021249879,-0.7842171351299141,-0.7990920506133488,-0.9132618564667246,-1.0,0.7827682797256834,0.0
-0.29508355066164393,-0.39476480247271317,-0.5446730416304453,-0.6951608229498696,-0.8031488457451946,-0.8236260021249879,-0.7842171351299141,-0.7990920506133488,-0.9132618564667246,-1.0,-1.0,0.7049164493383561,0.0
-0.39476480247271317,-0.5446730416304453,-0.6951608229498696,-0.8031488457451946,-0.8236260021249879,-0.7842171351299141,-0.7990920506133488,-0.9132618564667246,-1.0,-1.0,-0.9727007436693966,0.6052351975272868,0.0
-0.5446730416304453,-0.6951608229498696,-0.8031488457451946,-0.8236260021249879,-0.7842171351299141,-0.7990920506133488,-0.9132618564667246,-1.0,-1.0,-0.9727007436693966,-0.9981172926668549,0.4553269583695547,0.0
-0.6951608229498696,-0.8031488457451946,-0.8236260021249879,-0.7842171351299141,-0.7990920506133488,-0.9132618564667246,-1.0,-1.0,-0.9727007436693966,-0.9981172926668549,-0.9459662995387367,0.3048391770501304,0.0
-0.8031488457451946,-0.8236260021249879,-0.7842171351299141,-0.7990920506133488,-0.9132618564667246,-1.0,-1.0,-0.9727007436693966,-0.9981172926668549,-0.9459662995387367,-0.7767109102889955,0.22328908971100447,2.0
-0.8236260021249879,-0.7842171351299141,-0.7990920506133488,-0.9132618564667246,-1.0,-1.0,-0.9727007436693966,-0.9981172926668549,-0.9459662995387367,-0.7767109102889955,-0.7061093852960557,0.2938906147039443,2.0
-0.7842171351299141,-0.7990920506133488,-0.9132618564667246,-1.0,-1.0,-0.9727007436693966,-0.9981172926668549,-0.9459662995387367,-0.7767109102889955,-0.7061093852960557,-0.6887884778311211,0.31121152216887893,2.0
-0.7990920506133488,-0.9132618564667246,-1.0,-1.0,-0.9727007436693966,-0.9981172926668549,-0.9459662995387367,-0.7767109102889955,-0.7061093852960557,-0.6887884778311211,-0.6940811779521456,0.31121152216887893,2.0
-0.9132618564667246,-1.0,-1.0,-0.9727007436693966,-0.9981172926668549,-0.9459662995387367,-0.7767109102889955,-0.7061093852960557,-0.6887884778311211,-0.6940811779521456,-0.6910740662587044,0.31121152216887893,2.0
-1.0,-1.0,-0.9727007436693966,-0.9981172926668549,-0.9459662995387367,-0.7767109102889955,-0.7061093852960557,-0.6887884778311211,-0.6940811779521456,-0.6910740662587044,-0.8012805854104734,0.31121152216887893,2.0
-1.0,-0.9727007436693966,-0.9981172926668549,-0.9459662995387367,-0.7767109102889955,-0.7061093852960557,-0.6887884778311211,-0.6940811779521456,-0.6910740662587044,-0.8012805854104734,-0.7278927291642585,0.31121152216887893,2.0
-0.9727007436693966,-0.9981172926668549,-0.9459662995387367,-0.7767109102889955,-0.7061093852960557,-0.6887884778311211,-0.6940811779521456,-0.6910740662587044,-0.8012805854104734,-0.7278927291642585,-0.7356828193832599,0.3093288148357338,3.0
-0.9981172926668549,-0.9459662995387367,-0.7767109102889955,-0.7061093852960557,-0.6887884778311211,-0.6940811779521456,-0.6910740662587044,-0.8012805854104734,-0.7278927291642585,-0.7356828193832599,-0.738344777737622,0.3093288148357338,3.0
-0.9459662995387367,-0.7767109102889955,-0.7061093852960557,-0.6887884778311211,-0.6940811779521456,-0.6910740662587044,-0.8012805854104734,-0.7278927291642585,-0.7356828193832599,-0.738344777737622,-0.7267799060354174,0.2571778217076156,3.0
-0.7767109102889955,-0.7061093852960557,-0.6887884778311211,-0.6940811779521456,-0.6910740662587044,-0.8012805854104734,-0.7278927291642585,-0.7356828193832599,-0.738344777737622,-0.7267799060354174,-0.6949765088543549,0.11249210757935235,3.0
-0.7061093852960557,-0.6887884778311211,-0.6940811779521456,-0.6910740662587044,-0.8012805854104734,-0.7278927291642585,-0.7356828193832599,-0.738344777737622,-0.7267799060354174,-0.6949765088543549,-0.7289476938296031,0.11249210757935235,3.0
-0.6887884778311211,-0.6940811779521456,-0.6910740662587044,-0.8012805854104734,-0.7278927291642585,-0.7356828193832599,-0.738344777737622,-0.7267799060354174,-0.6949765088543549,-0.7289476938296031,-0.9374095989480605,0.24862112111693946,3.0
-0.6940811779521456,-0.6910740662587044,-0.8012805854104734,-0.7278927291642585,-0.7356828193832599,-0.738344777737622,-0.7267799060354174,-0.6949765088543549,-0.7289476938296031,-0.9374095989480605,-0.9317293233082706,0.24633553268935615,3.0
-0.6910740662587044,-0.8012805854104734,-0.7278927291642585,-0.7356828193832599,-0.738344777737622,-0.7267799060354174,-0.6949765088543549,-0.7289476938296031,-0.9374095989480605,-0.9317293233082706,-0.8687182844982813,0.24633553268935615,3.0
-0.8012805854104734,-0.7278927291642585,-0.7356828193832599,-0.738344777737622,-0.7267799060354174,-0.6949765088543549,-0.7289476938296031,-0.9374095989480605,-0.9317293233082706,-0.8687182844982813,-0.8346701587821247,0.24243309009370562,3.0
-0.7278927291642585,-0.7356828193832599,-0.738344777737622,-0.7267799060354174,-0.6949765088543549,-0.7289476938296031,-0.9374095989480605,-0.9317293233082706,-0.8687182844982813,-0.8346701587821247,-1.0,0.3050234911456451,0.0
-0.7356828193832599,-0.738344777737622,-0.7267799060354174,-0.6949765088543549,-0.7289476938296031,-0.9374095989480605,-0.9317293233082706,-0.8687182844982813,-0.8346701587821247,-1.0,-0.9635024811909717,0.3050234911456451,0.0
-0.738344777737622,-0.7267799060354174,-0.6949765088543549,-0.7289476938296031,-0.9374095989480605,-0.9317293233082706,-0.8687182844982813,-0.8346701587821247,-1.0,-0.9635024811909717,-1.0,0.3050234911456451,0.0
-0.7267799060354174,-0.6949765088543549,-0.7289476938296031,-0.9374095989480605,-0.9317293233082706,-0.8687182844982813,-0.8346701587821247,-1.0,-0.9635024811909717,-1.0,-1.0,0.3050234911456451,0.0
-0.6949765088543549,-0.7289476938296031,-0.9374095989480605,-0.9317293233082706,-0.8687182844982813,-0.8346701587821247,-1.0,-0.9635024811909717,-1.0,-1.0,-1.0,0.3050234911456451,0.0
-0.7289476938296031,-0.9374095989480605,-0.9317293233082706,-0.8687182844982813,-0.8346701587821247,-1.0,-0.9635024811909717,-1.0,-1.0,-1.0,-1.0,0.2710523061703969,0.0
-0.9374095989480605,-0.9317293233082706,-0.8687182844982813,-0.8346701587821247,-1.0,-0.9635024811909717,-1.0,-1.0,-1.0,-1.0,-1.0,0.1653298412178753,1.0
-0.9317293233082706,-0.8687182844982813,-0.8346701587821247,-1.0,-0.9635024811909717,-1.0,-1.0,-1.0,-1.0,-1.0,-1.0,0.1653298412178753,1.0
-0.8687182844982813,-0.8346701587821247,-1.0,-0.9635024811909717,-1.0,-1.0,-1.0,-1.0,-1.0,-1.0,-0.92896509491733,0.1653298412178753,1.0
-0.8346701587821247,-1.0,-0.9635024811909717,-1.0,-1.0,-1.0,-1.0,-1.0,-1.0,-0.92896509491733,-0.9676668707899572,0.1653298412178753,1.0
-1.0,-0.9635024811909717,-1.0,-1.0,-1.0,-1.0,-1.0,-1.0,-0.92896509491733,-0.9676668707899572,-1.0,0.07103490508266996,1.0
-0.9635024811909717,-1.0,-1.0,-1.0,-1.0,-1.0,-1.0,-0.92896509491733,-0.9676668707899572,-1.0,-1.0,0.07103490508266996,1.0
-1.0,-1.0,-1.0,-1.0,-1.0,-1.0,-0.92896509491733,-0.9676668707899572,-1.0,-1.0,-0.9857504022063893,0.07103490508266996,1.0
-1.0,-1.0,-1.0,-1.0,-1.0,-0.92896509491733,-0.9676668707899572,-1.0,-1.0,-0.9857504022063893,-0.9197885543553206,0.08021144564467941,1.0
-1.0,-1.0,-1.0,-1.0,-0.92896509491733,-0.9676668707899572,-1.0,-1.0,-0.9857504022063893,-0.9197885543553206,-0.9131234199034705,0.08687658009652954,1.0
-1.0,-1.0,-1.0,-0.92896509491733,-0.9676668707899572,-1.0,-1.0,-0.9857504022063893,-0.9197885543553206,-0.9131234199034705,-0.7956791542174213,0.2043208457825787,1.0
-1.0,-1.0,-0.92896509491733,-0.9676668707899572,-1.0,-1.0,-0.9857504022063893,-0.9197885543553206,-0.9131234199034705,-0.7956791542174213,-0.7340841185934268,0.2659158814065732,1.0
-1.0,-0.92896509491733,-0.9676668707899572,-1.0,-1.0,-0.9857504022063893,-0.9197885543553206,-0.9131234199034705,-0.7956791542174213,-0.7340841185934268,-0.6722592507469547,0.3277407492530453,1.0
-0.92896509491733,-0.9676668707899572,-1.0,-1.0,-0.9857504022063893,-0.9197885543553206,-0.9131234199034705,-0.7956791542174213,-0.7340841185934268,-0.6722592507469547,-0.563548609515054,0.43645139048494597,1.0
-0.9676668707899572,-1.0,-1.0,-0.9857504022063893,-0.9197885543553206,-0.9131234199034705,-0.7956791542174213,-0.7340841185934268,-0.6722592507469547,-0.563548609515054,-0.5141346816823719,0.48586531831762814,2.0
-1.0,-1.0,-0.9857504022063893,-0.9197885543553206,-0.9131234199034705,-0.7956791542174213,-0.7340841185934268,-0.6722592507469547,-0.563548609515054,-0.5141346816823719,-0.5293036083658929,0.48586531831762814,2.0
-1.0,-0.9857504022063893,-0.9197885543553206,-0.9131234199034705,-0.7956791542174213,-0.7340841185934268,-0.6722592507469547,-0.563548609515054,-0.5141346816823719,-0.5293036083658929,-0.4863249827625833,0.5136750172374167,2.0
-0.9857504022063893,-0.9197885543553206,-0.9131234199034705,-0.7956791542174213,-0.7340841185934268,-0.6722592507469547,-0.563548609515054,-0.5141346816823719,-0.5293036083658929,-0.4863249827625833,-0.3700298781889221,0.6157205240174672,2.0
-0.9197885543553206,-0.9131234199034705,-0.7956791542174213,-0.7340841185934268,-0.6722592507469547,-0.563548609515054,-0.5141346816823719,-0.5293036083658929,-0.4863249827625833,-0.3700298781889221,-0.2578717536198575,0.6619168007354631,2.0
-0.9131234199034705,-0.7956791542174213,-0.7340841185934268,-0.6722592507469547,-0.563548609515054,-0.5141346816823719,-0.5293036083658929,-0.4863249827625833,-0.3700298781889221,-0.2578717536198575,-0.143415306826017,0.7697081130774535,2.0
-0.7956791542174213,-0.7340841185934268,-0.6722592507469547,-0.563548609515054,-0.5141346816823719,-0.5293036083658929,-0.4863249827625833,-0.3700298781889221,-0.2578717536198575,-0.143415306826017,-0.05033325672259248,0.7453458974948288,2.0
-0.7340841185934268,-0.6722592507469547,-0.563548609515054,-0.5141346816823719,-0.5293036083658929,-0.4863249827625833,-0.3700298781889221,-0.2578717536198575,-0.143415306826017,-0.05033325672259248,0.09905768788784197,0.8331418064812688,2.0
-0.6722592507469547,-0.563548609515054,-0.5141346816823719,-0.5293036083658929,-0.4863249827625833,-0.3700298781889221,-0.2578717536198575,-0.143415306826017,-0.05033325672259248,0.09905768788784197,0.17099517352332794,0.8432544242702826,2.0
-0.563548609515054,-0.5141346816823719,-0.5293036083658929,-0.4863249827625833,-0.3700298781889221,-0.2578717536198575,-0.143415306826017,-0.05033325672259248,0.09905768788784197,0.17099517352332794,0.19512755688347516,0.7586761663985292,2.0
-0.5141346816823719,-0.5293036083658929,-0.4863249827625833,-0.3700298781889221,-0.2578717536198575,-0.143415306826017,-0.05033325672259248,0.09905768788784197,0.17099517352332794,0.19512755688347516,0.29625373477361516,0.825557343139508,2.0
-0.5293036083658929,-0.4863249827625833,-0.3700298781889221,-0.2578717536198575,-0.143415306826017,-0.05033325672259248,0.09905768788784197,0.17099517352332794,0.19512755688347516,0.29625373477361516,0.5226384739140428,1.0519420822799357,2.0
-0.4863249827625833,-0.3700298781889221,-0.2578717536198575,-0.143415306826017,-0.05033325672259248,0.09905768788784197,0.17099517352332794,0.19512755688347516,0.29625373477361516,0.5226384739140428,0.7729257641921397,1.259250746954723,2.0
-0.3700298781889221,-0.2578717536198575,-0.143415306826017,-0.05033325672259248,0.09905768788784197,0.17099517352332794,0.19512755688347516,0.29625373477361516,0.5226384739140428,0.7729257641921397,1.0,1.3700298781889222,2.0
-0.2578717536198575,-0.143415306826017,-0.05033325672259248,0.09905768788784197,0.17099517352332794,0.19512755688347516,0.29625373477361516,0.5226384739140428,0.7729257641921397,1.0,1.0,1.2578717536198574,2.0
-0.143415306826017,-0.05033325672259248,0.09905768788784197,0.17099517352332794,0.19512755688347516,0.29625373477361516,0.5226384739140428,0.7729257641921397,1.0,1.0,1.0,1.143415306826017,2.0
-0.05033325672259248,0.09905768788784197,0.17099517352332794,0.19512755688347516,0.29625373477361516,0.5226384739140428,0.7729257641921397,1.0,1.0,1.0,0.9166585151129805,1.0503332567225925,2.0
0.09905768788784197,0.17099517352332794,0.19512755688347516,0.29625373477361516,0.5226384739140428,0.7729257641921397,1.0,1.0,1.0,0.9166585151129805,0.8174704098601193,0.900942312112158,2.0
0.17099517352332794,0.19512755688347516,0.29625373477361516,0.5226384739140428,0.7729257641921397,1.0,1.0,1.0,0.9166585151129805,0.8174704098601193,0.648244155336007,0.8290048264766721,3.0
0.19512755688347516,0.29625373477361516,0.5226384739140428,0.7729257641921397,1.0,1.0,1.0,0.9166585151129805,0.8174704098601193,0.648244155336007,0.5042551110241611,0.8048724431165248,3.0
0.29625373477361516,0.5226384739140428,0.7729257641921397,1.0,1.0,1.0,0.9166585151129805,0.8174704098601193,0.648244155336007,0.5042551110241611,0.33170302259610684,0.7037462652263848,0.0
0.5226384739140428,0.7729257641921397,1.0,1.0,1.0,0.9166585151129805,0.8174704098601193,0.648244155336007,0.5042551110241611,0.33170302259610684,0.27594639538295995,0.72405360461704,0.0
0.7729257641921397,1.0,1.0,1.0,0.9166585151129805,0.8174704098601193,0.648244155336007,0.5042551110241611,0.33170302259610684,0.27594639538295995,0.1744106426684926,0.8255893573315074,0.0
1.0,1.0,1.0,0.9166585151129805,0.8174704098601193,0.648244155336007,0.5042551110241611,0.33170302259610684,0.27594639538295995,0.1744106426684926,-0.16052039518732275,1.1605203951873229,0.0
1.0,1.0,0.9166585151129805,0.8174704098601193,0.648244155336007,0.5042551110241611,0.33170302259610684,0.27594639538295995,0.1744106426684926,-0.16052039518732275,-0.32505135478822267,1.3250513547882226,0.0
1.0,0.9166585151129805,0.8174704098601193,0.648244155336007,0.5042551110241611,0.33170302259610684,0.27594639538295995,0.1744106426684926,-0.16052039518732275,-0.32505135478822267,-0.5768365450454856,1.5768365450454858,0.0
0.9166585151129805,0.8174704098601193,0.648244155336007,0.5042551110241611,0.33170302259610684,0.27594639538295995,0.1744106426684926,-0.16052039518732275,-0.32505135478822267,-0.5768365450454856,-0.8290130098796831,1.7456715249926635,0.0
0.8174704098601193,0.648244155336007,0.5042551110241611,0.33170302259610684,0.27594639538295995,0.1744106426684926,-0.16052039518732275,-0.32505135478822267,-0.5768365450454856,-0.8290130098796831,-0.9141152303629072,1.7315856402230265,0.0
0.648244155336007,0.5042551110241611,0.33170302259610684,0.27594639538295995,0.1744106426684926,-0.16052039518732275,-0.32505135478822267,-0.5768365450454856,-0.8290130098796831,-0.9141152303629072,-0.802015064071212,1.5623593856989142,0.0
0.5042551110241611,0.33170302259610684,0.27594639538295995,0.1744106426684926,-0.16052039518732275,-0.32505135478822267,-0.5768365450454856,-0.8290130098796831,-0.9141152303629072,-0.802015064071212,-0.6803286706446249,1.4183703413870683,0.0
0.33170302259610684,0.27594639538295995,0.1744106426684926,-0.16052039518732275,-0.32505135478822267,-0.5768365450454856,-0.8290130098796831,-0.9141152303629072,-0.802015064071212,-0.6803286706446249,-0.6709380807982002,1.245818252959014,0.0
0.27594639538295995,0.1744106426684926,-0.16052039518732275,-0.32505135478822267,-0.5768365450454856,-0.8290130098796831,-0.9141152303629072,-0.802015064071212,-0.6803286706446249,-0.6709380807982002,-0.6638951384133815,1.1900616257458672,0.0
0.1744106426684926,-0.16052039518732275,-0.32505135478822267,-0.5768365450454856,-0.8290130098796831,-0.9141152303629072,-0.802015064071212,-0.6803286706446249,-0.6709380807982002,-0.6638951384133815,-0.6020737552577522,1.0885258730313998,2.0
-0.16052039518732275,-0.32505135478822267,-0.5768365450454856,-0.8290130098796831,-0.9141152303629072,-0.802015064071212,-0.6803286706446249,-0.6709380807982002,-0.6638951384133815,-0.6020737552577522,-0.6357233688741074,0.7535948351755845,2.0
-0.32505135478822267,-0.5768365450454856,-0.8290130098796831,-0.9141152303629072,-0.802015064071212,-0.6803286706446249,-0.6709380807982002,-0.6638951384133815,-0.6020737552577522,-0.6357233688741074,-0.5627506602758485,0.5890638755746845,2.0
-0.5768365450454856,-0.8290130098796831,-0.9141152303629072,-0.802015064071212,-0.6803286706446249,-0.6709380807982002,-0.6638951384133815,-0.6020737552577522,-0.6357233688741074,-0.5627506602758485,-0.4042844566174313,0.5098307737454759,2.0
-0.8290130098796831,-0.9141152303629072,-0.802015064071212,-0.6803286706446249,-0.6709380807982002,-0.6638951384133815,-0.6020737552577522,-0.6357233688741074,-0.5627506602758485,-0.4042844566174313,-0.39019857184779416,0.523916658515113,2.0
-0.9141152303629072,-0.802015064071212,-0.6803286706446249,-0.6709380807982002,-0.6638951384133815,-0.6020737552577522,-0.6357233688741074,-0.5627506602758485,-0.4042844566174313,-0.39019857184779416,-0.4520199550034236,0.523916658515113,2.0
-0.802015064071212,-0.6803286706446249,-0.6709380807982002,-0.6638951384133815,-0.6020737552577522,-0.6357233688741074,-0.5627506602758485,-0.4042844566174313,-0.39019857184779416,-0.4520199550034236,-0.5654895823143891,0.4118164922234179,2.0
-0.6803286706446249,-0.6709380807982002,-0.6638951384133815,-0.6020737552577522,-0.6357233688741074,-0.5627506602758485,-0.4042844566174313,-0.39019857184779416,-0.4520199550034236,-0.5654895823143891,-0.7040007825491539,0.3138022107013597,2.0
-0.6709380807982002,-0.6638951384133815,-0.6020737552577522,-0.6357233688741074,-0.5627506602758485,-0.4042844566174313,-0.39019857184779416,-0.4520199550034236,-0.5654895823143891,-0.7040007825491539,-0.8906387557468454,0.5004401838990512,2.0
-0.6638951384133815,-0.6020737552577522,-0.6357233688741074,-0.5627506602758485,-0.4042844566174313,-0.39019857184779416,-0.4520199550034236,-0.5654895823143891,-0.7040007825491539,-0.8906387557468454,-1.0,0.6098014281522058,0.0
-0.6020737552577522,-0.6357233688741074,-0.5627506602758485,-0.4042844566174313,-0.39019857184779416,-0.4520199550034236,-0.5654895823143891,-0.7040007825491539,-0.8906387557468454,-1.0,-0.9704811194172897,0.6098014281522058,0.0
-0.6357233688741074,-0.5627506602758485,-0.4042844566174313,-0.39019857184779416,-0.4520199550034236,-0.5654895823143891,-0.7040007825491539,-0.8906387557468454,-1.0,-0.9704811194172897,-0.9950162928886334,0.6098014281522058,0.0
-0.5627506602758485,-0.4042844566174313,-0.39019857184779416,-0.4520199550034236,-0.5654895823143891,-0.7040007825491539,-0.8906387557468454,-1.0,-0.9704811194172897,-0.9950162928886334,-1.0,0.6098014281522058,0.0
-0.4042844566174313,-0.39019857184779416,-0.4520199550034236,-0.5654895823143891,-0.7040007825491539,-0.8906387557468454,-1.0,-0.9704811194172897,-0.9950162928886334,-1.0,-0.9293377728449871,0.6098014281522058,0.0
-0.39019857184779416,-0.4520199550034236,-0.5654895823143891,-0.7040007825491539,-0.8906387557468454,-1.0,-0.9704811194172897,-0.9950162928886334,-1.0,-0.9293377728449871,-0.9236034036256012,0.6098014281522058,1.0
-0.4520199550034236,-0.5654895823143891,-0.7040007825491539,-0.8906387557468454,-1.0,-0.9704811194172897,-0.9950162928886334,-1.0,-0.9293377728449871,-0.9236034036256012,-0.9607843137254902,0.5479800449965764,1.0
-0.5654895823143891,-0.7040007825491539,-0.8906387557468454,-1.0,-0.9704811194172897,-0.9950162928886334,-1.0,-0.9293377728449871,-0.9236034036256012,-0.9607843137254902,-0.9631890492045875,0.43451041768561094,1.0
-0.7040007825491539,-0.8906387557468454,-1.0,-0.9704811194172897,-0.9950162928886334,-1.0,-0.9293377728449871,-0.9236034036256012,-0.9607843137254902,-0.9631890492045875,-0.8551609322974473,0.2959992174508461,1.0
-0.8906387557468454,-1.0,-0.9704811194172897,-0.9950162928886334,-1.0,-0.9293377728449871,-0.9236034036256012,-0.9607843137254902,-0.9631890492045875,-0.8551609322974473,-0.6681465038845726,0.33185349611542736,1.0
-1.0,-0.9704811194172897,-0.9950162928886334,-1.0,-0.9293377728449871,-0.9236034036256012,-0.9607843137254902,-0.9631890492045875,-0.8551609322974473,-0.6681465038845726,-0.5745467998520163,0.4254532001479837,1.0
-0.9704811194172897,-0.9950162928886334,-1.0,-0.9293377728449871,-0.9236034036256012,-0.9607843137254902,-0.9631890492045875,-0.8551609322974473,-0.6681465038845726,-0.5745467998520163,-0.3529411764705882,0.6470588235294118,1.0
-0.9950162928886334,-1.0,-0.9293377728449871,-0.9236034036256012,-0.9607843137254902,-0.9631890492045875,-0.8551609322974473,-0.6681465038845726,-0.5745467998520163,-0.3529411764705882,-0.23251942286348504,0.767480577136515,2.0
-1.0,-0.9293377728449871,-0.9236034036256012,-0.9607843137254902,-0.9631890492045875,-0.8551609322974473,-0.6681465038845726,-0.5745467998520163,-0.3529411764705882,-0.23251942286348504,-0.2245652978172401,0.7754347021827599,2.0
-0.9293377728449871,-0.9236034036256012,-0.9607843137254902,-0.9631890492045875,-0.8551609322974473,-0.6681465038845726,-0.5745467998520163,-0.3529411764705882,-0.23251942286348504,-0.2245652978172401,-0.17517573066962633,0.7880133185349611,2.0
-0.9236034036256012,-0.9607843137254902,-0.9631890492045875,-0.8551609322974473,-0.6681465038845726,-0.5745467998520163,-0.3529411764705882,-0.23251942286348504,-0.2245652978172401,-0.17517573066962633,-0.14576396596374397,0.8174250832408435,2.0
-0.9607843137254902,-0.9631890492045875,-0.8551609322974473,-0.6681465038845726,-0.5745467998520163,-0.3529411764705882,-0.23251942286348504,-0.2245652978172401,-0.17517573066962633,-0.14576396596374397,-0.28671846096929343,0.8174250832408435,2.0
-0.9631890492045875,-0.8551609322974473,-0.6681465038845726,-0.5745467998520163,-0.3529411764705882,-0.23251942286348504,-0.2245652978172401,-0.17517573066962633,-0.14576396596374397,-0.28671846096929343,-0.3932667406585275,0.8174250832408435,2.0
-0.8551609322974473,-0.6681465038845726,-0.5745467998520163,-0.3529411764705882,-0.23251942286348504,-0.2245652978172401,-0.17517573066962633,-0.14576396596374397,-0.28671846096929343,-0.3932667406585275,-0.412504624491306,0.7093969663337033,2.0
-0.6681465038845726,-0.5745467998520163,-0.3529411764705882,-0.23251942286348504,-0.2245652978172401,-0.17517573066962633,-0.14576396596374397,-0.28671846096929343,-0.3932667406585275,-0.412504624491306,-0.459859415464299,0.5223825379208287,2.0
-0.5745467998520163,-0.3529411764705882,-0.23251942286348504,-0.2245652978172401,-0.17517573066962633,-0.14576396596374397,-0.28671846096929343,-0.3932667406585275,-0.412504624491306,-0.459859415464299,-0.5048094709581946,0.4287828338882723,0.0
-0.3529411764705882,-0.23251942286348504,-0.2245652978172401,-0.17517573066962633,-0.14576396596374397,-0.28671846096929343,-0.3932667406585275,-0.412504624491306,-0.459859415464299,-0.5048094709581946,-0.4674435812060673,0.35904550499445065,0.0
-0.23251942286348504,-0.2245652978172401,-0.17517573066962633,-0.14576396596374397,-0.28671846096929343,-0.3932667406585275,-0.412504624491306,-0.459859415464299,-0.5048094709581946,-0.4674435812060673,-0.40140584535701074,0.35904550499445065,0.0
-0.2245652978172401,-0.17517573066962633,-0.14576396596374397,-0.28671846096929343,-0.3932667406585275,-0.412504624491306,-0.459859415464299,-0.5048094709581946,-0.4674435812060673,-0.40140584535701074,-0.40473547909729934,0.35904550499445065,0.0
-0.17517573066962633,-0.14576396596374397,-0.28671846096929343,-0.3932667406585275,-0.412504624491306,-0.459859415464299,-0.5048094709581946,-0.4674435812060673,-0.40140584535701074,-0.40473547909729934,-0.4052904180540141,0.35904550499445065,0.0
-0.14576396596374397,-0.28671846096929343,-0.3932667406585275,-0.412504624491306,-0.459859415464299,-0.5048094709581946,-0.4674435812060673,-0.40140584535701074,-0.40473547909729934,-0.4052904180540141,-0.3601553829078802,0.35904550499445065,1.0
-0.28671846096929343,-0.3932667406585275,-0.412504624491306,-0.459859415464299,-0.5048094709581946,-0.4674435812060673,-0.40140584535701074,-0.40473547909729934,-0.4052904180540141,-0.3601553829078802,-0.37069922308546055,0.21809100998890119,1.0
-0.3932667406585275,-0.412504624491306,-0.459859415464299,-0.5048094709581946,-0.4674435812060673,-0.40140584535701074,-0.40473547909729934,-0.4052904180540141,-0.3601553829078802,-0.37069922308546055,-0.34868664446910835,0.15612282648908626,1.0
-0.412504624491306,-0.459859415464299,-0.5048094709581946,-0.4674435812060673,-0.40140584535701074,-0.40473547909729934,-0.4052904180540141,-0.3601553829078802,-0.37069922308546055,-0.34868664446910835,-0.32833888272290046,0.17647058823529416,1.0
-0.459859415464299,-0.5048094709581946,-0.4674435812060673,-0.40140584535701074,-0.40473547909729934,-0.4052904180540141,-0.3601553829078802,-0.37069922308546055,-0.34868664446910835,-0.32833888272290046,-0.39937106918238996,0.17647058823529416,1.0
-0.5048094709581946,-0.4674435812060673,-0.40140584535701074,-0.40473547909729934,-0.4052904180540141,-0.3601553829078802,-0.37069922308546055,-0.34868664446910835,-0.32833888272290046,-0.39937106918238996,-0.4276729559748428,0.17647058823529416,1.0
-0.4674435812060673,-0.40140584535701074,-0.40473547909729934,-0.4052904180540141,-0.3601553829078802,-0.37069922308546055,-0.34868664446910835,-0.32833888272290046,-0.39937106918238996,-0.4276729559748428,-0.35590085090640033,0.13910469848316687,1.0
-0.40140584535701074,-0.40473547909729934,-0.4052904180540141,-0.3601553829078802,-0.37069922308546055,-0.34868664446910835,-0.32833888272290046,-0.39937106918238996,-0.4276729559748428,-0.35590085090640033,-0.29781724010358857,0.12985571587125422,1.0
-0.40473547909729934,-0.4052904180540141,-0.3601553829078802,-0.37069922308546055,-0.34868664446910835,-0.32833888272290046,-0.39937106918238996,-0.4276729559748428,-0.35590085090640033,-0.29781724010358857,-0.32537920828708844,0.12985571587125422,1.0
-0.4052904180540141,-0.3601553829078802,-0.37069922308546055,-0.34868664446910835,-0.32833888272290046,-0.39937106918238996,-0.4276729559748428,-0.35590085090640033,-0.29781724010358857,-0.32537920828708844,-0.3462819089900111,0.12985571587125422,1.0
-0.3601553829078802,-0.37069922308546055,-0.34868664446910835,-0.32833888272290046,-0.39937106918238996,-0.4276729559748428,-0.35590085090640033,-0.29781724010358857,-0.32537920828708844,-0.3462819089900111,-0.4901960784313726,0.19237883832778402,1.0
-0.37069922308546055,-0.34868664446910835,-0.32833888272290046,-0.39937106918238996,-0.4276729559748428,-0.35590085090640033,-0.29781724010358857,-0.32537920828708844,-0.3462819089900111,-0.4901960784313726,-0.5710321864594894,0.2732149463559008,1.0
-0.34868664446910835,-0.32833888272290046,-0.39937106918238996,-0.4276729559748428,-0.35590085090640033,-0.29781724010358857,-0.32537920828708844,-0.3462819089900111,-0.4901960784313726,-0.5710321864594894,-0.620236773954865,0.3224195338512764,1.0
-0.32833888272290046,-0.39937106918238996,-0.4276729559748428,-0.35590085090640033,-0.29781724010358857,-0.32537920828708844,-0.3462819089900111,-0.4901960784313726,-0.5710321864594894,-0.620236773954865,-0.6650018497965224,0.36718460969293387,0.0
-0.39937106918238996,-0.4276729559748428,-0.35590085090640033,-0.29781724010358857,-0.32537920828708844,-0.3462819089900111,-0.4901960784313726,-0.5710321864594894,-0.620236773954865,-0.6650018497965224,-0.7158712541620422,0.41805401405845366,0.0
-0.4276729559748428,-0.35590085090640033,-0.29781724010358857,-0.32537920828708844,-0.3462819089900111,-0.4901960784313726,-0.5710321864594894,-0.620236773954865,-0.6650018497965224,-0.7158712541620422,-0.6359600443951166,0.41805401405845366,0.0
-0.35590085090640033,-0.29781724010358857,-0.32537920828708844,-0.3462819089900111,-0.4901960784313726,-0.5710321864594894,-0.620236773954865,-0.6650018497965224,-0.7158712541620422,-0.6359600443951166,-0.45504994450610436,0.41805401405845366,0.0
-0.29781724010358857,-0.32537920828708844,-0.3462819089900111,-0.4901960784313726,-0.5710321864594894,-0.620236773954865,-0.6650018497965224,-0.7158712541620422,-0.6359600443951166,-0.45504994450610436,-0.5072142064372919,0.41805401405845366,0.0
-0.32537920828708844,-0.3462819089900111,-0.4901960784313726,-0.5710321864594894,-0.620236773954865,-0.6650018497965224,-0.7158712541620422,-0.6359600443951166,-0.45504994450610436,-0.5072142064372919,-0.6311505734369219,0.3904920458749538,0.0
-0.3462819089900111,-0.4901960784313726,-0.5710321864594894,-0.620236773954865,-0.6650018497965224,-0.7158712541620422,-0.6359600443951166,-0.45504994450610436,-0.5072142064372919,-0.6311505734369219,-0.7073621901590825,0.3695893451720311,2.0
-0.4901960784313726,-0.5710321864594894,-0.620236773954865,-0.6650018497965224,-0.7158712541620422,-0.6359600443951166,-0.45504994450610436,-0.5072142064372919,-0.6311505734369219,-0.7073621901590825,-0.6973732889382168,0.26082130965593786,2.0
-0.5710321864594894,-0.620236773954865,-0.6650018497965224,-0.7158712541620422,-0.6359600443951166,-0.45504994450610436,-0.5072142064372919,-0.6311505734369219,-0.7073621901590825,-0.6973732889382168,-0.6629670736219015,0.26082130965593786,0.0
-0.620236773954865,-0.6650018497965224,-0.7158712541620422,-0.6359600443951166,-0.45504994450610436,-0.5072142064372919,-0.6311505734369219,-0.7073621901590825,-0.6973732889382168,-0.6629670736219015,-0.6065482796892342,0.26082130965593786,0.0
-0.6650018497965224,-0.7158712541620422,-0.6359600443951166,-0.45504994450610436,-0.5072142064372919,-0.6311505734369219,-0.7073621901590825,-0.6973732889382168,-0.6629670736219015,-0.6065482796892342,-0.6091379948205697,0.26082130965593786,0.0
-0.7158712541620422,-0.6359600443951166,-0.45504994450610436,-0.5072142064372919,-0.6311505734369219,-0.7073621901590825,-0.6973732889382168,-0.6629670736219015,-0.6065482796892342,-0.6091379948205697,-0.645763965963744,0.26082130965593786,0.0
-0.6359600443951166,-0.45504994450610436,-0.5072142064372919,-0.6311505734369219,-0.7073621901590825,-0.6973732889382168,-0.6629670736219015,-0.6065482796892342,-0.6091379948205697,-0.645763965963744,-0.6598224195338513,0.25231224565297816,2.0
-0.45504994450610436,-0.5072142064372919,-0.6311505734369219,-0.7073621901590825,-0.6973732889382168,-0.6629670736219015,-0.6065482796892342,-0.6091379948205697,-0.645763965963744,-0.6598224195338513,-0.5854605993340732,0.25231224565297816,2.0
-0.5072142064372919,-0.6311505734369219,-0.7073621901590825,-0.6973732889382168,-0.6629670736219015,-0.6065482796892342,-0.6091379948205697,-0.645763965963744,-0.6598224195338513,-0.5854605993340732,-0.5181280059193489,0.20014798372179066,2.0
-0.6311505734369219,-0.7073621901590825,-0.6973732889382168,-0.6629670736219015,-0.6065482796892342,-0.6091379948205697,-0.645763965963744,-0.6598224195338513,-0.5854605993340732,-0.5181280059193489,-0.5199778024417314,0.1892341842397336,2.0
-0.7073621901590825,-0.6973732889382168,-0.6629670736219015,-0.6065482796892342,-0.6091379948205697,-0.645763965963744,-0.6598224195338513,-0.5854605993340732,-0.5181280059193489,-0.5199778024417314,-0.39955604883462814,0.3078061413244544,2.0
-0.6973732889382168,-0.6629670736219015,-0.6065482796892342,-0.6091379948205697,-0.645763965963744,-0.6598224195338513,-0.5854605993340732,-0.5181280059193489,-0.5199778024417314,-0.39955604883462814,-0.34702182759896416,0.35035146133925266,2.0
-0.6629670736219015,-0.6065482796892342,-0.6091379948205697,-0.645763965963744,-0.6598224195338513,-0.5854605993340732,-0.5181280059193489,-0.5199778024417314,-0.39955604883462814,-0.34702182759896416,-0.2756196818349982,0.38734739178690336,2.0
-0.6065482796892342,-0.6091379948205697,-0.645763965963744,-0.6598224195338513,-0.5854605993340732,-0.5181280059193489,-0.5199778024417314,-0.39955604883462814,-0.34702182759896416,-0.2756196818349982,-0.3479467258601554,0.38420273769885316,2.0
-0.6091379948205697,-0.645763965963744,-0.6598224195338513,-0.5854605993340732,-0.5181280059193489,-0.5199778024417314,-0.39955604883462814,-0.34702182759896416,-0.2756196818349982,-0.3479467258601554,-0.3416574176840548,0.38420273769885316,2.0
-0.645763965963744,-0.6598224195338513,-0.5854605993340732,-0.5181280059193489,-0.5199778024417314,-0.39955604883462814,-0.34702182759896416,-0.2756196818349982,-0.3479467258601554,-0.3416574176840548,-0.4056603773584906,0.38420273769885316,2.0
-0.6598224195338513,-0.5854605993340732,-0.5181280059193489,-0.5199778024417314,-0.39955604883462814,-0.34702182759896416,-0.2756196818349982,-0.3479467258601554,-0.3416574176840548,-0.4056603773584906,-0.39252682204957456,0.38420273769885316,2.0
-0.5854605993340732,-0.5181280059193489,-0.5199778024417314,-0.39955604883462814,-0.34702182759896416,-0.2756196818349982,-0.3479467258601554,-0.3416574176840548,-0.4056603773584906,-0.39252682204957456,-0.36256011838697744,0.30984091749907505,0.0
-0.5181280059193489,-0.5199778024417314,-0.39955604883462814,-0.34702182759896416,-0.2756196818349982,-0.3479467258601554,-0.3416574176840548,-0.4056603773584906,-0.39252682204957456,-0.36256011838697744,-0.32371439141694414,0.24435812060673323,0.0
-0.5199778024417314,-0.39955604883462814,-0.34702182759896416,-0.2756196818349982,-0.3479467258601554,-0.3416574176840548,-0.4056603773584906,-0.39252682204957456,-0.36256011838697744,-0.32371439141694414,-0.32186459489456165,0.24435812060673323,0.0
-0.39955604883462814,-0.34702182759896416,-0.2756196818349982,-0.3479467258601554,-0.3416574176840548,-0.4056603773584906,-0.39252682204957456,-0.36256011838697744,-0.32371439141694414,-0.32186459489456165,-0.3584905660377359,0.1300406955234924,0.0
-0.34702182759896416,-0.2756196818349982,-0.3479467258601554,-0.3416574176840548,-0.4056603773584906,-0.39252682204957456,-0.36256011838697744,-0.32371439141694414,-0.32186459489456165,-0.3584905660377359,-0.39604143544210135,0.1300406955234924,2.0
-0.2756196818349982,-0.3479467258601554,-0.3416574176840548,-0.4056603773584906,-0.39252682204957456,-0.36256011838697744,-0.32371439141694414,-0.32186459489456165,-0.3584905660377359,-0.39604143544210135,-0.43636699963004066,0.16074731779504248,2.0
-0.3479467258601554,-0.3416574176840548,-0.4056603773584906,-0.39252682204957456,-0.36256011838697744,-0.32371439141694414,-0.32186459489456165,-0.3584905660377359,-0.39604143544210135,-0.43636699963004066,-0.38235294117647056,0.11450240473547901,1.0
-0.3416574176840548,-0.4056603773584906,-0.39252682204957456,-0.36256011838697744,-0.32371439141694414,-0.32186459489456165,-0.3584905660377359,-0.39604143544210135,-0.43636699963004066,-0.38235294117647056,-0.36588975212726604,0.11450240473547901,0.0
-0.4056603773584906,-0.39252682204957456,-0.36256011838697744,-0.32371439141694414,-0.32186459489456165,-0.3584905660377359,-0.39604143544210135,-0.43636699963004066,-0.38235294117647056,-0.36588975212726604,-0.3307436182019978,0.11450240473547901,0.0
-0.39252682204957456,-0.36256011838697744,-0.32371439141694414,-0.32186459489456165,-0.3584905660377359,-0.39604143544210135,-0.43636699963004066,-0.38235294117647056,-0.36588975212726604,-0.3307436182019978,-0.5062893081761006,0.18442471328153898,0.0
-0.36256011838697744,-0.32371439141694414,-0.32186459489456165,-0.3584905660377359,-0.39604143544210135,-0.43636699963004066,-0.38235294117647056,-0.36588975212726604,-0.3307436182019978,-0.5062893081761006,-0.44154642989271176,0.18442471328153898,2.0
-0.32371439141694414,-0.32186459489456165,-0.3584905660377359,-0.39604143544210135,-0.43636699963004066,-0.38235294117647056,-0.36588975212726604,-0.3307436182019978,-0.5062893081761006,-0.44154642989271176,-0.37550869404365517,0.18442471328153898,2.0
-0.32186459489456165,-0.3584905660377359,-0.39604143544210135,-0.43636699963004066,-0.38235294117647056,-0.36588975212726604,-0.3307436182019978,-0.5062893081761006,-0.44154642989271176,-0.37550869404365517,-0.2328893821679615,0.2733999260081391,0.0
-0.3584905660377359,-0.39604143544210135,-0.43636699963004066,-0.38235294117647056,-0.36588975212726604,-0.3307436182019978,-0.5062893081761006,-0.44154642989271176,-0.37550869404365517,-0.2328893821679615,-0.10506844247132818,0.40122086570477244,0.0
-0.39604143544210135,-0.43636699963004066,-0.38235294117647056,-0.36588975212726604,-0.3307436182019978,-0.5062893081761006,-0.44154642989271176,-0.37550869404365517,-0.2328893821679615,-0.10506844247132818,-0.08546059933407324,0.4208287088420274,2.0
-0.43636699963004066,-0.38235294117647056,-0.36588975212726604,-0.3307436182019978,-0.5062893081761006,-0.44154642989271176,-0.37550869404365517,-0.2328893821679615,-0.10506844247132818,-0.08546059933407324,-0.08231594524602293,0.4239733629300777,2.0
-0.38235294117647056,-0.36588975212726604,-0.3307436182019978,-0.5062893081761006,-0.44154642989271176,-0.37550869404365517,-0.2328893821679615,-0.10506844247132818,-0.08546059933407324,-0.08231594524602293,-0.0625231224565298,0.4437661857195708,2.0
-0.36588975212726604,-0.3307436182019978,-0.5062893081761006,-0.44154642989271176,-0.37550869404365517,-0.2328893821679615,-0.10506844247132818,-0.08546059933407324,-0.08231594524602293,-0.0625231224565298,-0.06178320384757674,0.4445061043285239,2.0
-0.3307436182019978,-0.5062893081761006,-0.44154642989271176,-0.37550869404365517,-0.2328893821679615,-0.10506844247132818,-0.08546059933407324,-0.08231594524602293,-0.0625231224565298,-0.06178320384757674,-0.16629670736219015,0.4445061043285239,2.0
-0.5062893081761006,-0.44154642989271176,-0.37550869404365517,-0.2328893821679615,-0.10506844247132818,-0.08546059933407324,-0.08231594524602293,-0.0625231224565298,-0.06178320384757674,-0.16629670736219015,-0.23621901590825012,0.4445061043285239,2.0
-0.44154642989271176,-0.37550869404365517,-0.2328893821679615,-0.10506844247132818,-0.08546059933407324,-0.08231594524602293,-0.0625231224565298,-0.06178320384757674,-0.16629670736219015,-0.23621901590825012,-0.21994080651128378,0.379763226045135,2.0
-0.37550869404365517,-0.2328893821679615,-0.10506844247132818,-0.08546059933407324,-0.08231594524602293,-0.0625231224565298,-0.06178320384757674,-0.16629670736219015,-0.23621901590825012,-0.21994080651128378,-0.005364409914909385,0.3701442841287458,2.0
-0.2328893821679615,-0.10506844247132818,-0.08546059933407324,-0.08231594524602293,-0.0625231224565298,-0.06178320384757674,-0.16629670736219015,-0.23621901590825012,-0.21994080651128378,-0.005364409914909385,0.08971513133555309,0.3259341472438032,0.0
-0.10506844247132818,-0.08546059933407324,-0.08231594524602293,-0.0625231224565298,-0.06178320384757674,-0.16629670736219015,-0.23621901590825012,-0.21994080651128378,-0.005364409914909385,0.08971513133555309,0.15353311135775072,0.38975212726600084,0.0
-0.08546059933407324,-0.08231594524602293,-0.0625231224565298,-0.06178320384757674,-0.16629670736219015,-0.23621901590825012,-0.21994080651128378,-0.005364409914909385,0.08971513133555309,0.15353311135775072,0.030706622271550188,0.38975212726600084,2.0
-0.08231594524602293,-0.0625231224565298,-0.06178320384757674,-0.16629670736219015,-0.23621901590825012,-0.21994080651128378,-0.005364409914909385,0.08971513133555309,0.15353311135775072,0.030706622271550188,-0.07399186089530152,0.38975212726600084,2.0
-0.0625231224565298,-0.06178320384757674,-0.16629670736219015,-0.23621901590825012,-0.21994080651128378,-0.005364409914909385,0.08971513133555309,0.15353311135775072,0.030706622271550188,-0.07399186089530152,-0.09100998890122092,0.38975212726600084,2.0
-0.06178320384757674,-0.16629670736219015,-0.23621901590825012,-0.21994080651128378,-0.005364409914909385,0.08971513133555309,0.15353311135775072,0.030706622271550188,-0.07399186089530152,-0.09100998890122092,-0.19885312615612283,0.38975212726600084,2.0
-0.16629670736219015,-0.23621901590825012,-0.21994080651128378,-0.005364409914909385,0.08971513133555309,0.15353311135775072,0.030706622271550188,-0.07399186089530152,-0.09100998890122092,-0.19885312615612283,-0.25268220495745464,0.40621531631520535,0.0
-0.23621901590825012,-0.21994080651128378,-0.005364409914909385,0.08971513133555309,0.15353311135775072,0.030706622271550188,-0.07399186089530152,-0.09100998890122092,-0.19885312615612283,-0.25268220495745464,-0.18849426563078064,0.40621531631520535,0.0
-0.21994080651128378,-0.005364409914909385,0.08971513133555309,0.15353311135775072,0.030706622271550188,-0.07399186089530152,-0.09100998890122092,-0.19885312615612283,-0.25268220495745464,-0.18849426563078064,0.040695523492415786,0.40621531631520535,0.0
-0.005364409914909385,0.08971513133555309,0.15353311135775072,0.030706622271550188,-0.07399186089530152,-0.09100998890122092,-0.19885312615612283,-0.25268220495745464,-0.18849426563078064,0.040695523492415786,0.20884202737698843,0.46152423233444306,0.0
0.08971513133555309,0.15353311135775072,0.030706622271550188,-0.07399186089530152,-0.09100998890122092,-0.19885312615612283,-0.25268220495745464,-0.18849426563078064,0.040695523492415786,0.20884202737698843,0.330928597854236,0.5836108028116906,0.0
0.15353311135775072,0.030706622271550188,-0.07399186089530152,-0.09100998890122092,-0.19885312615612283,-0.25268220495745464,-0.18849426563078064,0.040695523492415786,0.20884202737698843,0.330928597854236,0.3172401035886052,0.5836108028116906,2.0
0.030706622271550188,-0.07399186089530152,-0.09100998890122092,-0.19885312615612283,-0.25268220495745464,-0.18849426563078064,0.040695523492415786,0.20884202737698843,0.330928597854236,0.3172401035886052,0.29097299297077317,0.5836108028116906,2.0
-0.07399186089530152,-0.09100998890122092,-0.19885312615612283,-0.25268220495745464,-0.18849426563078064,0.040695523492415786,0.20884202737698843,0.330928597854236,0.3172401035886052,0.29097299297077317,0.13041065482796887,0.5836108028116906,2.0
-0.09100998890122092,-0.19885312615612283,-0.25268220495745464,-0.18849426563078064,0.040695523492415786,0.20884202737698843,0.330928597854236,0.3172401035886052,0.29097299297077317,0.13041065482796887,0.1977432482426933,0.5836108028116906,2.0
-0.19885312615612283,-0.25268220495745464,-0.18849426563078064,0.040695523492415786,0.20884202737698843,0.330928597854236,0.3172401035886052,0.29097299297077317,0.13041065482796887,0.1977432482426933,0.357935627081021,0.6106178320384756,0.0
-0.25268220495745464,-0.18849426563078064,0.040695523492415786,0.20884202737698843,0.330928597854236,0.3172401035886052,0.29097299297077317,0.13041065482796887,0.1977432482426933,0.357935627081021,0.48871624121346646,0.7413984461709211,0.0
-0.18849426563078064,0.040695523492415786,0.20884202737698843,0.330928597854236,0.3172401035886052,0.29097299297077317,0.13041065482796887,0.1977432482426933,0.357935627081021,0.48871624121346646,0.6300406955234925,0.8185349611542732,0.0
0.040695523492415786,0.20884202737698843,0.330928597854236,0.3172401035886052,0.29097299297077317,0.13041065482796887,0.1977432482426933,0.357935627081021,0.48871624121346646,0.6300406955234925,0.7896781354051055,0.7489826119126897,2.0
0.20884202737698843,0.330928597854236,0.3172401035886052,0.29097299297077317,0.13041065482796887,0.1977432482426933,0.357935627081021,0.48871624121346646,0.6300406955234925,0.7896781354051055,0.7935627081021088,0.66315205327414,2.0
0.330928597854236,0.3172401035886052,0.29097299297077317,0.13041065482796887,0.1977432482426933,0.357935627081021,0.48871624121346646,0.6300406955234925,0.7896781354051055,0.7935627081021088,0.65889752127266,0.66315205327414,2.0
0.3172401035886052,0.29097299297077317,0.13041065482796887,0.1977432482426933,0.357935627081021,0.48871624121346646,0.6300406955234925,0.7896781354051055,0.7935627081021088,0.65889752127266,0.5186829448760637,0.66315205327414,2.0
0.29097299297077317,0.13041065482796887,0.1977432482426933,0.357935627081021,0.48871624121346646,0.6300406955234925,0.7896781354051055,0.7935627081021088,0.65889752127266,0.5186829448760637,0.40621531631520535,0.66315205327414,2.0
0.13041065482796887,0.1977432482426933,0.357935627081021,0.48871624121346646,0.6300406955234925,0.7896781354051055,0.7935627081021088,0.65889752127266,0.5186829448760637,0.40621531631520535,0.2617462079171291,0.66315205327414,2.0
0.1977432482426933,0.357935627081021,0.48871624121346646,0.6300406955234925,0.7896781354051055,0.7935627081021088,0.65889752127266,0.5186829448760637,0.40621531631520535,0.2617462079171291,0.2143914169441361,0.5958194598594155,0.0
0.357935627081021,0.48871624121346646,0.6300406955234925,0.7896781354051055,0.7935627081021088,0.65889752127266,0.5186829448760637,0.40621531631520535,0.2617462079171291,0.2143914169441361,0.3074361820199778,0.5791712911579727,0.0
0.48871624121346646,0.6300406955234925,0.7896781354051055,0.7935627081021088,0.65889752127266,0.5186829448760637,0.40621531631520535,0.2617462079171291,0.2143914169441361,0.3074361820199778,0.314095449500555,0.5791712911579727,0.0
0.6300406955234925,0.7896781354051055,0.7935627081021088,0.65889752127266,0.5186829448760637,0.40621531631520535,0.2617462079171291,0.2143914169441361,0.3074361820199778,0.314095449500555,0.26933037365889745,0.5791712911579727,0.0
0.7896781354051055,0.7935627081021088,0.65889752127266,0.5186829448760637,0.40621531631520535,0.2617462079171291,0.2143914169441361,0.3074361820199778,0.314095449500555,0.26933037365889745,0.199038105808361,0.5945246022937478,0.0
0.7935627081021088,0.65889752127266,0.5186829448760637,0.40621531631520535,0.2617462079171291,0.2143914169441361,0.3074361820199778,0.314095449500555,0.26933037365889745,0.199038105808361,0.15834258231594522,0.6352201257861636,0.0
0.65889752127266,0.5186829448760637,0.40621531631520535,0.2617462079171291,0.2143914169441361,0.3074361820199778,0.314095449500555,0.26933037365889745,0.199038105808361,0.15834258231594522,0.06252312245652969,0.5963743988161303,0.0
0.5186829448760637,0.40621531631520535,0.2617462079171291,0.2143914169441361,0.3074361820199778,0.314095449500555,0.26933037365889745,0.199038105808361,0.15834258231594522,0.06252312245652969,0.044950055493895746,0.47373288938216795,0.0
0.40621531631520535,0.2617462079171291,0.2143914169441361,0.3074361820199778,0.314095449500555,0.26933037365889745,0.199038105808361,0.15834258231594522,0.06252312245652969,0.044950055493895746,0.07306696263411028,0.3612652608213096,0.0
0.2617462079171291,0.2143914169441361,0.3074361820199778,0.314095449500555,0.26933037365889745,0.199038105808361,0.15834258231594522,0.06252312245652969,0.044950055493895746,0.07306696263411028,0.04402515723270439,0.2700702922678506,0.0
0.2143914169441361,0.3074361820199778,0.314095449500555,0.26933037365889745,0.199038105808361,0.15834258231594522,0.06252312245652969,0.044950055493895746,0.07306696263411028,0.04402515723270439,0.1132075471698113,0.2700702922678506,0.0
0.3074361820199778,0.314095449500555,0.26933037365889745,0.199038105808361,0.15834258231594522,0.06252312245652969,0.044950055493895746,0.07306696263411028,0.04402515723270439,0.1132075471698113,0.28301886792452824,0.2700702922678506,0.0
0.314095449500555,0.26933037365889745,0.199038105808361,0.15834258231594522,0.06252312245652969,0.044950055493895746,0.07306696263411028,0.04402515723270439,0.1132075471698113,0.28301886792452824,0.3324084350721421,0.28838327783943773,0.0
0.26933037365889745,0.199038105808361,0.15834258231594522,0.06252312245652969,0.044950055493895746,0.07306696263411028,0.04402515723270439,0.1132075471698113,0.28301886792452824,0.3324084350721421,0.45745467998520173,0.41342952275249734,0.0
0.199038105808361,0.15834258231594522,0.06252312245652969,0.044950055493895746,0.07306696263411028,0.04402515723270439,0.1132075471698113,0.28301886792452824,0.3324084350721421,0.45745467998520173,0.5527192008879023,0.5086940436551979,2.0
0.15834258231594522,0.06252312245652969,0.044950055493895746,0.07306696263411028,0.04402515723270439,0.1132075471698113,0.28301886792452824,0.3324084350721421,0.45745467998520173,0.5527192008879023,0.3917869034406216,0.5086940436551979,2.0
0.06252312245652969,0.044950055493895746,0.07306696263411028,0.04402515723270439,0.1132075471698113,0.28301886792452824,0.3324084350721421,0.45745467998520173,0.5527192008879023,0.3917869034406216,0.3307436182019978,0.5086940436551979,2.0
0.044950055493895746,0.07306696263411028,0.04402515723270439,0.1132075471698113,0.28301886792452824,0.3324084350721421,0.45745467998520173,0.5527192008879023,0.3917869034406216,0.3307436182019978,0.32909686115925285,0.5086940436551979,2.0
0.07306696263411028,0.04402515723270439,0.1132075471698113,0.28301886792452824,0.3324084350721421,0.45745467998520173,0.5527192008879023,0.3917869034406216,0.3307436182019978,0.32909686115925285,0.38981678307520995,0.5086940436551979,2.0
0.04402515723270439,0.1132075471698113,0.28301886792452824,0.3324084350721421,0.45745467998520173,0.5527192008879023,0.3917869034406216,0.3307436182019978,0.32909686115925285,0.38981678307520995,0.49896864686468656,0.5086940436551979,0.0
0.1132075471698113,0.28301886792452824,0.3324084350721421,0.45745467998520173,0.5527192008879023,0.3917869034406216,0.3307436182019978,0.32909686115925285,0.38981678307520995,0.49896864686468656,0.5179455445544554,0.439511653718091,0.0
0.28301886792452824,0.3324084350721421,0.45745467998520173,0.5527192008879023,0.3917869034406216,0.3307436182019978,0.32909686115925285,0.38981678307520995,0.49896864686468656,0.5179455445544554,0.5926155115511551,0.30959664362662687,2.0
0.3324084350721421,0.45745467998520173,0.5527192008879023,0.3917869034406216,0.3307436182019978,0.32909686115925285,0.38981678307520995,0.49896864686468656,0.5179455445544554,0.5926155115511551,0.4593646864686469,0.26351865039190225,2.0
0.45745467998520173,0.5527192008879023,0.3917869034406216,0.3307436182019978,0.32909686115925285,0.38981678307520995,0.49896864686468656,0.5179455445544554,0.5926155115511551,0.4593646864686469,0.32198844884488453,0.27062706270627057,2.0
0.5527192008879023,0.3917869034406216,0.3307436182019978,0.32909686115925285,0.38981678307520995,0.49896864686468656,0.5179455445544554,0.5926155115511551,0.4593646864686469,0.32198844884488453,0.2677392739273927,0.3248762376237624,2.0
0.3917869034406216,0.3307436182019978,0.32909686115925285,0.38981678307520995,0.49896864686468656,0.5179455445544554,0.5926155115511551,0.4593646864686469,0.32198844884488453,0.2677392739273927,0.2176155115511551,0.375,2.0
0.3307436182019978,0.32909686115925285,0.38981678307520995,0.49896864686468656,0.5179455445544554,0.5926155115511551,0.4593646864686469,0.32198844884488453,0.2677392739273927,0.2176155115511551,0.13345709570957087,0.45915841584158423,0.0
0.32909686115925285,0.38981678307520995,0.49896864686468656,0.5179455445544554,0.5926155115511551,0.4593646864686469,0.32198844884488453,0.2677392739273927,0.2176155115511551,0.13345709570957087,0.3733498349834983,0.45915841584158423,0.0
0.38981678307520995,0.49896864686468656,0.5179455445544554,0.5926155115511551,0.4593646864686469,0.32198844884488453,0.2677392739273927,0.2176155115511551,0.13345709570957087,0.3733498349834983,0.48844884488448836,0.45915841584158423,0.0
0.49896864686468656,0.5179455445544554,0.5926155115511551,0.4593646864686469,0.32198844884488453,0.2677392739273927,0.2176155115511551,0.13345709570957087,0.3733498349834983,0.48844884488448836,0.533003300330033,0.45915841584158423,0.0
0.5179455445544554,0.5926155115511551,0.4593646864686469,0.32198844884488453,0.2677392739273927,0.2176155115511551,0.13345709570957087,0.3733498349834983,0.48844884488448836,0.533003300330033,0.51753300330033,0.45915841584158423,0.0
0.5926155115511551,0.4593646864686469,0.32198844884488453,0.2677392739273927,0.2176155115511551,0.13345709570957087,0.3733498349834983,0.48844884488448836,0.533003300330033,0.51753300330033,0.4395627062706271,0.45915841584158423,2.0
0.4593646864686469,0.32198844884488453,0.2677392739273927,0.2176155115511551,0.13345709570957087,0.3733498349834983,0.48844884488448836,0.533003300330033,0.51753300330033,0.4395627062706271,0.4643151815181519,0.3995462046204621,2.0
0.32198844884488453,0.2677392739273927,0.2176155115511551,0.13345709570957087,0.3733498349834983,0.48844884488448836,0.533003300330033,0.51753300330033,0.4395627062706271,0.4643151815181519,0.483910891089109,0.3995462046204621,2.0
0.2677392739273927,0.2176155115511551,0.13345709570957087,0.3733498349834983,0.48844884488448836,0.533003300330033,0.51753300330033,0.4395627062706271,0.4643151815181519,0.483910891089109,0.6707920792079207,0.5373349834983498,2.0
0.2176155115511551,0.13345709570957087,0.3733498349834983,0.48844884488448836,0.533003300330033,0.51753300330033,0.4395627062706271,0.4643151815181519,0.483910891089109,0.6707920792079207,0.7244224422442245,0.5909653465346536,2.0
0.13345709570957087,0.3733498349834983,0.48844884488448836,0.533003300330033,0.51753300330033,0.4395627062706271,0.4643151815181519,0.483910891089109,0.6707920792079207,0.7244224422442245,0.7415429042904291,0.6080858085808583,2.0
0.3733498349834983,0.48844884488448836,0.533003300330033,0.51753300330033,0.4395627062706271,0.4643151815181519,0.483910891089109,0.6707920792079207,0.7244224422442245,0.7415429042904291,0.7400990099009901,0.36819306930693085,2.0
0.48844884488448836,0.533003300330033,0.51753300330033,0.4395627062706271,0.4643151815181519,0.483910891089109,0.6707920792079207,0.7244224422442245,0.7415429042904291,0.7400990099009901,0.7283415841584158,0.301980198019802,2.0
0.533003300330033,0.51753300330033,0.4395627062706271,0.4643151815181519,0.483910891089109,0.6707920792079207,0.7244224422442245,0.7415429042904291,0.7400990099009901,0.7283415841584158,0.6718234323432344,0.301980198019802,2.0
0.51753300330033,0.4395627062706271,0.4643151815181519,0.483910891089109,0.6707920792079207,0.7244224422442245,0.7415429042904291,0.7400990099009901,0.7283415841584158,0.6718234323432344,0.626443894389439,0.301980198019802,3.0
0.4395627062706271,0.4643151815181519,0.483910891089109,0.6707920792079207,0.7244224422442245,0.7415429042904291,0.7400990099009901,0.7283415841584158,0.6718234323432344,0.626443894389439,0.716996699669967,0.301980198019802,3.0
0.4643151815181519,0.483910891089109,0.6707920792079207,0.7244224422442245,0.7415429042904291,0.7400990099009901,0.7283415841584158,0.6718234323432344,0.626443894389439,0.716996699669967,0.6790429042904291,0.27722772277227725,3.0
0.483910891089109,0.6707920792079207,0.7244224422442245,0.7415429042904291,0.7400990099009901,0.7283415841584158,0.6718234323432344,0.626443894389439,0.716996699669967,0.6790429042904291,0.5228960396039604,0.2576320132013201,3.0
0.6707920792079207,0.7244224422442245,0.7415429042904291,0.7400990099009901,0.7283415841584158,0.6718234323432344,0.626443894389439,0.716996699669967,0.6790429042904291,0.5228960396039604,0.3102310231023102,0.4313118811881189,3.0
0.7244224422442245,0.7415429042904291,0.7400990099009901,0.7283415841584158,0.6718234323432344,0.626443894389439,0.716996699669967,0.6790429042904291,0.5228960396039604,0.3102310231023102,0.12458745874587462,0.6169554455445545,3.0
0.7415429042904291,0.7400990099009901,0.7283415841584158,0.6718234323432344,0.626443894389439,0.716996699669967,0.6790429042904291,0.5228960396039604,0.3102310231023102,0.12458745874587462,-0.13551647888806995,0.8770593831784991,3.0
0.7400990099009901,0.7283415841584158,0.6718234323432344,0.626443894389439,0.716996699669967,0.6790429042904291,0.5228960396039604,0.3102310231023102,0.12458745874587462,-0.13551647888806995,-0.12667158049910499,0.87561548878906,0.0
0.7283415841584158,0.6718234323432344,0.626443894389439,0.716996699669967,0.6790429042904291,0.5228960396039604,0.3102310231023102,0.12458745874587462,-0.13551647888806995,-0.12667158049910499,-0.14730967674002315,0.8756512608984389,0.0
0.6718234323432344,0.626443894389439,0.716996699669967,0.6790429042904291,0.5228960396039604,0.3102310231023102,0.12458745874587462,-0.13551647888806995,-0.12667158049910499,-0.14730967674002315,-0.28082552384963677,0.9978222235196038,0.0
0.626443894389439,0.716996699669967,0.6790429042904291,0.5228960396039604,0.3102310231023102,0.12458745874587462,-0.13551647888806995,-0.12667158049910499,-0.14730967674002315,-0.28082552384963677,-0.47357791989229214,1.190574619562259,0.0
0.716996699669967,0.6790429042904291,0.5228960396039604,0.3102310231023102,0.12458745874587462,-0.13551647888806995,-0.12667158049910499,-0.14730967674002315,-0.28082552384963677,-0.47357791989229214,-0.6083333333333334,1.3253300330033004,0.0
0.6790429042904291,0.5228960396039604,0.3102310231023102,0.12458745874587462,-0.13551647888806995,-0.12667158049910499,-0.14730967674002315,-0.28082552384963677,-0.47357791989229214,-0.6083333333333334,-0.571813725490196,1.2873762376237625,0.0
0.5228960396039604,0.3102310231023102,0.12458745874587462,-0.13551647888806995,-0.12667158049910499,-0.14730967674002315,-0.28082552384963677,-0.47357791989229214,-0.6083333333333334,-0.571813725490196,-0.5857843137254901,1.1312293729372938,0.0
0.3102310231023102,0.12458745874587462,-0.13551647888806995,-0.12667158049910499,-0.14730967674002315,-0.28082552384963677,-0.47357791989229214,-0.6083333333333334,-0.571813725490196,-0.5857843137254901,-0.48210784313725485,0.9185643564356436,0.0
0.12458745874587462,-0.13551647888806995,-0.12667158049910499,-0.14730967674002315,-0.28082552384963677,-0.47357791989229214,-0.6083333333333334,-0.571813725490196,-0.5857843137254901,-0.48210784313725485,-0.36740196078431375,0.732920792079208,0.0
-0.13551647888806995,-0.12667158049910499,-0.14730967674002315,-0.28082552384963677,-0.47357791989229214,-0.6083333333333334,-0.571813725490196,-0.5857843137254901,-0.48210784313725485,-0.36740196078431375,-0.32524509803921564,0.4816617528342284,2.0
-0.12667158049910499,-0.14730967674002315,-0.28082552384963677,-0.47357791989229214,-0.6083333333333334,-0.571813725490196,-0.5857843137254901,-0.48210784313725485,-0.36740196078431375,-0.32524509803921564,-0.22254901960784312,0.4816617528342284,2.0
-0.14730967674002315,-0.28082552384963677,-0.47357791989229214,-0.6083333333333334,-0.571813725490196,-0.5857843137254901,-0.48210784313725485,-0.36740196078431375,-0.32524509803921564,-0.22254901960784312,-0.010539215686274472,0.5977941176470589,2.0
-0.28082552384963677,-0.47357791989229214,-0.6083333333333334,-0.571813725490196,-0.5857843137254901,-0.48210784313725485,-0.36740196078431375,-0.32524509803921564,-0.22254901960784312,-0.010539215686274472,0.03333333333333344,0.6416666666666668,2.0
-0.47357791989229214,-0.6083333333333334,-0.571813725490196,-0.5857843137254901,-0.48210784313725485,-0.36740196078431375,-0.32524509803921564,-0.22254901960784312,-0.010539215686274472,0.03333333333333344,0.05808823529411766,0.666421568627451,2.0
-0.6083333333333334,-0.571813725490196,-0.5857843137254901,-0.48210784313725485,-0.36740196078431375,-0.32524509803921564,-0.22254901960784312,-0.010539215686274472,0.03333333333333344,0.05808823529411766,0.11740196078431375,0.7257352941176471,2.0
-0.571813725490196,-0.5857843137254901,-0.48210784313725485,-0.36740196078431375,-0.32524509803921564,-0.22254901960784312,-0.010539215686274472,0.03333333333333344,0.05808823529411766,0.11740196078431375,0.2749999999999999,0.86078431372549,2.0
-0.5857843137254901,-0.48210784313725485,-0.36740196078431375,-0.32524509803921564,-0.22254901960784312,-0.010539215686274472,0.03333333333333344,0.05808823529411766,0.11740196078431375,0.2749999999999999,0.23382352941176476,0.86078431372549,2.0
-0.48210784313725485,-0.36740196078431375,-0.32524509803921564,-0.22254901960784312,-0.010539215686274472,0.03333333333333344,0.05808823529411766,0.11740196078431375,0.2749999999999999,0.23382352941176476,0.19558823529411762,0.7571078431372548,2.0
-0.36740196078431375,-0.32524509803921564,-0.22254901960784312,-0.010539215686274472,0.03333333333333344,0.05808823529411766,0.11740196078431375,0.2749999999999999,0.23382352941176476,0.19558823529411762,0.05980392156862746,0.6424019607843137,2.0
-0.32524509803921564,-0.22254901960784312,-0.010539215686274472,0.03333333333333344,0.05808823529411766,0.11740196078431375,0.2749999999999999,0.23382352941176476,0.19558823529411762,0.05980392156862746,-0.015196078431372495,0.6002450980392156,2.0
-0.22254901960784312,-0.010539215686274472,0.03333333333333344,0.05808823529411766,0.11740196078431375,0.2749999999999999,0.23382352941176476,0.19558823529411762,0.05980392156862746,-0.015196078431372495,0.08823529411764697,0.49754901960784303,0.0
-0.010539215686274472,0.03333333333333344,0.05808823529411766,0.11740196078431375,0.2749999999999999,0.23382352941176476,0.19558823529411762,0.05980392156862746,-0.015196078431372495,0.08823529411764697,0.21495098039215677,0.2901960784313724,0.0
0.03333333333333344,0.05808823529411766,0.11740196078431375,0.2749999999999999,0.23382352941176476,0.19558823529411762,0.05980392156862746,-0.015196078431372495,0.08823529411764697,0.21495098039215677,0.3431372549019607,0.35833333333333317,0.0
0.05808823529411766,0.11740196078431375,0.2749999999999999,0.23382352941176476,0.19558823529411762,0.05980392156862746,-0.015196078431372495,0.08823529411764697,0.21495098039215677,0.3431372549019607,0.2580882352941176,0.35833333333333317,0.0
0.11740196078431375,0.2749999999999999,0.23382352941176476,0.19558823529411762,0.05980392156862746,-0.015196078431372495,0.08823529411764697,0.21495098039215677,0.3431372549019607,0.2580882352941176,0.21740196078431362,0.35833333333333317,2.0
0.2749999999999999,0.23382352941176476,0.19558823529411762,0.05980392156862746,-0.015196078431372495,0.08823529411764697,0.21495098039215677,0.3431372549019607,0.2580882352941176,0.21740196078431362,0.2144607843137254,0.35833333333333317,2.0
0.23382352941176476,0.19558823529411762,0.05980392156862746,-0.015196078431372495,0.08823529411764697,0.21495098039215677,0.3431372549019607,0.2580882352941176,0.21740196078431362,0.2144607843137254,0.31838235294117645,0.35833333333333317,2.0
0.19558823529411762,0.05980392156862746,-0.015196078431372495,0.08823529411764697,0.21495098039215677,0.3431372549019607,0.2580882352941176,0.21740196078431362,0.2144607843137254,0.31838235294117645,0.2909313725490197,0.35833333333333317,2.0
0.05980392156862746,-0.015196078431372495,0.08823529411764697,0.21495098039215677,0.3431372549019607,0.2580882352941176,0.21740196078431362,0.2144607843137254,0.31838235294117645,0.2909313725490197,0.3156862745098039,0.35833333333333317,2.0
-0.015196078431372495,0.08823529411764697,0.21495098039215677,0.3431372549019607,0.2580882352941176,0.21740196078431362,0.2144607843137254,0.31838235294117645,0.2909313725490197,0.3156862745098039,0.28112745098039205,0.35833333333333317,2.0
0.08823529411764697,0.21495098039215677,0.3431372549019607,0.2580882352941176,0.21740196078431362,0.2144607843137254,0.31838235294117645,0.2909313725490197,0.3156862745098039,0.28112745098039205,0.3465686274509805,0.2583333333333335,2.0
0.21495098039215677,0.3431372549019607,0.2580882352941176,0.21740196078431362,0.2144607843137254,0.31838235294117645,0.2909313725490197,0.3156862745098039,0.28112745098039205,0.3465686274509805,0.4563725490196078,0.24191176470588238,2.0
0.3431372549019607,0.2580882352941176,0.21740196078431362,0.2144607843137254,0.31838235294117645,0.2909313725490197,0.3156862745098039,0.28112745098039205,0.3465686274509805,0.4563725490196078,0.5247549019607842,0.31029411764705883,2.0
0.2580882352941176,0.21740196078431362,0.2144607843137254,0.31838235294117645,0.2909313725490197,0.3156862745098039,0.28112745098039205,0.3465686274509805,0.4563725490196078,0.5247549019607842,0.6053921568627452,0.3909313725490198,2.0
0.21740196078431362,0.2144607843137254,0.31838235294117645,0.2909313725490197,0.3156862745098039,0.28112745098039205,0.3465686274509805,0.4563725490196078,0.5247549019607842,0.6053921568627452,0.5475490196078432,0.3909313725490198,2.0
0.2144607843137254,0.31838235294117645,0.2909313725490197,0.3156862745098039,0.28112745098039205,0.3465686274509805,0.4563725490196078,0.5247549019607842,0.6053921568627452,0.5475490196078432,0.6278037959083067,0.4133430115945813,2.0
0.31838235294117645,0.2909313725490197,0.3156862745098039,0.28112745098039205,0.3465686274509805,0.4563725490196078,0.5247549019607842,0.6053921568627452,0.5475490196078432,0.6278037959083067,0.6970667981266947,0.41593934714630265,2.0
0.2909313725490197,0.3156862745098039,0.28112745098039205,0.3465686274509805,0.4563725490196078,0.5247549019607842,0.6053921568627452,0.5475490196078432,0.6278037959083067,0.6970667981266947,0.6280502834606851,0.41593934714630265,2.0
0.3156862745098039,0.28112745098039205,0.3465686274509805,0.4563725490196078,0.5247549019607842,0.6053921568627452,0.5475490196078432,0.6278037959083067,0.6970667981266947,0.6280502834606851,0.5499137293566674,0.41593934714630265,2.0
0.28112745098039205,0.3465686274509805,0.4563725490196078,0.5247549019607842,0.6053921568627452,0.5475490196078432,0.6278037959083067,0.6970667981266947,0.6280502834606851,0.5499137293566674,0.5117081587379837,0.41593934714630265,2.0
0.3465686274509805,0.4563725490196078,0.5247549019607842,0.6053921568627452,0.5475490196078432,0.6278037959083067,0.6970667981266947,0.6280502834606851,0.5499137293566674,0.5117081587379837,0.3957816377171215,0.3504981706757142,2.0
0.4563725490196078,0.5247549019607842,0.6053921568627452,0.5475490196078432,0.6278037959083067,0.6970667981266947,0.6280502834606851,0.5499137293566674,0.5117081587379837,0.3957816377171215,0.397256794513589,0.3012851604095732,0.0
0.5247549019607842,0.6053921568627452,0.5475490196078432,0.6278037959083067,0.6970667981266947,0.6280502834606851,0.5499137293566674,0.5117081587379837,0.3957816377171215,0.397256794513589,0.528827796869034,0.3012851604095732,0.0
0.6053921568627452,0.5475490196078432,0.6278037959083067,0.6970667981266947,0.6280502834606851,0.5499137293566674,0.5117081587379837,0.3957816377171215,0.397256794513589,0.528827796869034,0.6545755377370497,0.3012851604095732,0.0
0.5475490196078432,0.6278037959083067,0.6970667981266947,0.6280502834606851,0.5499137293566674,0.5117081587379837,0.3957816377171215,0.397256794513589,0.528827796869034,0.6545755377370497,0.6785032455135549,0.3012851604095732,0.0
0.6278037959083067,0.6970667981266947,0.6280502834606851,0.5499137293566674,0.5117081587379837,0.3957816377171215,0.397256794513589,0.528827796869034,0.6545755377370497,0.6785032455135549,0.7390861652030036,0.34330452748588214,2.0
0.6970667981266947,0.6280502834606851,0.5499137293566674,0.5117081587379837,0.3957816377171215,0.397256794513589,0.528827796869034,0.6545755377370497,0.6785032455135549,0.7390861652030036,0.7918175720992622,0.3960359343821407,2.0
0.6280502834606851,0.5499137293566674,0.5117081587379837,0.3957816377171215,0.397256794513589,0.528827796869034,0.6545755377370497,0.6785032455135549,0.7390861652030036,0.7918175720992622,0.5155611885649909,0.3960359343821407,2.0
0.5499137293566674,0.5117081587379837,0.3957816377171215,0.397256794513589,0.528827796869034,0.6545755377370497,0.6785032455135549,0.7390861652030036,0.7918175720992622,0.5155611885649909,0.3175609069145191,0.4742566651847431,2.0
0.5117081587379837,0.3957816377171215,0.397256794513589,0.528827796869034,0.6545755377370497,0.6785032455135549,0.7390861652030036,0.7918175720992622,0.5155611885649909,0.3175609069145191,0.24235093211896963,0.5494666399802925,2.0
0.3957816377171215,0.397256794513589,0.528827796869034,0.6545755377370497,0.6785032455135549,0.7390861652030036,0.7918175720992622,0.5155611885649909,0.3175609069145191,0.24235093211896963,0.1507044257862531,0.6411131463130091,2.0
0.397256794513589,0.528827796869034,0.6545755377370497,0.6785032455135549,0.7390861652030036,0.7918175720992622,0.5155611885649909,0.3175609069145191,0.24235093211896963,0.1507044257862531,0.1273658744841326,0.6644516976151296,0.0
0.528827796869034,0.6545755377370497,0.6785032455135549,0.7390861652030036,0.7918175720992622,0.5155611885649909,0.3175609069145191,0.24235093211896963,0.1507044257862531,0.1273658744841326,0.21104311939661313,0.6644516976151296,0.0
0.6545755377370497,0.6785032455135549,0.7390861652030036,0.7918175720992622,0.5155611885649909,0.3175609069145191,0.24235093211896963,0.1507044257862531,0.1273658744841326,0.21104311939661313,0.24889711114273516,0.6644516976151296,0.0
0.6785032455135549,0.7390861652030036,0.7918175720992622,0.5155611885649909,0.3175609069145191,0.24235093211896963,0.1507044257862531,0.1273658744841326,0.21104311939661313,0.24889711114273516,0.2705279635690907,0.6644516976151296,0.0
0.7390861652030036,0.7918175720992622,0.5155611885649909,0.3175609069145191,0.24235093211896963,0.1507044257862531,0.1273658744841326,0.21104311939661313,0.24889711114273516,0.2705279635690907,0.15411982353778275,0.6644516976151296,0.0
0.7918175720992622,0.5155611885649909,0.3175609069145191,0.24235093211896963,0.1507044257862531,0.1273658744841326,0.21104311939661313,0.24889711114273516,0.2705279635690907,0.15411982353778275,0.010957734452824885,0.7808598376464373,2.0
0.5155611885649909,0.3175609069145191,0.24235093211896963,0.1507044257862531,0.1273658744841326,0.21104311939661313,0.24889711114273516,0.2705279635690907,0.15411982353778275,0.010957734452824885,-0.053934822826241624,0.5694960113912325,2.0
0.3175609069145191,0.24235093211896963,0.1507044257862531,0.1273658744841326,0.21104311939661313,0.24889711114273516,0.2705279635690907,0.15411982353778275,0.010957734452824885,-0.053934822826241624,-0.07755799060765622,0.3951188975221753,2.0
0.24235093211896963,0.1507044257862531,0.1273658744841326,0.21104311939661313,0.24889711114273516,0.2705279635690907,0.15411982353778275,0.010957734452824885,-0.053934822826241624,-0.07755799060765622,0.2790664579479152,0.3566244485555714,0.0
0.1507044257862531,0.1273658744841326,0.21104311939661313,0.24889711114273516,0.2705279635690907,0.15411982353778275,0.010957734452824885,-0.053934822826241624,-0.07755799060765622,0.2790664579479152,0.5747829799345383,0.6523409705421945,0.0
0.1273658744841326,0.21104311939661313,0.24889711114273516,0.2705279635690907,0.15411982353778275,0.010957734452824885,-0.053934822826241624,-0.07755799060765622,0.2790664579479152,0.5747829799345383,1.0,1.0775579906076562,0.0
0.21104311939661313,0.24889711114273516,0.2705279635690907,0.15411982353778275,0.010957734452824885,-0.053934822826241624,-0.07755799060765622,0.2790664579479152,0.5747829799345383,1.0,1.0,1.0775579906076562,0.0
0.24889711114273516,0.2705279635690907,0.15411982353778275,0.010957734452824885,-0.053934822826241624,-0.07755799060765622,0.2790664579479152,0.5747829799345383,1.0,1.0,1.0,1.0775579906076562,2.0
0.2705279635690907,0.15411982353778275,0.010957734452824885,-0.053934822826241624,-0.07755799060765622,0.2790664579479152,0.5747829799345383,1.0,1.0,1.0,1.0,1.0775579906076562,2.0
0.15411982353778275,0.010957734452824885,-0.053934822826241624,-0.07755799060765622,0.2790664579479152,0.5747829799345383,1.0,1.0,1.0,1.0,1.0,1.0775579906076562,2.0
0.010957734452824885,-0.053934822826241624,-0.07755799060765622,0.2790664579479152,0.5747829799345383,1.0,1.0,1.0,1.0,1.0,0.8578265437142523,1.0775579906076562,3.0
-0.053934822826241624,-0.07755799060765622,0.2790664579479152,0.5747829799345383,1.0,1.0,1.0,1.0,1.0,0.8578265437142523,0.8001655433368806,1.0775579906076562,3.0
-0.07755799060765622,0.2790664579479152,0.5747829799345383,1.0,1.0,1.0,1.0,1.0,0.8578265437142523,0.8001655433368806,0.9326002128414332,1.0775579906076562,3.0
0.2790664579479152,0.5747829799345383,1.0,1.0,1.0,1.0,1.0,0.8578265437142523,0.8001655433368806,0.9326002128414332,1.0,0.7209335420520848,3.0
0.5747829799345383,1.0,1.0,1.0,1.0,1.0,0.8578265437142523,0.8001655433368806,0.9326002128414332,1.0,1.0,0.4252170200654617,3.0
1.0,1.0,1.0,1.0,1.0,0.8578265437142523,0.8001655433368806,0.9326002128414332,1.0,1.0,1.0,0.1998344566631194,3.0
1.0,1.0,1.0,1.0,0.8578265437142523,0.8001655433368806,0.9326002128414332,1.0,1.0,1.0,0.9466400974205691,0.1998344566631194,3.0
1.0,1.0,1.0,0.8578265437142523,0.8001655433368806,0.9326002128414332,1.0,1.0,1.0,0.9466400974205691,0.7028672644747038,0.2971327355252962,3.0
1.0,1.0,0.8578265437142523,0.8001655433368806,0.9326002128414332,1.0,1.0,1.0,0.9466400974205691,0.7028672644747038,0.4872135503155097,0.5127864496844903,3.0
1.0,0.8578265437142523,0.8001655433368806,0.9326002128414332,1.0,1.0,1.0,0.9466400974205691,0.7028672644747038,0.4872135503155097,0.3789438724676186,0.6210561275323814,3.0
0.8578265437142523,0.8001655433368806,0.9326002128414332,1.0,1.0,1.0,0.9466400974205691,0.7028672644747038,0.4872135503155097,0.3789438724676186,0.31030665338204355,0.6896933466179564,0.0
0.8001655433368806,0.9326002128414332,1.0,1.0,1.0,0.9466400974205691,0.7028672644747038,0.4872135503155097,0.3789438724676186,0.31030665338204355,0.2454334108269678,0.7545665891730322,0.0
0.9326002128414332,1.0,1.0,1.0,0.9466400974205691,0.7028672644747038,0.4872135503155097,0.3789438724676186,0.31030665338204355,0.2454334108269678,0.2868371526624598,0.7545665891730322,0.0
1.0,1.0,1.0,0.9466400974205691,0.7028672644747038,0.4872135503155097,0.3789438724676186,0.31030665338204355,0.2454334108269678,0.2868371526624598,0.3676519428761209,0.7545665891730322,0.0
1.0,1.0,0.9466400974205691,0.7028672644747038,0.4872135503155097,0.3789438724676186,0.31030665338204355,0.2454334108269678,0.2868371526624598,0.3676519428761209,0.397099523967674,0.7545665891730322,0.0
1.0,0.9466400974205691,0.7028672644747038,0.4872135503155097,0.3789438724676186,0.31030665338204355,0.2454334108269678,0.2868371526624598,0.3676519428761209,0.397099523967674,0.34971770176021266,0.7545665891730322,0.0
0.9466400974205691,0.7028672644747038,0.4872135503155097,0.3789438724676186,0.31030665338204355,0.2454334108269678,0.2868371526624598,0.3676519428761209,0.397099523967674,0.34971770176021266,0.3384257721687147,0.7012066865936013,2.0
0.7028672644747038,0.4872135503155097,0.3789438724676186,0.31030665338204355,0.2454334108269678,0.2868371526624598,0.3676519428761209,0.397099523967674,0.34971770176021266,0.3384257721687147,0.2857301007417248,0.45743385364773603,2.0
0.4872135503155097,0.3789438724676186,0.31030665338204355,0.2454334108269678,0.2868371526624598,0.3676519428761209,0.397099523967674,0.34971770176021266,0.3384257721687147,0.2857301007417248,0.21177903243662133,0.2754345178788884,2.0
0.3789438724676186,0.31030665338204355,0.2454334108269678,0.2868371526624598,0.3676519428761209,0.397099523967674,0.34971770176021266,0.3384257721687147,0.2857301007417248,0.21177903243662133,0.22395660356470715,0.18532049153105268,0.0
0.31030665338204355,0.2454334108269678,0.2868371526624598,0.3676519428761209,0.397099523967674,0.34971770176021266,0.3384257721687147,0.2857301007417248,0.21177903243662133,0.22395660356470715,0.37075168825417903,0.18532049153105268,0.0
0.2454334108269678,0.2868371526624598,0.3676519428761209,0.397099523967674,0.34971770176021266,0.3384257721687147,0.2857301007417248,0.21177903243662133,0.22395660356470715,0.37075168825417903,0.38093656592494196,0.18532049153105268,0.0
0.2868371526624598,0.3676519428761209,0.397099523967674,0.34971770176021266,0.3384257721687147,0.2857301007417248,0.21177903243662133,0.22395660356470715,0.37075168825417903,0.38093656592494196,0.5250747260046496,0.3132956935680282,0.0
0.3676519428761209,0.397099523967674,0.34971770176021266,0.3384257721687147,0.2857301007417248,0.21177903243662133,0.22395660356470715,0.37075168825417903,0.38093656592494196,0.5250747260046496,0.6379940219196281,0.42621498948300673,2.0
0.397099523967674,0.34971770176021266,0.3384257721687147,0.2857301007417248,0.21177903243662133,0.22395660356470715,0.37075168825417903,0.38093656592494196,0.5250747260046496,0.6379940219196281,0.7633122993468393,0.551533266910218,2.0
0.34971770176021266,0.3384257721687147,0.2857301007417248,0.21177903243662133,0.22395660356470715,0.37075168825417903,0.38093656592494196,0.5250747260046496,0.6379940219196281,0.7633122993468393,0.813129635779918,0.6013506033432967,2.0
0.3384257721687147,0.2857301007417248,0.21177903243662133,0.22395660356470715,0.37075168825417903,0.38093656592494196,0.5250747260046496,0.6379940219196281,0.7633122993468393,0.813129635779918,0.8636112033654377,0.6518321709288164,2.0
0.2857301007417248,0.21177903243662133,0.22395660356470715,0.37075168825417903,0.38093656592494196,0.5250747260046496,0.6379940219196281,0.7633122993468393,0.813129635779918,0.8636112033654377,0.8691464629691132,0.6573674305324919,2.0
0.21177903243662133,0.22395660356470715,0.37075168825417903,0.38093656592494196,0.5250747260046496,0.6379940219196281,0.7633122993468393,0.813129635779918,0.8636112033654377,0.8691464629691132,0.8563046606885862,0.6573674305324919,2.0
0.22395660356470715,0.37075168825417903,0.38093656592494196,0.5250747260046496,0.6379940219196281,0.7633122993468393,0.813129635779918,0.8636112033654377,0.8691464629691132,0.8563046606885862,0.7885530831395993,0.6451898594044061,2.0
0.37075168825417903,0.38093656592494196,0.5250747260046496,0.6379940219196281,0.7633122993468393,0.813129635779918,0.8636112033654377,0.8691464629691132,0.8563046606885862,0.7885530831395993,0.7903243662127755,0.4983947747149342,2.0
0.38093656592494196,0.5250747260046496,0.6379940219196281,0.7633122993468393,0.813129635779918,0.8636112033654377,0.8691464629691132,0.8563046606885862,0.7885530831395993,0.7903243662127755,0.7836820546883649,0.4882098970441713,3.0
0.5250747260046496,0.6379940219196281,0.7633122993468393,0.813129635779918,0.8636112033654377,0.8691464629691132,0.8563046606885862,0.7885530831395993,0.7903243662127755,0.7836820546883649,0.7867818000664231,0.3440717369644637,3.0
0.6379940219196281,0.7633122993468393,0.813129635779918,0.8636112033654377,0.8691464629691132,0.8563046606885862,0.7885530831395993,0.7903243662127755,0.7836820546883649,0.7867818000664231,0.8186648953835935,0.23115244104948518,3.0
0.7633122993468393,0.813129635779918,0.8636112033654377,0.8691464629691132,0.8563046606885862,0.7885530831395993,0.7903243662127755,0.7836820546883649,0.7867818000664231,0.8186648953835935,0.7597697332004871,0.10937672976862611,3.0
0.813129635779918,0.8636112033654377,0.8691464629691132,0.8563046606885862,0.7885530831395993,0.7903243662127755,0.7836820546883649,0.7867818000664231,0.8186648953835935,0.7597697332004871,0.6718698106941217,0.19727665227499158,3.0
0.8636112033654377,0.8691464629691132,0.8563046606885862,0.7885530831395993,0.7903243662127755,0.7836820546883649,0.7867818000664231,0.8186648953835935,0.7597697332004871,0.6718698106941217,0.5354810140595594,0.33366544890955385,3.0
0.8691464629691132,0.8563046606885862,0.7885530831395993,0.7903243662127755,0.7836820546883649,0.7867818000664231,0.8186648953835935,0.7597697332004871,0.6718698106941217,0.5354810140595594,0.382486438613971,0.4866600243551422,3.0
0.8563046606885862,0.7885530831395993,0.7903243662127755,0.7836820546883649,0.7867818000664231,0.8186648953835935,0.7597697332004871,0.6718698106941217,0.5354810140595594,0.382486438613971,0.2410052031440275,0.6152994575445587,0.0
0.7885530831395993,0.7903243662127755,0.7836820546883649,0.7867818000664231,0.8186648953835935,0.7597697332004871,0.6718698106941217,0.5354810140595594,0.382486438613971,0.2410052031440275,0.16683272445477693,0.6518321709288166,0.0
0.7903243662127755,0.7836820546883649,0.7867818000664231,0.8186648953835935,0.7597697332004871,0.6718698106941217,0.5354810140595594,0.382486438613971,0.2410052031440275,0.16683272445477693,0.15133399756448584,0.6673308978191077,0.0
0.7836820546883649,0.7867818000664231,0.8186648953835935,0.7597697332004871,0.6718698106941217,0.5354810140595594,0.382486438613971,0.2410052031440275,0.16683272445477693,0.15133399756448584,0.2715598361563156,0.6673308978191077,0.0
0.7867818000664231,0.8186648953835935,0.7597697332004871,0.6718698106941217,0.5354810140595594,0.382486438613971,0.2410052031440275,0.16683272445477693,0.15133399756448584,0.2715598361563156,0.35790988597365225,0.6673308978191077,0.0
0.8186648953835935,0.7597697332004871,0.6718698106941217,0.5354810140595594,0.382486438613971,0.2410052031440275,0.16683272445477693,0.15133399756448584,0.2715598361563156,0.35790988597365225,0.5029336875899479,0.6673308978191077,0.0
0.7597697332004871,0.6718698106941217,0.5354810140595594,0.382486438613971,0.2410052031440275,0.16683272445477693,0.15133399756448584,0.2715598361563156,0.35790988597365225,0.5029336875899479,0.4650725119008081,0.6084357356360013,2.0
0.6718698106941217,0.5354810140595594,0.382486438613971,0.2410052031440275,0.16683272445477693,0.15133399756448584,0.2715598361563156,0.35790988597365225,0.5029336875899479,0.4650725119008081,0.34683936676630145,0.5205358131296358,2.0
0.5354810140595594,0.382486438613971,0.2410052031440275,0.16683272445477693,0.15133399756448584,0.2715598361563156,0.35790988597365225,0.5029336875899479,0.4650725119008081,0.34683936676630145,0.19295914978412498,0.38414701649507355,2.0
0.382486438613971,0.2410052031440275,0.16683272445477693,0.15133399756448584,0.2715598361563156,0.35790988597365225,0.5029336875899479,0.4650725119008081,0.34683936676630145,0.19295914978412498,0.03930034318609543,0.4636333444038525,2.0
0.2410052031440275,0.16683272445477693,0.15133399756448584,0.2715598361563156,0.35790988597365225,0.5029336875899479,0.4650725119008081,0.34683936676630145,0.19295914978412498,0.03930034318609543,0.018709177460422888,0.48422451012952505,0.0
0.16683272445477693,0.15133399756448584,0.2715598361563156,0.35790988597365225,0.5029336875899479,0.4650725119008081,0.34683936676630145,0.19295914978412498,0.03930034318609543,0.018709177460422888,0.07494741503376501,0.48422451012952505,0.0
0.15133399756448584,0.2715598361563156,0.35790988597365225,0.5029336875899479,0.4650725119008081,0.34683936676630145,0.19295914978412498,0.03930034318609543,0.018709177460422888,0.07494741503376501,0.11767961917413916,0.48422451012952505,0.0
0.2715598361563156,0.35790988597365225,0.5029336875899479,0.4650725119008081,0.34683936676630145,0.19295914978412498,0.03930034318609543,0.018709177460422888,0.07494741503376501,0.11767961917413916,0.2188641647293259,0.48422451012952505,0.0
0.35790988597365225,0.5029336875899479,0.4650725119008081,0.34683936676630145,0.19295914978412498,0.03930034318609543,0.018709177460422888,0.07494741503376501,0.11767961917413916,0.2188641647293259,0.38912875013838155,0.48422451012952505,0.0
0.5029336875899479,0.4650725119008081,0.34683936676630145,0.19295914978412498,0.03930034318609543,0.018709177460422888,0.07494741503376501,0.11767961917413916,0.2188641647293259,0.38912875013838155,0.34794641868703646,0.48422451012952505,2.0
0.4650725119008081,0.34683936676630145,0.19295914978412498,0.03930034318609543,0.018709177460422888,0.07494741503376501,0.11767961917413916,0.2188641647293259,0.38912875013838155,0.34794641868703646,0.24410494852208564,0.44636333444038523,2.0
0.34683936676630145,0.19295914978412498,0.03930034318609543,0.018709177460422888,0.07494741503376501,0.11767961917413916,0.2188641647293259,0.38912875013838155,0.34794641868703646,0.24410494852208564,0.12188641647293252,0.37041957267795866,2.0
0.19295914978412498,0.03930034318609543,0.018709177460422888,0.07494741503376501,0.11767961917413916,0.2188641647293259,0.38912875013838155,0.34794641868703646,0.24410494852208564,0.12188641647293252,0.002546219417690621,0.38658253072069093,2.0
0.03930034318609543,0.018709177460422888,0.07494741503376501,0.11767961917413916,0.2188641647293259,0.38912875013838155,0.34794641868703646,0.24410494852208564,0.12188641647293252,0.002546219417690621,-0.02291597475921625,0.4120447248975978,0.0
0.018709177460422888,0.07494741503376501,0.11767961917413916,0.2188641647293259,0.38912875013838155,0.34794641868703646,0.24410494852208564,0.12188641647293252,0.002546219417690621,-0.02291597475921625,0.05856304660688583,0.4120447248975978,0.0
0.07494741503376501,0.11767961917413916,0.2188641647293259,0.38912875013838155,0.34794641868703646,0.24410494852208564,0.12188641647293252,0.002546219417690621,-0.02291597475921625,0.05856304660688583,0.11745820878999225,0.4120447248975978,0.0
0.11767961917413916,0.2188641647293259,0.38912875013838155,0.34794641868703646,0.24410494852208564,0.12188641647293252,0.002546219417690621,-0.02291597475921625,0.05856304660688583,0.11745820878999225,0.12166500608878561,0.4120447248975978,0.0
0.2188641647293259,0.38912875013838155,0.34794641868703646,0.24410494852208564,0.12188641647293252,0.002546219417690621,-0.02291597475921625,0.05856304660688583,0.11745820878999225,0.12166500608878561,0.07893280194841146,0.4120447248975978,0.0
0.38912875013838155,0.34794641868703646,0.24410494852208564,0.12188641647293252,0.002546219417690621,-0.02291597475921625,0.05856304660688583,0.11745820878999225,0.12166500608878561,0.07893280194841146,-0.027787003210450578,0.41691575334883213,2.0
0.34794641868703646,0.24410494852208564,0.12188641647293252,0.002546219417690621,-0.02291597475921625,0.05856304660688583,0.11745820878999225,0.12166500608878561,0.07893280194841146,-0.027787003210450578,-0.1316284733754013,0.47957489206243775,2.0
0.24410494852208564,0.12188641647293252,0.002546219417690621,-0.02291597475921625,0.05856304660688583,0.11745820878999225,0.12166500608878561,0.07893280194841146,-0.027787003210450578,-0.1316284733754013,-0.32469832835159973,0.5688032768736854,2.0
0.12188641647293252,0.002546219417690621,-0.02291597475921625,0.05856304660688583,0.11745820878999225,0.12166500608878561,0.07893280194841146,-0.027787003210450578,-0.1316284733754013,-0.32469832835159973,-0.36433078711391564,0.48621720358684817,0.0
0.002546219417690621,-0.02291597475921625,0.05856304660688583,0.11745820878999225,0.12166500608878561,0.07893280194841146,-0.027787003210450578,-0.1316284733754013,-0.32469832835159973,-0.36433078711391564,-0.3778368205468836,0.4995018266356692,0.0
-0.02291597475921625,0.05856304660688583,0.11745820878999225,0.12166500608878561,0.07893280194841146,-0.027787003210450578,-0.1316284733754013,-0.32469832835159973,-0.36433078711391564,-0.3778368205468836,-0.41104837816893613,0.5327133842577217,0.0
0.05856304660688583,0.11745820878999225,0.12166500608878561,0.07893280194841146,-0.027787003210450578,-0.1316284733754013,-0.32469832835159973,-0.36433078711391564,-0.3778368205468836,-0.41104837816893613,-0.2474261042842909,0.5327133842577217,0.0
0.11745820878999225,0.12166500608878561,0.07893280194841146,-0.027787003210450578,-0.1316284733754013,-0.32469832835159973,-0.36433078711391564,-0.3778368205468836,-0.41104837816893613,-0.2474261042842909,-0.12565039300343184,0.5327133842577217,0.0
0.12166500608878561,0.07893280194841146,-0.027787003210450578,-0.1316284733754013,-0.32469832835159973,-0.36433078711391564,-0.3778368205468836,-0.41104837816893613,-0.2474261042842909,-0.12565039300343184,-0.00387468172257277,0.5327133842577217,0.0
0.07893280194841146,-0.027787003210450578,-0.1316284733754013,-0.32469832835159973,-0.36433078711391564,-0.3778368205468836,-0.41104837816893613,-0.2474261042842909,-0.12565039300343184,-0.00387468172257277,0.21687147127200257,0.6279198494409387,0.0
-0.027787003210450578,-0.1316284733754013,-0.32469832835159973,-0.36433078711391564,-0.3778368205468836,-0.41104837816893613,-0.2474261042842909,-0.12565039300343184,-0.00387468172257277,0.21687147127200257,0.3116351156869257,0.7226834938558618,2.0
-0.1316284733754013,-0.32469832835159973,-0.36433078711391564,-0.3778368205468836,-0.41104837816893613,-0.2474261042842909,-0.12565039300343184,-0.00387468172257277,0.21687147127200257,0.3116351156869257,0.28351599690025453,0.7226834938558618,2.0
-0.32469832835159973,-0.36433078711391564,-0.3778368205468836,-0.41104837816893613,-0.2474261042842909,-0.12565039300343184,-0.00387468172257277,0.21687147127200257,0.3116351156869257,0.28351599690025453,0.2912653603454003,0.7226834938558618,2.0
-0.36433078711391564,-0.3778368205468836,-0.41104837816893613,-0.2474261042842909,-0.12565039300343184,-0.00387468172257277,0.21687147127200257,0.3116351156869257,0.28351599690025453,0.2912653603454003,0.3063212664673973,0.7226834938558618,2.0
-0.3778368205468836,-0.41104837816893613,-0.2474261042842909,-0.12565039300343184,-0.00387468172257277,0.21687147127200257,0.3116351156869257,0.28351599690025453,0.2912653603454003,0.3063212664673973,0.29392228495516437,0.7226834938558618,2.0
-0.41104837816893613,-0.2474261042842909,-0.12565039300343184,-0.00387468172257277,0.21687147127200257,0.3116351156869257,0.28351599690025453,0.2912653603454003,0.3063212664673973,0.29392228495516437,0.2777593269124321,0.7226834938558618,3.0
-0.2474261042842909,-0.12565039300343184,-0.00387468172257277,0.21687147127200257,0.3116351156869257,0.28351599690025453,0.2912653603454003,0.3063212664673973,0.29392228495516437,0.2777593269124321,0.3362116683272445,0.5836377726115354,3.0
-0.12565039300343184,-0.00387468172257277,0.21687147127200257,0.3116351156869257,0.28351599690025453,0.2912653603454003,0.3063212664673973,0.29392228495516437,0.2777593269124321,0.3362116683272445,0.4059559393335548,0.5316063323369866,3.0
-0.00387468172257277,0.21687147127200257,0.3116351156869257,0.28351599690025453,0.2912653603454003,0.3063212664673973,0.29392228495516437,0.2777593269124321,0.3362116683272445,0.4059559393335548,0.4440385254068415,0.4479132071294143,3.0
0.21687147127200257,0.3116351156869257,0.28351599690025453,0.2912653603454003,0.3063212664673973,0.29392228495516437,0.2777593269124321,0.3362116683272445,0.4059559393335548,0.4440385254068415,0.39621388243108613,0.22716705413483895,3.0
0.3116351156869257,0.28351599690025453,0.2912653603454003,0.3063212664673973,0.29392228495516437,0.2777593269124321,0.3362116683272445,0.4059559393335548,0.4440385254068415,0.39621388243108613,0.27975202036975544,0.16627919849440942,2.0
0.28351599690025453,0.2912653603454003,0.3063212664673973,0.29392228495516437,0.2777593269124321,0.3362116683272445,0.4059559393335548,0.4440385254068415,0.39621388243108613,0.27975202036975544,0.19672312631462407,0.24731539909221745,2.0
0.2912653603454003,0.3063212664673973,0.29392228495516437,0.2777593269124321,0.3362116683272445,0.4059559393335548,0.4440385254068415,0.39621388243108613,0.27975202036975544,0.19672312631462407,0.12210782685707966,0.32193069854976186,2.0
0.3063212664673973,0.29392228495516437,0.2777593269124321,0.3362116683272445,0.4059559393335548,0.4440385254068415,0.39621388243108613,0.27975202036975544,0.19672312631462407,0.12210782685707966,0.2509686704306433,0.32193069854976186,0.0
0.29392228495516437,0.2777593269124321,0.3362116683272445,0.4059559393335548,0.4440385254068415,0.39621388243108613,0.27975202036975544,0.19672312631462407,0.12210782685707966,0.2509686704306433,0.3747370751688255,0.32193069854976186,0.0
0.2777593269124321,0.3362116683272445,0.4059559393335548,0.4440385254068415,0.39621388243108613,0.27975202036975544,0.19672312631462407,0.12210782685707966,0.2509686704306433,0.3747370751688255,0.4102791315906069,0.32193069854976186,0.0
0.3362116683272445,0.4059559393335548,0.4440385254068415,0.39621388243108613,0.27975202036975544,0.19672312631462407,0.12210782685707966,0.2509686704306433,0.3747370751688255,0.4102791315906069,0.5154431512981199,0.39333532444104025,0.0
0.4059559393335548,0.4440385254068415,0.39621388243108613,0.27975202036975544,0.19672312631462407,0.12210782685707966,0.2509686704306433,0.3747370751688255,0.4102791315906069,0.5154431512981199,0.6004923903312445,0.4783845634741648,2.0
0.4440385254068415,0.39621388243108613,0.27975202036975544,0.19672312631462407,0.12210782685707966,0.2509686704306433,0.3747370751688255,0.4102791315906069,0.5154431512981199,0.6004923903312445,0.6633384235874544,0.5412305967303748,2.0
0.39621388243108613,0.27975202036975544,0.19672312631462407,0.12210782685707966,0.2509686704306433,0.3747370751688255,0.4102791315906069,0.5154431512981199,0.6004923903312445,0.6633384235874544,0.6628962088253574,0.5412305967303748,2.0
0.27975202036975544,0.19672312631462407,0.12210782685707966,0.2509686704306433,0.3747370751688255,0.4102791315906069,0.5154431512981199,0.6004923903312445,0.6633384235874544,0.6628962088253574,0.5043820652864219,0.5412305967303748,2.0
0.19672312631462407,0.12210782685707966,0.2509686704306433,0.3747370751688255,0.4102791315906069,0.5154431512981199,0.6004923903312445,0.6633384235874544,0.6628962088253574,0.5043820652864219,0.5352830694928896,0.5412305967303748,2.0
0.12210782685707966,0.2509686704306433,0.3747370751688255,0.4102791315906069,0.5154431512981199,0.6004923903312445,0.6633384235874544,0.6628962088253574,0.5043820652864219,0.5352830694928896,0.5317796610169492,0.5412305967303748,2.0
0.2509686704306433,0.3747370751688255,0.4102791315906069,0.5154431512981199,0.6004923903312445,0.6633384235874544,0.6628962088253574,0.5043820652864219,0.5352830694928896,0.5317796610169492,0.535411622276029,0.4123697531568111,2.0
0.3747370751688255,0.4102791315906069,0.5154431512981199,0.6004923903312445,0.6633384235874544,0.6628962088253574,0.5043820652864219,0.5352830694928896,0.5317796610169492,0.535411622276029,0.5329903147699757,0.28860134841862894,0.0
0.4102791315906069,0.5154431512981199,0.6004923903312445,0.6633384235874544,0.6628962088253574,0.5043820652864219,0.5352830694928896,0.5317796610169492,0.535411622276029,0.5329903147699757,0.42070217917675534,0.2530592919968475,0.0
0.5154431512981199,0.6004923903312445,0.6633384235874544,0.6628962088253574,0.5043820652864219,0.5352830694928896,0.5317796610169492,0.535411622276029,0.5329903147699757,0.42070217917675534,0.3150726392251817,0.34826578436227273,0.0
0.6004923903312445,0.6633384235874544,0.6628962088253574,0.5043820652864219,0.5352830694928896,0.5317796610169492,0.535411622276029,0.5329903147699757,0.42070217917675534,0.3150726392251817,0.22427360774818395,0.4390648158392705,0.0
0.6633384235874544,0.6628962088253574,0.5043820652864219,0.5352830694928896,0.5317796610169492,0.535411622276029,0.5329903147699757,0.42070217917675534,0.3150726392251817,0.22427360774818395,0.22185230024213065,0.4414861233453238,0.0
0.6628962088253574,0.5043820652864219,0.5352830694928896,0.5317796610169492,0.535411622276029,0.5329903147699757,0.42070217917675534,0.3150726392251817,0.22427360774818395,0.22185230024213065,0.1449757869249395,0.5179204219004179,0.0
0.5043820652864219,0.5352830694928896,0.5317796610169492,0.535411622276029,0.5329903147699757,0.42070217917675534,0.3150726392251817,0.22427360774818395,0.22185230024213065,0.1449757869249395,0.08414043583535102,0.451271186440678,0.0
0.5352830694928896,0.5317796610169492,0.535411622276029,0.5329903147699757,0.42070217917675534,0.3150726392251817,0.22427360774818395,0.22185230024213065,0.1449757869249395,0.08414043583535102,0.06166640514671262,0.4737452171293164,0.0
0.5317796610169492,0.535411622276029,0.5329903147699757,0.42070217917675534,0.3150726392251817,0.22427360774818395,0.22185230024213065,0.1449757869249395,0.08414043583535102,0.06166640514671262,0.184685391495371,0.4737452171293164,0.0
0.535411622276029,0.5329903147699757,0.42070217917675534,0.3150726392251817,0.22427360774818395,0.22185230024213065,0.1449757869249395,0.08414043583535102,0.06166640514671262,0.184685391495371,0.17432920131806062,0.4737452171293164,0.0
0.5329903147699757,0.42070217917675534,0.3150726392251817,0.22427360774818395,0.22185230024213065,0.1449757869249395,0.08414043583535102,0.06166640514671262,0.184685391495371,0.17432920131806062,0.09336262356817815,0.4713239096232631,0.0
0.42070217917675534,0.3150726392251817,0.22427360774818395,0.22185230024213065,0.1449757869249395,0.08414043583535102,0.06166640514671262,0.184685391495371,0.17432920131806062,0.09336262356817815,-0.10340498980072177,0.5241071689774771,0.0
0.3150726392251817,0.22427360774818395,0.22185230024213065,0.1449757869249395,0.08414043583535102,0.06166640514671262,0.184685391495371,0.17432920131806062,0.09336262356817815,-0.10340498980072177,-0.12223442648674099,0.4373070657119227,0.0
0.22427360774818395,0.22185230024213065,0.1449757869249395,0.08414043583535102,0.06166640514671262,0.184685391495371,0.17432920131806062,0.09336262356817815,-0.10340498980072177,-0.12223442648674099,-0.1454573983994979,0.36973100614768184,0.0
0.22185230024213065,0.1449757869249395,0.08414043583535102,0.06166640514671262,0.184685391495371,0.17432920131806062,0.09336262356817815,-0.10340498980072177,-0.12223442648674099,-0.1454573983994979,-0.21763690569590455,0.4394892059380352,0.0
0.1449757869249395,0.08414043583535102,0.06166640514671262,0.184685391495371,0.17432920131806062,0.09336262356817815,-0.10340498980072177,-0.12223442648674099,-0.1454573983994979,-0.21763690569590455,-0.21889220147497257,0.40357759297034357,0.0
0.08414043583535102,0.06166640514671262,0.184685391495371,0.17432920131806062,0.09336262356817815,-0.10340498980072177,-0.12223442648674099,-0.1454573983994979,-0.21763690569590455,-0.21889220147497257,-0.3597991526753491,0.5444845441707201,0.0
0.06166640514671262,0.184685391495371,0.17432920131806062,0.09336262356817815,-0.10340498980072177,-0.12223442648674099,-0.1454573983994979,-0.21763690569590455,-0.21889220147497257,-0.3597991526753491,-0.47905225168680365,0.6637376431821747,0.0
0.184685391495371,0.17432920131806062,0.09336262356817815,-0.10340498980072177,-0.12223442648674099,-0.1454573983994979,-0.21763690569590455,-0.21889220147497257,-0.3597991526753491,-0.47905225168680365,-0.5929703436372196,0.7776557351325906,0.0
0.17432920131806062,0.09336262356817815,-0.10340498980072177,-0.12223442648674099,-0.1454573983994979,-0.21763690569590455,-0.21889220147497257,-0.3597991526753491,-0.47905225168680365,-0.5929703436372196,-0.6504001255295779,0.8247293268476386,0.0
0.09336262356817815,-0.10340498980072177,-0.12223442648674099,-0.1454573983994979,-0.21763690569590455,-0.21889220147497257,-0.3597991526753491,-0.47905225168680365,-0.5929703436372196,-0.6504001255295779,-0.7734191118782363,0.8667817354464145,0.0
-0.10340498980072177,-0.12223442648674099,-0.1454573983994979,-0.21763690569590455,-0.21889220147497257,-0.3597991526753491,-0.47905225168680365,-0.5929703436372196,-0.6504001255295779,-0.7734191118782363,-0.8487368586223129,0.7453318688215911,0.0
-0.12223442648674099,-0.1454573983994979,-0.21763690569590455,-0.21889220147497257,-0.3597991526753491,-0.47905225168680365,-0.5929703436372196,-0.6504001255295779,-0.7734191118782363,-0.8487368586223129,-0.7771849992154402,0.7265024321355719,0.0
-0.1454573983994979,-0.21763690569590455,-0.21889220147497257,-0.3597991526753491,-0.47905225168680365,-0.5929703436372196,-0.6504001255295779,-0.7734191118782363,-0.8487368586223129,-0.7771849992154402,-0.6365918719598305,0.703279460222815,0.0
-0.21763690569590455,-0.21889220147497257,-0.3597991526753491,-0.47905225168680365,-0.5929703436372196,-0.6504001255295779,-0.7734191118782363,-0.8487368586223129,-0.7771849992154402,-0.6365918719598305,-0.5534285265965793,0.6310999529264083,0.0
-0.21889220147497257,-0.3597991526753491,-0.47905225168680365,-0.5929703436372196,-0.6504001255295779,-0.7734191118782363,-0.8487368586223129,-0.7771849992154402,-0.6365918719598305,-0.5534285265965793,-0.5254981955123176,0.6298446571473403,0.0
-0.3597991526753491,-0.47905225168680365,-0.5929703436372196,-0.6504001255295779,-0.7734191118782363,-0.8487368586223129,-0.7771849992154402,-0.6365918719598305,-0.5534285265965793,-0.5254981955123176,-0.4260160050211831,0.48893770594696373,2.0
-0.47905225168680365,-0.5929703436372196,-0.6504001255295779,-0.7734191118782363,-0.8487368586223129,-0.7771849992154402,-0.6365918719598305,-0.5534285265965793,-0.5254981955123176,-0.4260160050211831,-0.5189078926722108,0.42272085360112976,2.0
-0.5929703436372196,-0.6504001255295779,-0.7734191118782363,-0.8487368586223129,-0.7771849992154402,-0.6365918719598305,-0.5534285265965793,-0.5254981955123176,-0.4260160050211831,-0.5189078926722108,-0.5775929703436372,0.42272085360112976,2.0
-0.6504001255295779,-0.7734191118782363,-0.8487368586223129,-0.7771849992154402,-0.6365918719598305,-0.5534285265965793,-0.5254981955123176,-0.4260160050211831,-0.5189078926722108,-0.5775929703436372,-0.5662953083320257,0.42272085360112976,2.0
-0.7734191118782363,-0.8487368586223129,-0.7771849992154402,-0.6365918719598305,-0.5534285265965793,-0.5254981955123176,-0.4260160050211831,-0.5189078926722108,-0.5775929703436372,-0.5662953083320257,-0.5873215126314137,0.42272085360112976,2.0
-0.8487368586223129,-0.7771849992154402,-0.6365918719598305,-0.5534285265965793,-0.5254981955123176,-0.4260160050211831,-0.5189078926722108,-0.5775929703436372,-0.5662953083320257,-0.5873215126314137,-0.649772477640044,0.42272085360112976,0.0
-0.7771849992154402,-0.6365918719598305,-0.5534285265965793,-0.5254981955123176,-0.4260160050211831,-0.5189078926722108,-0.5775929703436372,-0.5662953083320257,-0.5873215126314137,-0.649772477640044,-0.5308332025733564,0.35116899419425707,0.0
-0.6365918719598305,-0.5534285265965793,-0.5254981955123176,-0.4260160050211831,-0.5189078926722108,-0.5775929703436372,-0.5662953083320257,-0.5873215126314137,-0.649772477640044,-0.5308332025733564,-0.40655892044563,0.24321355719441395,0.0
-0.5534285265965793,-0.5254981955123176,-0.4260160050211831,-0.5189078926722108,-0.5775929703436372,-0.5662953083320257,-0.5873215126314137,-0.649772477640044,-0.5308332025733564,-0.40655892044563,-0.4093833359485328,0.24321355719441395,0.0
-0.5254981955123176,-0.4260160050211831,-0.5189078926722108,-0.5775929703436372,-0.5662953083320257,-0.5873215126314137,-0.649772477640044,-0.5308332025733564,-0.40655892044563,-0.4093833359485328,-0.3237093990271458,0.3260630786128982,0.0
-0.4260160050211831,-0.5189078926722108,-0.5775929703436372,-0.5662953083320257,-0.5873215126314137,-0.649772477640044,-0.5308332025733564,-0.40655892044563,-0.4093833359485328,-0.3237093990271458,-0.36513415973638785,0.3260630786128982,2.0
-0.5189078926722108,-0.5775929703436372,-0.5662953083320257,-0.5873215126314137,-0.649772477640044,-0.5308332025733564,-0.40655892044563,-0.4093833359485328,-0.3237093990271458,-0.36513415973638785,-0.4627334065589205,0.3260630786128982,2.0
-0.5775929703436372,-0.5662953083320257,-0.5873215126314137,-0.649772477640044,-0.5308332025733564,-0.40655892044563,-0.4093833359485328,-0.3237093990271458,-0.36513415973638785,-0.4627334065589205,-0.647261886081908,0.3260630786128982,2.0
-0.5662953083320257,-0.5873215126314137,-0.649772477640044,-0.5308332025733564,-0.40655892044563,-0.4093833359485328,-0.3237093990271458,-0.36513415973638785,-0.4627334065589205,-0.647261886081908,-0.7260316962184215,0.40232229719127566,2.0
-0.5873215126314137,-0.649772477640044,-0.5308332025733564,-0.40655892044563,-0.4093833359485328,-0.3237093990271458,-0.36513415973638785,-0.4627334065589205,-0.647261886081908,-0.7260316962184215,-0.7141063863172761,0.40232229719127566,0.0
-0.649772477640044,-0.5308332025733564,-0.40655892044563,-0.4093833359485328,-0.3237093990271458,-0.36513415973638785,-0.4627334065589205,-0.647261886081908,-0.7260316962184215,-0.7141063863172761,-0.7194413933783148,0.40232229719127566,0.0
-0.5308332025733564,-0.40655892044563,-0.4093833359485328,-0.3237093990271458,-0.36513415973638785,-0.4627334065589205,-0.647261886081908,-0.7260316962184215,-0.7141063863172761,-0.7194413933783148,-0.6770751608347717,0.40232229719127566,0.0
-0.40655892044563,-0.4093833359485328,-0.3237093990271458,-0.36513415973638785,-0.4627334065589205,-0.647261886081908,-0.7260316962184215,-0.7141063863172761,-0.7194413933783148,-0.6770751608347717,-0.6359642240702965,0.40232229719127566,0.0
-0.4093833359485328,-0.3237093990271458,-0.36513415973638785,-0.4627334065589205,-0.647261886081908,-0.7260316962184215,-0.7141063863172761,-0.7194413933783148,-0.6770751608347717,-0.6359642240702965,-0.669857210105131,0.40232229719127566,1.0
-0.3237093990271458,-0.36513415973638785,-0.4627334065589205,-0.647261886081908,-0.7260316962184215,-0.7141063863172761,-0.7194413933783148,-0.6770751608347717,-0.6359642240702965,-0.669857210105131,-0.6177624352738114,0.40232229719127566,1.0
-0.36513415973638785,-0.4627334065589205,-0.647261886081908,-0.7260316962184215,-0.7141063863172761,-0.7194413933783148,-0.6770751608347717,-0.6359642240702965,-0.669857210105131,-0.6177624352738114,-0.48501490663737645,0.3608975364820336,1.0
-0.4627334065589205,-0.647261886081908,-0.7260316962184215,-0.7141063863172761,-0.7194413933783148,-0.6770751608347717,-0.6359642240702965,-0.669857210105131,-0.6177624352738114,-0.48501490663737645,-0.4552016318845128,0.27083006433390866,1.0
-0.647261886081908,-0.7260316962184215,-0.7141063863172761,-0.7194413933783148,-0.6770751608347717,-0.6359642240702965,-0.669857210105131,-0.6177624352738114,-0.48501490663737645,-0.4552016318845128,-0.3692138710183587,0.3568178252000628,1.0
-0.7260316962184215,-0.7141063863172761,-0.7194413933783148,-0.6770751608347717,-0.6359642240702965,-0.669857210105131,-0.6177624352738114,-0.48501490663737645,-0.4552016318845128,-0.3692138710183587,-0.16805272242272085,0.5579789737957006,2.0
-0.7141063863172761,-0.7194413933783148,-0.6770751608347717,-0.6359642240702965,-0.669857210105131,-0.6177624352738114,-0.48501490663737645,-0.4552016318845128,-0.3692138710183587,-0.16805272242272085,-0.07484701082692613,0.6445943825513887,2.0
-0.7194413933783148,-0.6770751608347717,-0.6359642240702965,-0.669857210105131,-0.6177624352738114,-0.48501490663737645,-0.4552016318845128,-0.3692138710183587,-0.16805272242272085,-0.07484701082692613,0.033108426172917094,0.7525498195512319,2.0
-0.6770751608347717,-0.6359642240702965,-0.669857210105131,-0.6177624352738114,-0.48501490663737645,-0.4552016318845128,-0.3692138710183587,-0.16805272242272085,-0.07484701082692613,0.033108426172917094,0.14200533500706114,0.8190804958418328,2.0
-0.6359642240702965,-0.669857210105131,-0.6177624352738114,-0.48501490663737645,-0.4552016318845128,-0.3692138710183587,-0.16805272242272085,-0.07484701082692613,0.033108426172917094,0.14200533500706114,0.21512631413776861,0.8849835242428996,2.0
-0.669857210105131,-0.6177624352738114,-0.48501490663737645,-0.4552016318845128,-0.3692138710183587,-0.16805272242272085,-0.07484701082692613,0.033108426172917094,0.14200533500706114,0.21512631413776861,0.3745488780793975,1.0444060881845285,2.0
-0.6177624352738114,-0.48501490663737645,-0.4552016318845128,-0.3692138710183587,-0.16805272242272085,-0.07484701082692613,0.033108426172917094,0.14200533500706114,0.21512631413776861,0.3745488780793975,0.5032166954338615,1.1209791307076729,2.0
-0.48501490663737645,-0.4552016318845128,-0.3692138710183587,-0.16805272242272085,-0.07484701082692613,0.033108426172917094,0.14200533500706114,0.21512631413776861,0.3745488780793975,0.5032166954338615,0.7596108583084888,1.2446257649458654,2.0
-0.4552016318845128,-0.3692138710183587,-0.16805272242272085,-0.07484701082692613,0.033108426172917094,0.14200533500706114,0.21512631413776861,0.3745488780793975,0.5032166954338615,0.7596108583084888,0.8565824572414875,1.3117840891260002,2.0
-0.3692138710183587,-0.16805272242272085,-0.07484701082692613,0.033108426172917094,0.14200533500706114,0.21512631413776861,0.3745488780793975,0.5032166954338615,0.7596108583084888,0.8565824572414875,0.804173858465401,1.2257963282598463,2.0
-0.16805272242272085,-0.07484701082692613,0.033108426172917094,0.14200533500706114,0.21512631413776861,0.3745488780793975,0.5032166954338615,0.7596108583084888,0.8565824572414875,0.804173858465401,0.7798434442270059,1.0246351796642084,2.0
-0.07484701082692613,0.033108426172917094,0.14200533500706114,0.21512631413776861,0.3745488780793975,0.5032166954338615,0.7596108583084888,0.8565824572414875,0.804173858465401,0.7798434442270059,0.7308992562542258,0.9314294680684136,2.0
0.033108426172917094,0.14200533500706114,0.21512631413776861,0.3745488780793975,0.5032166954338615,0.7596108583084888,0.8565824572414875,0.804173858465401,0.7798434442270059,0.7308992562542258,0.6247464503042597,0.8234740310685704,2.0
0.14200533500706114,0.21512631413776861,0.3745488780793975,0.5032166954338615,0.7596108583084888,0.8565824572414875,0.804173858465401,0.7798434442270059,0.7308992562542258,0.6247464503042597,0.8113590263691683,0.7145771222344264,2.0
0.21512631413776861,0.3745488780793975,0.5032166954338615,0.7596108583084888,0.8565824572414875,0.804173858465401,0.7798434442270059,0.7308992562542258,0.6247464503042597,0.8113590263691683,0.90973630831643,0.6946099941786614,0.0
0.3745488780793975,0.5032166954338615,0.7596108583084888,0.8565824572414875,0.804173858465401,0.7798434442270059,0.7308992562542258,0.6247464503042597,0.8113590263691683,0.90973630831643,0.7728194726166329,0.5351874302370325,0.0
0.5032166954338615,0.7596108583084888,0.8565824572414875,0.804173858465401,0.7798434442270059,0.7308992562542258,0.6247464503042597,0.8113590263691683,0.90973630831643,0.7728194726166329,0.7748478701825559,0.40651961288256855,0.0
0.7596108583084888,0.8565824572414875,0.804173858465401,0.7798434442270059,0.7308992562542258,0.6247464503042597,0.8113590263691683,0.90973630831643,0.7728194726166329,0.7748478701825559,0.7052062204192022,0.28498985801217036,2.0
0.8565824572414875,0.804173858465401,0.7798434442270059,0.7308992562542258,0.6247464503042597,0.8113590263691683,0.90973630831643,0.7728194726166329,0.7748478701825559,0.7052062204192022,0.6534820824881677,0.28498985801217036,2.0
0.804173858465401,0.7798434442270059,0.7308992562542258,0.6247464503042597,0.8113590263691683,0.90973630831643,0.7728194726166329,0.7748478701825559,0.7052062204192022,0.6534820824881677,0.37187288708586874,0.5378634212305613,0.0
0.7798434442270059,0.7308992562542258,0.6247464503042597,0.8113590263691683,0.90973630831643,0.7728194726166329,0.7748478701825559,0.7052062204192022,0.6534820824881677,0.37187288708586874,0.27248140635564577,0.6372549019607843,0.0
0.7308992562542258,0.6247464503042597,0.8113590263691683,0.90973630831643,0.7728194726166329,0.7748478701825559,0.7052062204192022,0.6534820824881677,0.37187288708586874,0.27248140635564577,0.32183908045977017,0.6372549019607843,0.0
0.6247464503042597,0.8113590263691683,0.90973630831643,0.7728194726166329,0.7748478701825559,0.7052062204192022,0.6534820824881677,0.37187288708586874,0.27248140635564577,0.32183908045977017,0.31135902636916835,0.6372549019607843,0.0
0.8113590263691683,0.90973630831643,0.7728194726166329,0.7748478701825559,0.7052062204192022,0.6534820824881677,0.37187288708586874,0.27248140635564577,0.32183908045977017,0.31135902636916835,0.4773495605138607,0.6372549019607843,0.0
0.90973630831643,0.7728194726166329,0.7748478701825559,0.7052062204192022,0.6534820824881677,0.37187288708586874,0.27248140635564577,0.32183908045977017,0.31135902636916835,0.4773495605138607,0.6318458417849899,0.6372549019607843,0.0
0.7728194726166329,0.7748478701825559,0.7052062204192022,0.6534820824881677,0.37187288708586874,0.27248140635564577,0.32183908045977017,0.31135902636916835,0.4773495605138607,0.6318458417849899,0.7613252197430695,0.5023664638269101,2.0
0.7748478701825559,0.7052062204192022,0.6534820824881677,0.37187288708586874,0.27248140635564577,0.32183908045977017,0.31135902636916835,0.4773495605138607,0.6318458417849899,0.7613252197430695,0.8208248816768087,0.5483434753211629,2.0
0.7052062204192022,0.6534820824881677,0.37187288708586874,0.27248140635564577,0.32183908045977017,0.31135902636916835,0.4773495605138607,0.6318458417849899,0.7613252197430695,0.8208248816768087,1.0,0.7275185936443542,2.0
0.6534820824881677,0.37187288708586874,0.27248140635564577,0.32183908045977017,0.31135902636916835,0.4773495605138607,0.6318458417849899,0.7613252197430695,0.8208248816768087,1.0,1.0,0.7275185936443542,2.0
0.37187288708586874,0.27248140635564577,0.32183908045977017,0.31135902636916835,0.4773495605138607,0.6318458417849899,0.7613252197430695,0.8208248816768087,1.0,1.0,1.0,0.7275185936443542,2.0
0.27248140635564577,0.32183908045977017,0.31135902636916835,0.4773495605138607,0.6318458417849899,0.7613252197430695,0.8208248816768087,1.0,1.0,1.0,0.9367704280155642,0.7275185936443542,2.0
0.32183908045977017,0.31135902636916835,0.4773495605138607,0.6318458417849899,0.7613252197430695,0.8208248816768087,1.0,1.0,1.0,0.9367704280155642,0.9192607003891051,0.6886409736308317,2.0
0.31135902636916835,0.4773495605138607,0.6318458417849899,0.7613252197430695,0.8208248816768087,1.0,1.0,1.0,0.9367704280155642,0.9192607003891051,0.8223086900129701,0.6886409736308317,2.0
0.4773495605138607,0.6318458417849899,0.7613252197430695,0.8208248816768087,1.0,1.0,1.0,0.9367704280155642,0.9192607003891051,0.8223086900129701,0.8255512321660181,0.5226504394861393,0.0
0.6318458417849899,0.7613252197430695,0.8208248816768087,1.0,1.0,1.0,0.9367704280155642,0.9192607003891051,0.8223086900129701,0.8255512321660181,0.806420233463035,0.3681541582150101,0.0
0.7613252197430695,0.8208248816768087,1.0,1.0,1.0,0.9367704280155642,0.9192607003891051,0.8223086900129701,0.8255512321660181,0.806420233463035,0.7166018158236056,0.2833981841763944,0.0
0.8208248816768087,1.0,1.0,1.0,0.9367704280155642,0.9192607003891051,0.8223086900129701,0.8255512321660181,0.806420233463035,0.7166018158236056,0.5778210116731517,0.4221789883268483,0.0
1.0,1.0,1.0,0.9367704280155642,0.9192607003891051,0.8223086900129701,0.8255512321660181,0.806420233463035,0.7166018158236056,0.5778210116731517,0.4088845654993516,0.5911154345006484,0.0
1.0,1.0,0.9367704280155642,0.9192607003891051,0.8223086900129701,0.8255512321660181,0.806420233463035,0.7166018158236056,0.5778210116731517,0.4088845654993516,0.3252269779507133,0.6747730220492867,0.0
1.0,0.9367704280155642,0.9192607003891051,0.8223086900129701,0.8255512321660181,0.806420233463035,0.7166018158236056,0.5778210116731517,0.4088845654993516,0.3252269779507133,0.21044098573281445,0.7895590142671856,0.0
0.9367704280155642,0.9192607003891051,0.8223086900129701,0.8255512321660181,0.806420233463035,0.7166018158236056,0.5778210116731517,0.4088845654993516,0.3252269779507133,0.21044098573281445,0.124189364461738,0.8125810635538262,0.0
0.9192607003891051,0.8223086900129701,0.8255512321660181,0.806420233463035,0.7166018158236056,0.5778210116731517,0.4088845654993516,0.3252269779507133,0.21044098573281445,0.124189364461738,-0.004863813229571967,0.9241245136186771,0.0
0.8223086900129701,0.8255512321660181,0.806420233463035,0.7166018158236056,0.5778210116731517,0.4088845654993516,0.3252269779507133,0.21044098573281445,0.124189364461738,-0.004863813229571967,-0.06906614785992216,0.8946173800259403,0.0
0.8255512321660181,0.806420233463035,0.7166018158236056,0.5778210116731517,0.4088845654993516,0.3252269779507133,0.21044098573281445,0.124189364461738,-0.004863813229571967,-0.06906614785992216,-0.10440985732814523,0.9299610894941633,0.0
0.806420233463035,0.7166018158236056,0.5778210116731517,0.4088845654993516,0.3252269779507133,0.21044098573281445,0.124189364461738,-0.004863813229571967,-0.06906614785992216,-0.10440985732814523,-0.20622568093385218,1.0126459143968871,0.0
0.7166018158236056,0.5778210116731517,0.4088845654993516,0.3252269779507133,0.21044098573281445,0.124189364461738,-0.004863813229571967,-0.06906614785992216,-0.10440985732814523,-0.20622568093385218,-0.267833981841764,0.9844357976653696,0.0
0.5778210116731517,0.4088845654993516,0.3252269779507133,0.21044098573281445,0.124189364461738,-0.004863813229571967,-0.06906614785992216,-0.10440985732814523,-0.20622568093385218,-0.267833981841764,-0.15953307392996108,0.8456549935149157,0.0
0.4088845654993516,0.3252269779507133,0.21044098573281445,0.124189364461738,-0.004863813229571967,-0.06906614785992216,-0.10440985732814523,-0.20622568093385218,-0.267833981841764,-0.15953307392996108,-0.19357976653696496,0.6767185473411156,0.0
0.3252269779507133,0.21044098573281445,0.124189364461738,-0.004863813229571967,-0.06906614785992216,-0.10440985732814523,-0.20622568093385218,-0.267833981841764,-0.15953307392996108,-0.19357976653696496,-0.08365758754863817,0.5930609597924773,0.0
0.21044098573281445,0.124189364461738,-0.004863813229571967,-0.06906614785992216,-0.10440985732814523,-0.20622568093385218,-0.267833981841764,-0.15953307392996108,-0.19357976653696496,-0.08365758754863817,-0.13424124513618674,0.47827496757457844,0.0
0.124189364461738,-0.004863813229571967,-0.06906614785992216,-0.10440985732814523,-0.20622568093385218,-0.267833981841764,-0.15953307392996108,-0.19357976653696496,-0.08365758754863817,-0.13424124513618674,-0.08560311284046696,0.392023346303502,2.0
-0.004863813229571967,-0.06906614785992216,-0.10440985732814523,-0.20622568093385218,-0.267833981841764,-0.15953307392996108,-0.19357976653696496,-0.08365758754863817,-0.13424124513618674,-0.08560311284046696,-0.05479896238651105,0.262970168612192,2.0
-0.06906614785992216,-0.10440985732814523,-0.20622568093385218,-0.267833981841764,-0.15953307392996108,-0.19357976653696496,-0.08365758754863817,-0.13424124513618674,-0.08560311284046696,-0.05479896238651105,0.001297016861219191,0.2691309987029832,2.0
-0.10440985732814523,-0.20622568093385218,-0.267833981841764,-0.15953307392996108,-0.19357976653696496,-0.08365758754863817,-0.13424124513618674,-0.08560311284046696,-0.05479896238651105,0.001297016861219191,0.12029831387808043,0.3881322957198444,2.0
-0.20622568093385218,-0.267833981841764,-0.15953307392996108,-0.19357976653696496,-0.08365758754863817,-0.13424124513618674,-0.08560311284046696,-0.05479896238651105,0.001297016861219191,0.12029831387808043,0.19876783398184172,0.4666018158236057,2.0
-0.267833981841764,-0.15953307392996108,-0.19357976653696496,-0.08365758754863817,-0.13424124513618674,-0.08560311284046696,-0.05479896238651105,0.001297016861219191,0.12029831387808043,0.19876783398184172,0.3589494163424125,0.6267833981841765,2.0
-0.15953307392996108,-0.19357976653696496,-0.08365758754863817,-0.13424124513618674,-0.08560311284046696,-0.05479896238651105,0.001297016861219191,0.12029831387808043,0.19876783398184172,0.3589494163424125,0.4883268482490273,0.6819066147859922,2.0
-0.19357976653696496,-0.08365758754863817,-0.13424124513618674,-0.08560311284046696,-0.05479896238651105,0.001297016861219191,0.12029831387808043,0.19876783398184172,0.3589494163424125,0.4883268482490273,0.35603112840466933,0.6819066147859922,2.0
-0.08365758754863817,-0.13424124513618674,-0.08560311284046696,-0.05479896238651105,0.001297016861219191,0.12029831387808043,0.19876783398184172,0.3589494163424125,0.4883268482490273,0.35603112840466933,0.3116083009079118,0.622568093385214,2.0
-0.13424124513618674,-0.08560311284046696,-0.05479896238651105,0.001297016861219191,0.12029831387808043,0.19876783398184172,0.3589494163424125,0.4883268482490273,0.35603112840466933,0.3116083009079118,0.41374837872892356,0.622568093385214,2.0
-0.08560311284046696,-0.05479896238651105,0.001297016861219191,0.12029831387808043,0.19876783398184172,0.3589494163424125,0.4883268482490273,0.35603112840466933,0.3116083009079118,0.41374837872892356,0.27075226977950706,0.5739299610894942,2.0
-0.05479896238651105,0.001297016861219191,0.12029831387808043,0.19876783398184172,0.3589494163424125,0.4883268482490273,0.35603112840466933,0.3116083009079118,0.41374837872892356,0.27075226977950706,0.30220492866407267,0.5431258106355383,0.0
0.001297016861219191,0.12029831387808043,0.19876783398184172,0.3589494163424125,0.4883268482490273,0.35603112840466933,0.3116083009079118,0.41374837872892356,0.27075226977950706,0.30220492866407267,0.18158236057068744,0.4870298313878081,0.0
0.12029831387808043,0.19876783398184172,0.3589494163424125,0.4883268482490273,0.35603112840466933,0.3116083009079118,0.41374837872892356,0.27075226977950706,0.30220492866407267,0.18158236057068744,0.08171206225680927,0.406614785992218,0.0
0.19876783398184172,0.3589494163424125,0.4883268482490273,0.35603112840466933,0.3116083009079118,0.41374837872892356,0.27075226977950706,0.30220492866407267,0.18158236057068744,0.08171206225680927,-0.01621271076524,0.5045395590142673,0.0
0.3589494163424125,0.4883268482490273,0.35603112840466933,0.3116083009079118,0.41374837872892356,0.27075226977950706,0.30220492866407267,0.18158236057068744,0.08171206225680927,-0.01621271076524,-0.027237354085603127,0.5155642023346304,0.0
0.4883268482490273,0.35603112840466933,0.3116083009079118,0.41374837872892356,0.27075226977950706,0.30220492866407267,0.18158236057068744,0.08171206225680927,-0.01621271076524,-0.027237354085603127,-0.061608300907911806,0.5499351491569391,0.0
0.35603112840466933,0.3116083009079118,0.41374837872892356,0.27075226977950706,0.30220492866407267,0.18158236057068744,0.08171206225680927,-0.01621271076524,-0.027237354085603127,-0.061608300907911806,-0.25648508430609596,0.6702334630350195,0.0
0.3116083009079118,0.41374837872892356,0.27075226977950706,0.30220492866407267,0.18158236057068744,0.08171206225680927,-0.01621271076524,-0.027237354085603127,-0.061608300907911806,-0.25648508430609596,-0.3573281452658884,0.771076523994812,0.0
0.41374837872892356,0.27075226977950706,0.30220492866407267,0.18158236057068744,0.08171206225680927,-0.01621271076524,-0.027237354085603127,-0.061608300907911806,-0.25648508430609596,-0.3573281452658884,-0.3599221789883269,0.7736705577172505,0.0
0.27075226977950706,0.30220492866407267,0.18158236057068744,0.08171206225680927,-0.01621271076524,-0.027237354085603127,-0.061608300907911806,-0.25648508430609596,-0.3573281452658884,-0.3599221789883269,-0.392023346303502,0.6942282749675747,0.0
0.30220492866407267,0.18158236057068744,0.08171206225680927,-0.01621271076524,-0.027237354085603127,-0.061608300907911806,-0.25648508430609596,-0.3573281452658884,-0.3599221789883269,-0.392023346303502,-0.44682230869001294,0.7490272373540856,0.0
0.18158236057068744,0.08171206225680927,-0.01621271076524,-0.027237354085603127,-0.061608300907911806,-0.25648508430609596,-0.3573281452658884,-0.3599221789883269,-0.392023346303502,-0.44682230869001294,-0.6215265564544495,0.803108917025137,0.0
0.08171206225680927,-0.01621271076524,-0.027237354085603127,-0.061608300907911806,-0.25648508430609596,-0.3573281452658884,-0.3599221789883269,-0.392023346303502,-0.44682230869001294,-0.6215265564544495,-0.7611677805135421,0.8428798427703513,0.0
-0.01621271076524,-0.027237354085603127,-0.061608300907911806,-0.25648508430609596,-0.3573281452658884,-0.3599221789883269,-0.392023346303502,-0.44682230869001294,-0.6215265564544495,-0.7611677805135421,-0.7551881814984172,0.7449550697483021,0.0
-0.027237354085603127,-0.061608300907911806,-0.25648508430609596,-0.3573281452658884,-0.3599221789883269,-0.392023346303502,-0.44682230869001294,-0.6215265564544495,-0.7611677805135421,-0.7551881814984172,-0.6148434752022511,0.7339304264279389,0.0
-0.061608300907911806,-0.25648508430609596,-0.3573281452658884,-0.3599221789883269,-0.392023346303502,-0.44682230869001294,-0.6215265564544495,-0.7611677805135421,-0.7551881814984172,-0.6148434752022511,-0.50650721069293,0.6995594796056303,0.0
-0.25648508430609596,-0.3573281452658884,-0.3599221789883269,-0.392023346303502,-0.44682230869001294,-0.6215265564544495,-0.7611677805135421,-0.7551881814984172,-0.6148434752022511,-0.50650721069293,-0.5188181498417165,0.5046826962074461,0.0
-0.3573281452658884,-0.3599221789883269,-0.392023346303502,-0.44682230869001294,-0.6215265564544495,-0.7611677805135421,-0.7551881814984172,-0.6148434752022511,-0.50650721069293,-0.5188181498417165,-0.5138937741822018,0.40383963524765365,2.0
-0.3599221789883269,-0.392023346303502,-0.44682230869001294,-0.6215265564544495,-0.7611677805135421,-0.7551881814984172,-0.6148434752022511,-0.50650721069293,-0.5188181498417165,-0.5138937741822018,-0.5546957439324657,0.40124560152521516,2.0
-0.392023346303502,-0.44682230869001294,-0.6215265564544495,-0.7611677805135421,-0.7551881814984172,-0.6148434752022511,-0.50650721069293,-0.5188181498417165,-0.5138937741822018,-0.5546957439324657,-0.6697150896939852,0.36914443421004006,2.0
-0.44682230869001294,-0.6215265564544495,-0.7611677805135421,-0.7551881814984172,-0.6148434752022511,-0.50650721069293,-0.5188181498417165,-0.5138937741822018,-0.5546957439324657,-0.6697150896939852,-0.6447414702778755,0.3143454718235291,2.0
-0.6215265564544495,-0.7611677805135421,-0.7551881814984172,-0.6148434752022511,-0.50650721069293,-0.5188181498417165,-0.5138937741822018,-0.5546957439324657,-0.6697150896939852,-0.6447414702778755,-0.638058389025677,0.254660569820612,0.0
-0.7611677805135421,-0.7551881814984172,-0.6148434752022511,-0.50650721069293,-0.5188181498417165,-0.5138937741822018,-0.5546957439324657,-0.6697150896939852,-0.6447414702778755,-0.638058389025677,-0.7495603236018291,0.254660569820612,0.0
-0.7551881814984172,-0.6148434752022511,-0.50650721069293,-0.5188181498417165,-0.5138937741822018,-0.5546957439324657,-0.6697150896939852,-0.6447414702778755,-0.638058389025677,-0.7495603236018291,-0.7879001055223356,0.28139289482940555,0.0
-0.6148434752022511,-0.50650721069293,-0.5188181498417165,-0.5138937741822018,-0.5546957439324657,-0.6697150896939852,-0.6447414702778755,-0.638058389025677,-0.7495603236018291,-0.7879001055223356,-0.7608160393950053,0.28139289482940555,0.0
-0.50650721069293,-0.5188181498417165,-0.5138937741822018,-0.5546957439324657,-0.6697150896939852,-0.6447414702778755,-0.638058389025677,-0.7495603236018291,-0.7879001055223356,-0.7608160393950053,-0.6250439676398172,0.28139289482940555,0.0
-0.5188181498417165,-0.5138937741822018,-0.5546957439324657,-0.6697150896939852,-0.6447414702778755,-0.638058389025677,-0.7495603236018291,-0.7879001055223356,-0.7608160393950053,-0.6250439676398172,-0.6883573689764333,0.27400633134013375,0.0
-0.5138937741822018,-0.5546957439324657,-0.6697150896939852,-0.6447414702778755,-0.638058389025677,-0.7495603236018291,-0.7879001055223356,-0.7608160393950053,-0.6250439676398172,-0.6883573689764333,-0.7186071051705945,0.27400633134013375,0.0
-0.5546957439324657,-0.6697150896939852,-0.6447414702778755,-0.638058389025677,-0.7495603236018291,-0.7879001055223356,-0.7608160393950053,-0.6250439676398172,-0.6883573689764333,-0.7186071051705945,-0.6679563841013014,0.2332043615898699,2.0
-0.6697150896939852,-0.6447414702778755,-0.638058389025677,-0.7495603236018291,-0.7879001055223356,-0.7608160393950053,-0.6250439676398172,-0.6883573689764333,-0.7186071051705945,-0.6679563841013014,-0.5494196271544143,0.2384804783679213,2.0
-0.6447414702778755,-0.638058389025677,-0.7495603236018291,-0.7879001055223356,-0.7608160393950053,-0.6250439676398172,-0.6883573689764333,-0.7186071051705945,-0.6679563841013014,-0.5494196271544143,-0.43158635244460075,0.35631375307773483,2.0
-0.638058389025677,-0.7495603236018291,-0.7879001055223356,-0.7608160393950053,-0.6250439676398172,-0.6883573689764333,-0.7186071051705945,-0.6679563841013014,-0.5494196271544143,-0.43158635244460075,-0.253253605346465,0.5346465001758706,2.0
-0.7495603236018291,-0.7879001055223356,-0.7608160393950053,-0.6250439676398172,-0.6883573689764333,-0.7186071051705945,-0.6679563841013014,-0.5494196271544143,-0.43158635244460075,-0.253253605346465,-0.20647203658107638,0.5814280689412592,2.0
-0.7879001055223356,-0.7608160393950053,-0.6250439676398172,-0.6883573689764333,-0.7186071051705945,-0.6679563841013014,-0.5494196271544143,-0.43158635244460075,-0.253253605346465,-0.20647203658107638,-0.1867745339430179,0.6011255715793177,2.0
-0.7608160393950053,-0.6250439676398172,-0.6883573689764333,-0.7186071051705945,-0.6679563841013014,-0.5494196271544143,-0.43158635244460075,-0.253253605346465,-0.20647203658107638,-0.1867745339430179,-0.16778051354203305,0.5930355258529723,2.0
-0.6250439676398172,-0.6883573689764333,-0.7186071051705945,-0.6679563841013014,-0.5494196271544143,-0.43158635244460075,-0.253253605346465,-0.20647203658107638,-0.1867745339430179,-0.16778051354203305,-0.1428068941259233,0.5758002110446712,2.0
-0.6883573689764333,-0.7186071051705945,-0.6679563841013014,-0.5494196271544143,-0.43158635244460075,-0.253253605346465,-0.20647203658107638,-0.1867745339430179,-0.16778051354203305,-0.1428068941259233,-0.19908547309180447,0.5758002110446712,2.0
-0.7186071051705945,-0.6679563841013014,-0.5494196271544143,-0.43158635244460075,-0.253253605346465,-0.20647203658107638,-0.1867745339430179,-0.16778051354203305,-0.1428068941259233,-0.19908547309180447,-0.38761871262750613,0.5758002110446712,2.0
-0.6679563841013014,-0.5494196271544143,-0.43158635244460075,-0.253253605346465,-0.20647203658107638,-0.1867745339430179,-0.16778051354203305,-0.1428068941259233,-0.19908547309180447,-0.38761871262750613,-0.5606753429475906,0.5251494899753781,2.0
-0.5494196271544143,-0.43158635244460075,-0.253253605346465,-0.20647203658107638,-0.1867745339430179,-0.16778051354203305,-0.1428068941259233,-0.19908547309180447,-0.38761871262750613,-0.5606753429475906,-0.7228279985930355,0.5800211044671122,2.0
-0.43158635244460075,-0.253253605346465,-0.20647203658107638,-0.1867745339430179,-0.16778051354203305,-0.1428068941259233,-0.19908547309180447,-0.38761871262750613,-0.5606753429475906,-0.7228279985930355,-0.8874428420682378,0.7446359479423145,0.0
-0.253253605346465,-0.20647203658107638,-0.1867745339430179,-0.16778051354203305,-0.1428068941259233,-0.19908547309180447,-0.38761871262750613,-0.5606753429475906,-0.7228279985930355,-0.8874428420682378,-0.9771368272951108,0.8343299331691875,0.0
-0.20647203658107638,-0.1867745339430179,-0.16778051354203305,-0.1428068941259233,-0.19908547309180447,-0.38761871262750613,-0.5606753429475906,-0.7228279985930355,-0.8874428420682378,-0.9771368272951108,-0.949349278930707,0.8343299331691875,0.0
-0.1867745339430179,-0.16778051354203305,-0.1428068941259233,-0.19908547309180447,-0.38761871262750613,-0.5606753429475906,-0.7228279985930355,-0.8874428420682378,-0.9771368272951108,-0.949349278930707,-1.0,0.8571931058740767,0.0
-0.16778051354203305,-0.1428068941259233,-0.19908547309180447,-0.38761871262750613,-0.5606753429475906,-0.7228279985930355,-0.8874428420682378,-0.9771368272951108,-0.949349278930707,-1.0,-1.0,0.8571931058740767,0.0
-0.1428068941259233,-0.19908547309180447,-0.38761871262750613,-0.5606753429475906,-0.7228279985930355,-0.8874428420682378,-0.9771368272951108,-0.949349278930707,-1.0,-1.0,-1.0,0.8571931058740767,0.0
-0.19908547309180447,-0.38761871262750613,-0.5606753429475906,-0.7228279985930355,-0.8874428420682378,-0.9771368272951108,-0.949349278930707,-1.0,-1.0,-1.0,-1.0,0.8009145269081955,1.0
-0.38761871262750613,-0.5606753429475906,-0.7228279985930355,-0.8874428420682378,-0.9771368272951108,-0.949349278930707,-1.0,-1.0,-1.0,-1.0,-1.0,0.6123812873724939,1.0
-0.5606753429475906,-0.7228279985930355,-0.8874428420682378,-0.9771368272951108,-0.949349278930707,-1.0,-1.0,-1.0,-1.0,-1.0,-1.0,0.4393246570524094,1.0
-0.7228279985930355,-0.8874428420682378,-0.9771368272951108,-0.949349278930707,-1.0,-1.0,-1.0,-1.0,-1.0,-1.0,-1.0,0.2771720014069645,1.0
-0.8874428420682378,-0.9771368272951108,-0.949349278930707,-1.0,-1.0,-1.0,-1.0,-1.0,-1.0,-1.0,-1.0,0.11255715793176224,1.0
-0.9771368272951108,-0.949349278930707,-1.0,-1.0,-1.0,-1.0,-1.0,-1.0,-1.0,-1.0,-1.0,0.050650721069293025,1.0
-0.949349278930707,-1.0,-1.0,-1.0,-1.0,-1.0,-1.0,-1.0,-1.0,-1.0,-1.0,0.050650721069293025,1.0
-1.0,-1.0,-1.0,-1.0,-1.0,-1.0,-1.0,-1.0,-1.0,-1.0,-1.0,0.0,1.0
-1.0,-1.0,-1.0,-1.0,-1.0,-1.0,-1.0,-1.0,-1.0,-1.0,-1.0,0.0,1.0
-1.0,-1.0,-1.0,-1.0,-1.0,-1.0,-1.0,-1.0,-1.0,-1.0,-1.0,0.0,1.0
-1.0,-1.0,-1.0,-1.0,-1.0,-1.0,-1.0,-1.0,-1.0,-1.0,-1.0,0.0,1.0
-1.0,-1.0,-1.0,-1.0,-1.0,-1.0,-1.0,-1.0,-1.0,-1.0,-1.0,0.0,1.0
-1.0,-1.0,-1.0,-1.0,-1.0,-1.0,-1.0,-1.0,-1.0,-1.0,-1.0,0.0,1.0
-1.0,-1.0,-1.0,-1.0,-1.0,-1.0,-1.0,-1.0,-1.0,-1.0,-0.9988402435488547,0.0011597564511452996,1.0
-1.0,-1.0,-1.0,-1.0,-1.0,-1.0,-1.0,-1.0,-1.0,-0.9988402435488547,-0.9240359524499855,0.07596404755001451,1.0
-1.0,-1.0,-1.0,-1.0,-1.0,-1.0,-1.0,-1.0,-0.9988402435488547,-0.9240359524499855,-0.8466222093360394,0.15337779066396062,1.0
-1.0,-1.0,-1.0,-1.0,-1.0,-1.0,-1.0,-0.9988402435488547,-0.9240359524499855,-0.8466222093360394,-0.7680487097709481,0.23195129022905192,1.0
-1.0,-1.0,-1.0,-1.0,-1.0,-1.0,-0.9988402435488547,-0.9240359524499855,-0.8466222093360394,-0.7680487097709481,-0.6991881704841983,0.30081182951580165,1.0
-1.0,-1.0,-1.0,-1.0,-1.0,-0.9988402435488547,-0.9240359524499855,-0.8466222093360394,-0.7680487097709481,-0.6991881704841983,-0.5563931574369383,0.4436068425630617,2.0
-1.0,-1.0,-1.0,-1.0,-0.9988402435488547,-0.9240359524499855,-0.8466222093360394,-0.7680487097709481,-0.6991881704841983,-0.5563931574369383,-0.46491736735285594,0.5350826326471441,2.0
-1.0,-1.0,-1.0,-0.9988402435488547,-0.9240359524499855,-0.8466222093360394,-0.7680487097709481,-0.6991881704841983,-0.5563931574369383,-0.46491736735285594,-0.29979704262104956,0.7002029573789504,2.0
-1.0,-1.0,-0.9988402435488547,-0.9240359524499855,-0.8466222093360394,-0.7680487097709481,-0.6991881704841983,-0.5563931574369383,-0.46491736735285594,-0.29979704262104956,-0.1554073644534648,0.8445926355465352,2.0
-1.0,-0.9988402435488547,-0.9240359524499855,-0.8466222093360394,-0.7680487097709481,-0.6991881704841983,-0.5563931574369383,-0.46491736735285594,-0.29979704262104956,-0.1554073644534648,-0.053058857639895596,0.9469411423601044,2.0
-0.9988402435488547,-0.9240359524499855,-0.8466222093360394,-0.7680487097709481,-0.6991881704841983,-0.5563931574369383,-0.46491736735285594,-0.29979704262104956,-0.1554073644534648,-0.053058857639895596,0.09669469411423592,1.0955349376630905,2.0
-0.9240359524499855,-0.8466222093360394,-0.7680487097709481,-0.6991881704841983,-0.5563931574369383,-0.46491736735285594,-0.29979704262104956,-0.1554073644534648,-0.053058857639895596,0.09669469411423592,0.17207886343867784,1.0961148158886633,2.0
-0.8466222093360394,-0.7680487097709481,-0.6991881704841983,-0.5563931574369383,-0.46491736735285594,-0.29979704262104956,-0.1554073644534648,-0.053058857639895596,0.09669469411423592,0.17207886343867784,0.2574659321542476,1.104088141490287,2.0
-0.7680487097709481,-0.6991881704841983,-0.5563931574369383,-0.46491736735285594,-0.29979704262104956,-0.1554073644534648,-0.053058857639895596,0.09669469411423592,0.17207886343867784,0.2574659321542476,0.24775297187590617,1.0255146419251957,2.0
-0.6991881704841983,-0.5563931574369383,-0.46491736735285594,-0.29979704262104956,-0.1554073644534648,-0.053058857639895596,0.09669469411423592,0.17207886343867784,0.2574659321542476,0.24775297187590617,0.256016236590316,0.956654102638446,2.0
-0.5563931574369383,-0.46491736735285594,-0.29979704262104956,-0.1554073644534648,-0.053058857639895596,0.09669469411423592,0.17207886343867784,0.2574659321542476,0.24775297187590617,0.256016236590316,0.23064656422151342,0.8138590895911859,2.0
-0.46491736735285594,-0.29979704262104956,-0.1554073644534648,-0.053058857639895596,0.09669469411423592,0.17207886343867784,0.2574659321542476,0.24775297187590617,0.256016236590316,0.23064656422151342,0.24282400695853879,0.7223832995071036,2.0
-0.29979704262104956,-0.1554073644534648,-0.053058857639895596,0.09669469411423592,0.17207886343867784,0.2574659321542476,0.24775297187590617,0.256016236590316,0.23064656422151342,0.24282400695853879,0.23485068135691511,0.5572629747752972,3.0
-0.1554073644534648,-0.053058857639895596,0.09669469411423592,0.17207886343867784,0.2574659321542476,0.24775297187590617,0.256016236590316,0.23064656422151342,0.24282400695853879,0.23485068135691511,0.2663090750942303,0.4217164395476951,3.0
-0.053058857639895596,0.09669469411423592,0.17207886343867784,0.2574659321542476,0.24775297187590617,0.256016236590316,0.23064656422151342,0.24282400695853879,0.23485068135691511,0.2663090750942303,0.2699333140040592,0.3229921716439548,3.0
0.09669469411423592,0.17207886343867784,0.2574659321542476,0.24775297187590617,0.256016236590316,0.23064656422151342,0.24282400695853879,0.23485068135691511,0.2663090750942303,0.2699333140040592,0.2586256886053928,0.17323861988982325,3.0
0.17207886343867784,0.2574659321542476,0.24775297187590617,0.256016236590316,0.23064656422151342,0.24282400695853879,0.23485068135691511,0.2663090750942303,0.2699333140040592,0.2586256886053928,0.24934763699623086,0.09785445056538133,3.0
0.2574659321542476,0.24775297187590617,0.256016236590316,0.23064656422151342,0.24282400695853879,0.23485068135691511,0.2663090750942303,0.2699333140040592,0.2586256886053928,0.24934763699623086,0.15584227312264431,0.11409104088141486,3.0
0.24775297187590617,0.256016236590316,0.23064656422151342,0.24282400695853879,0.23485068135691511,0.2663090750942303,0.2699333140040592,0.2586256886053928,0.24934763699623086,0.15584227312264431,0.15018846042331102,0.11974485358074816,3.0
0.256016236590316,0.23064656422151342,0.24282400695853879,0.23485068135691511,0.2663090750942303,0.2699333140040592,0.2586256886053928,0.24934763699623086,0.15584227312264431,0.15018846042331102,0.06407654392577555,0.20585677007828362,3.0
0.23064656422151342,0.24282400695853879,0.23485068135691511,0.2663090750942303,0.2699333140040592,0.2586256886053928,0.24934763699623086,0.15584227312264431,0.15018846042331102,0.06407654392577555,0.047115105827776116,0.22281820817628306,3.0
0.24282400695853879,0.23485068135691511,0.2663090750942303,0.2699333140040592,0.2586256886053928,0.24934763699623086,0.15584227312264431,0.15018846042331102,0.06407654392577555,0.047115105827776116,-0.01188750362423896,0.28182081762829814,0.0
0.23485068135691511,0.2663090750942303,0.2699333140040592,0.2586256886053928,0.24934763699623086,0.15584227312264431,0.15018846042331102,0.06407654392577555,0.047115105827776116,-0.01188750362423896,-0.08393737315163818,0.35387068715569736,0.0
0.2663090750942303,0.2699333140040592,0.2586256886053928,0.24934763699623086,0.15584227312264431,0.15018846042331102,0.06407654392577555,0.047115105827776116,-0.01188750362423896,-0.08393737315163818,-0.16396056828066108,0.43389388228472026,0.0
0.2699333140040592,0.2586256886053928,0.24934763699623086,0.15584227312264431,0.15018846042331102,0.06407654392577555,0.047115105827776116,-0.01188750362423896,-0.08393737315163818,-0.16396056828066108,-0.30008698173383586,0.570020295737895,0.0
0.2586256886053928,0.24934763699623086,0.15584227312264431,0.15018846042331102,0.06407654392577555,0.047115105827776116,-0.01188750362423896,-0.08393737315163818,-0.16396056828066108,-0.30008698173383586,-0.3699623079153378,0.6285879965207306,0.0
0.24934763699623086,0.15584227312264431,0.15018846042331102,0.06407654392577555,0.047115105827776116,-0.01188750362423896,-0.08393737315163818,-0.16396056828066108,-0.30008698173383586,-0.3699623079153378,-0.3670629167874746,0.6193099449115687,0.0
0.15584227312264431,0.15018846042331102,0.06407654392577555,0.047115105827776116,-0.01188750362423896,-0.08393737315163818,-0.16396056828066108,-0.30008698173383586,-0.3699623079153378,-0.3670629167874746,-0.2635546535227602,0.5258045810379821,0.0
0.15018846042331102,0.06407654392577555,0.047115105827776116,-0.01188750362423896,-0.08393737315163818,-0.16396056828066108,-0.30008698173383586,-0.3699623079153378,-0.3670629167874746,-0.2635546535227602,-0.19237460133371986,0.5201507683386488,0.0
0.06407654392577555,0.047115105827776116,-0.01188750362423896,-0.08393737315163818,-0.16396056828066108,-0.30008698173383586,-0.3699623079153378,-0.3670629167874746,-0.2635546535227602,-0.19237460133371986,-0.047115105827776116,0.43403885184111335,0.0
0.047115105827776116,-0.01188750362423896,-0.08393737315163818,-0.16396056828066108,-0.30008698173383586,-0.3699623079153378,-0.3670629167874746,-0.2635546535227602,-0.19237460133371986,-0.047115105827776116,0.05363873586546819,0.423601043780806,2.0
-0.01188750362423896,-0.08393737315163818,-0.16396056828066108,-0.30008698173383586,-0.3699623079153378,-0.3670629167874746,-0.2635546535227602,-0.19237460133371986,-0.047115105827776116,0.05363873586546819,0.17541316323572054,0.5453754711510583,2.0
-0.08393737315163818,-0.16396056828066108,-0.30008698173383586,-0.3699623079153378,-0.3670629167874746,-0.2635546535227602,-0.19237460133371986,-0.047115105827776116,0.05363873586546819,0.17541316323572054,0.2938532908089302,0.663815598724268,2.0
-0.16396056828066108,-0.30008698173383586,-0.3699623079153378,-0.3670629167874746,-0.2635546535227602,-0.19237460133371986,-0.047115105827776116,0.05363873586546819,0.17541316323572054,0.2938532908089302,0.4195418962017976,0.7895042041171354,2.0
-0.30008698173383586,-0.3699623079153378,-0.3670629167874746,-0.2635546535227602,-0.19237460133371986,-0.047115105827776116,0.05363873586546819,0.17541316323572054,0.2938532908089302,0.4195418962017976,0.5893012467381851,0.9592635546535229,2.0
-0.3699623079153378,-0.3670629167874746,-0.2635546535227602,-0.19237460133371986,-0.047115105827776116,0.05363873586546819,0.17541316323572054,0.2938532908089302,0.4195418962017976,0.5893012467381851,0.6996230791533777,1.0695853870687155,2.0
-0.3670629167874746,-0.2635546535227602,-0.19237460133371986,-0.047115105827776116,0.05363873586546819,0.17541316323572054,0.2938532908089302,0.4195418962017976,0.5893012467381851,0.6996230791533777,0.8035662510872716,1.1706291678747462,2.0
-0.2635546535227602,-0.19237460133371986,-0.047115105827776116,0.05363873586546819,0.17541316323572054,0.2938532908089302,0.4195418962017976,0.5893012467381851,0.6996230791533777,0.8035662510872716,0.774282400695854,1.0671209046100318,2.0
-0.19237460133371986,-0.047115105827776116,0.05363873586546819,0.17541316323572054,0.2938532908089302,0.4195418962017976,0.5893012467381851,0.6996230791533777,0.8035662510872716,0.774282400695854,0.5866917947231081,0.9959408524209915,2.0
-0.047115105827776116,0.05363873586546819,0.17541316323572054,0.2938532908089302,0.4195418962017976,0.5893012467381851,0.6996230791533777,0.8035662510872716,0.774282400695854,0.5866917947231081,0.35662510872716724,0.8506813569150478,2.0
0.05363873586546819,0.17541316323572054,0.2938532908089302,0.4195418962017976,0.5893012467381851,0.6996230791533777,0.8035662510872716,0.774282400695854,0.5866917947231081,0.35662510872716724,0.09857929834734702,0.7499275152218035,2.0
0.17541316323572054,0.2938532908089302,0.4195418962017976,0.5893012467381851,0.6996230791533777,0.8035662510872716,0.774282400695854,0.5866917947231081,0.35662510872716724,0.09857929834734702,-0.18759060597274568,0.9911568570600173,0.0
0.2938532908089302,0.4195418962017976,0.5893012467381851,0.6996230791533777,0.8035662510872716,0.774282400695854,0.5866917947231081,0.35662510872716724,0.09857929834734702,-0.18759060597274568,-0.3669179472310815,1.1704841983183532,0.0
0.4195418962017976,0.5893012467381851,0.6996230791533777,0.8035662510872716,0.774282400695854,0.5866917947231081,0.35662510872716724,0.09857929834734702,-0.18759060597274568,-0.3669179472310815,-0.4930414612931284,1.2966077123804,0.0
0.5893012467381851,0.6996230791533777,0.8035662510872716,0.774282400695854,0.5866917947231081,0.35662510872716724,0.09857929834734702,-0.18759060597274568,-0.3669179472310815,-0.4930414612931284,-0.5942302116555523,1.397796462742824,0.0
0.6996230791533777,0.8035662510872716,0.774282400695854,0.5866917947231081,0.35662510872716724,0.09857929834734702,-0.18759060597274568,-0.3669179472310815,-0.4930414612931284,-0.5942302116555523,-0.7146999130182662,1.5182661641055377,0.0
0.8035662510872716,0.774282400695854,0.5866917947231081,0.35662510872716724,0.09857929834734702,-0.18759060597274568,-0.3669179472310815,-0.4930414612931284,-0.5942302116555523,-0.7146999130182662,-0.83792403595245,1.6414902870397217,0.0
0.774282400695854,0.5866917947231081,0.35662510872716724,0.09857929834734702,-0.18759060597274568,-0.3669179472310815,-0.4930414612931284,-0.5942302116555523,-0.7146999130182662,-0.83792403595245,-0.8279211365613222,1.612206436648304,0.0
0.5866917947231081,0.35662510872716724,0.09857929834734702,-0.18759060597274568,-0.3669179472310815,-0.4930414612931284,-0.5942302116555523,-0.7146999130182662,-0.83792403595245,-0.8279211365613222,-0.8060307335459553,1.424615830675558,0.0
0.35662510872716724,0.09857929834734702,-0.18759060597274568,-0.3669179472310815,-0.4930414612931284,-0.5942302116555523,-0.7146999130182662,-0.83792403595245,-0.8279211365613222,-0.8060307335459553,-0.7291968686575819,1.1945491446796173,0.0
0.09857929834734702,-0.18759060597274568,-0.3669179472310815,-0.4930414612931284,-0.5942302116555523,-0.7146999130182662,-0.83792403595245,-0.8279211365613222,-0.8060307335459553,-0.7291968686575819,-0.5858219773847493,0.936503334299797,0.0
-0.18759060597274568,-0.3669179472310815,-0.4930414612931284,-0.5942302116555523,-0.7146999130182662,-0.83792403595245,-0.8279211365613222,-0.8060307335459553,-0.7291968686575819,-0.5858219773847493,-0.5146419251957088,0.6503334299797043,2.0
-0.3669179472310815,-0.4930414612931284,-0.5942302116555523,-0.7146999130182662,-0.83792403595245,-0.8279211365613222,-0.8060307335459553,-0.7291968686575819,-0.5858219773847493,-0.5146419251957088,-0.3451725137721079,0.4927515221803421,2.0
-0.4930414612931284,-0.5942302116555523,-0.7146999130182662,-0.83792403595245,-0.8279211365613222,-0.8060307335459553,-0.7291968686575819,-0.5858219773847493,-0.5146419251957088,-0.3451725137721079,-0.14453464772397795,0.6933893882284721,2.0
-0.5942302116555523,-0.7146999130182662,-0.83792403595245,-0.8279211365613222,-0.8060307335459553,-0.7291968686575819,-0.5858219773847493,-0.5146419251957088,-0.3451725137721079,-0.14453464772397795,-0.0863907065656937,0.7515333293867563,2.0
-0.7146999130182662,-0.83792403595245,-0.8279211365613222,-0.8060307335459553,-0.7291968686575819,-0.5858219773847493,-0.5146419251957088,-0.3451725137721079,-0.14453464772397795,-0.0863907065656937,-0.05085996899682588,0.7870640669556241,2.0
-0.83792403595245,-0.8279211365613222,-0.8060307335459553,-0.7291968686575819,-0.5858219773847493,-0.5146419251957088,-0.3451725137721079,-0.14453464772397795,-0.0863907065656937,-0.05085996899682588,0.03605370342434755,0.8739777393767976,2.0
-0.8279211365613222,-0.8060307335459553,-0.7291968686575819,-0.5858219773847493,-0.5146419251957088,-0.3451725137721079,-0.14453464772397795,-0.0863907065656937,-0.05085996899682588,0.03605370342434755,0.07889576104993212,0.9068168976112543,2.0
-0.8060307335459553,-0.7291968686575819,-0.5858219773847493,-0.5146419251957088,-0.3451725137721079,-0.14453464772397795,-0.0863907065656937,-0.05085996899682588,0.03605370342434755,0.07889576104993212,0.11644821577392217,0.9224789493198775,2.0
-0.7291968686575819,-0.5858219773847493,-0.5146419251957088,-0.3451725137721079,-0.14453464772397795,-0.0863907065656937,-0.05085996899682588,0.03605370342434755,0.07889576104993212,0.11644821577392217,0.14533353969973684,0.8745304083573188,2.0
-0.5858219773847493,-0.5146419251957088,-0.3451725137721079,-0.14453464772397795,-0.0863907065656937,-0.05085996899682588,0.03605370342434755,0.07889576104993212,0.11644821577392217,0.14533353969973684,0.22218664959180412,0.8080086269765534,2.0
-0.5146419251957088,-0.3451725137721079,-0.14453464772397795,-0.0863907065656937,-0.05085996899682588,0.03605370342434755,0.07889576104993212,0.11644821577392217,0.14533353969973684,0.22218664959180412,0.20761996624065593,0.736828574787513,2.0
-0.3451725137721079,-0.14453464772397795,-0.0863907065656937,-0.05085996899682588,0.03605370342434755,0.07889576104993212,0.11644821577392217,0.14533353969973684,0.22218664959180412,0.20761996624065593,0.24620207378828063,0.5913745875603885,2.0
-0.14453464772397795,-0.0863907065656937,-0.05085996899682588,0.03605370342434755,0.07889576104993212,0.11644821577392217,0.14533353969973684,0.22218664959180412,0.20761996624065593,0.24620207378828063,0.30278916485813046,0.4473238125821084,2.0
-0.0863907065656937,-0.05085996899682588,0.03605370342434755,0.07889576104993212,0.11644821577392217,0.14533353969973684,0.22218664959180412,0.20761996624065593,0.24620207378828063,0.30278916485813046,0.3863837312113174,0.4727744377770111,2.0
-0.05085996899682588,0.03605370342434755,0.07889576104993212,0.11644821577392217,0.14533353969973684,0.22218664959180412,0.20761996624065593,0.24620207378828063,0.30278916485813046,0.3863837312113174,0.3791495860461378,0.4372437002081433,2.0
0.03605370342434755,0.07889576104993212,0.11644821577392217,0.14533353969973684,0.22218664959180412,0.20761996624065593,0.24620207378828063,0.30278916485813046,0.3863837312113174,0.3791495860461378,0.4106583072100314,0.37460460378568383,2.0
0.07889576104993212,0.11644821577392217,0.14533353969973684,0.22218664959180412,0.20761996624065593,0.24620207378828063,0.30278916485813046,0.3863837312113174,0.3791495860461378,0.4106583072100314,0.39554698175387837,0.33176254616009926,2.0
0.11644821577392217,0.14533353969973684,0.22218664959180412,0.20761996624065593,0.24620207378828063,0.30278916485813046,0.3863837312113174,0.3791495860461378,0.4106583072100314,0.39554698175387837,0.25793746483401647,0.2942100914361092,2.0
0.14533353969973684,0.22218664959180412,0.20761996624065593,0.24620207378828063,0.30278916485813046,0.3863837312113174,0.3791495860461378,0.4106583072100314,0.39554698175387837,0.25793746483401647,0.22224901535246366,0.26532476751029455,2.0
0.22218664959180412,0.20761996624065593,0.24620207378828063,0.30278916485813046,0.3863837312113174,0.3791495860461378,0.4106583072100314,0.39554698175387837,0.25793746483401647,0.22224901535246366,0.1589100554617795,0.2517482517482519,2.0
0.20761996624065593,0.24620207378828063,0.30278916485813046,0.3863837312113174,0.3791495860461378,0.4106583072100314,0.39554698175387837,0.25793746483401647,0.22224901535246366,0.1589100554617795,-0.030142271521581887,0.44080057873161327,0.0
0.24620207378828063,0.30278916485813046,0.3863837312113174,0.3791495860461378,0.4106583072100314,0.39554698175387837,0.25793746483401647,0.22224901535246366,0.1589100554617795,-0.030142271521581887,-0.11437987300056263,0.525038180210594,0.0
0.30278916485813046,0.3863837312113174,0.3791495860461378,0.4106583072100314,0.39554698175387837,0.25793746483401647,0.22224901535246366,0.1589100554617795,-0.030142271521581887,-0.11437987300056263,-0.12659754039064386,0.5372558476006752,0.0
0.3863837312113174,0.3791495860461378,0.4106583072100314,0.39554698175387837,0.25793746483401647,0.22224901535246366,0.1589100554617795,-0.030142271521581887,-0.11437987300056263,-0.12659754039064386,-0.18061249095731857,0.59127079816735,0.0
0.3791495860461378,0.4106583072100314,0.39554698175387837,0.25793746483401647,0.22224901535246366,0.1589100554617795,-0.030142271521581887,-0.11437987300056263,-0.12659754039064386,-0.18061249095731857,-0.21549714653162932,0.6261554537416607,0.0
0.4106583072100314,0.39554698175387837,0.25793746483401647,0.22224901535246366,0.1589100554617795,-0.030142271521581887,-0.11437987300056263,-0.12659754039064386,-0.18061249095731857,-0.21549714653162932,-0.28960694477935855,0.7002652519893899,0.0
0.39554698175387837,0.25793746483401647,0.22224901535246366,0.1589100554617795,-0.030142271521581887,-0.11437987300056263,-0.12659754039064386,-0.18061249095731857,-0.21549714653162932,-0.28960694477935855,-0.2420223454706213,0.6851539265332369,0.0
0.25793746483401647,0.22224901535246366,0.1589100554617795,-0.030142271521581887,-0.11437987300056263,-0.12659754039064386,-0.18061249095731857,-0.21549714653162932,-0.28960694477935855,-0.2420223454706213,-0.19154408809581225,0.547544409613375,0.0
0.22224901535246366,0.1589100554617795,-0.030142271521581887,-0.11437987300056263,-0.12659754039064386,-0.18061249095731857,-0.21549714653162932,-0.28960694477935855,-0.2420223454706213,-0.19154408809581225,-0.07258258982396915,0.5118559601318222,0.0
0.1589100554617795,-0.030142271521581887,-0.11437987300056263,-0.12659754039064386,-0.18061249095731857,-0.21549714653162932,-0.28960694477935855,-0.2420223454706213,-0.19154408809581225,-0.07258258982396915,0.13768989631058592,0.44851700024113805,0.0
-0.030142271521581887,-0.11437987300056263,-0.12659754039064386,-0.18061249095731857,-0.21549714653162932,-0.28960694477935855,-0.2420223454706213,-0.19154408809581225,-0.07258258982396915,0.13768989631058592,0.213889558717145,0.5034965034965035,2.0
-0.11437987300056263,-0.12659754039064386,-0.18061249095731857,-0.21549714653162932,-0.28960694477935855,-0.2420223454706213,-0.19154408809581225,-0.07258258982396915,0.13768989631058592,0.213889558717145,0.38831283658869875,0.6779197813680573,2.0
-0.12659754039064386,-0.18061249095731857,-0.21549714653162932,-0.28960694477935855,-0.2420223454706213,-0.19154408809581225,-0.07258258982396915,0.13768989631058592,0.213889558717145,0.38831283658869875,0.547142512659754,0.8367494574391126,2.0
-0.18061249095731857,-0.21549714653162932,-0.28960694477935855,-0.2420223454706213,-0.19154408809581225,-0.07258258982396915,0.13768989631058592,0.213889558717145,0.38831283658869875,0.547142512659754,0.6389357768668114,0.9285427216461699,2.0
